candidate_id,question,answer,source_filename,page,legal_reference,evidence,question_type,validation_flags,duplicate_flags,review_status,reviewer_decision,reviewer_notes
50c593c79519232d,"According to the passage, what happens if the Central Authority is of the opinion that it is necessary to impose a penalty in respect of such false or misleading advertisement?","if the Central Authority
                  is of the opinion that it is necessary to impose a penalty in respect of such false or misleading
               advertisement, by a manufacturer or an endorser, it may, by order, impose on manufacturer or
              endorser a penalty which may extend to ten lakh rupees:

                   Provided that the Central Authority may, for every subsequent contravention by a",consumer_protection_act_2019.pdf,14,,"14           THE GAZETTE OF INDIA EXTRAORDINARY         [PART II—


                                   (j) issue safety notices to alert consumers against dangerous or hazardous or
                   unsafe goods or services;

                             (k) advise the Ministries and Departments of the Central and State Governments
                 on consumer welfare measures;

                                  (l) issue necessary guidelines to prevent unfair trade practices and protect
                   consumers' interest.

Power of             19. (1) The Central Authority may, after receiving any information or complaint or
Central         directions from the Central Government or of its own motion, conduct or cause to be conducted
Authority to
refer matter    a preliminary inquiry as to whether there exists a prima facie case of violation of consumer
for             rights or any unfair trade practice or any false or misleading advertisement, by any person,
investigation   which is prejudicial to the public interest or to the interests of consumers and if it is satisfied
or to other      that there exists a prima facie case, it shall cause investigation to be made by the Director-
Regulator.
             General or by the District Collector.

                      (2) Where, after preliminary inquiry, the Central Authority is of the opinion that the
              matter is to be dealt with by a Regulator established under any other law for the time being
               in force, it may refer such matter to the concerned Regulator along with its report.

                      (3) For the purposes of investigation under sub-section (1), the Central Authority, the
             Director General or the District Collector may call upon a person referred to in
               sub-section (1) and also direct him to produce any document or record in his possession.

Power of             20. Where the Central Authority is satisfied on the basis of investigation that there is
Central         sufficient evidence to show violation of consumer rights or unfair trade practice by a person,
Authority to      it may pass such order as may be necessary, including—
recall goods,
etc.                         (a) recalling of goods or withdrawal of services which are dangerous, hazardous
                    or unsafe;

                            (b) reimbursement of the prices of goods or services so recalled to purchasers of
                  such goods or services; and

                             (c) discontinuation of practices which are unfair and prejudicial to consumers'
                        interest:

                   Provided that the Central Authority shall give the person an opportunity of being
              heard before passing an order under this section.

Power of            21. (1) Where the Central Authority is satisfied after investigation that any
Central        advertisement is false or misleading and is prejudicial to the interest of any consumer or is in
Authority to    contravention of consumer rights, it may, by order, issue directions to the concerned trader
issue
              or manufacturer or endorser or advertiser or publisher, as the case may be, to discontinuedirections and
penalties      such advertisement or to modify the same in such manner and within such time as may be
against false     specified in that order.
or misleading
advertisements.
                      (2) Notwithstanding the order passed under sub-section (1), if the Central Authority
                  is of the opinion that it is necessary to impose a penalty in respect of such false or misleading
               advertisement, by a manufacturer or an endorser, it may, by order, impose on manufacturer or
              endorser a penalty which may extend to ten lakh rupees:

                   Provided that the Central Authority may, for every subsequent contravention by a
              manufacturer or endorser, impose a penalty, which may extend to fifty lakh rupees.

                     (3) Notwithstanding any order under sub-sections (1) and (2), where the Central
              Authority deems it necessary, it may, by order, prohibit the endorser of a false or misleading
              advertisement from making endorsement of any product or service for a period which may
              extend to one year:",scenario,,,PENDING_HUMAN_REVIEW,,
886a718d02a80bfa,What does Article 18 state about Abolition of titles?,"(1) No title, not being a military or academic
distinction, shall be conferred by the State.",constitution_of_india.pdf,40,Article 18,"18. Abolition of titles.—(1) No title, not being a military or academic
distinction, shall be conferred by the State.
       (2) No citizen of India shall accept any title from any foreign State.
       (3) No person who is not a citizen of India shall, while he holds any
office of profit or trust under the State, accept without the consent of the
President any title from any foreign State.
       (4) No person holding any office of profit or trust under the State shall,
without the consent of the President, accept any present, emolument, or office
of any kind from or under any foreign State.
                             Right to Freedom",direct_factual,,,PENDING_HUMAN_REVIEW,,
2aaf6c48d064abb6,How does the Act define express warranty?,"(20) ""express warranty"" means any material statement, affirmation of fact, promise
                    or description relating to a product or service warranting that it conforms to such
                    material statement, affirmation, promise or description and includes any sample or
                 model of a product warranting that the whole of such product conforms to such
                  sample or model;",consumer_protection_act_2019.pdf,5,,"SEC. 1]         THE GAZETTE OF INDIA EXTRAORDINARY               5


                  commercial activity, trade or profession, or such other class or classes of persons
                    including public utility entities in the manner as may be prescribed;

                           (20) ""express warranty"" means any material statement, affirmation of fact, promise
                    or description relating to a product or service warranting that it conforms to such
                    material statement, affirmation, promise or description and includes any sample or
                 model of a product warranting that the whole of such product conforms to such
                  sample or model;

                          (21) ""goods"" means every kind of movable property and includes ""food"" as
                    defined in clause (j) of sub-section (1) of section 3 of the Food Safety and Standards
34 of 2006.          Act, 2006;

                          (22) ""harm"", in relation to a product liability, includes—

                                          (i) damage to any property, other than the product itself;

                                           (ii) personal injury, illness or death;

                                            (iii) mental agony or emotional distress attendant to personal injury or
                              illness or damage to property; or

                                      (iv) any loss of consortium or services or other loss resulting from a harm
                           referred to in sub-clause (i) or sub-clause (ii) or sub-clause (iii),

                    but shall not include any harm caused to a product itself or any damage to the property
                 on account of breach of warranty conditions or any commercial or economic loss,
                    including any direct, incidental or consequential loss relating thereto;

                          (23) ""injury"" means any harm whatever illegally caused to any person, in body,
                mind or property;

                          (24) ""manufacturer"" means a person who—

                                          (i) makes any goods or parts thereof; or

                                           (ii) assembles any goods or parts thereof made by others; or

                                            (iii) puts or causes to be put his own mark on any goods made by any
                          other person;

                          (25) ""mediation"" means the process by which a mediator mediates the consumer
                    disputes;

                          (26) ""mediator"" means a mediator referred to in section 75;

                          (27) ""member"" includes the President and a member of the National Commission
                    or a State Commission or a District Commission, as the case may be;

                          (28) ""misleading advertisement"" in relation to any product or service, means an
                    advertisement, which—

                                          (i) falsely describes such product or service; or

                                           (ii) gives a false guarantee to, or is likely to mislead the consumers as to
                          the nature, substance, quantity or quality of such product or service; or

                                            (iii) conveys an express or implied representation which, if made by the
                        manufacturer or seller or service provider thereof, would constitute an unfair
                           trade practice; or

                                      (iv) deliberately conceals important information;

                          (29) ""National Commission"" means the National Consumer Disputes Redressal
                 Commission established under sub-section (1) of section 53;",definition,,,PENDING_HUMAN_REVIEW,,
dfb9cfb673807a74,What procedure or remedy does the passage describe?,"Appellate jurisdiction of the Supreme Court in appeals from
          High Courts in certain cases.",constitution_of_india.pdf,11,,"(viii)                            Contents

ARTICLES

  115.      Supplementary, additional or excess grants.
  116.     Votes on account, votes of credit and exceptional grants.
  117.      Special provisions as to financial Bills.
                           Procedure Generally
  118.     Rules of procedure.
  119.      Regulation by law of procedure in Parliament in relation to
             financial business.
  120.     Language to be used in Parliament.
  121.      Restriction on discussion in Parliament.
  122.      Courts not to inquire into proceedings of Parliament.
           CHAPTER III.  LEGISLATIVE POWERS OF THE
                          PRESIDENT
  123.     Power of President to promulgate Ordinances during recess of
            Parliament.
              CHAPTER IV.  THE UNION JUDICIARY
  124.     Establishment and constitution of the Supreme Court.
  124A.    National Judicial Appointments Commission.
  124B.    Functions of Commission.
  124C.   Power of Parliament to make law.
  125.      Salaries, etc., of Judges.
  126.     Appointment of acting Chief Justice.
  127.     Appointment of ad hoc Judges.
  128.     Attendance of retired Judges at sittings of the Supreme Court.
  129.    Supreme Court to be a court of record.
  130.     Seat of Supreme Court.
  131.     Original jurisdiction of the Supreme Court.
 [131A.    Exclusive jurisdiction of the Supreme Court in regard to questions
            as to constitutional validity of Central laws.  Omitted.]
  132.     Appellate jurisdiction of the Supreme Court in appeals from
          High Courts in certain cases.
  133.     Appellate jurisdiction of the Supreme Court in appeals from
          High Courts in regard to civil matters.
  134.     Appellate jurisdiction of the Supreme Court in regard to criminal
             matters.",procedure_remedy,,,PENDING_HUMAN_REVIEW,,
7c70beac21aba4f8,What condition or exception does the passage state?,if a Proclamation of Emergency is in operation.,constitution_of_india.pdf,20,,"(xvii)                            Contents

ARTICLES

                    PART XI
         RELATIONS BETWEEN THE UNION AND THE
                       STATES
            CHAPTER I.  LEGISLATIVE RELATIONS
                       Distribution of Legislative Powers
  245.      Extent of laws made by Parliament and by the Legislatures of
             States.
  246.      Subject-matter  of  laws made  by  Parliament  and  by  the
            Legislatures of States.
  246A.    Special provision with respect to goods and services tax.
  247.     Power of Parliament to provide for the establishment of certain
             additional courts.
  248.     Residuary powers of legislation.
  249.     Power of Parliament to legislate with respect to a matter in the
            State List in the national interest.
  250.     Power of Parliament to legislate with respect to any matter in the
            State List if a Proclamation of Emergency is in operation.
  251.      Inconsistency between laws made by Parliament under articles
          249 and 250 and laws made by the Legislatures of States.
  252.     Power of Parliament to legislate for two or more States by
           consent and adoption of such legislation by any other State.
  253.      Legislation for giving effect to international agreements.
  254.      Inconsistency between laws made by Parliament and laws made
          by the Legislatures of States.
  255.     Requirements as to recommendations and previous sanctions to
           be regarded as matters of procedure only.
           CHAPTER II.   ADMINISTRATIVE RELATIONS
                               General
  256.      Obligation of States and the Union.
  257.      Control of the Union over States in certain cases.
 [257A.    Assistance to States by deployment of armed forces or other
            forces of the Union.  Omitted.]
  258.     Power of the Union to confer powers, etc., on States in certain
             cases.",condition_exception,,,PENDING_HUMAN_REVIEW,,
36fd9620e11c9497,"According to the passage, what happens if made by the manufacturer or seller or service provider thereof?","if made by the
                        manufacturer or seller or service provider thereof, would constitute an unfair
                           trade practice;",consumer_protection_act_2019.pdf,5,,"SEC. 1]         THE GAZETTE OF INDIA EXTRAORDINARY               5


                  commercial activity, trade or profession, or such other class or classes of persons
                    including public utility entities in the manner as may be prescribed;

                           (20) ""express warranty"" means any material statement, affirmation of fact, promise
                    or description relating to a product or service warranting that it conforms to such
                    material statement, affirmation, promise or description and includes any sample or
                 model of a product warranting that the whole of such product conforms to such
                  sample or model;

                          (21) ""goods"" means every kind of movable property and includes ""food"" as
                    defined in clause (j) of sub-section (1) of section 3 of the Food Safety and Standards
34 of 2006.          Act, 2006;

                          (22) ""harm"", in relation to a product liability, includes—

                                          (i) damage to any property, other than the product itself;

                                           (ii) personal injury, illness or death;

                                            (iii) mental agony or emotional distress attendant to personal injury or
                              illness or damage to property; or

                                      (iv) any loss of consortium or services or other loss resulting from a harm
                           referred to in sub-clause (i) or sub-clause (ii) or sub-clause (iii),

                    but shall not include any harm caused to a product itself or any damage to the property
                 on account of breach of warranty conditions or any commercial or economic loss,
                    including any direct, incidental or consequential loss relating thereto;

                          (23) ""injury"" means any harm whatever illegally caused to any person, in body,
                mind or property;

                          (24) ""manufacturer"" means a person who—

                                          (i) makes any goods or parts thereof; or

                                           (ii) assembles any goods or parts thereof made by others; or

                                            (iii) puts or causes to be put his own mark on any goods made by any
                          other person;

                          (25) ""mediation"" means the process by which a mediator mediates the consumer
                    disputes;

                          (26) ""mediator"" means a mediator referred to in section 75;

                          (27) ""member"" includes the President and a member of the National Commission
                    or a State Commission or a District Commission, as the case may be;

                          (28) ""misleading advertisement"" in relation to any product or service, means an
                    advertisement, which—

                                          (i) falsely describes such product or service; or

                                           (ii) gives a false guarantee to, or is likely to mislead the consumers as to
                          the nature, substance, quantity or quality of such product or service; or

                                            (iii) conveys an express or implied representation which, if made by the
                        manufacturer or seller or service provider thereof, would constitute an unfair
                           trade practice; or

                                      (iv) deliberately conceals important information;

                          (29) ""National Commission"" means the National Consumer Disputes Redressal
                 Commission established under sub-section (1) of section 53;",scenario,,,PENDING_HUMAN_REVIEW,,
69bc916fc3e678fe,"What right, duty, or requirement does the passage state?","Right to Freedom of Religion

  25.",constitution_of_india.pdf,5,,"(ii)                              Contents

ARTICLES

                     PART III

               FUNDAMENTAL RIGHTS
                               General
  12.        Definition.
  13.      Laws inconsistent with or in derogation of the fundamental
              rights.
                                   Right to Equality
  14.       Equality before law.
  15.       Prohibition of discrimination on grounds of religion, race, caste,
           sex or place of birth.
  16.       Equality of opportunity in matters of public employment.
  17.       Abolition of Untouchability.
  18.       Abolition of titles.
                            Right to Freedom

  19.       Protection of certain rights regarding freedom of speech, etc.
  20.       Protection in respect of conviction for offences.
  21.       Protection of life and personal liberty.
  21A.     Right to education.
  22.       Protection against arrest and detention in certain cases.

                        Right against Exploitation

  23.       Prohibition of traffic in human beings and forced labour.
  24.       Prohibition of employment of children in factories, etc.

                      Right to Freedom of Religion

  25.      Freedom  of  conscience  and  free  profession,  practice  and
            propagation of religion.
  26.      Freedom to manage religious affairs.
  27.      Freedom as to payment of taxes for promotion of any particular
             religion.
  28.      Freedom as to attendance at religious instruction or religious
           worship in certain educational institutions.",rights_duties,,,PENDING_HUMAN_REVIEW,,
ef2d752b6f5fe120,How does the Act define association?,"association"" means any voluntary consumer association registered under any law for the
              time being in force.

                      (2) Every complaint filed under sub-section (1) shall be accompanied with such fee
             and payable in such manner, including electronic form, as may be prescribed.

Proceedings          36. (1) Every proceeding before the District Commission shall be conducted by the
before         President of that Commission and atleast one member thereof, sitting together:
District
Commission.         Provided that where a member, for any reason, is unable to conduct a proceeding till it
                  is completed, the President and the other member shall continue the proceeding from the
               stage at which it was last heard by the previous member.

                      (2) On receipt of a complaint made under section 35, the District Commission may, by
                order, admit the complaint for being proceeded with or reject the same:

                   Provided that a complaint shall not be rejected under this section unless an opportunity
              of being heard has been given to the complainant:

                   Provided further that the admissibility of the complaint shall ordinarily be decided
              within twenty-one days from the date on which the complaint was filed.

                      (3) Where the District Commission does not decide the issue of admissibility of the
              complaint within the period so specified, it shall be deemed to have been admitted.

Reference to          37. (1) At the first hearing of the complaint after its admission, or at any later stage, if
mediation.        it appears to the District Commission that there exists elements of a settlement which may be
              acceptable to the parties, except in such cases as may be prescribed, it may direct the parties
               to give in writing, within five days, consent to have their dispute settled by mediation in
             accordance with the provisions of Chapter V.

                      (2) Where the parties agree for settlement by mediation and give their consent in
               writing, the District Commission shall, within five days of receipt of such consent, refer the",consumer_protection_act_2019.pdf,18,,"18           THE GAZETTE OF INDIA EXTRAORDINARY         [PART II—


                      (3) The District Commission shall ordinarily function in the district headquarters and
          may perform its functions at such other place in the district, as the State Government may, in
               consultation with the State Commission, notify in the Official Gazette from time to time.

Manner in            35. (1) A complaint, in relation to any goods sold or delivered or agreed to be sold or
which          delivered or any service provided or agreed to be provided, may be filed with a District
complaint
shall be made.  Commission by—
                            (a) the consumer,—

                                          (i) to whom such goods are sold or delivered or agreed to be sold or
                          delivered or such service is provided or agreed to be provided; or

                                           (ii) who alleges unfair trade practice in respect of such goods or service;

                            (b) any recognised consumer association, whether the consumer to whom such
                  goods are sold or delivered or agreed to be sold or delivered or such service is provided
                    or agreed to be provided, or who alleges unfair trade practice in respect of such goods
                    or service, is a member of such association or not;

                             (c) one or more consumers, where there are numerous consumers having the
                same interest, with the permission of the District Commission, on behalf of, or for the
                     benefit of, all consumers so interested; or

                            (d) the Central Government, the Central Authority or the State Government, as
                     the case may be:

                   Provided that the complaint under this sub-section may be filed electronically in such
            manner as may be prescribed.

                 Explanation.—For the purposes of this sub-section, ""recognised consumer
               association"" means any voluntary consumer association registered under any law for the
              time being in force.

                      (2) Every complaint filed under sub-section (1) shall be accompanied with such fee
             and payable in such manner, including electronic form, as may be prescribed.

Proceedings          36. (1) Every proceeding before the District Commission shall be conducted by the
before         President of that Commission and atleast one member thereof, sitting together:
District
Commission.         Provided that where a member, for any reason, is unable to conduct a proceeding till it
                  is completed, the President and the other member shall continue the proceeding from the
               stage at which it was last heard by the previous member.

                      (2) On receipt of a complaint made under section 35, the District Commission may, by
                order, admit the complaint for being proceeded with or reject the same:

                   Provided that a complaint shall not be rejected under this section unless an opportunity
              of being heard has been given to the complainant:

                   Provided further that the admissibility of the complaint shall ordinarily be decided
              within twenty-one days from the date on which the complaint was filed.

                      (3) Where the District Commission does not decide the issue of admissibility of the
              complaint within the period so specified, it shall be deemed to have been admitted.

Reference to          37. (1) At the first hearing of the complaint after its admission, or at any later stage, if
mediation.        it appears to the District Commission that there exists elements of a settlement which may be
              acceptable to the parties, except in such cases as may be prescribed, it may direct the parties
               to give in writing, within five days, consent to have their dispute settled by mediation in
             accordance with the provisions of Chapter V.

                      (2) Where the parties agree for settlement by mediation and give their consent in
               writing, the District Commission shall, within five days of receipt of such consent, refer the",definition,,,PENDING_HUMAN_REVIEW,,
35b552a11159d139,What comparison does the passage explicitly make?,"The Constitution (Application  to Jammu and Kashmir)
Order, 2019 and the declaration under article 370(3) of the
Constitution have been provided respectively in Appendix II and
Appendix III for reference.",constitution_of_india.pdf,2,,"PREFACE

     This is the  sixth  pocket size edition of the Constitution of
India  in  the  diglot  form.  In  this  edition,  the  text  of  the
Constitution  of  India  has  been  brought  up-to-date  by
incorporating therein all the amendments up to the Constitution
(One Hundred and Sixth Amendment) Act, 2023. The foot notes
below the  text indicate the Constitution Amendment Acts by
which such amendments have been made.

    The Constitution (One Hundredth Amendment) Act, 2015
containing  details  of  acquired  and  transferred  territories
between the Governments of India and Bangladesh has been
provided in Appendix I.

    The Constitution (Application  to Jammu and Kashmir)
Order, 2019 and the declaration under article 370(3) of the
Constitution have been provided respectively in Appendix II and
Appendix III for reference.



New Delhi;                              Dr. Rajiv Mani,
1st May, 2024                         Secretary to the Government of India.",comparison,,,PENDING_HUMAN_REVIEW,,
b5d11d4739ca8d47,How does the Act define District Commission?,"(15) ""District Commission"" means a District Consumer Disputes Redressal
     Commission established under sub-section (1) of section 28;",consumer_protection_act_2019.pdf,4,,"4            THE GAZETTE OF INDIA EXTRAORDINARY         [PART II—


                        (iii) the right to be assured, wherever possible, access to a variety of
           goods, products or services at competitive prices;

                     (iv) the right to be heard and to be assured that consumer's interests will
            receive due consideration at appropriate fora;

                    (v) the right to seek redressal against unfair trade practice or restrictive
            trade practices or unscrupulous exploitation of consumers; and

                     (vi) the right to consumer awareness;

           (10) ""defect"" means any fault, imperfection or shortcoming in the quality,
      quantity, potency, purity or standard which is required to be maintained by or under
     any law for the time being in force or under any contract, express or implied or as is
     claimed by the trader in any manner whatsoever in relation to any goods or product
     and the expression ""defective"" shall be construed accordingly;

            (11) ""deficiency"" means any fault, imperfection, shortcoming or inadequacy in
      the quality, nature and manner of performance which is required to be maintained by or
     under any law for the time being in force or has been undertaken to be performed by a
     person in pursuance of a contract or otherwise in relation to any service and includes—

                       (i) any act of negligence or omission or commission by such person which
           causes loss or injury to the consumer; and

                        (ii) deliberate withholding of relevant information by such person to the
          consumer;

            (12) ""design"", in relation to a product, means the intended or known physical
     and material characteristics of such product and includes any intended or known
     formulation or content of such product and the usual result of the intended
     manufacturing or other process used to produce such product;

            (13) ""direct selling"" means marketing, distribution and sale of goods or provision
      of services through a network of sellers, other than through a permanent retail location;

           (14) ""Director-General"" means the Director-General appointed under
      sub-section (2) of section 15;

            (15) ""District Commission"" means a District Consumer Disputes Redressal
     Commission established under sub-section (1) of section 28;

            (16) ""e-commerce"" means buying or selling of goods or services including
       digital products over digital or electronic network;

            (17) ""electronic service provider"" means a person who provides technologies
      or processes to enable a product seller to engage in advertising or selling goods or
      services to a consumer and includes any online market place or online auction sites;

            (18) ""endorsement"", in relation to an advertisement, means—

                       (i) any message, verbal statement, demonstration; or

                        (ii) depiction of the name, signature, likeness or other identifiable personal
             characteristics of an individual; or

                        (iii) depiction of the name or seal of any institution or organisation,

which makes the consumer to believe that it reflects the opinion, finding or experience of the
person making such endorsement;

           (19) ""establishment"" includes an advertising agency, commission agent,
      manufacturing, trading or any other commercial agency which carries on any business,
      trade or profession or any work in connection with or incidental or ancillary to any",definition,,,PENDING_HUMAN_REVIEW,,
e2e768a3d3813a9e,"What does Article 19 state about Protection of certain rights regarding freedom of speech, etc?","(1) All citizens shall have the right—
          (a) to freedom of speech and expression;
          (b) to assemble peaceably and without arms;
           (c) to form associations or unions 2[or co-operative societies];
          (d) to move freely throughout the territory of India;

______________________________________________
1.",constitution_of_india.pdf,40,Article 19,"19. Protection of certain rights regarding freedom of speech, etc.—
(1) All citizens shall have the right—
          (a) to freedom of speech and expression;
          (b) to assemble peaceably and without arms;
           (c) to form associations or unions 2[or co-operative societies];
          (d) to move freely throughout the territory of India;

______________________________________________
1.  Ins. by  the  Constitution  (One  Hundred  and  Third Amendment)  Act,  2019,  s. 3
   (w.e.f. 14-1-2019).
2. Ins. by the Constitution (Ninety-seventh Amendment) Act, 2011, s. 2 (w.e.f. 8-2-2012).",direct_factual,,,PENDING_HUMAN_REVIEW,,
4c91aaac49a177c5,"According to the passage, what happens if such purported warranty or guarantee or promise is materially misleading or if there is no reasonable prospect that such warranty?","if such purported warranty or guarantee or promise is materially misleading or if there
       is no reasonable prospect that such warranty, guarantee or promise will be carried out;",consumer_protection_act_2019.pdf,9,,"SEC. 1]         THE GAZETTE OF INDIA EXTRAORDINARY               9


        if such purported warranty or guarantee or promise is materially misleading or if there
       is no reasonable prospect that such warranty, guarantee or promise will be carried out;

               (i) materially misleads the public concerning the price at which a product or like
      products or goods or services, have been or are, ordinarily sold or provided, and, for
       this purpose, a representation as to price shall be deemed to refer to the price at which
      the product or goods or services has or have been sold by sellers or provided by
      suppliers generally in the relevant market unless it is clearly specified to be the price at
     which the product has been sold or services have been provided by the person by
    whom or on whose behalf the representation is made;

               (j) gives false or misleading facts disparaging the goods, services or trade of
      another person.

     Explanation.—For the purposes of this sub-clause, a statement that is,—

           (A) expressed on an article offered or displayed for sale, or on its wrapper or
      container; or

           (B) expressed on anything attached to, inserted in, or accompanying, an article
      offered or displayed for sale, or on anything on which the article is mounted for
      display or sale; or

           (C) contained in or on anything that is sold, sent, delivered, transmitted or in
     any other manner whatsoever made available to a member of the public,

shall be deemed to be a statement made to the public by, and only by, the person who had
caused the statement to be so expressed, made or contained;

                       (ii) permitting the publication of any advertisement, whether in any
          newspaper or otherwise, including by way of electronic record, for the sale or
           supply at a bargain price of goods or services that are not intended to be offered
            for sale or supply at the bargain price, or for a period that is, and in quantities
             that are, reasonable, having regard to the nature of the market in which the
           business is carried on, the nature and size of business, and the nature of the
           advertisement.

     Explanation.—For the purpose of this sub-clause, ""bargain price"" means,—

                       (A) a price that is stated in any advertisement to be a bargain price,
              by reference to an ordinary price or otherwise; or

                       (B) a price that a person who reads, hears or sees the advertisement,
              would reasonably understand to be a bargain price having regard to the
                  prices at which the product advertised or like products are ordinarily sold;

                        (iii) permitting—

                         (a) the offering of gifts, prizes or other items with the intention of
                 not providing them as offered or creating impression that something is
                being given or offered free of charge when it is fully or partly covered by
                  the amount charged, in the transaction as a whole;

                         (b) the conduct of any contest, lottery, game of chance or skill, for
                  the purpose of promoting, directly or indirectly, the sale, use or supply of
               any product or any business interest, except such contest, lottery, game
                 of chance or skill as may be prescribed;

                          (c) withholding from the participants of any scheme offering gifts,
                  prizes or other items free of charge on its closure, the information about
                    final results of the scheme.",scenario,,,PENDING_HUMAN_REVIEW,,
6dbe887ae8ae18cf,What does Article 7 state about Rights of citizenship of certain migrants to Pakistan?,"Notwithstanding anything in articles 5 and 6, a person who has after the first
day of March, 1947, migrated from the territory of India to the territory now
included in Pakistan shall not be deemed to be a citizen of India:

                               4",constitution_of_india.pdf,35,Article 7,"7.  Rights  of  citizenship  of  certain  migrants  to  Pakistan.—
Notwithstanding anything in articles 5 and 6, a person who has after the first
day of March, 1947, migrated from the territory of India to the territory now
included in Pakistan shall not be deemed to be a citizen of India:

                               4",direct_factual,,,PENDING_HUMAN_REVIEW,,
6ad655d919f95c7e,How does the Act define defect?,"(10) ""defect"" means any fault, imperfection or shortcoming in the quality,
      quantity, potency, purity or standard which is required to be maintained by or under
     any law for the time being in force or under any contract, express or implied or as is
     claimed by the trader in any manner whatsoever in relation to any goods or product
     and the expression ""defective"" shall be construed accordingly;",consumer_protection_act_2019.pdf,4,,"4            THE GAZETTE OF INDIA EXTRAORDINARY         [PART II—


                        (iii) the right to be assured, wherever possible, access to a variety of
           goods, products or services at competitive prices;

                     (iv) the right to be heard and to be assured that consumer's interests will
            receive due consideration at appropriate fora;

                    (v) the right to seek redressal against unfair trade practice or restrictive
            trade practices or unscrupulous exploitation of consumers; and

                     (vi) the right to consumer awareness;

           (10) ""defect"" means any fault, imperfection or shortcoming in the quality,
      quantity, potency, purity or standard which is required to be maintained by or under
     any law for the time being in force or under any contract, express or implied or as is
     claimed by the trader in any manner whatsoever in relation to any goods or product
     and the expression ""defective"" shall be construed accordingly;

            (11) ""deficiency"" means any fault, imperfection, shortcoming or inadequacy in
      the quality, nature and manner of performance which is required to be maintained by or
     under any law for the time being in force or has been undertaken to be performed by a
     person in pursuance of a contract or otherwise in relation to any service and includes—

                       (i) any act of negligence or omission or commission by such person which
           causes loss or injury to the consumer; and

                        (ii) deliberate withholding of relevant information by such person to the
          consumer;

            (12) ""design"", in relation to a product, means the intended or known physical
     and material characteristics of such product and includes any intended or known
     formulation or content of such product and the usual result of the intended
     manufacturing or other process used to produce such product;

            (13) ""direct selling"" means marketing, distribution and sale of goods or provision
      of services through a network of sellers, other than through a permanent retail location;

           (14) ""Director-General"" means the Director-General appointed under
      sub-section (2) of section 15;

            (15) ""District Commission"" means a District Consumer Disputes Redressal
     Commission established under sub-section (1) of section 28;

            (16) ""e-commerce"" means buying or selling of goods or services including
       digital products over digital or electronic network;

            (17) ""electronic service provider"" means a person who provides technologies
      or processes to enable a product seller to engage in advertising or selling goods or
      services to a consumer and includes any online market place or online auction sites;

            (18) ""endorsement"", in relation to an advertisement, means—

                       (i) any message, verbal statement, demonstration; or

                        (ii) depiction of the name, signature, likeness or other identifiable personal
             characteristics of an individual; or

                        (iii) depiction of the name or seal of any institution or organisation,

which makes the consumer to believe that it reflects the opinion, finding or experience of the
person making such endorsement;

           (19) ""establishment"" includes an advertising agency, commission agent,
      manufacturing, trading or any other commercial agency which carries on any business,
      trade or profession or any work in connection with or incidental or ancillary to any",definition,,,PENDING_HUMAN_REVIEW,,
f67233b310381d6f,"According to the passage, what happens if the complaint alleges a defect in the goods which cannot be determined without proper analysis or test of the goods?","if the complaint alleges a defect in the goods which cannot be determined
      without proper analysis or test of the goods, obtain a sample of the goods from the
      complainant, seal it and authenticate it in the manner as may be prescribed and refer
      the sample so sealed to the appropriate laboratory along with a direction that such
      laboratory to make an analysis or",consumer_protection_act_2019.pdf,19,,"SEC. 1]         THE GAZETTE OF INDIA EXTRAORDINARY              19


matter for mediation, and in such case, the provisions of Chapter V, relating to mediation,
shall apply.

      38. (1) The District Commission shall, on admission of a complaint, or in respect of   Procedure on
cases referred for mediation on failure of settlement by mediation, proceed with such   admission of
complaint.                                                                                       complaint.

      (2) Where the complaint relates to any goods, the District Commission shall,—

             (a) refer a copy of the admitted complaint, within twenty-one days from the date
      of its admission to the opposite party mentioned in the complaint directing him to give
      his version of the case within a period of thirty days or such extended period not
     exceeding fifteen days as may be granted by it;

             (b) if the opposite party on receipt of a complaint referred to him under clause (a)
      denies or disputes the allegations contained in the complaint, or omits or fails to take
     any action to represent his case within the time given by the District Commission,
     proceed to settle the consumer dispute in the manner specified in clauses (c) to (g);

             (c) if the complaint alleges a defect in the goods which cannot be determined
      without proper analysis or test of the goods, obtain a sample of the goods from the
      complainant, seal it and authenticate it in the manner as may be prescribed and refer
      the sample so sealed to the appropriate laboratory along with a direction that such
      laboratory to make an analysis or test, whichever may be necessary, with a view to
      finding out whether such goods suffer from any defect alleged in the complaint or
     from any other defect and to report its findings thereon to the District Commission
      within a period of forty-five days of the receipt of the reference or within such extended
      period as may be granted by it;

             (d) before any sample of the goods is referred to any appropriate laboratory
     under clause (c), require the complainant to deposit to the credit of the Commission
     such fees as may be specified, for payment to the appropriate laboratory for carrying
      out the necessary analysis or test in relation to the goods in question;

             (e) remit the amount deposited to its credit under clause (d) to the appropriate
      laboratory to enable it to carry out the analysis or test mentioned in clause (c) and on
      receipt of the report from the appropriate laboratory, it shall forward a copy of the
      report along with such remarks as it may feel appropriate to the opposite party;

               (f) if any of the parties disputes the correctness of the findings of the appropriate
      laboratory, or disputes the correctness of the methods of analysis or test adopted by
      the appropriate laboratory, require the opposite party or the complainant to submit in
      writing his objections with regard to the report made by the appropriate laboratory;

             (g) give a reasonable opportunity to the complainant as well as the opposite
      party of being heard as to the correctness or otherwise of the report made by the
      appropriate laboratory and also as to the objection made in relation thereto under
      clause (f) and issue an appropriate order under section 39.

      (3) The District Commission shall, if the complaint admitted by it under sub-section (2)
of section 36 relates to goods in respect of which the procedure specified in sub-section (2)
cannot be followed, or if the complaint relates to any services,—

             (a) refer a copy of such complaint to the opposite party directing him to give his
      version of the case within a period of thirty days or such extended period not exceeding
      fifteen days as may be granted by the District Commission;

             (b) if the opposite party, on receipt of a copy of the complaint, referred to him
     under clause (a) denies or disputes the allegations contained in the complaint, or
     omits or fails to take any action to represent his case within the time given by the
      District Commission, it shall proceed to settle the consumer dispute—",scenario,,,PENDING_HUMAN_REVIEW,,
a35a2c17bbd0c16f,What does Article 14 state about Equality before law?,"The State shall not deny to any person
equality before the law or the equal protection of the laws within the territory of
India.",constitution_of_india.pdf,37,Article 14,"14. Equality before law.—The State shall not deny to any person
equality before the law or the equal protection of the laws within the territory of
India.
      15. Prohibition of discrimination on grounds of religion, race, caste,
sex or place of birth.—(1) The State shall not discriminate against any citizen
on grounds only of religion, race, caste, sex, place of birth or any of them.
       (2) No citizen shall, on grounds only of religion, race, caste, sex, place of
birth or any of them, be subject to any disability,  liability, restriction or
condition with regard to—

______________________________________________
1. Ins. by the Constitution (Twenty-fourth Amendment) Act, 1971, s. 2 (w.e.f. 5-11-1971).

                               6",direct_factual,,,PENDING_HUMAN_REVIEW,,
31796fc22fdbf703,How does the Act define unfair trade practice?,"(47) ""unfair trade practice"" means a trade practice which, for the purpose of
     promoting the sale, use or supply of any goods or for the provision of any service,
      adopts any unfair method or unfair or deceptive practice including any of the following
      practices, namely:—

                       (i) making any statement, whether orally or in writing or by visible
            representation including by means of electronic record, which—

                         (a) falsely represents that the goods are of a particular standard,
                   quality, quantity, grade, composition, style or model;",consumer_protection_act_2019.pdf,8,,"8            THE GAZETTE OF INDIA EXTRAORDINARY         [PART II—


     cause significant change in the rights of such consumer, including the following,
     namely:—

                       (i) requiring manifestly excessive security deposits to be given by a
          consumer for the performance of contractual obligations; or

                        (ii) imposing any penalty on the consumer, for the breach of contract
            thereof which is wholly disproportionate to the loss occurred due to such breach
            to the other party to the contract; or

                        (iii) refusing to accept early repayment of debts on payment of applicable
            penalty; or

                     (iv) entitling a party to the contract to terminate such contract unilaterally,
           without reasonable cause; or

                    (v) permitting or has the effect of permitting one party to assign the contract
            to the detriment of the other party who is a consumer, without his consent; or

                     (vi) imposing on the consumer any unreasonable charge, obligation or
            condition which puts such consumer to disadvantage;

            (47) ""unfair trade practice"" means a trade practice which, for the purpose of
     promoting the sale, use or supply of any goods or for the provision of any service,
      adopts any unfair method or unfair or deceptive practice including any of the following
      practices, namely:—

                       (i) making any statement, whether orally or in writing or by visible
            representation including by means of electronic record, which—

                         (a) falsely represents that the goods are of a particular standard,
                   quality, quantity, grade, composition, style or model;

                         (b) falsely represents that the services are of a particular standard,
                  quality or grade;

                         (c) falsely represents any re-built, second-hand, renovated,
                 reconditioned or old goods as new goods;

                         (d) represents that the goods or services have sponsorship, approval,
                performance, characteristics, accessories, uses or benefits which such
               goods or services do not have;

                          (e) represents that the seller or the supplier has a sponsorship or
                 approval or affiliation which such seller or supplier does not have;

                               (f) makes a false or misleading representation concerning the need
                     for, or the usefulness of, any goods or services;

                         (g) gives to the public any warranty or guarantee of the performance,
                  efficacy or length of life of a product or of any goods that is not based on
               an adequate or proper test thereof:

                     Provided that where a defence is raised to the effect that such
                warranty or guarantee is based on adequate or proper test, the burden of
                 proof of such defence shall lie on the person raising such defence;

                         (h) makes to the public a representation in a form that purports to
           be—

                             (A) a warranty or guarantee of a product or of any goods or
                          services; or

                            (B) a promise to replace, maintain or repair an article or any
                         part thereof or to repeat or continue a service until it has achieved a
                        specified result,",definition,,,PENDING_HUMAN_REVIEW,,
b76d7bcaf35dc207,What does Article 1 state about Name and territory of the Union?,"(1) India, that is Bharat,
shall be a Union of States.",constitution_of_india.pdf,33,Article 1,"1. Name and territory of the Union.—(1) India, that is Bharat,
shall be a Union of States.
      1[(2) The States and the territories thereof shall be as specified in
the First Schedule.]
      (3) The territory of India shall comprise—
            (a) the territories of the States;
             2[(b) the Union territories specified in the First Schedule;
     and]
             (c) such other territories as may be acquired.",direct_factual,,,PENDING_HUMAN_REVIEW,,
543da34254756607,"According to the passage, what happens if the complainant satisfies the District Commission?","if the complainant satisfies the
                District Commission, the State Commission or the National Commission, as the case may be,
                that he had sufficient cause for not filing the complaint within such period:

                   Provided that no such complaint shall be entertained unless the District Comm",consumer_protection_act_2019.pdf,28,,"28           THE GAZETTE OF INDIA EXTRAORDINARY         [PART II—


                      (4) All notices required to be served on an opposite party or to complainant, as the
              case may be, shall be deemed to be sufficiently served, if addressed in the case of the
              opposite party, to the place where business or profession is carried on, and in case of the
              complainant, the place where such person actually and voluntarily resides.

Experts to           66. Where the National Commission or the State Commission, as the case may be, on
assist         an application by a complainant or otherwise, is of the opinion that it involves the larger
National
Commission     interest of consumers, it may direct any individual or organisation or expert to assist the
or State        National Commission or the State Commission, as the case may be.
Commission.

Appeal against        67. Any person, aggrieved by an order made by the National Commission in exercise
order of        of its powers conferred by sub-clause (i) or (ii) of clause (a) of sub-section (1) of section 58,National
Commission.   may prefer an appeal against such order to the Supreme Court within a period of thirty days
            from the date of the order:

                   Provided that the Supreme Court may entertain an appeal after the expiry of the said
              period of thirty days if it is satisfied that there was sufficient cause for not filing it within that
               period:

                   Provided further that no appeal by a person who is required to pay any amount in
              terms of an order of the National Commission shall be entertained by the Supreme Court
              unless that person has deposited fifty per cent. of that amount in the manner as may be
               prescribed.

Finality of           68. Every order of a District Commission or the State Commission or the National
orders.        Commission, as the case may be, shall, if no appeal has been preferred against such order
             under the provisions of this Act, be final.

Limitation           69. (1) The District Commission, the State Commission or the National Commission
period.          shall not admit a complaint unless it is filed within two years from the date on which the
              cause of action has arisen.

                     (2) Notwithstanding anything contained in sub-section (1), a complaint may be
               entertained after the period specified in sub-section (1), if the complainant satisfies the
                District Commission, the State Commission or the National Commission, as the case may be,
                that he had sufficient cause for not filing the complaint within such period:

                   Provided that no such complaint shall be entertained unless the District Commission
              or the State Commission or the National Commission, as the case may be, records its reasons
                for condoning such delay.

Administrative        70. (1) The National Commission shall have the authority to lay down such adequate
control.        standards in consultation with the Central Government from time to time, for better protection
              of the interests of consumers and for that purpose, shall have administrative control over all
               the State Commissions in the following matters, namely:—

                            (a) monitoring performance of the State Commissions in terms of their disposal
                 by calling for periodical returns regarding the institution, disposal and pendency of
                    cases;

                            (b) investigating into any allegations against the President and members of a
                     State Commission and submitting inquiry report to the State Government concerned
                   along with copy endorsed to the Central Government for necessary action;

                             (c) issuance of instructions regarding adoption of uniform procedure in the
                    hearing of matters, prior service of copies of documents produced by one party to the
                    opposite parties, furnishing of english translation of judgments written in any language,
                  speedy grant of copies of documents;",scenario,,,PENDING_HUMAN_REVIEW,,
3b5f6a47ff08c2d6,What does Article 5 state about Citizenship at the commencement of the Constitution?,"At the
commencement of this Constitution, every person who has his domicile in the
territory of India and—
             (a) who was born in the territory of India; or
             (b) either of whose parents was born in the territory of India; or
              (c) who has been ordinarily resident in the territory of India for
      not less than five years immediately preceding such commencement,
shall be a citizen of India.",constitution_of_india.pdf,35,Article 5,"5. Citizenship at the commencement of the Constitution.—At the
commencement of this Constitution, every person who has his domicile in the
territory of India and—
             (a) who was born in the territory of India; or
             (b) either of whose parents was born in the territory of India; or
              (c) who has been ordinarily resident in the territory of India for
      not less than five years immediately preceding such commencement,
shall be a citizen of India.
       6. Rights of citizenship of certain persons who have migrated to
India from Pakistan.—Notwithstanding anything in article 5, a person who
has migrated to the territory of India from the territory now included in
Pakistan shall be deemed to be a citizen of India at the commencement of this
Constitution if—
             (a) he or either of his parents or any of his grand-parents was born
       in India as defined in the Government of India Act, 1935 (as originally
       enacted); and
               (b)(i) in the case where such person has so migrated before the
      nineteenth day of July, 1948, he has been ordinarily resident in the
       territory of India since the date of his migration, or
                 (ii) in the case where such person has so migrated on or after the
      nineteenth day of July, 1948, he has been registered as a citizen of India
     by an  officer appointed  in  that behalf by the Government  of  the
     Dominion of India on an application made by him therefor to such
       officer before the commencement of this Constitution in the form and
     manner prescribed by that Government:
      Provided that no person shall be so registered unless he has been resident
in the territory of India for at least six months immediately preceding the date
of his application.",direct_factual,,,PENDING_HUMAN_REVIEW,,
70daeb6de3f1216e,How does the Act define manufacturer had employed reasonable?,"manufacturer had employed reasonable means to give the warnings or instructions for
                   usage of such product to such expert or class of experts;",consumer_protection_act_2019.pdf,32,,"32           THE GAZETTE OF INDIA EXTRAORDINARY         [PART II—


                      (2) A product manufacturer shall be liable in a product liability action even if he proves
                that he was not negligent or fraudulent in making the express warranty of a product.

Liability of           85. A product service provider shall be liable in a product liability action, if—
product
service                      (a) the service provided by him was faulty or imperfect or deficient or inadequate
provider.              in quality, nature or manner of performance which is required to be provided by or
                   under any law for the time being in force, or pursuant to any contract or otherwise; or

                            (b) there was an act of omission or commission or negligence or conscious
                   withholding any information which caused harm; or

                             (c) the service provider did not issue adequate instructions or warnings to
                    prevent any harm; or

                            (d) the service did not conform to express warranty or the terms and conditions
                    of the contract.

Liability of           86. A product seller who is not a product manufacturer shall be liable in a product
product sellers.  liability action, if—

                          (a) he has exercised substantial control over the designing, testing,
                   manufacturing, packaging or labelling of a product that caused harm; or

                            (b) he has altered or modified the product and such alteration or modification
                was the substantial factor in causing the harm; or

                             (c) he has made an express warranty of a product independent of any express
                   warranty made by a manufacturer and such product failed to conform to the express
                   warranty made by the product seller which caused the harm; or

                            (d) the product has been sold by him and the identity of product manufacturer
                    of such product is not known, or if known, the service of notice or process or warrant
                   cannot be effected on him or he is not subject to the law which is in force in India or the
                      order, if any, passed or to be passed cannot be enforced against him; or

                             (e) he failed to exercise reasonable care in assembling, inspecting or maintaining
                  such product or he did not pass on the warnings or instructions of the product
                   manufacturer regarding the dangers involved or proper usage of the product while
                      selling such product and such failure was the proximate cause of the harm.

Exceptions to        87. (1) A product liability action cannot be brought against the product seller if, at the
product        time of harm, the product was misused, altered, or modified.
liability
action.                (2) In any product liability action based on the failure to provide adequate warnings or
                instructions, the product manufacturer shall not be liable, if—

                            (a) the product was purchased by an employer for use at the workplace and the
                   product manufacturer had provided warnings or instructions to such employer;

                            (b) the product was sold as a component or material to be used in another
                    product and necessary warnings or instructions were given by the product manufacturer
                      to the purchaser of such component or material, but the harm was caused to the
                   complainant by use of the end product in which such component or material was
                   used;

                             (c) the product was one which was legally meant to be used or dispensed only
                 by or under the supervision of an expert or a class of experts and the product
                   manufacturer had employed reasonable means to give the warnings or instructions for
                   usage of such product to such expert or class of experts; or

                            (d) the complainant, while using such product, was under the influence of alcohol
                    or any prescription drug which had not been prescribed by a medical practitioner.",definition,,,PENDING_HUMAN_REVIEW,,
31d333339730bfc2,What does Article 16 state about Equality of opportunity in matters of public employment?,"(1)
There shall be equality of opportunity for all citizens in matters relating to
employment or appointment to any office under the State.",constitution_of_india.pdf,39,Article 16,"16. Equality of opportunity in matters of public employment.—(1)
There shall be equality of opportunity for all citizens in matters relating to
employment or appointment to any office under the State.
       (2) No citizen shall, on grounds only of religion, race, caste, sex, descent,
place of birth, residence or any of them, be ineligible for, or discriminated against
in respect of, any employment or office under the State.
       (3) Nothing in this article shall prevent Parliament from making any law
prescribing, in regard to a class or classes of employment or appointment to an
office 1[under the Government of, or any local or other authority within, a State
or Union territory, any requirement as to residence within that State or Union
territory] prior to such employment or appointment.
       (4) Nothing in this article shall prevent the State from making any
provision  for the reservation  of appointments or posts in favour of any
backward class of citizens which, in the opinion of the State, is not adequately
represented in the services under the State.
      2[(4A) Nothing in this article shall prevent the State from making any
provision  for  reservation  3[in  matters  of  promotion,  with  consequential
seniority, to any class] or classes of posts in the services under the State in
favour of the Scheduled Castes and the Scheduled Tribes which, in the opinion
of the State, are not adequately represented in the services under the State.]
      4[(4B) Nothing in this article shall prevent the State from considering
any unfilled vacancies of a year which are reserved for being filled up in that
year in accordance with any provision for reservation made under clause (4) or
clause (4A) as a separate class of vacancies to be filled up in any succeeding
year or years and such class of vacancies shall not be considered together with
the vacancies of the year in which they are being filled up for determining the
ceiling of fifty per cent. reservation on total number of vacancies of that year.]
______________________________________________
1. Subs. by the Constitution (Seventh Amendment) Act, 1956, s. 29 and Sch., for ""under
  any State specified in the First Schedule or any local or other authority within  its
   territory, any requirement as to residence within that State"" (w.e.f. 1-11-1956).
2. Ins. by the Constitution (Seventy-seventh Amendment) Act, 1995, s. 2 (w.e.f. 17-6-1995).
3. Subs. by the Constitution (Eighty-fifth Amendment) Act, 2001, s. 2, for certain words
   (retrospectively) (w.e.f. 17-6-1995).
4. Ins. by the Constitution (Eighty-first Amendment) Act, 2000, s. 2 (w.e.f. 9-6-2000).",direct_factual,,,PENDING_HUMAN_REVIEW,,
6f5b382ad4806277,"According to the passage, what happens if they differ on any point or points?","if they differ on
             any point or points, they shall state the point or points on which they differ and refer the
            same to another member for hearing on such point or points and the opinion of the majority
                shall be the order of the District Commission:

                   Pr",consumer_protection_act_2019.pdf,22,,"22           THE GAZETTE OF INDIA EXTRAORDINARY         [PART II—


                                  (l) to issue corrective advertisement to neutralise the effect of misleading
                    advertisement at the cost of the opposite party responsible for issuing such misleading
                    advertisement;

                       (m) to provide for adequate costs to parties; and

                            (n) to cease and desist from issuing any misleading advertisement.

                      (2) Any amount obtained under sub-section (1) shall be credited to such fund and
                utilised in such manner as may be prescribed.

                      (3) In any proceeding conducted by the President and a member and if they differ on
             any point or points, they shall state the point or points on which they differ and refer the
            same to another member for hearing on such point or points and the opinion of the majority
                shall be the order of the District Commission:

                   Provided that the other member shall give his opinion on such point or points referred
               to him within a period of one month from the date of such reference.

                      (4) Every order made by the District Commission under sub-section (1) shall be signed
            by the President and the member who conducted the proceeding:

                   Provided that where the order is made as per majority opinion under sub-section (3),
             such order shall also be signed by the other member.

Review by            40. The District Commission shall have the power to review any of the order passed
District       by it if there is an error apparent on the face of the record, either of its own motion or on an
Commission    application made by any of the parties within thirty days of such order.
in certain
cases.

Appeal              41. Any person aggrieved by an order made by the District Commission may prefer an
against order    appeal against such order to the State Commission on the grounds of facts or law within a
of District      period of forty-five days from the date of the order, in such form and manner, as may be
Commission.
               prescribed:

                   Provided that the State Commission may entertain an appeal after the expiry of the said
              period of forty-five days, if it is satisfied that there was sufficient cause for not filing it within
                that period:

                   Provided further that no appeal by a person, who is required to pay any amount in
              terms of an order of the District Commission, shall be entertained by the State Commission
              unless the appellant has deposited fifty per cent. of that amount in the manner as may be
               prescribed:

                   Provided also that no appeal shall lie from any order passed under sub-section (1) of
              section 81 by the District Commission pursuant to a settlement by mediation under
               section 80.

Establishment        42. (1) The State Government shall, by notification, establish a State Consumer
of State        Disputes Redressal Commission, to be known as the State Commission, in the State.
Consumer
Disputes              (2) The State Commission shall ordinarily function at the State capital and perform its
Redressal       functions at such other places as the State Government may in consultation with the State
Commission.
            Commission notify in the Official Gazette:

                   Provided that the State Government may, by notification, establish regional benches
              of the State Commission, at such places, as it deems fit.

                      (3) Each State Commission shall consist of—

                            (a) a President; and

                            (b) not less than four or not more than such number of members as may be
                    prescribed in consultation with the Central Government.",scenario,,,PENDING_HUMAN_REVIEW,,
c14408df5ae415ab,What does Article 17 state about Abolition of Untouchability?,"“Untouchability” is abolished and its
practice in any form is forbidden.",constitution_of_india.pdf,40,Article 17,"17. Abolition of Untouchability.—“Untouchability” is abolished and its
practice in any form is forbidden. The enforcement of any disability arising out
of “Untouchability” shall be an offence punishable in accordance with law.",direct_factual,,,PENDING_HUMAN_REVIEW,,
8cfb200fc613a875,How does the Act define product?,"(33) ""product"" means any article or goods or substance or raw material or any
     extended cycle of such product, which may be in gaseous, liquid, or solid state
      possessing intrinsic value which is capable of delivery either as wholly assembled or
      as a component part and is produced for introduction to trade or commerce, but does
      not include human tissues, blood, blood products and organs;",consumer_protection_act_2019.pdf,6,,"6            THE GAZETTE OF INDIA EXTRAORDINARY         [PART II—


            (30) ""notification"" means a notification published in the Official Gazette and the
     term ""notify"" shall be construed accordingly;

            (31) ""person"" includes—

                       (i) an individual;

                        (ii) a firm whether registered or not;

                        (iii) a Hindu undivided family;

                     (iv) a co-operative society;

                   (v) an association of persons whether registered under the Societies
            Registration Act, 1860 or not;                                                 21 of 1860.

                   (vi) any corporation, company or a body of individuals whether
            incorporated or not;

                      (vii) any artificial juridical person, not falling within any of the preceding
           sub-clauses;

            (32) ""prescribed"" means prescribed by rules made by the Central Government,
       or, as the case may be, the State Government;

            (33) ""product"" means any article or goods or substance or raw material or any
     extended cycle of such product, which may be in gaseous, liquid, or solid state
      possessing intrinsic value which is capable of delivery either as wholly assembled or
      as a component part and is produced for introduction to trade or commerce, but does
      not include human tissues, blood, blood products and organs;

            (34) ""product liability"" means the responsibility of a product manufacturer or
      product seller, of any product or service, to compensate for any harm caused to a
     consumer by such defective product manufactured or sold or by deficiency in services
      relating thereto;

            (35) ""product liability action"" means a complaint filed by a person before a
       District Commission or State Commission or National Commission, as the case may be,
      for claiming compensation for the harm caused to him;

            (36) ""product manufacturer"" means a person who—

                       (i) makes any product or parts thereof; or

                        (ii) assembles parts thereof made by others; or

                        (iii) puts or causes to be put his own mark on any products made by any
            other person; or

                    (iv) makes a product and sells, distributes, leases, installs, prepares,
           packages, labels, markets, repairs, maintains such product or is otherwise involved
            in placing such product for commercial purpose; or

                   (v) designs, produces, fabricates, constructs or re-manufactures any
           product before its sale; or

                     (vi) being a product seller of a product, is also a manufacturer of such
           product;

            (37) ""product seller"", in relation to a product, means a person who, in the course
      of business, imports, sells, distributes, leases, installs, prepares, packages, labels,
      markets, repairs, maintains, or otherwise is involved in placing such product for
     commercial purpose and includes—

                       (i) a manufacturer who is also a product seller; or",definition,,,PENDING_HUMAN_REVIEW,,
5ae4717c2e44d14a,What does Article 10 state about Continuance of the rights of citizenship?,"Every person who is or
is deemed to be a citizen of India under any of the foregoing provisions of this
Part shall, subject to the provisions of any law that may be made by Parliament,
continue to be such citizen.",constitution_of_india.pdf,36,Article 10,"10. Continuance of the rights of citizenship.—Every person who is or
is deemed to be a citizen of India under any of the foregoing provisions of this
Part shall, subject to the provisions of any law that may be made by Parliament,
continue to be such citizen.",direct_factual,,,PENDING_HUMAN_REVIEW,,
ed16679b96a7d216,"According to the passage, what happens if the opposite party on receipt of a complaint referred to him under clause (a) denies or disputes the allegations contained in the complaint?","if the opposite party on receipt of a complaint referred to him under clause (a)
      denies or disputes the allegations contained in the complaint, or omits or fails to take
     any action to represent his case within the time given by the District Commission,
     proceed to settle the consumer dispute in the manner specified in clauses (c) to (g);",consumer_protection_act_2019.pdf,19,,"SEC. 1]         THE GAZETTE OF INDIA EXTRAORDINARY              19


matter for mediation, and in such case, the provisions of Chapter V, relating to mediation,
shall apply.

      38. (1) The District Commission shall, on admission of a complaint, or in respect of   Procedure on
cases referred for mediation on failure of settlement by mediation, proceed with such   admission of
complaint.                                                                                       complaint.

      (2) Where the complaint relates to any goods, the District Commission shall,—

             (a) refer a copy of the admitted complaint, within twenty-one days from the date
      of its admission to the opposite party mentioned in the complaint directing him to give
      his version of the case within a period of thirty days or such extended period not
     exceeding fifteen days as may be granted by it;

             (b) if the opposite party on receipt of a complaint referred to him under clause (a)
      denies or disputes the allegations contained in the complaint, or omits or fails to take
     any action to represent his case within the time given by the District Commission,
     proceed to settle the consumer dispute in the manner specified in clauses (c) to (g);

             (c) if the complaint alleges a defect in the goods which cannot be determined
      without proper analysis or test of the goods, obtain a sample of the goods from the
      complainant, seal it and authenticate it in the manner as may be prescribed and refer
      the sample so sealed to the appropriate laboratory along with a direction that such
      laboratory to make an analysis or test, whichever may be necessary, with a view to
      finding out whether such goods suffer from any defect alleged in the complaint or
     from any other defect and to report its findings thereon to the District Commission
      within a period of forty-five days of the receipt of the reference or within such extended
      period as may be granted by it;

             (d) before any sample of the goods is referred to any appropriate laboratory
     under clause (c), require the complainant to deposit to the credit of the Commission
     such fees as may be specified, for payment to the appropriate laboratory for carrying
      out the necessary analysis or test in relation to the goods in question;

             (e) remit the amount deposited to its credit under clause (d) to the appropriate
      laboratory to enable it to carry out the analysis or test mentioned in clause (c) and on
      receipt of the report from the appropriate laboratory, it shall forward a copy of the
      report along with such remarks as it may feel appropriate to the opposite party;

               (f) if any of the parties disputes the correctness of the findings of the appropriate
      laboratory, or disputes the correctness of the methods of analysis or test adopted by
      the appropriate laboratory, require the opposite party or the complainant to submit in
      writing his objections with regard to the report made by the appropriate laboratory;

             (g) give a reasonable opportunity to the complainant as well as the opposite
      party of being heard as to the correctness or otherwise of the report made by the
      appropriate laboratory and also as to the objection made in relation thereto under
      clause (f) and issue an appropriate order under section 39.

      (3) The District Commission shall, if the complaint admitted by it under sub-section (2)
of section 36 relates to goods in respect of which the procedure specified in sub-section (2)
cannot be followed, or if the complaint relates to any services,—

             (a) refer a copy of such complaint to the opposite party directing him to give his
      version of the case within a period of thirty days or such extended period not exceeding
      fifteen days as may be granted by the District Commission;

             (b) if the opposite party, on receipt of a copy of the complaint, referred to him
     under clause (a) denies or disputes the allegations contained in the complaint, or
     omits or fails to take any action to represent his case within the time given by the
      District Commission, it shall proceed to settle the consumer dispute—",scenario,,,PENDING_HUMAN_REVIEW,,
bddcba508cef1fea,What does Article 2 state about Admission or establishment of new States?,"Parliament may
by law admit into the Union, or establish, new States on such terms and
conditions as it thinks fit.",constitution_of_india.pdf,33,Article 2,"2. Admission or establishment of new States.—Parliament may
by law admit into the Union, or establish, new States on such terms and
conditions as it thinks fit.
      3[2A. [Sikkim to be associated with the Union.] —Omitted by the
Constitution (Thirty-sixth Amendment) Act, 1975, s. 5 (w.e.f. 26-4-1975).]
      3.  Formation  of  new  States  and  alteration  of  areas,
boundaries or names of existing States.—Parliament may by law—
            (a) form a new State by separation of territory from any
      State or by uniting two or more States or parts of States or by
      uniting any territory to a part of any State;
            (b) increase the area of any State;
             (c) diminish the area of any State;

            (d) alter the boundaries of any State;
             (e) alter the name of any State:
______________________________________________
1.  Subs. by  the  Constitution (Seventh Amendment) Act, 1956,  s.  2,  for  cl.  (2)
   (w.e.f. 1-11-1956).
2. Subs. by s. 2 ibid. for sub-clause (b) (w.e.f. 1-11-1956).
3. Ins. by the Constitution (Thirty-fifth Amendment) Act, 1974, s. 2 (w.e.f. 1-3-1975).


                            2",direct_factual,,,PENDING_HUMAN_REVIEW,,
ec4b088d67c22e55,"According to the passage, what happens if it is satisfied or to other that there exists a prima facie case?","if it is satisfied
or to other      that there exists a prima facie case, it shall cause investigation to be made by the Director-
Regulator.",consumer_protection_act_2019.pdf,14,,"14           THE GAZETTE OF INDIA EXTRAORDINARY         [PART II—


                                   (j) issue safety notices to alert consumers against dangerous or hazardous or
                   unsafe goods or services;

                             (k) advise the Ministries and Departments of the Central and State Governments
                 on consumer welfare measures;

                                  (l) issue necessary guidelines to prevent unfair trade practices and protect
                   consumers' interest.

Power of             19. (1) The Central Authority may, after receiving any information or complaint or
Central         directions from the Central Government or of its own motion, conduct or cause to be conducted
Authority to
refer matter    a preliminary inquiry as to whether there exists a prima facie case of violation of consumer
for             rights or any unfair trade practice or any false or misleading advertisement, by any person,
investigation   which is prejudicial to the public interest or to the interests of consumers and if it is satisfied
or to other      that there exists a prima facie case, it shall cause investigation to be made by the Director-
Regulator.
             General or by the District Collector.

                      (2) Where, after preliminary inquiry, the Central Authority is of the opinion that the
              matter is to be dealt with by a Regulator established under any other law for the time being
               in force, it may refer such matter to the concerned Regulator along with its report.

                      (3) For the purposes of investigation under sub-section (1), the Central Authority, the
             Director General or the District Collector may call upon a person referred to in
               sub-section (1) and also direct him to produce any document or record in his possession.

Power of             20. Where the Central Authority is satisfied on the basis of investigation that there is
Central         sufficient evidence to show violation of consumer rights or unfair trade practice by a person,
Authority to      it may pass such order as may be necessary, including—
recall goods,
etc.                         (a) recalling of goods or withdrawal of services which are dangerous, hazardous
                    or unsafe;

                            (b) reimbursement of the prices of goods or services so recalled to purchasers of
                  such goods or services; and

                             (c) discontinuation of practices which are unfair and prejudicial to consumers'
                        interest:

                   Provided that the Central Authority shall give the person an opportunity of being
              heard before passing an order under this section.

Power of            21. (1) Where the Central Authority is satisfied after investigation that any
Central        advertisement is false or misleading and is prejudicial to the interest of any consumer or is in
Authority to    contravention of consumer rights, it may, by order, issue directions to the concerned trader
issue
              or manufacturer or endorser or advertiser or publisher, as the case may be, to discontinuedirections and
penalties      such advertisement or to modify the same in such manner and within such time as may be
against false     specified in that order.
or misleading
advertisements.
                      (2) Notwithstanding the order passed under sub-section (1), if the Central Authority
                  is of the opinion that it is necessary to impose a penalty in respect of such false or misleading
               advertisement, by a manufacturer or an endorser, it may, by order, impose on manufacturer or
              endorser a penalty which may extend to ten lakh rupees:

                   Provided that the Central Authority may, for every subsequent contravention by a
              manufacturer or endorser, impose a penalty, which may extend to fifty lakh rupees.

                     (3) Notwithstanding any order under sub-sections (1) and (2), where the Central
              Authority deems it necessary, it may, by order, prohibit the endorser of a false or misleading
              advertisement from making endorsement of any product or service for a period which may
              extend to one year:",scenario,,,PENDING_HUMAN_REVIEW,,
c3feef98ed831ed5,What does Article 11 state about Parliament to regulate the right of citizenship by law?,"Nothing
in the foregoing provisions of this Part shall derogate from the power of
Parliament  to make any  provision  with  respect  to  the  acquisition and
termination of citizenship and all other matters relating to citizenship.",constitution_of_india.pdf,36,Article 11,"11. Parliament to regulate the right of citizenship by law.—Nothing
in the foregoing provisions of this Part shall derogate from the power of
Parliament  to make any  provision  with  respect  to  the  acquisition and
termination of citizenship and all other matters relating to citizenship.",direct_factual,,,PENDING_HUMAN_REVIEW,,
1216cfb723742030,How does the Act define g the notice or had refused to accept the notice by any other?,"g the notice or had refused to accept the notice by any other means specified
in sub-section (1) when tendered or transmitted to him, the District Commission or the State
Commission or the National Commission, as the case may be, shall declare that the notice
has been duly served on the opposite party or to the complainant, as the case may be:

     Provided that where the notice was properly addressed, pre-paid and duly sent by
registered post acknowledgment due, a declaration referred to in this sub-section shall be
made notwithstanding the fact that the acknowledgment has been lost or misplaced, or for
any other reason, has not been received by the District Commission, the State Commission
or the National Commission, as the case may be, within thirty days from the date of issue of
notice.",consumer_protection_act_2019.pdf,27,,"SEC. 1]         THE GAZETTE OF INDIA EXTRAORDINARY              27

      60. The National Commission shall have the power to review any of the order passed  Review by
by it if there is an error apparent on the face of the record, either of its own motion or on an  National                                                                                       Commission in
application made by any of the parties within thirty days of such order.                          certain cases.

      61. Where an order is passed by the National Commission ex parte, the aggrieved  Power to set
party may make an application to the Commission for setting aside such order.                  aside ex parte
                                                                                                               orders.

      62. On the application of the complainant or of its own motion, the National Commission   Transfer of
may, at any stage of the proceeding, in the interest of justice, transfer any complaint pending   cases.
before the District Commission of one State to a District Commission of another State or
before one State Commission to another State Commission.

      63. When the office of President of the National Commission is vacant or a person   Vacancy in
occupying such office is, by reason of absence or otherwise, unable to perform the duties of   office of
his office, these shall be performed by the senior-most member of the National Commission:   President of                                                                                                  National
     Provided that where a retired Judge of a High Court or a person who has been a  Commission.
Judicial Member is a member of the National Commission, such member or where the number
of such members is more than one, the senior-most person amongst such members, shall
preside over the National Commission in the absence of President of that Commission.

      64. No act or proceeding of the District Commission, the State Commission or the   Vacancies or
National Commission shall be invalid by reason only of the existence of any vacancy amongst   defects in
                                                                                          appointment
its members or any defect in the constitution thereof.                                                                                                   not to
                                                                                                             invalidate
                                                                                                               orders.

      65. (1) All notices, required by this Act to be served, shall be served by delivering or   Service of
transmitting a copy thereof by registered post acknowledgment due addressed to opposite   notice, etc.
party against whom complaint is made or to the complainant by speed post or by such
courier service, approved by the District Commission, the State Commission or the National
Commission, as the case may be, or by any other mode of transmission of documents
including electronic means.

      (2) Without prejudice to the provisions contained in sub-section (1), the notice required
by this Act may be served on an electronic service provider at the address provided by it on
the electronic platform from where it provides its services as such and for this purpose, the
electronic service provider shall designate a nodal officer to accept and process such notices.

      (3) When an acknowledgment or any other receipt purporting to be signed by the
opposite party or his agent or, as the case may be, by the complainant is received by the
District Commission, the State Commission or the National Commission, as the case may be,
or postal article containing the notice is received back by such District Commission, State
Commission or the National Commission, with an endorsement purporting to have been
made by a postal employee or by any person authorised by the courier service to the effect
that the opposite party or his agent or complainant had refused to take delivery of the postal
article containing the notice or had refused to accept the notice by any other means specified
in sub-section (1) when tendered or transmitted to him, the District Commission or the State
Commission or the National Commission, as the case may be, shall declare that the notice
has been duly served on the opposite party or to the complainant, as the case may be:

     Provided that where the notice was properly addressed, pre-paid and duly sent by
registered post acknowledgment due, a declaration referred to in this sub-section shall be
made notwithstanding the fact that the acknowledgment has been lost or misplaced, or for
any other reason, has not been received by the District Commission, the State Commission
or the National Commission, as the case may be, within thirty days from the date of issue of
notice.",definition,,,PENDING_HUMAN_REVIEW,,
478556e4287f48c9,"According to the passage, what happens if it deems fit?","if it deems fit, establish more than oneCommission.",consumer_protection_act_2019.pdf,16,,"16           THE GAZETTE OF INDIA EXTRAORDINARY         [PART II—


Designation          23. The Central Government may, if it considers necessary, by notification, designate
of any        any statutory authority or body to exercise the powers and perform the functions of the
statutory       Central Authority referred to in section 10.authority or
body to
function as
Central
Authority.

Appeal.             24. A person aggrieved by any order passed by the Central Authority under
               sections 20 and 21 may file an appeal to the National Commission within a period of thirty
             days from the date of receipt of such order.

Grants by            25. The Central Government may, after due appropriation made by Parliament by law in
Central         this behalf, make to the Central Authority grants of such sums of money as that Government
Government.          may think fit for being utilised for the purposes of this Act.

Accounts and         26. (1) The Central Authority shall maintain proper accounts and other relevant records
audit.         and prepare an annual statement of accounts in such form and manner as may be prescribed
                in consultation with the Comptroller and Auditor-General of India.

                      (2) The accounts of the Central Authority shall be audited by the Comptroller and
              Auditor-General of India at such intervals as may be specified by him and any expenditure
              incurred in connection with such audit shall be payable by the Central Authority to the
              Comptroller and Auditor-General of India.

                      (3) The Comptroller and Auditor-General of India or any other person appointed by
            him in connection with the audit of the accounts of the Central Authority shall have the same
                rights, privileges and authority in connection with such audit as the Comptroller and
              Auditor-General of India generally has, in connection with the audit of the Government
              accounts and, in particular, shall have the right to demand the production of books, accounts,
             connected vouchers and other documents and papers and to inspect any of the offices of
               the Central Authority.

                     (4) The accounts of the Central Authority as certified by the Comptroller and
              Auditor-General of India or any other person appointed by him in this behalf together with
               the audit report thereon shall be forwarded annually to the Central Government which shall
              cause the same to be laid before each House of Parliament.

Furnishing of         27. (1) The Central Authority shall prepare once in every year, in such form, manner
annual        and at such time as may be prescribed, an annual report giving full account of its activities
reports, etc.
              during the previous year and such other reports and returns, as may be directed, and copies
              of such report and returns shall be forwarded to the Central Government.

                      (2) A copy of the annual report received under sub-section (1) shall be laid, as soon as
          may be after it is received, before each House of Parliament.

                                   CHAPTER IV

                                 CONSUMER DISPUTES REDRESSAL COMMISSION

Establishment        28. (1) The State Government shall, by notification, establish a District Consumer
of District      Disputes Redressal Commission, to be known as the District Commission, in each district of
Consumer
Disputes        the State:
Redressal                   Provided that the State Government may, if it deems fit, establish more than oneCommission.
                District Commission in a district.
                      (2) Each District Commission shall consist of—
                            (a) a President; and
                            (b) not less than two and not more than such number of members as may be
                     prescribed, in consultation with the Central Government.",scenario,,,PENDING_HUMAN_REVIEW,,
817bdd98c775da0f,How does Section 2(2) define appropriate laboratory?,"(2) ""appropriate laboratory"" means a laboratory or an organisation—

                                          (i) recognised by the Central Government;",consumer_protection_act_2019.pdf,2,Section 2(2),"2. In this Act, unless the context otherwise requires,—

                           (1) ""advertisement"" means any audio or visual publicity, representation,
                  endorsement or pronouncement made by means of light, sound, smoke, gas, print,
                     electronic media, internet or website and includes any notice, circular, label, wrapper,
                    invoice or such other documents;

                            (2) ""appropriate laboratory"" means a laboratory or an organisation—

                                          (i) recognised by the Central Government; or

                                           (ii) recognised by a State Government, subject to such guidelines as may
                       be issued by the Central Government in this behalf; or

                                            (iii) established by or under any law for the time being in force, which is
                          maintained, financed or aided by the Central Government or a State Government
                            for carrying out analysis or test of any goods with a view to determining whether
                        such goods suffer from any defect;

                            (3) ""branch office"" means—

                                           (i) any office or place of work described as a branch by the establishment; or

                                           (ii) any establishment carrying on either the same or substantially the
                     same activity carried on by the head office of the establishment;

                           (4) ""Central Authority"" means the Central Consumer Protection Authority
                     established under section 10;

                            (5) ""complainant"" means—

                                          (i) a consumer; or

                                           (ii) any voluntary consumer association registered under any law for the
                        time being in force; or

                                            (iii) the Central Government or any State Government; or

                                      (iv) the Central Authority; or

                                    (v) one or more consumers, where there are numerous consumers having
                           the same interest; or

                                      (vi) in case of death of a consumer, his legal heir or legal representative; or

                                        (vii) in case of a consumer being a minor, his parent or legal guardian;

                            (6) ""complaint"" means any allegation in writing, made by a complainant for
                    obtaining any relief provided by or under this Act, that—

                                          (i) an unfair contract or unfair trade practice or a restrictive trade practice
                        has been adopted by any trader or service provider;

                                           (ii) the goods bought by him or agreed to be bought by him suffer from
                      one or more defects;

                                            (iii) the services hired or availed of or agreed to be hired or availed of by
                     him suffer from any deficiency;

                                      (iv) a trader or a service provider, as the case may be, has charged for the
                       goods or for the services mentioned in the complaint, a price in excess of the
                      price—

                                         (a) fixed by or under any law for the time being in force; or",definition,,,PENDING_HUMAN_REVIEW,,
c73c30a882246025,"According to the passage, what happens if an agreement is reached between the parties with Settlement respect to all of the issues involved in the consumer dispute or with respect to only some of through the issues?","if an agreement is reached between the parties with  Settlement
respect to all of the issues involved in the consumer dispute or with respect to only some of  through
the issues, the terms of such agreement shall be reduced to writing accordingly, and signed  mediation.",consumer_protection_act_2019.pdf,31,,"SEC. 1]         THE GAZETTE OF INDIA EXTRAORDINARY              31


      79. (1) The mediation shall be held in the consumer mediation cell attached to the   Procedure for
District Commission, the State Commission or the National Commission, as the case may be.   mediation.

      (2) Where a consumer dispute is referred for mediation by the District Commission or
the State Commission or the National Commission, as the case may be, the mediator nominated
by such Commission shall have regard to the rights and obligations of the parties, the
usages of trade, if any, the circumstances giving rise to the consumer dispute and such other
relevant factors, as he may deem necessary and shall be guided by the principles of natural
justice while carrying out mediation.

      (3) The mediator so nominated shall conduct mediation within such time and in such
manner as may be specified by regulations.

      80. (1) Pursuant to mediation, if an agreement is reached between the parties with  Settlement
respect to all of the issues involved in the consumer dispute or with respect to only some of  through
the issues, the terms of such agreement shall be reduced to writing accordingly, and signed  mediation.
by the parties to such dispute or their authorised representatives.

      (2) The mediator shall prepare a settlement report of the settlement and forward the
signed agreement along with such report to the concerned Commission.

      (3) Where no agreement is reached between the parties within the specified time or the
mediator is of the opinion that settlement is not possible, he shall prepare his report
accordingly and submit the same to the concerned Commission.

      81. (1) The District Commission or the State Commission or the National Commission,   Recording
as the case may be, shall, within seven days of the receipt of the settlement report, pass   settlement and
suitable order recording such settlement of consumer dispute and dispose of the matter   passing of                                                                                                                 order.
accordingly.

      (2) Where the consumer dispute is settled only in part, the District Commission or the
State Commission or the National Commission, as the case may be, shall record settlement of
the issues which have been so settled and continue to hear other issues involved in such
consumer dispute.

      (3) Where the consumer dispute could not be settled by mediation, the District
Commission or the State Commission or the National Commission, as the case may be, shall
continue to hear all the issues involved in such consumer dispute.

                         CHAPTER VI

                              PRODUCT LIABILITY

      82. This Chapter shall apply to every claim for compensation under a product liability   Application of
action by a complainant for any harm caused by a defective product manufactured by a   Chapter.
product manufacturer or serviced by a product service provider or sold by a product seller.

      83. A product liability action may be brought by a complainant against a product  Product
manufacturer or a product service provider or a product seller, as the case may be, for any   liability
                                                                                                           action.
harm caused to him on account of a defective product.

      84. (1) A product manufacturer shall be liable in a product liability action, if—            Liability of
                                                                                                   product
             (a) the product contains a manufacturing defect; or                                manufacturer.

             (b) the product is defective in design; or

             (c) there is a deviation from manufacturing specifications; or

             (d) the product does not conform to the express warranty; or

             (e) the product fails to contain adequate instructions of correct usage to prevent
     any harm or any warning regarding improper or incorrect usage.",scenario,,,PENDING_HUMAN_REVIEW,,
c8a853bbded0c2f2,How does the Act define manufacturer?,"(24) ""manufacturer"" means a person who—

                                          (i) makes any goods or parts thereof;",consumer_protection_act_2019.pdf,5,,"SEC. 1]         THE GAZETTE OF INDIA EXTRAORDINARY               5


                  commercial activity, trade or profession, or such other class or classes of persons
                    including public utility entities in the manner as may be prescribed;

                           (20) ""express warranty"" means any material statement, affirmation of fact, promise
                    or description relating to a product or service warranting that it conforms to such
                    material statement, affirmation, promise or description and includes any sample or
                 model of a product warranting that the whole of such product conforms to such
                  sample or model;

                          (21) ""goods"" means every kind of movable property and includes ""food"" as
                    defined in clause (j) of sub-section (1) of section 3 of the Food Safety and Standards
34 of 2006.          Act, 2006;

                          (22) ""harm"", in relation to a product liability, includes—

                                          (i) damage to any property, other than the product itself;

                                           (ii) personal injury, illness or death;

                                            (iii) mental agony or emotional distress attendant to personal injury or
                              illness or damage to property; or

                                      (iv) any loss of consortium or services or other loss resulting from a harm
                           referred to in sub-clause (i) or sub-clause (ii) or sub-clause (iii),

                    but shall not include any harm caused to a product itself or any damage to the property
                 on account of breach of warranty conditions or any commercial or economic loss,
                    including any direct, incidental or consequential loss relating thereto;

                          (23) ""injury"" means any harm whatever illegally caused to any person, in body,
                mind or property;

                          (24) ""manufacturer"" means a person who—

                                          (i) makes any goods or parts thereof; or

                                           (ii) assembles any goods or parts thereof made by others; or

                                            (iii) puts or causes to be put his own mark on any goods made by any
                          other person;

                          (25) ""mediation"" means the process by which a mediator mediates the consumer
                    disputes;

                          (26) ""mediator"" means a mediator referred to in section 75;

                          (27) ""member"" includes the President and a member of the National Commission
                    or a State Commission or a District Commission, as the case may be;

                          (28) ""misleading advertisement"" in relation to any product or service, means an
                    advertisement, which—

                                          (i) falsely describes such product or service; or

                                           (ii) gives a false guarantee to, or is likely to mislead the consumers as to
                          the nature, substance, quantity or quality of such product or service; or

                                            (iii) conveys an express or implied representation which, if made by the
                        manufacturer or seller or service provider thereof, would constitute an unfair
                           trade practice; or

                                      (iv) deliberately conceals important information;

                          (29) ""National Commission"" means the National Consumer Disputes Redressal
                 Commission established under sub-section (1) of section 53;",definition,,,PENDING_HUMAN_REVIEW,,
91f99bdb4ed5bb81,"According to the passage, what happens if such hoarding or destruction or refusal raises or tends to raise or is intended to raise?","if such
                        hoarding or destruction or refusal raises or tends to raise or is intended to raise,
                           the cost of those or other similar goods or services;",consumer_protection_act_2019.pdf,10,,"10           THE GAZETTE OF INDIA EXTRAORDINARY         [PART II—


                  Explanation.—For the purpose of this sub-clause, the participants of a scheme shall
             be deemed to have been informed of the final results of the scheme where such results are
              within a reasonable time published, prominently in the same newspaper in which the scheme
            was originally advertised;

                                      (iv) permitting the sale or supply of goods intended to be used, or are of
                        a kind likely to be used by consumers, knowing or having reason to believe that
                          the goods do not comply with the standards prescribed by the competent
                           authority relating to performance, composition, contents, design, constructions,
                            finishing or packaging as are necessary to prevent or reduce the risk of injury to
                           the person using the goods;

                                    (v) permitting the hoarding or destruction of goods, or refusal to sell the
                       goods or to make them available for sale or to provide any service, if such
                        hoarding or destruction or refusal raises or tends to raise or is intended to raise,
                           the cost of those or other similar goods or services;

                                      (vi) manufacturing of spurious goods or offering such goods for sale or
                         adopting deceptive practices in the provision of services;

                                        (vii) not issuing bill or cash memo or receipt for the goods sold or services
                         rendered in such manner as may be prescribed;

                                         (viii) refusing, after selling goods or rendering services, to take back or
                       withdraw defective goods or to withdraw or discontinue deficient services and
                            to refund the consideration thereof, if paid, within the period stipulated in the
                                 bill or cash memo or receipt or in the absence of such stipulation, within a period
                          of thirty days;

                                    (ix) disclosing to other person any personal information given in
                         confidence by the consumer unless such disclosure is made in accordance with
                           the provisions of any law for the time being in force.

                                   CHAPTER II

                                   CONSUMER PROTECTION COUNCILS

Central                3. (1) The Central Government shall, by notification, establish with effect from such
Consumer      date as it may specify in that notification, the Central Consumer Protection Council to be
Protection
Council.      known as the Central Council.
                      (2) The Central Council shall be an advisory council and consist of the following
             members, namely:—

                            (a) the Minister-in-charge of the Department of Consumer Affairs in the Central
                  Government, who shall be the Chairperson; and

                            (b) such number of other official or non-official members representing such
                       interests as may be prescribed.

Procedure for          4. (1) The Central Council shall meet as and when necessary, but at least one meeting
meetings of     of the Council shall be held every year.
Central
Council.              (2) The Central Council shall meet at such time and place as the Chairperson may think
                    fit and shall observe such procedure in regard to the transaction of its business as may be
               prescribed.

Objects of             5. The objects of the Central Council shall be to render advice on promotion and
Central         protection of the consumers' rights under this Act.
Council.",scenario,,,PENDING_HUMAN_REVIEW,,
9e98a073202e87a7,How does the Act define mediation?,"(25) ""mediation"" means the process by which a mediator mediates the consumer
                    disputes;",consumer_protection_act_2019.pdf,5,,"SEC. 1]         THE GAZETTE OF INDIA EXTRAORDINARY               5


                  commercial activity, trade or profession, or such other class or classes of persons
                    including public utility entities in the manner as may be prescribed;

                           (20) ""express warranty"" means any material statement, affirmation of fact, promise
                    or description relating to a product or service warranting that it conforms to such
                    material statement, affirmation, promise or description and includes any sample or
                 model of a product warranting that the whole of such product conforms to such
                  sample or model;

                          (21) ""goods"" means every kind of movable property and includes ""food"" as
                    defined in clause (j) of sub-section (1) of section 3 of the Food Safety and Standards
34 of 2006.          Act, 2006;

                          (22) ""harm"", in relation to a product liability, includes—

                                          (i) damage to any property, other than the product itself;

                                           (ii) personal injury, illness or death;

                                            (iii) mental agony or emotional distress attendant to personal injury or
                              illness or damage to property; or

                                      (iv) any loss of consortium or services or other loss resulting from a harm
                           referred to in sub-clause (i) or sub-clause (ii) or sub-clause (iii),

                    but shall not include any harm caused to a product itself or any damage to the property
                 on account of breach of warranty conditions or any commercial or economic loss,
                    including any direct, incidental or consequential loss relating thereto;

                          (23) ""injury"" means any harm whatever illegally caused to any person, in body,
                mind or property;

                          (24) ""manufacturer"" means a person who—

                                          (i) makes any goods or parts thereof; or

                                           (ii) assembles any goods or parts thereof made by others; or

                                            (iii) puts or causes to be put his own mark on any goods made by any
                          other person;

                          (25) ""mediation"" means the process by which a mediator mediates the consumer
                    disputes;

                          (26) ""mediator"" means a mediator referred to in section 75;

                          (27) ""member"" includes the President and a member of the National Commission
                    or a State Commission or a District Commission, as the case may be;

                          (28) ""misleading advertisement"" in relation to any product or service, means an
                    advertisement, which—

                                          (i) falsely describes such product or service; or

                                           (ii) gives a false guarantee to, or is likely to mislead the consumers as to
                          the nature, substance, quantity or quality of such product or service; or

                                            (iii) conveys an express or implied representation which, if made by the
                        manufacturer or seller or service provider thereof, would constitute an unfair
                           trade practice; or

                                      (iv) deliberately conceals important information;

                          (29) ""National Commission"" means the National Consumer Disputes Redressal
                 Commission established under sub-section (1) of section 53;",definition,,,PENDING_HUMAN_REVIEW,,
6643eb4c0c281e66,"According to the passage, what happens if it is satisfied that there was sufficient cause for not filing it within that period: Provided further that no appeal by a person?","if it is satisfied that there was sufficient cause for not filing it within
                that period:

                   Provided further that no appeal by a person, who is required to pay any amount in
              terms of an order of the District Commission, shall be entertained by the State Commission
              unless the appellant has deposited fifty per cent.",consumer_protection_act_2019.pdf,22,,"22           THE GAZETTE OF INDIA EXTRAORDINARY         [PART II—


                                  (l) to issue corrective advertisement to neutralise the effect of misleading
                    advertisement at the cost of the opposite party responsible for issuing such misleading
                    advertisement;

                       (m) to provide for adequate costs to parties; and

                            (n) to cease and desist from issuing any misleading advertisement.

                      (2) Any amount obtained under sub-section (1) shall be credited to such fund and
                utilised in such manner as may be prescribed.

                      (3) In any proceeding conducted by the President and a member and if they differ on
             any point or points, they shall state the point or points on which they differ and refer the
            same to another member for hearing on such point or points and the opinion of the majority
                shall be the order of the District Commission:

                   Provided that the other member shall give his opinion on such point or points referred
               to him within a period of one month from the date of such reference.

                      (4) Every order made by the District Commission under sub-section (1) shall be signed
            by the President and the member who conducted the proceeding:

                   Provided that where the order is made as per majority opinion under sub-section (3),
             such order shall also be signed by the other member.

Review by            40. The District Commission shall have the power to review any of the order passed
District       by it if there is an error apparent on the face of the record, either of its own motion or on an
Commission    application made by any of the parties within thirty days of such order.
in certain
cases.

Appeal              41. Any person aggrieved by an order made by the District Commission may prefer an
against order    appeal against such order to the State Commission on the grounds of facts or law within a
of District      period of forty-five days from the date of the order, in such form and manner, as may be
Commission.
               prescribed:

                   Provided that the State Commission may entertain an appeal after the expiry of the said
              period of forty-five days, if it is satisfied that there was sufficient cause for not filing it within
                that period:

                   Provided further that no appeal by a person, who is required to pay any amount in
              terms of an order of the District Commission, shall be entertained by the State Commission
              unless the appellant has deposited fifty per cent. of that amount in the manner as may be
               prescribed:

                   Provided also that no appeal shall lie from any order passed under sub-section (1) of
              section 81 by the District Commission pursuant to a settlement by mediation under
               section 80.

Establishment        42. (1) The State Government shall, by notification, establish a State Consumer
of State        Disputes Redressal Commission, to be known as the State Commission, in the State.
Consumer
Disputes              (2) The State Commission shall ordinarily function at the State capital and perform its
Redressal       functions at such other places as the State Government may in consultation with the State
Commission.
            Commission notify in the Official Gazette:

                   Provided that the State Government may, by notification, establish regional benches
              of the State Commission, at such places, as it deems fit.

                      (3) Each State Commission shall consist of—

                            (a) a President; and

                            (b) not less than four or not more than such number of members as may be
                    prescribed in consultation with the Central Government.",scenario,,,PENDING_HUMAN_REVIEW,,
9c002ee81561a83d,How does the Act define National Commission?,"(29) ""National Commission"" means the National Consumer Disputes Redressal
                 Commission established under sub-section (1) of section 53;",consumer_protection_act_2019.pdf,5,,"SEC. 1]         THE GAZETTE OF INDIA EXTRAORDINARY               5


                  commercial activity, trade or profession, or such other class or classes of persons
                    including public utility entities in the manner as may be prescribed;

                           (20) ""express warranty"" means any material statement, affirmation of fact, promise
                    or description relating to a product or service warranting that it conforms to such
                    material statement, affirmation, promise or description and includes any sample or
                 model of a product warranting that the whole of such product conforms to such
                  sample or model;

                          (21) ""goods"" means every kind of movable property and includes ""food"" as
                    defined in clause (j) of sub-section (1) of section 3 of the Food Safety and Standards
34 of 2006.          Act, 2006;

                          (22) ""harm"", in relation to a product liability, includes—

                                          (i) damage to any property, other than the product itself;

                                           (ii) personal injury, illness or death;

                                            (iii) mental agony or emotional distress attendant to personal injury or
                              illness or damage to property; or

                                      (iv) any loss of consortium or services or other loss resulting from a harm
                           referred to in sub-clause (i) or sub-clause (ii) or sub-clause (iii),

                    but shall not include any harm caused to a product itself or any damage to the property
                 on account of breach of warranty conditions or any commercial or economic loss,
                    including any direct, incidental or consequential loss relating thereto;

                          (23) ""injury"" means any harm whatever illegally caused to any person, in body,
                mind or property;

                          (24) ""manufacturer"" means a person who—

                                          (i) makes any goods or parts thereof; or

                                           (ii) assembles any goods or parts thereof made by others; or

                                            (iii) puts or causes to be put his own mark on any goods made by any
                          other person;

                          (25) ""mediation"" means the process by which a mediator mediates the consumer
                    disputes;

                          (26) ""mediator"" means a mediator referred to in section 75;

                          (27) ""member"" includes the President and a member of the National Commission
                    or a State Commission or a District Commission, as the case may be;

                          (28) ""misleading advertisement"" in relation to any product or service, means an
                    advertisement, which—

                                          (i) falsely describes such product or service; or

                                           (ii) gives a false guarantee to, or is likely to mislead the consumers as to
                          the nature, substance, quantity or quality of such product or service; or

                                            (iii) conveys an express or implied representation which, if made by the
                        manufacturer or seller or service provider thereof, would constitute an unfair
                           trade practice; or

                                      (iv) deliberately conceals important information;

                          (29) ""National Commission"" means the National Consumer Disputes Redressal
                 Commission established under sub-section (1) of section 53;",definition,,,PENDING_HUMAN_REVIEW,,
ea2b2954215e3081,"According to the passage, what happens if it considers necessary?","if it considers necessary, by notification, designate
of any        any statutory authority or body to exercise the powers and perform the functions of the
statutory       Central Authority referred to in section 10.",consumer_protection_act_2019.pdf,16,,"16           THE GAZETTE OF INDIA EXTRAORDINARY         [PART II—


Designation          23. The Central Government may, if it considers necessary, by notification, designate
of any        any statutory authority or body to exercise the powers and perform the functions of the
statutory       Central Authority referred to in section 10.authority or
body to
function as
Central
Authority.

Appeal.             24. A person aggrieved by any order passed by the Central Authority under
               sections 20 and 21 may file an appeal to the National Commission within a period of thirty
             days from the date of receipt of such order.

Grants by            25. The Central Government may, after due appropriation made by Parliament by law in
Central         this behalf, make to the Central Authority grants of such sums of money as that Government
Government.          may think fit for being utilised for the purposes of this Act.

Accounts and         26. (1) The Central Authority shall maintain proper accounts and other relevant records
audit.         and prepare an annual statement of accounts in such form and manner as may be prescribed
                in consultation with the Comptroller and Auditor-General of India.

                      (2) The accounts of the Central Authority shall be audited by the Comptroller and
              Auditor-General of India at such intervals as may be specified by him and any expenditure
              incurred in connection with such audit shall be payable by the Central Authority to the
              Comptroller and Auditor-General of India.

                      (3) The Comptroller and Auditor-General of India or any other person appointed by
            him in connection with the audit of the accounts of the Central Authority shall have the same
                rights, privileges and authority in connection with such audit as the Comptroller and
              Auditor-General of India generally has, in connection with the audit of the Government
              accounts and, in particular, shall have the right to demand the production of books, accounts,
             connected vouchers and other documents and papers and to inspect any of the offices of
               the Central Authority.

                     (4) The accounts of the Central Authority as certified by the Comptroller and
              Auditor-General of India or any other person appointed by him in this behalf together with
               the audit report thereon shall be forwarded annually to the Central Government which shall
              cause the same to be laid before each House of Parliament.

Furnishing of         27. (1) The Central Authority shall prepare once in every year, in such form, manner
annual        and at such time as may be prescribed, an annual report giving full account of its activities
reports, etc.
              during the previous year and such other reports and returns, as may be directed, and copies
              of such report and returns shall be forwarded to the Central Government.

                      (2) A copy of the annual report received under sub-section (1) shall be laid, as soon as
          may be after it is received, before each House of Parliament.

                                   CHAPTER IV

                                 CONSUMER DISPUTES REDRESSAL COMMISSION

Establishment        28. (1) The State Government shall, by notification, establish a District Consumer
of District      Disputes Redressal Commission, to be known as the District Commission, in each district of
Consumer
Disputes        the State:
Redressal                   Provided that the State Government may, if it deems fit, establish more than oneCommission.
                District Commission in a district.
                      (2) Each District Commission shall consist of—
                            (a) a President; and
                            (b) not less than two and not more than such number of members as may be
                     prescribed, in consultation with the Central Government.",scenario,,,PENDING_HUMAN_REVIEW,,
b45254f6b4caaba2,How does the Act define includes offline or online transactions through electronic?,"includes offline or online transactions through electronic means
                 or by teleshopping or direct selling or multi-level marketing;",consumer_protection_act_2019.pdf,3,,"SEC. 1]         THE GAZETTE OF INDIA EXTRAORDINARY               3


                          (b) displayed on the goods or any package containing such goods; or

                          (c) displayed on the price list exhibited by him by or under any law
                   for the time being in force; or

                         (d) agreed between the parties;

                    (v) the goods, which are hazardous to life and safety when used, are being
            offered for sale to the public—

                         (a) in contravention of standards relating to safety of such goods
                 as required to be complied with, by or under any law for the time being in
                   force;

                         (b) where the trader knows that the goods so offered are unsafe to
                  the public;

                     (vi) the services which are hazardous or likely to be hazardous to life and
            safety of the public when used, are being offered by a person who provides any
            service and who knows it to be injurious to life and safety;

                    (vii) a claim for product liability action lies against the product
           manufacturer, product seller or product service provider, as the case may be;

             (7) ""consumer"" means any person who—

                       (i) buys any goods for a consideration which has been paid or promised
            or partly paid and partly promised, or under any system of deferred payment
          and includes any user of such goods other than the person who buys such
          goods for consideration paid or promised or partly paid or partly promised, or
           under any system of deferred payment, when such use is made with the approval
           of such person, but does not include a person who obtains such goods for
            resale or for any commercial purpose; or

                        (ii) hires or avails of any service for a consideration which has been paid
            or promised or partly paid and partly promised, or under any system of deferred
          payment and includes any beneficiary of such service other than the person
        who hires or avails of the services for consideration paid or promised, or partly
           paid and partly promised, or under any system of deferred payment, when such
            services are availed of with the approval of the first mentioned person, but does
           not include a person who avails of such service for any commercial purpose.

               Explanation.—For the purposes of this clause,—

                         (a) the expression ""commercial purpose"" does not include use by a
                person of goods bought and used by him exclusively for the purpose of
                 earning his livelihood, by means of self-employment;

                         (b) the expressions ""buys any goods"" and ""hires or avails any
                  services"" includes offline or online transactions through electronic means
                 or by teleshopping or direct selling or multi-level marketing;

            (8) ""consumer dispute"" means a dispute where the person against whom a
     complaint has been made, denies or disputes the allegations contained in the complaint;

             (9) ""consumer rights"" includes,—

                       (i) the right to be protected against the marketing of goods, products or
            services which are hazardous to life and property;

                        (ii) the right to be informed about the quality, quantity, potency, purity,
           standard and price of goods, products or services, as the case may be, so as to
            protect the consumer against unfair trade practices;",definition,,,PENDING_HUMAN_REVIEW,,
201eff2ab4cba732,"According to the passage, what happens if the complaint admitted by it under sub-section (2) of section 36 relates to goods in respect of which the procedure specified in sub-section (2) cannot be followed?","if the complaint admitted by it under sub-section (2)
of section 36 relates to goods in respect of which the procedure specified in sub-section (2)
cannot be followed, or if the complaint relates to any services,—

             (a) refer a copy of such complaint to the opposite party directing him to give his
      version of the case within a period of thirty days or such extended period not exceeding
      fifteen days as",consumer_protection_act_2019.pdf,19,,"SEC. 1]         THE GAZETTE OF INDIA EXTRAORDINARY              19


matter for mediation, and in such case, the provisions of Chapter V, relating to mediation,
shall apply.

      38. (1) The District Commission shall, on admission of a complaint, or in respect of   Procedure on
cases referred for mediation on failure of settlement by mediation, proceed with such   admission of
complaint.                                                                                       complaint.

      (2) Where the complaint relates to any goods, the District Commission shall,—

             (a) refer a copy of the admitted complaint, within twenty-one days from the date
      of its admission to the opposite party mentioned in the complaint directing him to give
      his version of the case within a period of thirty days or such extended period not
     exceeding fifteen days as may be granted by it;

             (b) if the opposite party on receipt of a complaint referred to him under clause (a)
      denies or disputes the allegations contained in the complaint, or omits or fails to take
     any action to represent his case within the time given by the District Commission,
     proceed to settle the consumer dispute in the manner specified in clauses (c) to (g);

             (c) if the complaint alleges a defect in the goods which cannot be determined
      without proper analysis or test of the goods, obtain a sample of the goods from the
      complainant, seal it and authenticate it in the manner as may be prescribed and refer
      the sample so sealed to the appropriate laboratory along with a direction that such
      laboratory to make an analysis or test, whichever may be necessary, with a view to
      finding out whether such goods suffer from any defect alleged in the complaint or
     from any other defect and to report its findings thereon to the District Commission
      within a period of forty-five days of the receipt of the reference or within such extended
      period as may be granted by it;

             (d) before any sample of the goods is referred to any appropriate laboratory
     under clause (c), require the complainant to deposit to the credit of the Commission
     such fees as may be specified, for payment to the appropriate laboratory for carrying
      out the necessary analysis or test in relation to the goods in question;

             (e) remit the amount deposited to its credit under clause (d) to the appropriate
      laboratory to enable it to carry out the analysis or test mentioned in clause (c) and on
      receipt of the report from the appropriate laboratory, it shall forward a copy of the
      report along with such remarks as it may feel appropriate to the opposite party;

               (f) if any of the parties disputes the correctness of the findings of the appropriate
      laboratory, or disputes the correctness of the methods of analysis or test adopted by
      the appropriate laboratory, require the opposite party or the complainant to submit in
      writing his objections with regard to the report made by the appropriate laboratory;

             (g) give a reasonable opportunity to the complainant as well as the opposite
      party of being heard as to the correctness or otherwise of the report made by the
      appropriate laboratory and also as to the objection made in relation thereto under
      clause (f) and issue an appropriate order under section 39.

      (3) The District Commission shall, if the complaint admitted by it under sub-section (2)
of section 36 relates to goods in respect of which the procedure specified in sub-section (2)
cannot be followed, or if the complaint relates to any services,—

             (a) refer a copy of such complaint to the opposite party directing him to give his
      version of the case within a period of thirty days or such extended period not exceeding
      fifteen days as may be granted by the District Commission;

             (b) if the opposite party, on receipt of a copy of the complaint, referred to him
     under clause (a) denies or disputes the allegations contained in the complaint, or
     omits or fails to take any action to represent his case within the time given by the
      District Commission, it shall proceed to settle the consumer dispute—",scenario,,,PENDING_HUMAN_REVIEW,,
c6d1e0d9ed74bfeb,How does Section 2(3) define branch office?,"(3) ""branch office"" means—

                                           (i) any office or place of work described as a branch by the establishment;",consumer_protection_act_2019.pdf,2,Section 2(3),"2. In this Act, unless the context otherwise requires,—

                           (1) ""advertisement"" means any audio or visual publicity, representation,
                  endorsement or pronouncement made by means of light, sound, smoke, gas, print,
                     electronic media, internet or website and includes any notice, circular, label, wrapper,
                    invoice or such other documents;

                            (2) ""appropriate laboratory"" means a laboratory or an organisation—

                                          (i) recognised by the Central Government; or

                                           (ii) recognised by a State Government, subject to such guidelines as may
                       be issued by the Central Government in this behalf; or

                                            (iii) established by or under any law for the time being in force, which is
                          maintained, financed or aided by the Central Government or a State Government
                            for carrying out analysis or test of any goods with a view to determining whether
                        such goods suffer from any defect;

                            (3) ""branch office"" means—

                                           (i) any office or place of work described as a branch by the establishment; or

                                           (ii) any establishment carrying on either the same or substantially the
                     same activity carried on by the head office of the establishment;

                           (4) ""Central Authority"" means the Central Consumer Protection Authority
                     established under section 10;

                            (5) ""complainant"" means—

                                          (i) a consumer; or

                                           (ii) any voluntary consumer association registered under any law for the
                        time being in force; or

                                            (iii) the Central Government or any State Government; or

                                      (iv) the Central Authority; or

                                    (v) one or more consumers, where there are numerous consumers having
                           the same interest; or

                                      (vi) in case of death of a consumer, his legal heir or legal representative; or

                                        (vii) in case of a consumer being a minor, his parent or legal guardian;

                            (6) ""complaint"" means any allegation in writing, made by a complainant for
                    obtaining any relief provided by or under this Act, that—

                                          (i) an unfair contract or unfair trade practice or a restrictive trade practice
                        has been adopted by any trader or service provider;

                                           (ii) the goods bought by him or agreed to be bought by him suffer from
                      one or more defects;

                                            (iii) the services hired or availed of or agreed to be hired or availed of by
                     him suffer from any deficiency;

                                      (iv) a trader or a service provider, as the case may be, has charged for the
                       goods or for the services mentioned in the complaint, a price in excess of the
                      price—

                                         (a) fixed by or under any law for the time being in force; or",definition,,,PENDING_HUMAN_REVIEW,,
0e0d65ee348114ef,"According to the passage, what happens if any of the parties disputes the correctness of the findings of the appropriate laboratory?","if any of the parties disputes the correctness of the findings of the appropriate
      laboratory, or disputes the correctness of the methods of analysis or test adopted by
      the appropriate laboratory, require the opposite party or the complainant to submit in
      writing his objections with regard to the report made by the appropriate laboratory;",consumer_protection_act_2019.pdf,19,,"SEC. 1]         THE GAZETTE OF INDIA EXTRAORDINARY              19


matter for mediation, and in such case, the provisions of Chapter V, relating to mediation,
shall apply.

      38. (1) The District Commission shall, on admission of a complaint, or in respect of   Procedure on
cases referred for mediation on failure of settlement by mediation, proceed with such   admission of
complaint.                                                                                       complaint.

      (2) Where the complaint relates to any goods, the District Commission shall,—

             (a) refer a copy of the admitted complaint, within twenty-one days from the date
      of its admission to the opposite party mentioned in the complaint directing him to give
      his version of the case within a period of thirty days or such extended period not
     exceeding fifteen days as may be granted by it;

             (b) if the opposite party on receipt of a complaint referred to him under clause (a)
      denies or disputes the allegations contained in the complaint, or omits or fails to take
     any action to represent his case within the time given by the District Commission,
     proceed to settle the consumer dispute in the manner specified in clauses (c) to (g);

             (c) if the complaint alleges a defect in the goods which cannot be determined
      without proper analysis or test of the goods, obtain a sample of the goods from the
      complainant, seal it and authenticate it in the manner as may be prescribed and refer
      the sample so sealed to the appropriate laboratory along with a direction that such
      laboratory to make an analysis or test, whichever may be necessary, with a view to
      finding out whether such goods suffer from any defect alleged in the complaint or
     from any other defect and to report its findings thereon to the District Commission
      within a period of forty-five days of the receipt of the reference or within such extended
      period as may be granted by it;

             (d) before any sample of the goods is referred to any appropriate laboratory
     under clause (c), require the complainant to deposit to the credit of the Commission
     such fees as may be specified, for payment to the appropriate laboratory for carrying
      out the necessary analysis or test in relation to the goods in question;

             (e) remit the amount deposited to its credit under clause (d) to the appropriate
      laboratory to enable it to carry out the analysis or test mentioned in clause (c) and on
      receipt of the report from the appropriate laboratory, it shall forward a copy of the
      report along with such remarks as it may feel appropriate to the opposite party;

               (f) if any of the parties disputes the correctness of the findings of the appropriate
      laboratory, or disputes the correctness of the methods of analysis or test adopted by
      the appropriate laboratory, require the opposite party or the complainant to submit in
      writing his objections with regard to the report made by the appropriate laboratory;

             (g) give a reasonable opportunity to the complainant as well as the opposite
      party of being heard as to the correctness or otherwise of the report made by the
      appropriate laboratory and also as to the objection made in relation thereto under
      clause (f) and issue an appropriate order under section 39.

      (3) The District Commission shall, if the complaint admitted by it under sub-section (2)
of section 36 relates to goods in respect of which the procedure specified in sub-section (2)
cannot be followed, or if the complaint relates to any services,—

             (a) refer a copy of such complaint to the opposite party directing him to give his
      version of the case within a period of thirty days or such extended period not exceeding
      fifteen days as may be granted by the District Commission;

             (b) if the opposite party, on receipt of a copy of the complaint, referred to him
     under clause (a) denies or disputes the allegations contained in the complaint, or
     omits or fails to take any action to represent his case within the time given by the
      District Commission, it shall proceed to settle the consumer dispute—",scenario,,,PENDING_HUMAN_REVIEW,,
4c949127df66d990,How does the Act define goods?,"(21) ""goods"" means every kind of movable property and includes ""food"" as
                    defined in clause (j) of sub-section (1) of section 3 of the Food Safety and Standards
34 of 2006.          Act, 2006;",consumer_protection_act_2019.pdf,5,,"SEC. 1]         THE GAZETTE OF INDIA EXTRAORDINARY               5


                  commercial activity, trade or profession, or such other class or classes of persons
                    including public utility entities in the manner as may be prescribed;

                           (20) ""express warranty"" means any material statement, affirmation of fact, promise
                    or description relating to a product or service warranting that it conforms to such
                    material statement, affirmation, promise or description and includes any sample or
                 model of a product warranting that the whole of such product conforms to such
                  sample or model;

                          (21) ""goods"" means every kind of movable property and includes ""food"" as
                    defined in clause (j) of sub-section (1) of section 3 of the Food Safety and Standards
34 of 2006.          Act, 2006;

                          (22) ""harm"", in relation to a product liability, includes—

                                          (i) damage to any property, other than the product itself;

                                           (ii) personal injury, illness or death;

                                            (iii) mental agony or emotional distress attendant to personal injury or
                              illness or damage to property; or

                                      (iv) any loss of consortium or services or other loss resulting from a harm
                           referred to in sub-clause (i) or sub-clause (ii) or sub-clause (iii),

                    but shall not include any harm caused to a product itself or any damage to the property
                 on account of breach of warranty conditions or any commercial or economic loss,
                    including any direct, incidental or consequential loss relating thereto;

                          (23) ""injury"" means any harm whatever illegally caused to any person, in body,
                mind or property;

                          (24) ""manufacturer"" means a person who—

                                          (i) makes any goods or parts thereof; or

                                           (ii) assembles any goods or parts thereof made by others; or

                                            (iii) puts or causes to be put his own mark on any goods made by any
                          other person;

                          (25) ""mediation"" means the process by which a mediator mediates the consumer
                    disputes;

                          (26) ""mediator"" means a mediator referred to in section 75;

                          (27) ""member"" includes the President and a member of the National Commission
                    or a State Commission or a District Commission, as the case may be;

                          (28) ""misleading advertisement"" in relation to any product or service, means an
                    advertisement, which—

                                          (i) falsely describes such product or service; or

                                           (ii) gives a false guarantee to, or is likely to mislead the consumers as to
                          the nature, substance, quantity or quality of such product or service; or

                                            (iii) conveys an express or implied representation which, if made by the
                        manufacturer or seller or service provider thereof, would constitute an unfair
                           trade practice; or

                                      (iv) deliberately conceals important information;

                          (29) ""National Commission"" means the National Consumer Disputes Redressal
                 Commission established under sub-section (1) of section 53;",definition,,,PENDING_HUMAN_REVIEW,,
05e3e807159d9670,"According to the passage, what happens if the complainant fails to appear on the date of hearing. (4) For the purposes of sub-sections (2) and (3)?","if the complainant fails to appear on the date
      of hearing.

      (4) For the purposes of sub-sections (2) and (3), the District Commission may, by
order, require an electronic service provider to provide such information, documents or
records, as may be specified in that order.",consumer_protection_act_2019.pdf,20,,"20           THE GAZETTE OF INDIA EXTRAORDINARY         [PART II—


                       (i) on the basis of evidence brought to its notice by the complainant and
            the opposite party, if the opposite party denies or disputes the allegations
           contained in the complaint, or

                      (ii) ex parte on the basis of evidence brought to its notice by the
           complainant, where the opposite party omits or fails to take any action to represent
            his case within the time given by the Commission;

             (c) decide the complaint on merits if the complainant fails to appear on the date
      of hearing.

      (4) For the purposes of sub-sections (2) and (3), the District Commission may, by
order, require an electronic service provider to provide such information, documents or
records, as may be specified in that order.

      (5) No proceedings complying with the procedure laid down in sub-sections (1) and
(2) shall be called in question in any court on the ground that the principles of natural justice
have not been complied with.

      (6) Every complaint shall be heard by the District Commission on the basis of affidavit
and documentary evidence placed on record:

     Provided that where an application is made for hearing or for examination of parties in
person or through video conferencing, the District Commission may, on sufficient cause
being shown, and after recording its reasons in writing, allow the same.

      (7) Every complaint shall be disposed of as expeditiously as possible and endeavour
shall be made to decide the complaint within a period of three months from the date of receipt
of notice by opposite party where the complaint does not require analysis or testing of
commodities and within five months if it requires analysis or testing of commodities:

     Provided that no adjournment shall ordinarily be granted by the District Commission
unless sufficient cause is shown and the reasons for grant of adjournment have been recorded
in writing by the Commission:

     Provided further that the District Commission shall make such orders as to the costs
occasioned by the adjournment as may be specified by regulations:

     Provided also that in the event of a complaint being disposed of after the period so
specified, the District Commission shall record in writing, the reasons for the same at the time
of disposing of the said complaint.

      (8) Where during the pendency of any proceeding before the District Commission, if
it appears necessary, it may pass such interim order as is just and proper in the facts and
circumstances of the case.

      (9) For the purposes of this section, the District Commission shall have the same
powers as are vested in a civil court under the Code of Civil Procedure, 1908 while trying a   5 of 1908.
suit in respect of the following matters, namely:—

             (a) the summoning and enforcing the attendance of any defendant or witness
     and examining the witness on oath;

             (b) requiring the discovery and production of any document or other material
      object as evidence;

             (c) receiving of evidence on affidavits;

             (d) the requisitioning of the report of the concerned analysis or test from the
      appropriate laboratory or from any other relevant source;

             (e) issuing of commissions for the examination of any witness, or document;
     and",scenario,,,PENDING_HUMAN_REVIEW,,
e5b94edfe968f08a,How does the Act define prescribed?,"(32) ""prescribed"" means prescribed by rules made by the Central Government,
       or, as the case may be, the State Government;",consumer_protection_act_2019.pdf,6,,"6            THE GAZETTE OF INDIA EXTRAORDINARY         [PART II—


            (30) ""notification"" means a notification published in the Official Gazette and the
     term ""notify"" shall be construed accordingly;

            (31) ""person"" includes—

                       (i) an individual;

                        (ii) a firm whether registered or not;

                        (iii) a Hindu undivided family;

                     (iv) a co-operative society;

                   (v) an association of persons whether registered under the Societies
            Registration Act, 1860 or not;                                                 21 of 1860.

                   (vi) any corporation, company or a body of individuals whether
            incorporated or not;

                      (vii) any artificial juridical person, not falling within any of the preceding
           sub-clauses;

            (32) ""prescribed"" means prescribed by rules made by the Central Government,
       or, as the case may be, the State Government;

            (33) ""product"" means any article or goods or substance or raw material or any
     extended cycle of such product, which may be in gaseous, liquid, or solid state
      possessing intrinsic value which is capable of delivery either as wholly assembled or
      as a component part and is produced for introduction to trade or commerce, but does
      not include human tissues, blood, blood products and organs;

            (34) ""product liability"" means the responsibility of a product manufacturer or
      product seller, of any product or service, to compensate for any harm caused to a
     consumer by such defective product manufactured or sold or by deficiency in services
      relating thereto;

            (35) ""product liability action"" means a complaint filed by a person before a
       District Commission or State Commission or National Commission, as the case may be,
      for claiming compensation for the harm caused to him;

            (36) ""product manufacturer"" means a person who—

                       (i) makes any product or parts thereof; or

                        (ii) assembles parts thereof made by others; or

                        (iii) puts or causes to be put his own mark on any products made by any
            other person; or

                    (iv) makes a product and sells, distributes, leases, installs, prepares,
           packages, labels, markets, repairs, maintains such product or is otherwise involved
            in placing such product for commercial purpose; or

                   (v) designs, produces, fabricates, constructs or re-manufactures any
           product before its sale; or

                     (vi) being a product seller of a product, is also a manufacturer of such
           product;

            (37) ""product seller"", in relation to a product, means a person who, in the course
      of business, imports, sells, distributes, leases, installs, prepares, packages, labels,
      markets, repairs, maintains, or otherwise is involved in placing such product for
     commercial purpose and includes—

                       (i) a manufacturer who is also a product seller; or",definition,,,PENDING_HUMAN_REVIEW,,
0ec618f350b6cc5d,How does the Act define product liability?,"(34) ""product liability"" means the responsibility of a product manufacturer or
      product seller, of any product or service, to compensate for any harm caused to a
     consumer by such defective product manufactured or sold or by deficiency in services
      relating thereto;",consumer_protection_act_2019.pdf,6,,"6            THE GAZETTE OF INDIA EXTRAORDINARY         [PART II—


            (30) ""notification"" means a notification published in the Official Gazette and the
     term ""notify"" shall be construed accordingly;

            (31) ""person"" includes—

                       (i) an individual;

                        (ii) a firm whether registered or not;

                        (iii) a Hindu undivided family;

                     (iv) a co-operative society;

                   (v) an association of persons whether registered under the Societies
            Registration Act, 1860 or not;                                                 21 of 1860.

                   (vi) any corporation, company or a body of individuals whether
            incorporated or not;

                      (vii) any artificial juridical person, not falling within any of the preceding
           sub-clauses;

            (32) ""prescribed"" means prescribed by rules made by the Central Government,
       or, as the case may be, the State Government;

            (33) ""product"" means any article or goods or substance or raw material or any
     extended cycle of such product, which may be in gaseous, liquid, or solid state
      possessing intrinsic value which is capable of delivery either as wholly assembled or
      as a component part and is produced for introduction to trade or commerce, but does
      not include human tissues, blood, blood products and organs;

            (34) ""product liability"" means the responsibility of a product manufacturer or
      product seller, of any product or service, to compensate for any harm caused to a
     consumer by such defective product manufactured or sold or by deficiency in services
      relating thereto;

            (35) ""product liability action"" means a complaint filed by a person before a
       District Commission or State Commission or National Commission, as the case may be,
      for claiming compensation for the harm caused to him;

            (36) ""product manufacturer"" means a person who—

                       (i) makes any product or parts thereof; or

                        (ii) assembles parts thereof made by others; or

                        (iii) puts or causes to be put his own mark on any products made by any
            other person; or

                    (iv) makes a product and sells, distributes, leases, installs, prepares,
           packages, labels, markets, repairs, maintains such product or is otherwise involved
            in placing such product for commercial purpose; or

                   (v) designs, produces, fabricates, constructs or re-manufactures any
           product before its sale; or

                     (vi) being a product seller of a product, is also a manufacturer of such
           product;

            (37) ""product seller"", in relation to a product, means a person who, in the course
      of business, imports, sells, distributes, leases, installs, prepares, packages, labels,
      markets, repairs, maintains, or otherwise is involved in placing such product for
     commercial purpose and includes—

                       (i) a manufacturer who is also a product seller; or",definition,,,PENDING_HUMAN_REVIEW,,
25238753138181cb,"According to the passage, what happens if this Act 68 of 1986. had not come into force. Other officers 57. (1) The Central Government shall provide?","if this Act   68 of 1986.
             had not come into force.

Other officers         57. (1) The Central Government shall provide, in consultation with the President of the
and           National Commission, such number of officers and other employees to assist the National
employees of
            Commission in the discharge of its functions as it may think fit.",consumer_protection_act_2019.pdf,26,,"26           THE GAZETTE OF INDIA EXTRAORDINARY         [PART II—


Transitional          56. The President and every other member appointed immediately before the
provision.     commencement of section 177 of the Finance Act, 2017 shall continue to be governed by the   7 of 2017.
               provisions of the Consumer Protection Act, 1986 and the rules made thereunder as if this Act   68 of 1986.
             had not come into force.

Other officers         57. (1) The Central Government shall provide, in consultation with the President of the
and           National Commission, such number of officers and other employees to assist the National
employees of
            Commission in the discharge of its functions as it may think fit.National
Commission.          (2) The officers and other employees of the National Commission shall discharge their
               functions under the general superintendence of the President of the National Commission.

                      (3) The salaries and allowances payable to, and the other terms and conditions of
               service of, the officers and other employees of the National Commission shall be such as
          may be prescribed.

Jurisdiction of         58. (1) Subject to the other provisions of this Act, the National Commission shall have
National       jurisdiction—
Commission.
                            (a) to entertain—

                                      (i) complaints where the value of the goods or services paid as
                          consideration exceeds rupees ten crore:

                             Provided that where the Central Government deems it necessary so to do,
                                       it may prescribe such other value, as it deems fit;

                                          (ii) complaints against unfair contracts, where the value of goods or
                           services paid as consideration exceeds ten crore rupees;

                                            (iii) appeals against the orders of any State Commission;

                                      (iv) appeals against the orders of the Central Authority; and

                            (b) to call for the records and pass appropriate orders in any consumer dispute
                 which is pending before or has been decided by any State Commission where it
                   appears to the National Commission that such State Commission has exercised a
                      jurisdiction not vested in it by law, or has failed to exercise a jurisdiction so vested, or
                   has acted in the exercise of its jurisdiction illegally or with material irregularity.

                      (2) The jurisdiction, powers and authority of the National Commission may be exercised
            by Benches thereof and a Bench may be constituted by the President with one or more
            members as he may deem fit:

                   Provided that the senior-most member of the Bench shall preside over the Bench.

                      (3) Where the members of a Bench differ in opinion on any point, the points shall be
              decided according to the opinion of the majority, if there is a majority, but if the members are
              equally divided, they shall state the point or points on which they differ, and make a reference
               to the President who shall either hear the point or points himself or refer the case for hearing
            on such point or points by one or more of the other members and such point or points shall
             be decided according to the opinion of the majority of the members who have heard the case,
              including those who first heard it:

                   Provided that the President or the other member, as the case may be, shall give opinion
            on the point or points so referred within a period of two months from the date of such
               reference.

Procedure            59. (1) The provisions relating to complaints under sections 35, 36, 37, 38 and 39 shall,
applicable to   with such modifications as may be considered necessary, be applicable to the disposal of
National       complaints by the National Commission.
Commission.
                      (2) Without prejudice to sub-section (1), the National Commission may also declare
             any terms of contract, which is unfair to any consumer to be null and void.",scenario,,,PENDING_HUMAN_REVIEW,,
c0002d84f6221f4f,How does the Act define consumer?,"(7) ""consumer"" means any person who—

                       (i) buys any goods for a consideration which has been paid or promised
            or partly paid and partly promised, or under any system of deferred payment
          and includes any user of such goods other than the person who buys such
          goods for consideration paid or promised or partly paid or partly promised, or
           under any system of deferred payment, when such use is made with the approval
           of such person, but does not include a person who obtains such goods for
            resale or for any commercial purpose;",consumer_protection_act_2019.pdf,3,,"SEC. 1]         THE GAZETTE OF INDIA EXTRAORDINARY               3


                          (b) displayed on the goods or any package containing such goods; or

                          (c) displayed on the price list exhibited by him by or under any law
                   for the time being in force; or

                         (d) agreed between the parties;

                    (v) the goods, which are hazardous to life and safety when used, are being
            offered for sale to the public—

                         (a) in contravention of standards relating to safety of such goods
                 as required to be complied with, by or under any law for the time being in
                   force;

                         (b) where the trader knows that the goods so offered are unsafe to
                  the public;

                     (vi) the services which are hazardous or likely to be hazardous to life and
            safety of the public when used, are being offered by a person who provides any
            service and who knows it to be injurious to life and safety;

                    (vii) a claim for product liability action lies against the product
           manufacturer, product seller or product service provider, as the case may be;

             (7) ""consumer"" means any person who—

                       (i) buys any goods for a consideration which has been paid or promised
            or partly paid and partly promised, or under any system of deferred payment
          and includes any user of such goods other than the person who buys such
          goods for consideration paid or promised or partly paid or partly promised, or
           under any system of deferred payment, when such use is made with the approval
           of such person, but does not include a person who obtains such goods for
            resale or for any commercial purpose; or

                        (ii) hires or avails of any service for a consideration which has been paid
            or promised or partly paid and partly promised, or under any system of deferred
          payment and includes any beneficiary of such service other than the person
        who hires or avails of the services for consideration paid or promised, or partly
           paid and partly promised, or under any system of deferred payment, when such
            services are availed of with the approval of the first mentioned person, but does
           not include a person who avails of such service for any commercial purpose.

               Explanation.—For the purposes of this clause,—

                         (a) the expression ""commercial purpose"" does not include use by a
                person of goods bought and used by him exclusively for the purpose of
                 earning his livelihood, by means of self-employment;

                         (b) the expressions ""buys any goods"" and ""hires or avails any
                  services"" includes offline or online transactions through electronic means
                 or by teleshopping or direct selling or multi-level marketing;

            (8) ""consumer dispute"" means a dispute where the person against whom a
     complaint has been made, denies or disputes the allegations contained in the complaint;

             (9) ""consumer rights"" includes,—

                       (i) the right to be protected against the marketing of goods, products or
            services which are hazardous to life and property;

                        (ii) the right to be informed about the quality, quantity, potency, purity,
           standard and price of goods, products or services, as the case may be, so as to
            protect the consumer against unfair trade practices;",definition,,,PENDING_HUMAN_REVIEW,,
d492adaa794a1117,"According to the passage, what happens if there is a majority?","if there is a majority, but if the members are
equally divided, they shall state the point or points on which they differ, and make a reference
to the President who shall either hear the point or points himself or refer the case for hearing
on such point or points by one or more of t",consumer_protection_act_2019.pdf,23,,"SEC. 1]         THE GAZETTE OF INDIA EXTRAORDINARY              23


      43. The Central Government may, by notification, make rules to provide for the   Qualifications,
qualification for appointment, method of recruitment, procedure of appointment, term of   etc., of
                                                                                                          President and
office, resignation and removal of the President and members of the State Commission.      members of
                                                                                                           State
                                                                                          Commission.
      44. The State Government may, by notification, make rules to provide for salaries and   Salaries,
allowances and other terms and conditions of service of the President and members of the  allowances and
State Commission.                                                                                   other terms
                                                                                             and conditions
                                                                                                            of service of
                                                                                                          President and
                                                                                     members of
                                                                                                          State
                                                                                          Commission.

      45. Any person appointed as President or, as the case may be, a member of the State   Transitional
Commission immediately before the commencement of this Act shall hold office as such, as   provision.
President or member, as the case may be, till the completion of his term.

      46. (1) The State Government shall determine the nature and categories of the officers   Officers and
and other employees required to assist the State Commission in the discharge of its functions  employees of
and provide the Commission with such officers and other employees as it may think fit.       State                                                                                          Commission.
      (2) The officers and other employees of the State Commission shall discharge their
functions under the general superintendence of the President.

      (3) The salaries and allowances payable to and the other terms and conditions of
service of, the officers and other employees of the State Commission shall be such as may be
prescribed.

      47. (1) Subject to the other provisions of this Act, the State Commission shall have   Jurisdiction of
jurisdiction—                                                                                           State
                                                                                           Commission.
             (a) to entertain—

                     (i) complaints where the value of the goods or services paid as
            consideration, exceeds rupees one crore, but does not exceed rupees ten crore:

                Provided that where the Central Government deems it necessary so to do,
                 it may prescribe such other value, as it deems fit;

                       (ii) complaints against unfair contracts, where the value of goods or
            services paid as consideration does not exceed ten crore rupees;

                        (iii) appeals against the orders of any District Commission within the
             State; and

             (b) to call for the records and pass appropriate orders in any consumer dispute
     which is pending before or has been decided by any District Commission within the
      State, where it appears to the State Commission that such District Commission has
      exercised a jurisdiction not vested in it by law, or has failed to exercise a jurisdiction so
      vested or has acted in exercise of its jurisdiction illegally or with material irregularity.

      (2) The jurisdiction, powers and authority of the State Commission may be exercised
by Benches thereof, and a Bench may be constituted by the President with one or more
members as the President may deem fit:

     Provided that the senior-most member shall preside over the Bench.

      (3) Where the members of a Bench differ in opinion on any point, the points shall be
decided according to the opinion of the majority, if there is a majority, but if the members are
equally divided, they shall state the point or points on which they differ, and make a reference
to the President who shall either hear the point or points himself or refer the case for hearing
on such point or points by one or more of the other members and such point or points shall",scenario,,,PENDING_HUMAN_REVIEW,,
aa750a15f2cfd825,How does the Act define consumer dispute?,"(8) ""consumer dispute"" means a dispute where the person against whom a
     complaint has been made, denies or disputes the allegations contained in the complaint;",consumer_protection_act_2019.pdf,3,,"SEC. 1]         THE GAZETTE OF INDIA EXTRAORDINARY               3


                          (b) displayed on the goods or any package containing such goods; or

                          (c) displayed on the price list exhibited by him by or under any law
                   for the time being in force; or

                         (d) agreed between the parties;

                    (v) the goods, which are hazardous to life and safety when used, are being
            offered for sale to the public—

                         (a) in contravention of standards relating to safety of such goods
                 as required to be complied with, by or under any law for the time being in
                   force;

                         (b) where the trader knows that the goods so offered are unsafe to
                  the public;

                     (vi) the services which are hazardous or likely to be hazardous to life and
            safety of the public when used, are being offered by a person who provides any
            service and who knows it to be injurious to life and safety;

                    (vii) a claim for product liability action lies against the product
           manufacturer, product seller or product service provider, as the case may be;

             (7) ""consumer"" means any person who—

                       (i) buys any goods for a consideration which has been paid or promised
            or partly paid and partly promised, or under any system of deferred payment
          and includes any user of such goods other than the person who buys such
          goods for consideration paid or promised or partly paid or partly promised, or
           under any system of deferred payment, when such use is made with the approval
           of such person, but does not include a person who obtains such goods for
            resale or for any commercial purpose; or

                        (ii) hires or avails of any service for a consideration which has been paid
            or promised or partly paid and partly promised, or under any system of deferred
          payment and includes any beneficiary of such service other than the person
        who hires or avails of the services for consideration paid or promised, or partly
           paid and partly promised, or under any system of deferred payment, when such
            services are availed of with the approval of the first mentioned person, but does
           not include a person who avails of such service for any commercial purpose.

               Explanation.—For the purposes of this clause,—

                         (a) the expression ""commercial purpose"" does not include use by a
                person of goods bought and used by him exclusively for the purpose of
                 earning his livelihood, by means of self-employment;

                         (b) the expressions ""buys any goods"" and ""hires or avails any
                  services"" includes offline or online transactions through electronic means
                 or by teleshopping or direct selling or multi-level marketing;

            (8) ""consumer dispute"" means a dispute where the person against whom a
     complaint has been made, denies or disputes the allegations contained in the complaint;

             (9) ""consumer rights"" includes,—

                       (i) the right to be protected against the marketing of goods, products or
            services which are hazardous to life and property;

                        (ii) the right to be informed about the quality, quantity, potency, purity,
           standard and price of goods, products or services, as the case may be, so as to
            protect the consumer against unfair trade practices;",definition,,,PENDING_HUMAN_REVIEW,,
f8e7031cf9f886b8,"According to the passage, what happens if the opposite party denies or disputes the allegations contained in the complaint?","if the opposite party denies or disputes the allegations
           contained in the complaint, or

                      (ii) ex parte on the basis of evidence brought to its notice by the
           complainant, where the opposite party omits or fails to take any action to represent
            his case within the time given by the Commission;",consumer_protection_act_2019.pdf,20,,"20           THE GAZETTE OF INDIA EXTRAORDINARY         [PART II—


                       (i) on the basis of evidence brought to its notice by the complainant and
            the opposite party, if the opposite party denies or disputes the allegations
           contained in the complaint, or

                      (ii) ex parte on the basis of evidence brought to its notice by the
           complainant, where the opposite party omits or fails to take any action to represent
            his case within the time given by the Commission;

             (c) decide the complaint on merits if the complainant fails to appear on the date
      of hearing.

      (4) For the purposes of sub-sections (2) and (3), the District Commission may, by
order, require an electronic service provider to provide such information, documents or
records, as may be specified in that order.

      (5) No proceedings complying with the procedure laid down in sub-sections (1) and
(2) shall be called in question in any court on the ground that the principles of natural justice
have not been complied with.

      (6) Every complaint shall be heard by the District Commission on the basis of affidavit
and documentary evidence placed on record:

     Provided that where an application is made for hearing or for examination of parties in
person or through video conferencing, the District Commission may, on sufficient cause
being shown, and after recording its reasons in writing, allow the same.

      (7) Every complaint shall be disposed of as expeditiously as possible and endeavour
shall be made to decide the complaint within a period of three months from the date of receipt
of notice by opposite party where the complaint does not require analysis or testing of
commodities and within five months if it requires analysis or testing of commodities:

     Provided that no adjournment shall ordinarily be granted by the District Commission
unless sufficient cause is shown and the reasons for grant of adjournment have been recorded
in writing by the Commission:

     Provided further that the District Commission shall make such orders as to the costs
occasioned by the adjournment as may be specified by regulations:

     Provided also that in the event of a complaint being disposed of after the period so
specified, the District Commission shall record in writing, the reasons for the same at the time
of disposing of the said complaint.

      (8) Where during the pendency of any proceeding before the District Commission, if
it appears necessary, it may pass such interim order as is just and proper in the facts and
circumstances of the case.

      (9) For the purposes of this section, the District Commission shall have the same
powers as are vested in a civil court under the Code of Civil Procedure, 1908 while trying a   5 of 1908.
suit in respect of the following matters, namely:—

             (a) the summoning and enforcing the attendance of any defendant or witness
     and examining the witness on oath;

             (b) requiring the discovery and production of any document or other material
      object as evidence;

             (c) receiving of evidence on affidavits;

             (d) the requisitioning of the report of the concerned analysis or test from the
      appropriate laboratory or from any other relevant source;

             (e) issuing of commissions for the examination of any witness, or document;
     and",scenario,,,PENDING_HUMAN_REVIEW,,
e6ac3c62fe82db7c,How does the Act define deficiency?,"(11) ""deficiency"" means any fault, imperfection, shortcoming or inadequacy in
      the quality, nature and manner of performance which is required to be maintained by or
     under any law for the time being in force or has been undertaken to be performed by a
     person in pursuance of a contract or otherwise in relation to any service and includes—

                       (i) any act of negligence or omission or commission by such person which
           causes loss or injury to the consumer;",consumer_protection_act_2019.pdf,4,,"4            THE GAZETTE OF INDIA EXTRAORDINARY         [PART II—


                        (iii) the right to be assured, wherever possible, access to a variety of
           goods, products or services at competitive prices;

                     (iv) the right to be heard and to be assured that consumer's interests will
            receive due consideration at appropriate fora;

                    (v) the right to seek redressal against unfair trade practice or restrictive
            trade practices or unscrupulous exploitation of consumers; and

                     (vi) the right to consumer awareness;

           (10) ""defect"" means any fault, imperfection or shortcoming in the quality,
      quantity, potency, purity or standard which is required to be maintained by or under
     any law for the time being in force or under any contract, express or implied or as is
     claimed by the trader in any manner whatsoever in relation to any goods or product
     and the expression ""defective"" shall be construed accordingly;

            (11) ""deficiency"" means any fault, imperfection, shortcoming or inadequacy in
      the quality, nature and manner of performance which is required to be maintained by or
     under any law for the time being in force or has been undertaken to be performed by a
     person in pursuance of a contract or otherwise in relation to any service and includes—

                       (i) any act of negligence or omission or commission by such person which
           causes loss or injury to the consumer; and

                        (ii) deliberate withholding of relevant information by such person to the
          consumer;

            (12) ""design"", in relation to a product, means the intended or known physical
     and material characteristics of such product and includes any intended or known
     formulation or content of such product and the usual result of the intended
     manufacturing or other process used to produce such product;

            (13) ""direct selling"" means marketing, distribution and sale of goods or provision
      of services through a network of sellers, other than through a permanent retail location;

           (14) ""Director-General"" means the Director-General appointed under
      sub-section (2) of section 15;

            (15) ""District Commission"" means a District Consumer Disputes Redressal
     Commission established under sub-section (1) of section 28;

            (16) ""e-commerce"" means buying or selling of goods or services including
       digital products over digital or electronic network;

            (17) ""electronic service provider"" means a person who provides technologies
      or processes to enable a product seller to engage in advertising or selling goods or
      services to a consumer and includes any online market place or online auction sites;

            (18) ""endorsement"", in relation to an advertisement, means—

                       (i) any message, verbal statement, demonstration; or

                        (ii) depiction of the name, signature, likeness or other identifiable personal
             characteristics of an individual; or

                        (iii) depiction of the name or seal of any institution or organisation,

which makes the consumer to believe that it reflects the opinion, finding or experience of the
person making such endorsement;

           (19) ""establishment"" includes an advertising agency, commission agent,
      manufacturing, trading or any other commercial agency which carries on any business,
      trade or profession or any work in connection with or incidental or ancillary to any",definition,,,PENDING_HUMAN_REVIEW,,
d8f62501cf2dc57e,"According to the passage, what happens if mediation. it appears to the District Commission that there exists elements of a settlement which may be acceptable to the parties?","if
mediation.        it appears to the District Commission that there exists elements of a settlement which may be
              acceptable to the parties, except in such cases as may be prescribed, it may direct the parties
               to give in writing, within five days, consent to have their dispute settled by mediation in
             accordance with the provisions of Chapter V.",consumer_protection_act_2019.pdf,18,,"18           THE GAZETTE OF INDIA EXTRAORDINARY         [PART II—


                      (3) The District Commission shall ordinarily function in the district headquarters and
          may perform its functions at such other place in the district, as the State Government may, in
               consultation with the State Commission, notify in the Official Gazette from time to time.

Manner in            35. (1) A complaint, in relation to any goods sold or delivered or agreed to be sold or
which          delivered or any service provided or agreed to be provided, may be filed with a District
complaint
shall be made.  Commission by—
                            (a) the consumer,—

                                          (i) to whom such goods are sold or delivered or agreed to be sold or
                          delivered or such service is provided or agreed to be provided; or

                                           (ii) who alleges unfair trade practice in respect of such goods or service;

                            (b) any recognised consumer association, whether the consumer to whom such
                  goods are sold or delivered or agreed to be sold or delivered or such service is provided
                    or agreed to be provided, or who alleges unfair trade practice in respect of such goods
                    or service, is a member of such association or not;

                             (c) one or more consumers, where there are numerous consumers having the
                same interest, with the permission of the District Commission, on behalf of, or for the
                     benefit of, all consumers so interested; or

                            (d) the Central Government, the Central Authority or the State Government, as
                     the case may be:

                   Provided that the complaint under this sub-section may be filed electronically in such
            manner as may be prescribed.

                 Explanation.—For the purposes of this sub-section, ""recognised consumer
               association"" means any voluntary consumer association registered under any law for the
              time being in force.

                      (2) Every complaint filed under sub-section (1) shall be accompanied with such fee
             and payable in such manner, including electronic form, as may be prescribed.

Proceedings          36. (1) Every proceeding before the District Commission shall be conducted by the
before         President of that Commission and atleast one member thereof, sitting together:
District
Commission.         Provided that where a member, for any reason, is unable to conduct a proceeding till it
                  is completed, the President and the other member shall continue the proceeding from the
               stage at which it was last heard by the previous member.

                      (2) On receipt of a complaint made under section 35, the District Commission may, by
                order, admit the complaint for being proceeded with or reject the same:

                   Provided that a complaint shall not be rejected under this section unless an opportunity
              of being heard has been given to the complainant:

                   Provided further that the admissibility of the complaint shall ordinarily be decided
              within twenty-one days from the date on which the complaint was filed.

                      (3) Where the District Commission does not decide the issue of admissibility of the
              complaint within the period so specified, it shall be deemed to have been admitted.

Reference to          37. (1) At the first hearing of the complaint after its admission, or at any later stage, if
mediation.        it appears to the District Commission that there exists elements of a settlement which may be
              acceptable to the parties, except in such cases as may be prescribed, it may direct the parties
               to give in writing, within five days, consent to have their dispute settled by mediation in
             accordance with the provisions of Chapter V.

                      (2) Where the parties agree for settlement by mediation and give their consent in
               writing, the District Commission shall, within five days of receipt of such consent, refer the",scenario,,,PENDING_HUMAN_REVIEW,,
1470c8384a94dbd8,How does the Act define notification?,"(30) ""notification"" means a notification published in the Official Gazette and the
     term ""notify"" shall be construed accordingly;",consumer_protection_act_2019.pdf,6,,"6            THE GAZETTE OF INDIA EXTRAORDINARY         [PART II—


            (30) ""notification"" means a notification published in the Official Gazette and the
     term ""notify"" shall be construed accordingly;

            (31) ""person"" includes—

                       (i) an individual;

                        (ii) a firm whether registered or not;

                        (iii) a Hindu undivided family;

                     (iv) a co-operative society;

                   (v) an association of persons whether registered under the Societies
            Registration Act, 1860 or not;                                                 21 of 1860.

                   (vi) any corporation, company or a body of individuals whether
            incorporated or not;

                      (vii) any artificial juridical person, not falling within any of the preceding
           sub-clauses;

            (32) ""prescribed"" means prescribed by rules made by the Central Government,
       or, as the case may be, the State Government;

            (33) ""product"" means any article or goods or substance or raw material or any
     extended cycle of such product, which may be in gaseous, liquid, or solid state
      possessing intrinsic value which is capable of delivery either as wholly assembled or
      as a component part and is produced for introduction to trade or commerce, but does
      not include human tissues, blood, blood products and organs;

            (34) ""product liability"" means the responsibility of a product manufacturer or
      product seller, of any product or service, to compensate for any harm caused to a
     consumer by such defective product manufactured or sold or by deficiency in services
      relating thereto;

            (35) ""product liability action"" means a complaint filed by a person before a
       District Commission or State Commission or National Commission, as the case may be,
      for claiming compensation for the harm caused to him;

            (36) ""product manufacturer"" means a person who—

                       (i) makes any product or parts thereof; or

                        (ii) assembles parts thereof made by others; or

                        (iii) puts or causes to be put his own mark on any products made by any
            other person; or

                    (iv) makes a product and sells, distributes, leases, installs, prepares,
           packages, labels, markets, repairs, maintains such product or is otherwise involved
            in placing such product for commercial purpose; or

                   (v) designs, produces, fabricates, constructs or re-manufactures any
           product before its sale; or

                     (vi) being a product seller of a product, is also a manufacturer of such
           product;

            (37) ""product seller"", in relation to a product, means a person who, in the course
      of business, imports, sells, distributes, leases, installs, prepares, packages, labels,
      markets, repairs, maintains, or otherwise is involved in placing such product for
     commercial purpose and includes—

                       (i) a manufacturer who is also a product seller; or",definition,,,PENDING_HUMAN_REVIEW,,
f9c4cbcca36e0c87,"According to the passage, what happens if addressed in the case of the opposite party?","if addressed in the case of the
              opposite party, to the place where business or profession is carried on, and in case of the
              complainant, the place where such person actually and voluntarily resides.",consumer_protection_act_2019.pdf,28,,"28           THE GAZETTE OF INDIA EXTRAORDINARY         [PART II—


                      (4) All notices required to be served on an opposite party or to complainant, as the
              case may be, shall be deemed to be sufficiently served, if addressed in the case of the
              opposite party, to the place where business or profession is carried on, and in case of the
              complainant, the place where such person actually and voluntarily resides.

Experts to           66. Where the National Commission or the State Commission, as the case may be, on
assist         an application by a complainant or otherwise, is of the opinion that it involves the larger
National
Commission     interest of consumers, it may direct any individual or organisation or expert to assist the
or State        National Commission or the State Commission, as the case may be.
Commission.

Appeal against        67. Any person, aggrieved by an order made by the National Commission in exercise
order of        of its powers conferred by sub-clause (i) or (ii) of clause (a) of sub-section (1) of section 58,National
Commission.   may prefer an appeal against such order to the Supreme Court within a period of thirty days
            from the date of the order:

                   Provided that the Supreme Court may entertain an appeal after the expiry of the said
              period of thirty days if it is satisfied that there was sufficient cause for not filing it within that
               period:

                   Provided further that no appeal by a person who is required to pay any amount in
              terms of an order of the National Commission shall be entertained by the Supreme Court
              unless that person has deposited fifty per cent. of that amount in the manner as may be
               prescribed.

Finality of           68. Every order of a District Commission or the State Commission or the National
orders.        Commission, as the case may be, shall, if no appeal has been preferred against such order
             under the provisions of this Act, be final.

Limitation           69. (1) The District Commission, the State Commission or the National Commission
period.          shall not admit a complaint unless it is filed within two years from the date on which the
              cause of action has arisen.

                     (2) Notwithstanding anything contained in sub-section (1), a complaint may be
               entertained after the period specified in sub-section (1), if the complainant satisfies the
                District Commission, the State Commission or the National Commission, as the case may be,
                that he had sufficient cause for not filing the complaint within such period:

                   Provided that no such complaint shall be entertained unless the District Commission
              or the State Commission or the National Commission, as the case may be, records its reasons
                for condoning such delay.

Administrative        70. (1) The National Commission shall have the authority to lay down such adequate
control.        standards in consultation with the Central Government from time to time, for better protection
              of the interests of consumers and for that purpose, shall have administrative control over all
               the State Commissions in the following matters, namely:—

                            (a) monitoring performance of the State Commissions in terms of their disposal
                 by calling for periodical returns regarding the institution, disposal and pendency of
                    cases;

                            (b) investigating into any allegations against the President and members of a
                     State Commission and submitting inquiry report to the State Government concerned
                   along with copy endorsed to the Central Government for necessary action;

                             (c) issuance of instructions regarding adoption of uniform procedure in the
                    hearing of matters, prior service of copies of documents produced by one party to the
                    opposite parties, furnishing of english translation of judgments written in any language,
                  speedy grant of copies of documents;",scenario,,,PENDING_HUMAN_REVIEW,,
824f31d20d1e5fe9,How does the Act define direct selling?,"(13) ""direct selling"" means marketing, distribution and sale of goods or provision
      of services through a network of sellers, other than through a permanent retail location;",consumer_protection_act_2019.pdf,4,,"4            THE GAZETTE OF INDIA EXTRAORDINARY         [PART II—


                        (iii) the right to be assured, wherever possible, access to a variety of
           goods, products or services at competitive prices;

                     (iv) the right to be heard and to be assured that consumer's interests will
            receive due consideration at appropriate fora;

                    (v) the right to seek redressal against unfair trade practice or restrictive
            trade practices or unscrupulous exploitation of consumers; and

                     (vi) the right to consumer awareness;

           (10) ""defect"" means any fault, imperfection or shortcoming in the quality,
      quantity, potency, purity or standard which is required to be maintained by or under
     any law for the time being in force or under any contract, express or implied or as is
     claimed by the trader in any manner whatsoever in relation to any goods or product
     and the expression ""defective"" shall be construed accordingly;

            (11) ""deficiency"" means any fault, imperfection, shortcoming or inadequacy in
      the quality, nature and manner of performance which is required to be maintained by or
     under any law for the time being in force or has been undertaken to be performed by a
     person in pursuance of a contract or otherwise in relation to any service and includes—

                       (i) any act of negligence or omission or commission by such person which
           causes loss or injury to the consumer; and

                        (ii) deliberate withholding of relevant information by such person to the
          consumer;

            (12) ""design"", in relation to a product, means the intended or known physical
     and material characteristics of such product and includes any intended or known
     formulation or content of such product and the usual result of the intended
     manufacturing or other process used to produce such product;

            (13) ""direct selling"" means marketing, distribution and sale of goods or provision
      of services through a network of sellers, other than through a permanent retail location;

           (14) ""Director-General"" means the Director-General appointed under
      sub-section (2) of section 15;

            (15) ""District Commission"" means a District Consumer Disputes Redressal
     Commission established under sub-section (1) of section 28;

            (16) ""e-commerce"" means buying or selling of goods or services including
       digital products over digital or electronic network;

            (17) ""electronic service provider"" means a person who provides technologies
      or processes to enable a product seller to engage in advertising or selling goods or
      services to a consumer and includes any online market place or online auction sites;

            (18) ""endorsement"", in relation to an advertisement, means—

                       (i) any message, verbal statement, demonstration; or

                        (ii) depiction of the name, signature, likeness or other identifiable personal
             characteristics of an individual; or

                        (iii) depiction of the name or seal of any institution or organisation,

which makes the consumer to believe that it reflects the opinion, finding or experience of the
person making such endorsement;

           (19) ""establishment"" includes an advertising agency, commission agent,
      manufacturing, trading or any other commercial agency which carries on any business,
      trade or profession or any work in connection with or incidental or ancillary to any",definition,,,PENDING_HUMAN_REVIEW,,
23df6c896acf9330,"According to the passage, what happens if no appeal has been preferred against such order under the provisions of this Act?","if no appeal has been preferred against such order
             under the provisions of this Act, be final.",consumer_protection_act_2019.pdf,28,,"28           THE GAZETTE OF INDIA EXTRAORDINARY         [PART II—


                      (4) All notices required to be served on an opposite party or to complainant, as the
              case may be, shall be deemed to be sufficiently served, if addressed in the case of the
              opposite party, to the place where business or profession is carried on, and in case of the
              complainant, the place where such person actually and voluntarily resides.

Experts to           66. Where the National Commission or the State Commission, as the case may be, on
assist         an application by a complainant or otherwise, is of the opinion that it involves the larger
National
Commission     interest of consumers, it may direct any individual or organisation or expert to assist the
or State        National Commission or the State Commission, as the case may be.
Commission.

Appeal against        67. Any person, aggrieved by an order made by the National Commission in exercise
order of        of its powers conferred by sub-clause (i) or (ii) of clause (a) of sub-section (1) of section 58,National
Commission.   may prefer an appeal against such order to the Supreme Court within a period of thirty days
            from the date of the order:

                   Provided that the Supreme Court may entertain an appeal after the expiry of the said
              period of thirty days if it is satisfied that there was sufficient cause for not filing it within that
               period:

                   Provided further that no appeal by a person who is required to pay any amount in
              terms of an order of the National Commission shall be entertained by the Supreme Court
              unless that person has deposited fifty per cent. of that amount in the manner as may be
               prescribed.

Finality of           68. Every order of a District Commission or the State Commission or the National
orders.        Commission, as the case may be, shall, if no appeal has been preferred against such order
             under the provisions of this Act, be final.

Limitation           69. (1) The District Commission, the State Commission or the National Commission
period.          shall not admit a complaint unless it is filed within two years from the date on which the
              cause of action has arisen.

                     (2) Notwithstanding anything contained in sub-section (1), a complaint may be
               entertained after the period specified in sub-section (1), if the complainant satisfies the
                District Commission, the State Commission or the National Commission, as the case may be,
                that he had sufficient cause for not filing the complaint within such period:

                   Provided that no such complaint shall be entertained unless the District Commission
              or the State Commission or the National Commission, as the case may be, records its reasons
                for condoning such delay.

Administrative        70. (1) The National Commission shall have the authority to lay down such adequate
control.        standards in consultation with the Central Government from time to time, for better protection
              of the interests of consumers and for that purpose, shall have administrative control over all
               the State Commissions in the following matters, namely:—

                            (a) monitoring performance of the State Commissions in terms of their disposal
                 by calling for periodical returns regarding the institution, disposal and pendency of
                    cases;

                            (b) investigating into any allegations against the President and members of a
                     State Commission and submitting inquiry report to the State Government concerned
                   along with copy endorsed to the Central Government for necessary action;

                             (c) issuance of instructions regarding adoption of uniform procedure in the
                    hearing of matters, prior service of copies of documents produced by one party to the
                    opposite parties, furnishing of english translation of judgments written in any language,
                  speedy grant of copies of documents;",scenario,,,PENDING_HUMAN_REVIEW,,
0836ecdbf28363b0,How does Section 2(1) define advertisement?,"(1) ""advertisement"" means any audio or visual publicity, representation,
                  endorsement or pronouncement made by means of light, sound, smoke, gas, print,
                     electronic media, internet or website and includes any notice, circular, label, wrapper,
                    invoice or such other documents;",consumer_protection_act_2019.pdf,2,Section 2(1),"2. In this Act, unless the context otherwise requires,—

                           (1) ""advertisement"" means any audio or visual publicity, representation,
                  endorsement or pronouncement made by means of light, sound, smoke, gas, print,
                     electronic media, internet or website and includes any notice, circular, label, wrapper,
                    invoice or such other documents;

                            (2) ""appropriate laboratory"" means a laboratory or an organisation—

                                          (i) recognised by the Central Government; or

                                           (ii) recognised by a State Government, subject to such guidelines as may
                       be issued by the Central Government in this behalf; or

                                            (iii) established by or under any law for the time being in force, which is
                          maintained, financed or aided by the Central Government or a State Government
                            for carrying out analysis or test of any goods with a view to determining whether
                        such goods suffer from any defect;

                            (3) ""branch office"" means—

                                           (i) any office or place of work described as a branch by the establishment; or

                                           (ii) any establishment carrying on either the same or substantially the
                     same activity carried on by the head office of the establishment;

                           (4) ""Central Authority"" means the Central Consumer Protection Authority
                     established under section 10;

                            (5) ""complainant"" means—

                                          (i) a consumer; or

                                           (ii) any voluntary consumer association registered under any law for the
                        time being in force; or

                                            (iii) the Central Government or any State Government; or

                                      (iv) the Central Authority; or

                                    (v) one or more consumers, where there are numerous consumers having
                           the same interest; or

                                      (vi) in case of death of a consumer, his legal heir or legal representative; or

                                        (vii) in case of a consumer being a minor, his parent or legal guardian;

                            (6) ""complaint"" means any allegation in writing, made by a complainant for
                    obtaining any relief provided by or under this Act, that—

                                          (i) an unfair contract or unfair trade practice or a restrictive trade practice
                        has been adopted by any trader or service provider;

                                           (ii) the goods bought by him or agreed to be bought by him suffer from
                      one or more defects;

                                            (iii) the services hired or availed of or agreed to be hired or availed of by
                     him suffer from any deficiency;

                                      (iv) a trader or a service provider, as the case may be, has charged for the
                       goods or for the services mentioned in the complaint, a price in excess of the
                      price—

                                         (a) fixed by or under any law for the time being in force; or",definition,,,PENDING_HUMAN_REVIEW,,
f3b22e8a4abe8af4,"According to the passage, what happens if the National Commission is satisfied that the case involves a substantial question of law. (3) In an appeal involving a question of law?","if the National Commission is satisfied that the case
              involves a substantial question of law.

                      (3) In an appeal involving a question of law, the memorandum of appeal shall precisely
                state the substantial question of law involved in the appeal.",consumer_protection_act_2019.pdf,24,,"24           THE GAZETTE OF INDIA EXTRAORDINARY         [PART II—


             be decided according to the opinion of the majority of the members who have heard the case,
              including those who first heard it:

                   Provided that the President or the other members, as the case may be, shall give
              opinion on the point or points so referred within a period of one month from the date of such
               reference.

                      (4) A complaint shall be instituted in a State Commission within the limits of whose
               jurisdiction,—

                            (a) the opposite party or each of the opposite parties, where there are more than
                    one, at the time of the institution of the complaint, ordinarily resides or carries on
                    business or has a branch office or personally works for gain; or

                            (b) any of the opposite parties, where there are more than one, at the time of the
                       institution of the complaint, actually and voluntarily resides, or carries on business or
                   has a branch office or personally works for gain, provided in such case, the permission
                    of the State Commission is given; or

                             (c) the cause of action, wholly or in part, arises; or

                            (d) the complainant resides or personally works for gain.

Transfer of           48. On the application of the complainant or of its own motion, the State Commission
cases.        may, at any stage of the proceeding, transfer any complaint pending before a District
            Commission to another District Commission within the State if the interest of justice so
                requires.

Procedure            49. (1) The provisions relating to complaints under sections 35, 36, 37, 38 and 39 shall,
applicable to    with such modifications as may be necessary, be applicable to the disposal of complaints by
State           the State Commission.Commission.
                      (2) Without prejudice to the provisions of sub-section (1), the State Commission may
               also declare any terms of contract, which is unfair to any consumer, to be null and void.

Review by            50. The State Commission shall have the power to review any of the order passed by
State               it if there is an error apparent on the face of the record, either of its own motion or on an
Commission in  application made by any of the parties within thirty days of such order.certain cases.

Appeal to            51. (1) Any person aggrieved by an order made by the State Commission in exercise of
National          its powers conferred by sub-clause (i) or (ii) of clause (a) of sub-section (1) of section 47
Commission.   may prefer an appeal against such order to the National Commission within a period of thirty
             days from the date of the order in such form and manner as may be prescribed:

                   Provided that the National Commission shall not entertain the appeal after the expiry
              of the said period of thirty days unless it is satisfied that there was sufficient cause for not
                 filing it within that period:

                   Provided further that no appeal by a person, who is required to pay any amount in
              terms of an order of the State Commission, shall be entertained by the National Commission
              unless the appellant has deposited fifty per cent. of that amount in the manner as may be
               prescribed.

                      (2) Save as otherwise expressly provided under this Act or by any other law for the
              time being in force, an appeal shall lie to the National Commission from any order passed in
              appeal by any State Commission, if the National Commission is satisfied that the case
              involves a substantial question of law.

                      (3) In an appeal involving a question of law, the memorandum of appeal shall precisely
                state the substantial question of law involved in the appeal.

                      (4) Where the National Commission is satisfied that a substantial question of law is
              involved in any case, it shall formulate that question and hear the appeal on that question:",scenario,,,PENDING_HUMAN_REVIEW,,
63abdc3363300b73,How does the Act define adulterant?,"""adulterant"" means any material including extraneous matter which is
                 employed or used for making a product unsafe;",consumer_protection_act_2019.pdf,33,,"SEC. 1]         THE GAZETTE OF INDIA EXTRAORDINARY              33


                      (3) A product manufacturer shall not be liable for failure to instruct or warn about a
             danger which is obvious or commonly known to the user or consumer of such product or
             which, such user or consumer, ought to have known, taking into account the characteristics
              of such product.

                                  CHAPTER VII

                                          OFFENCES AND PENALTIES

                    88. Whoever, fails to comply with any direction of the Central Authority under   Penalty for
               sections 20 and 21, shall be punished with imprisonment for a term which may extend to six  non-
            months or with fine which may extend to twenty lakh rupees, or with both.                   compliance of                                                                                                                                direction of
                                                                                                                      Central
                                                                                                                       Authority.

                   89. Any manufacturer or service provider who causes a false or misleading  Punishment
              advertisement to be made which is prejudicial to the interest of consumers shall be punished   for false or
                                                                                                                       misleading
              with imprisonment for a term which may extend to two years and with fine which may extend                                                                                                                      advertisement.
               to ten lakh rupees; and for every subsequent offence, be punished with imprisonment for a
             term which may extend to five years and with fine which may extend to fifty lakh rupees.

                    90. (1) Whoever, by himself or by any other person on his behalf, manufactures for  Punishment
                sale or stores or sells or distributes or imports any product containing an adulterant shall be   for
                                                                                                                manufacturing
              punished, if such act—                                                                                       for sale or
                                                                                                                                         storing, selling                            (a) does not result in any injury to the consumer, with imprisonment for a term                                                                                                                              or distributing
                 which may extend to six months and with fine which may extend to one lakh rupees;   or importing
                                                                                                                     products
                           (b) causing injury not amounting to grievous hurt to the consumer, with  containing
                  imprisonment for a term which may extend to one year and with fine which may extend   adulterant.
                      to three lakh rupees;

                             (c) causing injury resulting in grievous hurt to the consumer, with imprisonment
                      for a term which may extend to seven years and with fine which may extend to five lakh
                    rupees; and

                            (d) results in the death of a consumer, with imprisonment for a term which shall
                    not be less than seven years, but which may extend to imprisonment for life and with
                      fine which shall not be less than ten lakh rupees.

                      (2) The offences under clauses (c) and (d) of sub-section (1) shall be cognizable and
               non-bailable.

                      (3) Notwithstanding the punishment under sub-section (1), the court may, in case of
                   first conviction, suspend any licence issued to the person referred to in that sub-section,
             under any law for the time being in force, for a period up to two years, and in case of second
              or subsequent conviction, cancel the licence.

                  Explanation.—For the purposes of this section,—

                            (a) ""adulterant"" means any material including extraneous matter which is
                 employed or used for making a product unsafe;

                            (b) ""grievous hurt"" shall have the same meaning as assigned to it in section 320
45 of 1860.          of the Indian Penal Code.

                    91. (1) Whoever, by himself or by any other person on his behalf, manufactures for  Punishment
                sale or stores or sells or distributes or imports any spurious goods shall be punished, if such   for
           act—                                                                                           manufacturing                                                                                                                                       for sale or for
                           (a) causing injury not amounting to grievous hurt to the consumer, with   storing or
                                                                                                                                          selling or
                  imprisonment for a term which may extend to one year and with fine which may extend                                                                                                                                       distributing or
                      to three lakh rupees;                                                                    importing
                                                                                                                             spurious goods.",definition,,,PENDING_HUMAN_REVIEW,,
4a5bb3db622b62f9,"According to the passage, what happens if the opposite party?","if the opposite party, on receipt of a copy of the complaint, referred to him
     under clause (a) denies or disputes the allegations contained in the complaint, or
     omits or fails to take any action to represent his case within the time given by the
      District Commission,",consumer_protection_act_2019.pdf,19,,"SEC. 1]         THE GAZETTE OF INDIA EXTRAORDINARY              19


matter for mediation, and in such case, the provisions of Chapter V, relating to mediation,
shall apply.

      38. (1) The District Commission shall, on admission of a complaint, or in respect of   Procedure on
cases referred for mediation on failure of settlement by mediation, proceed with such   admission of
complaint.                                                                                       complaint.

      (2) Where the complaint relates to any goods, the District Commission shall,—

             (a) refer a copy of the admitted complaint, within twenty-one days from the date
      of its admission to the opposite party mentioned in the complaint directing him to give
      his version of the case within a period of thirty days or such extended period not
     exceeding fifteen days as may be granted by it;

             (b) if the opposite party on receipt of a complaint referred to him under clause (a)
      denies or disputes the allegations contained in the complaint, or omits or fails to take
     any action to represent his case within the time given by the District Commission,
     proceed to settle the consumer dispute in the manner specified in clauses (c) to (g);

             (c) if the complaint alleges a defect in the goods which cannot be determined
      without proper analysis or test of the goods, obtain a sample of the goods from the
      complainant, seal it and authenticate it in the manner as may be prescribed and refer
      the sample so sealed to the appropriate laboratory along with a direction that such
      laboratory to make an analysis or test, whichever may be necessary, with a view to
      finding out whether such goods suffer from any defect alleged in the complaint or
     from any other defect and to report its findings thereon to the District Commission
      within a period of forty-five days of the receipt of the reference or within such extended
      period as may be granted by it;

             (d) before any sample of the goods is referred to any appropriate laboratory
     under clause (c), require the complainant to deposit to the credit of the Commission
     such fees as may be specified, for payment to the appropriate laboratory for carrying
      out the necessary analysis or test in relation to the goods in question;

             (e) remit the amount deposited to its credit under clause (d) to the appropriate
      laboratory to enable it to carry out the analysis or test mentioned in clause (c) and on
      receipt of the report from the appropriate laboratory, it shall forward a copy of the
      report along with such remarks as it may feel appropriate to the opposite party;

               (f) if any of the parties disputes the correctness of the findings of the appropriate
      laboratory, or disputes the correctness of the methods of analysis or test adopted by
      the appropriate laboratory, require the opposite party or the complainant to submit in
      writing his objections with regard to the report made by the appropriate laboratory;

             (g) give a reasonable opportunity to the complainant as well as the opposite
      party of being heard as to the correctness or otherwise of the report made by the
      appropriate laboratory and also as to the objection made in relation thereto under
      clause (f) and issue an appropriate order under section 39.

      (3) The District Commission shall, if the complaint admitted by it under sub-section (2)
of section 36 relates to goods in respect of which the procedure specified in sub-section (2)
cannot be followed, or if the complaint relates to any services,—

             (a) refer a copy of such complaint to the opposite party directing him to give his
      version of the case within a period of thirty days or such extended period not exceeding
      fifteen days as may be granted by the District Commission;

             (b) if the opposite party, on receipt of a copy of the complaint, referred to him
     under clause (a) denies or disputes the allegations contained in the complaint, or
     omits or fails to take any action to represent his case within the time given by the
      District Commission, it shall proceed to settle the consumer dispute—",scenario,,,PENDING_HUMAN_REVIEW,,
e96283f3685a438c,How does the Act define restrictive trade practice?,"(41) ""restrictive trade practice"" means a trade practice which tends to bring
     about manipulation of price or its conditions of delivery or to affect flow of supplies in
      the market relating to goods or services in such a manner as to impose on the consumers
      unjustified costs or restrictions and shall include—

                       (i) delay beyond the period agreed to by a trader in supply of such goods
            or in providing the services which has led or is likely to lead to rise in the price;",consumer_protection_act_2019.pdf,7,,"SEC. 1]         THE GAZETTE OF INDIA EXTRAORDINARY               7


                        (ii) a service provider,

           but does not include—

                   (a) a seller of immovable property, unless such person is engaged in the
            sale of constructed house or in the construction of homes or flats;

                   (b) a provider of professional services in any transaction in which, the
            sale or use of a product is only incidental thereto, but furnishing of opinion, skill
            or services being the essence of such transaction;

                    (c) a person who—

                             (I) acts only in a financial capacity with respect to the sale of the
                 product;

                              (II) is not a manufacturer, wholesaler, distributor, retailer, direct seller
                 or an electronic service provider;

                             (III) leases a product, without having a reasonable opportunity to
                  inspect and discover defects in the product, under a lease arrangement in
              which the selection, possession, maintenance, and operation of the
                 product are controlled by a person other than the lessor;

            (38) ""product service provider"", in relation to a product, means a person who
      provides any service in respect of such product;

            (39) ""regulations"" means the regulations made by the National Commission, or
      as the case may be, the Central Authority;

            (40) ""Regulator"" means a body or any authority established under any other
     law for the time being in force;

            (41) ""restrictive trade practice"" means a trade practice which tends to bring
     about manipulation of price or its conditions of delivery or to affect flow of supplies in
      the market relating to goods or services in such a manner as to impose on the consumers
      unjustified costs or restrictions and shall include—

                       (i) delay beyond the period agreed to by a trader in supply of such goods
            or in providing the services which has led or is likely to lead to rise in the price;

                        (ii) any trade practice which requires a consumer to buy, hire or avail of
          any goods or, as the case may be, services as condition precedent for buying,
            hiring or availing of other goods or services;

            (42) ""service"" means service of any description which is made available to
      potential users and includes, but not limited to, the provision of facilities in connection
     with banking, financing, insurance, transport, processing, supply of electrical or other
      energy, telecom, boarding or lodging or both, housing construction, entertainment,
     amusement or the purveying of news or other information, but does not include the
      rendering of any service free of charge or under a contract of personal service;

           (43) ""spurious goods"" means such goods which are falsely claimed to be
     genuine;

           (44) ""State Commission"" means a State Consumer Disputes Redressal
     Commission established under sub-section (1) of section 42;

            (45) ""trader"", in relation to any goods, means a person who sells or distributes
     any goods for sale and includes the manufacturer thereof, and where such goods are
      sold or distributed in package form, includes the packer thereof;

            (46) ""unfair contract"" means a contract between a manufacturer or trader or
      service provider on one hand, and a consumer on the other, having such terms which",definition,,,PENDING_HUMAN_REVIEW,,
af95c96203ee4e56,"According to the passage, what happens if the interest of justice so requires. Procedure 49. (1) The provisions relating to complaints under sections 35?","if the interest of justice so
                requires.

Procedure            49. (1) The provisions relating to complaints under sections 35, 36, 37, 38 and 39 shall,
applicable to    with such modifications as may be necessary, be applicable to the disposal of complaints by
State           the State Commission.",consumer_protection_act_2019.pdf,24,,"24           THE GAZETTE OF INDIA EXTRAORDINARY         [PART II—


             be decided according to the opinion of the majority of the members who have heard the case,
              including those who first heard it:

                   Provided that the President or the other members, as the case may be, shall give
              opinion on the point or points so referred within a period of one month from the date of such
               reference.

                      (4) A complaint shall be instituted in a State Commission within the limits of whose
               jurisdiction,—

                            (a) the opposite party or each of the opposite parties, where there are more than
                    one, at the time of the institution of the complaint, ordinarily resides or carries on
                    business or has a branch office or personally works for gain; or

                            (b) any of the opposite parties, where there are more than one, at the time of the
                       institution of the complaint, actually and voluntarily resides, or carries on business or
                   has a branch office or personally works for gain, provided in such case, the permission
                    of the State Commission is given; or

                             (c) the cause of action, wholly or in part, arises; or

                            (d) the complainant resides or personally works for gain.

Transfer of           48. On the application of the complainant or of its own motion, the State Commission
cases.        may, at any stage of the proceeding, transfer any complaint pending before a District
            Commission to another District Commission within the State if the interest of justice so
                requires.

Procedure            49. (1) The provisions relating to complaints under sections 35, 36, 37, 38 and 39 shall,
applicable to    with such modifications as may be necessary, be applicable to the disposal of complaints by
State           the State Commission.Commission.
                      (2) Without prejudice to the provisions of sub-section (1), the State Commission may
               also declare any terms of contract, which is unfair to any consumer, to be null and void.

Review by            50. The State Commission shall have the power to review any of the order passed by
State               it if there is an error apparent on the face of the record, either of its own motion or on an
Commission in  application made by any of the parties within thirty days of such order.certain cases.

Appeal to            51. (1) Any person aggrieved by an order made by the State Commission in exercise of
National          its powers conferred by sub-clause (i) or (ii) of clause (a) of sub-section (1) of section 47
Commission.   may prefer an appeal against such order to the National Commission within a period of thirty
             days from the date of the order in such form and manner as may be prescribed:

                   Provided that the National Commission shall not entertain the appeal after the expiry
              of the said period of thirty days unless it is satisfied that there was sufficient cause for not
                 filing it within that period:

                   Provided further that no appeal by a person, who is required to pay any amount in
              terms of an order of the State Commission, shall be entertained by the National Commission
              unless the appellant has deposited fifty per cent. of that amount in the manner as may be
               prescribed.

                      (2) Save as otherwise expressly provided under this Act or by any other law for the
              time being in force, an appeal shall lie to the National Commission from any order passed in
              appeal by any State Commission, if the National Commission is satisfied that the case
              involves a substantial question of law.

                      (3) In an appeal involving a question of law, the memorandum of appeal shall precisely
                state the substantial question of law involved in the appeal.

                      (4) Where the National Commission is satisfied that a substantial question of law is
              involved in any case, it shall formulate that question and hear the appeal on that question:",scenario,,,PENDING_HUMAN_REVIEW,,
861cba8ae736dd82,How does the Act define including electronic?,"including electronic means.

      (2) Without prejudice to the provisions contained in sub-section (1), the notice required
by this Act may be served on an electronic service provider at the address provided by it on
the electronic platform from where it provides its services as such and for this purpose, the
electronic service provider shall designate a nodal officer to accept and process such notices.

      (3) When an acknowledgment or any other receipt purporting to be signed by the
opposite party or his agent or, as the case may be, by the complainant is received by the
District Commission, the State Commission or the National Commission, as the case may be,
or postal article containing the notice is received back by such District Commission, State
Commission or the National Commission, with an endorsement purporting to have been
made by a postal employee or by any person authorised by the courier service to the effect
that the opposite party or his agent or complainant had refused to take delivery of the postal
article containin",consumer_protection_act_2019.pdf,27,,"SEC. 1]         THE GAZETTE OF INDIA EXTRAORDINARY              27

      60. The National Commission shall have the power to review any of the order passed  Review by
by it if there is an error apparent on the face of the record, either of its own motion or on an  National                                                                                       Commission in
application made by any of the parties within thirty days of such order.                          certain cases.

      61. Where an order is passed by the National Commission ex parte, the aggrieved  Power to set
party may make an application to the Commission for setting aside such order.                  aside ex parte
                                                                                                               orders.

      62. On the application of the complainant or of its own motion, the National Commission   Transfer of
may, at any stage of the proceeding, in the interest of justice, transfer any complaint pending   cases.
before the District Commission of one State to a District Commission of another State or
before one State Commission to another State Commission.

      63. When the office of President of the National Commission is vacant or a person   Vacancy in
occupying such office is, by reason of absence or otherwise, unable to perform the duties of   office of
his office, these shall be performed by the senior-most member of the National Commission:   President of                                                                                                  National
     Provided that where a retired Judge of a High Court or a person who has been a  Commission.
Judicial Member is a member of the National Commission, such member or where the number
of such members is more than one, the senior-most person amongst such members, shall
preside over the National Commission in the absence of President of that Commission.

      64. No act or proceeding of the District Commission, the State Commission or the   Vacancies or
National Commission shall be invalid by reason only of the existence of any vacancy amongst   defects in
                                                                                          appointment
its members or any defect in the constitution thereof.                                                                                                   not to
                                                                                                             invalidate
                                                                                                               orders.

      65. (1) All notices, required by this Act to be served, shall be served by delivering or   Service of
transmitting a copy thereof by registered post acknowledgment due addressed to opposite   notice, etc.
party against whom complaint is made or to the complainant by speed post or by such
courier service, approved by the District Commission, the State Commission or the National
Commission, as the case may be, or by any other mode of transmission of documents
including electronic means.

      (2) Without prejudice to the provisions contained in sub-section (1), the notice required
by this Act may be served on an electronic service provider at the address provided by it on
the electronic platform from where it provides its services as such and for this purpose, the
electronic service provider shall designate a nodal officer to accept and process such notices.

      (3) When an acknowledgment or any other receipt purporting to be signed by the
opposite party or his agent or, as the case may be, by the complainant is received by the
District Commission, the State Commission or the National Commission, as the case may be,
or postal article containing the notice is received back by such District Commission, State
Commission or the National Commission, with an endorsement purporting to have been
made by a postal employee or by any person authorised by the courier service to the effect
that the opposite party or his agent or complainant had refused to take delivery of the postal
article containing the notice or had refused to accept the notice by any other means specified
in sub-section (1) when tendered or transmitted to him, the District Commission or the State
Commission or the National Commission, as the case may be, shall declare that the notice
has been duly served on the opposite party or to the complainant, as the case may be:

     Provided that where the notice was properly addressed, pre-paid and duly sent by
registered post acknowledgment due, a declaration referred to in this sub-section shall be
made notwithstanding the fact that the acknowledgment has been lost or misplaced, or for
any other reason, has not been received by the District Commission, the State Commission
or the National Commission, as the case may be, within thirty days from the date of issue of
notice.",definition,,,PENDING_HUMAN_REVIEW,,
228a78dffa1fe8d4,"According to the passage, what happens if any difficulty arises in giving effect to the provisions of this Act?","If any difficulty arises in giving effect to the provisions of this Act, the Central  Power to
            Government may, by order in the Official Gazette, make such provisions not inconsistent  remove",consumer_protection_act_2019.pdf,39,,"SEC. 1]         THE GAZETTE OF INDIA EXTRAORDINARY              39


                                  (f) the conditions for re-empanelment of mediators for another term under
                    sub-section (3) of section 75;

                            (g) the other facts to be disclosed by mediators under clause (c) of section 77;

                            (h) the time within which, and the manner in which, mediation may be conducted
                  under sub-section (3) of section 79; and

                                  (i) such other matter for which provision is to be, or may be, made by regulation.

                   104. (1) The Central Authority may, with the previous approval of the Central  Power of
             Government, by notification, make regulations not inconsistent with this Act, for the purpose   Central
                                                                                                                  Authority to
              of giving effect to the provisions of this Act.                                         make
                                                                                                                                 regulations.
                      (2) In particular, and without prejudice to the generality of the foregoing power, such
               regulations may provide for all or any of the following matters, namely:—

                            (a) the procedure for engaging experts and professionals and the number of
                  such experts and professionals under sub-section (3) of section 13;

                            (b) the procedure for transaction of business and the allocation of business of
                     the Chief Commissioner and Commissioner under sub-section (1) of section 14;

                             (c) the form, manner and time within which, inquiries or investigation made by
                     the Director-General shall be submitted to the Central Authority under sub-section (5)
                    of section 15; and

                            (d) such other matter for which provision is to be, or may be, made by regulation.

                   105. (1) Every rule and every regulation made under this Act shall be laid, as soon as   Rules and
          may be after it is made, before each House of Parliament, while it is in session, for a total   regulations to
                                                                                                                 be laid before
              period of thirty days which may be comprised in one session or in two or more successive   each House of
               sessions, and if, before the expiry of the session immediately following the session or the   Parliament.
              successive sessions aforesaid, both Houses agree in making any modification in the rule or
               regulation or both Houses agree that the rule or regulation shall thereafter have effect only
               in such modified form or be of no effect, as the case may be; so, however, that any such
              modification or annulment shall be without prejudice to the validity of anything previously
            done under that rule or regulation.

                      (2) Every rule made by a State Government under this Act shall be laid as soon as may
             be after it is made, before the State Legislature.

                   106. If any difficulty arises in giving effect to the provisions of this Act, the Central  Power to
            Government may, by order in the Official Gazette, make such provisions not inconsistent  remove
                                                                                                                                                  difficulties.
             with the provisions of this Act as appear to it to be necessary or expedient for removing the
                 difficulty:

                   Provided that no such order shall be made after the expiry of a period of two years
            from the commencement of this Act.

68 of 1986.          107. (1) The Consumer Protection Act, 1986 is hereby repealed.                         Repeal and
                                                                                                                                savings.
                      (2) Notwithstanding such repeal, anything done or any action taken or purported to
             have been done or taken under the Act hereby repealed shall, in so far as it is not inconsistent
              with the provisions of this Act, be deemed to have been done or taken under the corresponding
              provisions of this Act.",scenario,,,PENDING_HUMAN_REVIEW,,
c4a5713fb9e61bba,How does the Act define regulations?,"(39) ""regulations"" means the regulations made by the National Commission, or
      as the case may be, the Central Authority;",consumer_protection_act_2019.pdf,7,,"SEC. 1]         THE GAZETTE OF INDIA EXTRAORDINARY               7


                        (ii) a service provider,

           but does not include—

                   (a) a seller of immovable property, unless such person is engaged in the
            sale of constructed house or in the construction of homes or flats;

                   (b) a provider of professional services in any transaction in which, the
            sale or use of a product is only incidental thereto, but furnishing of opinion, skill
            or services being the essence of such transaction;

                    (c) a person who—

                             (I) acts only in a financial capacity with respect to the sale of the
                 product;

                              (II) is not a manufacturer, wholesaler, distributor, retailer, direct seller
                 or an electronic service provider;

                             (III) leases a product, without having a reasonable opportunity to
                  inspect and discover defects in the product, under a lease arrangement in
              which the selection, possession, maintenance, and operation of the
                 product are controlled by a person other than the lessor;

            (38) ""product service provider"", in relation to a product, means a person who
      provides any service in respect of such product;

            (39) ""regulations"" means the regulations made by the National Commission, or
      as the case may be, the Central Authority;

            (40) ""Regulator"" means a body or any authority established under any other
     law for the time being in force;

            (41) ""restrictive trade practice"" means a trade practice which tends to bring
     about manipulation of price or its conditions of delivery or to affect flow of supplies in
      the market relating to goods or services in such a manner as to impose on the consumers
      unjustified costs or restrictions and shall include—

                       (i) delay beyond the period agreed to by a trader in supply of such goods
            or in providing the services which has led or is likely to lead to rise in the price;

                        (ii) any trade practice which requires a consumer to buy, hire or avail of
          any goods or, as the case may be, services as condition precedent for buying,
            hiring or availing of other goods or services;

            (42) ""service"" means service of any description which is made available to
      potential users and includes, but not limited to, the provision of facilities in connection
     with banking, financing, insurance, transport, processing, supply of electrical or other
      energy, telecom, boarding or lodging or both, housing construction, entertainment,
     amusement or the purveying of news or other information, but does not include the
      rendering of any service free of charge or under a contract of personal service;

           (43) ""spurious goods"" means such goods which are falsely claimed to be
     genuine;

           (44) ""State Commission"" means a State Consumer Disputes Redressal
     Commission established under sub-section (1) of section 42;

            (45) ""trader"", in relation to any goods, means a person who sells or distributes
     any goods for sale and includes the manufacturer thereof, and where such goods are
      sold or distributed in package form, includes the packer thereof;

            (46) ""unfair contract"" means a contract between a manufacturer or trader or
      service provider on one hand, and a consumer on the other, having such terms which",definition,,,PENDING_HUMAN_REVIEW,,
0e73b0e83cd2ead0,"According to the passage, what happens if paid?","if paid, within the period stipulated in the
                                 bill or cash memo or receipt or in the absence of such stipulation, within a period
                          of thirty days;",consumer_protection_act_2019.pdf,10,,"10           THE GAZETTE OF INDIA EXTRAORDINARY         [PART II—


                  Explanation.—For the purpose of this sub-clause, the participants of a scheme shall
             be deemed to have been informed of the final results of the scheme where such results are
              within a reasonable time published, prominently in the same newspaper in which the scheme
            was originally advertised;

                                      (iv) permitting the sale or supply of goods intended to be used, or are of
                        a kind likely to be used by consumers, knowing or having reason to believe that
                          the goods do not comply with the standards prescribed by the competent
                           authority relating to performance, composition, contents, design, constructions,
                            finishing or packaging as are necessary to prevent or reduce the risk of injury to
                           the person using the goods;

                                    (v) permitting the hoarding or destruction of goods, or refusal to sell the
                       goods or to make them available for sale or to provide any service, if such
                        hoarding or destruction or refusal raises or tends to raise or is intended to raise,
                           the cost of those or other similar goods or services;

                                      (vi) manufacturing of spurious goods or offering such goods for sale or
                         adopting deceptive practices in the provision of services;

                                        (vii) not issuing bill or cash memo or receipt for the goods sold or services
                         rendered in such manner as may be prescribed;

                                         (viii) refusing, after selling goods or rendering services, to take back or
                       withdraw defective goods or to withdraw or discontinue deficient services and
                            to refund the consideration thereof, if paid, within the period stipulated in the
                                 bill or cash memo or receipt or in the absence of such stipulation, within a period
                          of thirty days;

                                    (ix) disclosing to other person any personal information given in
                         confidence by the consumer unless such disclosure is made in accordance with
                           the provisions of any law for the time being in force.

                                   CHAPTER II

                                   CONSUMER PROTECTION COUNCILS

Central                3. (1) The Central Government shall, by notification, establish with effect from such
Consumer      date as it may specify in that notification, the Central Consumer Protection Council to be
Protection
Council.      known as the Central Council.
                      (2) The Central Council shall be an advisory council and consist of the following
             members, namely:—

                            (a) the Minister-in-charge of the Department of Consumer Affairs in the Central
                  Government, who shall be the Chairperson; and

                            (b) such number of other official or non-official members representing such
                       interests as may be prescribed.

Procedure for          4. (1) The Central Council shall meet as and when necessary, but at least one meeting
meetings of     of the Council shall be held every year.
Central
Council.              (2) The Central Council shall meet at such time and place as the Chairperson may think
                    fit and shall observe such procedure in regard to the transaction of its business as may be
               prescribed.

Objects of             5. The objects of the Central Council shall be to render advice on promotion and
Central         protection of the consumers' rights under this Act.
Council.",scenario,,,PENDING_HUMAN_REVIEW,,
a0462a5dc241e382,How does the Act define unfair contract?,"(46) ""unfair contract"" means a contract between a manufacturer or trader or
      service provider on one hand, and a consumer on the other, having such terms which",consumer_protection_act_2019.pdf,7,,"SEC. 1]         THE GAZETTE OF INDIA EXTRAORDINARY               7


                        (ii) a service provider,

           but does not include—

                   (a) a seller of immovable property, unless such person is engaged in the
            sale of constructed house or in the construction of homes or flats;

                   (b) a provider of professional services in any transaction in which, the
            sale or use of a product is only incidental thereto, but furnishing of opinion, skill
            or services being the essence of such transaction;

                    (c) a person who—

                             (I) acts only in a financial capacity with respect to the sale of the
                 product;

                              (II) is not a manufacturer, wholesaler, distributor, retailer, direct seller
                 or an electronic service provider;

                             (III) leases a product, without having a reasonable opportunity to
                  inspect and discover defects in the product, under a lease arrangement in
              which the selection, possession, maintenance, and operation of the
                 product are controlled by a person other than the lessor;

            (38) ""product service provider"", in relation to a product, means a person who
      provides any service in respect of such product;

            (39) ""regulations"" means the regulations made by the National Commission, or
      as the case may be, the Central Authority;

            (40) ""Regulator"" means a body or any authority established under any other
     law for the time being in force;

            (41) ""restrictive trade practice"" means a trade practice which tends to bring
     about manipulation of price or its conditions of delivery or to affect flow of supplies in
      the market relating to goods or services in such a manner as to impose on the consumers
      unjustified costs or restrictions and shall include—

                       (i) delay beyond the period agreed to by a trader in supply of such goods
            or in providing the services which has led or is likely to lead to rise in the price;

                        (ii) any trade practice which requires a consumer to buy, hire or avail of
          any goods or, as the case may be, services as condition precedent for buying,
            hiring or availing of other goods or services;

            (42) ""service"" means service of any description which is made available to
      potential users and includes, but not limited to, the provision of facilities in connection
     with banking, financing, insurance, transport, processing, supply of electrical or other
      energy, telecom, boarding or lodging or both, housing construction, entertainment,
     amusement or the purveying of news or other information, but does not include the
      rendering of any service free of charge or under a contract of personal service;

           (43) ""spurious goods"" means such goods which are falsely claimed to be
     genuine;

           (44) ""State Commission"" means a State Consumer Disputes Redressal
     Commission established under sub-section (1) of section 42;

            (45) ""trader"", in relation to any goods, means a person who sells or distributes
     any goods for sale and includes the manufacturer thereof, and where such goods are
      sold or distributed in package form, includes the packer thereof;

            (46) ""unfair contract"" means a contract between a manufacturer or trader or
      service provider on one hand, and a consumer on the other, having such terms which",definition,,,PENDING_HUMAN_REVIEW,,
a57f62f3b539c0aa,"According to the passage, what happens if there is an error apparent on the face of the record?","if there is an error apparent on the face of the record, either of its own motion or on an
Commission    application made by any of the parties within thirty days of such order.",consumer_protection_act_2019.pdf,22,,"22           THE GAZETTE OF INDIA EXTRAORDINARY         [PART II—


                                  (l) to issue corrective advertisement to neutralise the effect of misleading
                    advertisement at the cost of the opposite party responsible for issuing such misleading
                    advertisement;

                       (m) to provide for adequate costs to parties; and

                            (n) to cease and desist from issuing any misleading advertisement.

                      (2) Any amount obtained under sub-section (1) shall be credited to such fund and
                utilised in such manner as may be prescribed.

                      (3) In any proceeding conducted by the President and a member and if they differ on
             any point or points, they shall state the point or points on which they differ and refer the
            same to another member for hearing on such point or points and the opinion of the majority
                shall be the order of the District Commission:

                   Provided that the other member shall give his opinion on such point or points referred
               to him within a period of one month from the date of such reference.

                      (4) Every order made by the District Commission under sub-section (1) shall be signed
            by the President and the member who conducted the proceeding:

                   Provided that where the order is made as per majority opinion under sub-section (3),
             such order shall also be signed by the other member.

Review by            40. The District Commission shall have the power to review any of the order passed
District       by it if there is an error apparent on the face of the record, either of its own motion or on an
Commission    application made by any of the parties within thirty days of such order.
in certain
cases.

Appeal              41. Any person aggrieved by an order made by the District Commission may prefer an
against order    appeal against such order to the State Commission on the grounds of facts or law within a
of District      period of forty-five days from the date of the order, in such form and manner, as may be
Commission.
               prescribed:

                   Provided that the State Commission may entertain an appeal after the expiry of the said
              period of forty-five days, if it is satisfied that there was sufficient cause for not filing it within
                that period:

                   Provided further that no appeal by a person, who is required to pay any amount in
              terms of an order of the District Commission, shall be entertained by the State Commission
              unless the appellant has deposited fifty per cent. of that amount in the manner as may be
               prescribed:

                   Provided also that no appeal shall lie from any order passed under sub-section (1) of
              section 81 by the District Commission pursuant to a settlement by mediation under
               section 80.

Establishment        42. (1) The State Government shall, by notification, establish a State Consumer
of State        Disputes Redressal Commission, to be known as the State Commission, in the State.
Consumer
Disputes              (2) The State Commission shall ordinarily function at the State capital and perform its
Redressal       functions at such other places as the State Government may in consultation with the State
Commission.
            Commission notify in the Official Gazette:

                   Provided that the State Government may, by notification, establish regional benches
              of the State Commission, at such places, as it deems fit.

                      (3) Each State Commission shall consist of—

                            (a) a President; and

                            (b) not less than four or not more than such number of members as may be
                    prescribed in consultation with the Central Government.",scenario,,,PENDING_HUMAN_REVIEW,,
afdcd89e9ea1722a,How does the Act define service?,"(42) ""service"" means service of any description which is made available to
      potential users and includes, but not limited to, the provision of facilities in connection
     with banking, financing, insurance, transport, processing, supply of electrical or other
      energy, telecom, boarding or lodging or both, housing construction, entertainment,
     amusement or the purveying of news or other information, but does not include the
      rendering of any service free of charge or under a contract of personal service;",consumer_protection_act_2019.pdf,7,,"SEC. 1]         THE GAZETTE OF INDIA EXTRAORDINARY               7


                        (ii) a service provider,

           but does not include—

                   (a) a seller of immovable property, unless such person is engaged in the
            sale of constructed house or in the construction of homes or flats;

                   (b) a provider of professional services in any transaction in which, the
            sale or use of a product is only incidental thereto, but furnishing of opinion, skill
            or services being the essence of such transaction;

                    (c) a person who—

                             (I) acts only in a financial capacity with respect to the sale of the
                 product;

                              (II) is not a manufacturer, wholesaler, distributor, retailer, direct seller
                 or an electronic service provider;

                             (III) leases a product, without having a reasonable opportunity to
                  inspect and discover defects in the product, under a lease arrangement in
              which the selection, possession, maintenance, and operation of the
                 product are controlled by a person other than the lessor;

            (38) ""product service provider"", in relation to a product, means a person who
      provides any service in respect of such product;

            (39) ""regulations"" means the regulations made by the National Commission, or
      as the case may be, the Central Authority;

            (40) ""Regulator"" means a body or any authority established under any other
     law for the time being in force;

            (41) ""restrictive trade practice"" means a trade practice which tends to bring
     about manipulation of price or its conditions of delivery or to affect flow of supplies in
      the market relating to goods or services in such a manner as to impose on the consumers
      unjustified costs or restrictions and shall include—

                       (i) delay beyond the period agreed to by a trader in supply of such goods
            or in providing the services which has led or is likely to lead to rise in the price;

                        (ii) any trade practice which requires a consumer to buy, hire or avail of
          any goods or, as the case may be, services as condition precedent for buying,
            hiring or availing of other goods or services;

            (42) ""service"" means service of any description which is made available to
      potential users and includes, but not limited to, the provision of facilities in connection
     with banking, financing, insurance, transport, processing, supply of electrical or other
      energy, telecom, boarding or lodging or both, housing construction, entertainment,
     amusement or the purveying of news or other information, but does not include the
      rendering of any service free of charge or under a contract of personal service;

           (43) ""spurious goods"" means such goods which are falsely claimed to be
     genuine;

           (44) ""State Commission"" means a State Consumer Disputes Redressal
     Commission established under sub-section (1) of section 42;

            (45) ""trader"", in relation to any goods, means a person who sells or distributes
     any goods for sale and includes the manufacturer thereof, and where such goods are
      sold or distributed in package form, includes the packer thereof;

            (46) ""unfair contract"" means a contract between a manufacturer or trader or
      service provider on one hand, and a consumer on the other, having such terms which",definition,,,PENDING_HUMAN_REVIEW,,
2bd04d981f936756,How does Section 2(5) define complainant?,"(5) ""complainant"" means—

                                          (i) a consumer;",consumer_protection_act_2019.pdf,2,Section 2(5),"2. In this Act, unless the context otherwise requires,—

                           (1) ""advertisement"" means any audio or visual publicity, representation,
                  endorsement or pronouncement made by means of light, sound, smoke, gas, print,
                     electronic media, internet or website and includes any notice, circular, label, wrapper,
                    invoice or such other documents;

                            (2) ""appropriate laboratory"" means a laboratory or an organisation—

                                          (i) recognised by the Central Government; or

                                           (ii) recognised by a State Government, subject to such guidelines as may
                       be issued by the Central Government in this behalf; or

                                            (iii) established by or under any law for the time being in force, which is
                          maintained, financed or aided by the Central Government or a State Government
                            for carrying out analysis or test of any goods with a view to determining whether
                        such goods suffer from any defect;

                            (3) ""branch office"" means—

                                           (i) any office or place of work described as a branch by the establishment; or

                                           (ii) any establishment carrying on either the same or substantially the
                     same activity carried on by the head office of the establishment;

                           (4) ""Central Authority"" means the Central Consumer Protection Authority
                     established under section 10;

                            (5) ""complainant"" means—

                                          (i) a consumer; or

                                           (ii) any voluntary consumer association registered under any law for the
                        time being in force; or

                                            (iii) the Central Government or any State Government; or

                                      (iv) the Central Authority; or

                                    (v) one or more consumers, where there are numerous consumers having
                           the same interest; or

                                      (vi) in case of death of a consumer, his legal heir or legal representative; or

                                        (vii) in case of a consumer being a minor, his parent or legal guardian;

                            (6) ""complaint"" means any allegation in writing, made by a complainant for
                    obtaining any relief provided by or under this Act, that—

                                          (i) an unfair contract or unfair trade practice or a restrictive trade practice
                        has been adopted by any trader or service provider;

                                           (ii) the goods bought by him or agreed to be bought by him suffer from
                      one or more defects;

                                            (iii) the services hired or availed of or agreed to be hired or availed of by
                     him suffer from any deficiency;

                                      (iv) a trader or a service provider, as the case may be, has charged for the
                       goods or for the services mentioned in the complaint, a price in excess of the
                      price—

                                         (a) fixed by or under any law for the time being in force; or",definition,,,PENDING_HUMAN_REVIEW,,
08ae9e2d67413828,How does the Act define Director-General?,"(14) ""Director-General"" means the Director-General appointed under
      sub-section (2) of section 15;",consumer_protection_act_2019.pdf,4,,"4            THE GAZETTE OF INDIA EXTRAORDINARY         [PART II—


                        (iii) the right to be assured, wherever possible, access to a variety of
           goods, products or services at competitive prices;

                     (iv) the right to be heard and to be assured that consumer's interests will
            receive due consideration at appropriate fora;

                    (v) the right to seek redressal against unfair trade practice or restrictive
            trade practices or unscrupulous exploitation of consumers; and

                     (vi) the right to consumer awareness;

           (10) ""defect"" means any fault, imperfection or shortcoming in the quality,
      quantity, potency, purity or standard which is required to be maintained by or under
     any law for the time being in force or under any contract, express or implied or as is
     claimed by the trader in any manner whatsoever in relation to any goods or product
     and the expression ""defective"" shall be construed accordingly;

            (11) ""deficiency"" means any fault, imperfection, shortcoming or inadequacy in
      the quality, nature and manner of performance which is required to be maintained by or
     under any law for the time being in force or has been undertaken to be performed by a
     person in pursuance of a contract or otherwise in relation to any service and includes—

                       (i) any act of negligence or omission or commission by such person which
           causes loss or injury to the consumer; and

                        (ii) deliberate withholding of relevant information by such person to the
          consumer;

            (12) ""design"", in relation to a product, means the intended or known physical
     and material characteristics of such product and includes any intended or known
     formulation or content of such product and the usual result of the intended
     manufacturing or other process used to produce such product;

            (13) ""direct selling"" means marketing, distribution and sale of goods or provision
      of services through a network of sellers, other than through a permanent retail location;

           (14) ""Director-General"" means the Director-General appointed under
      sub-section (2) of section 15;

            (15) ""District Commission"" means a District Consumer Disputes Redressal
     Commission established under sub-section (1) of section 28;

            (16) ""e-commerce"" means buying or selling of goods or services including
       digital products over digital or electronic network;

            (17) ""electronic service provider"" means a person who provides technologies
      or processes to enable a product seller to engage in advertising or selling goods or
      services to a consumer and includes any online market place or online auction sites;

            (18) ""endorsement"", in relation to an advertisement, means—

                       (i) any message, verbal statement, demonstration; or

                        (ii) depiction of the name, signature, likeness or other identifiable personal
             characteristics of an individual; or

                        (iii) depiction of the name or seal of any institution or organisation,

which makes the consumer to believe that it reflects the opinion, finding or experience of the
person making such endorsement;

           (19) ""establishment"" includes an advertising agency, commission agent,
      manufacturing, trading or any other commercial agency which carries on any business,
      trade or profession or any work in connection with or incidental or ancillary to any",definition,,,PENDING_HUMAN_REVIEW,,
786eaa28e579d59d,How does the Act define e-commerce?,"(16) ""e-commerce"" means buying or selling of goods or services including
       digital products over digital or electronic network;",consumer_protection_act_2019.pdf,4,,"4            THE GAZETTE OF INDIA EXTRAORDINARY         [PART II—


                        (iii) the right to be assured, wherever possible, access to a variety of
           goods, products or services at competitive prices;

                     (iv) the right to be heard and to be assured that consumer's interests will
            receive due consideration at appropriate fora;

                    (v) the right to seek redressal against unfair trade practice or restrictive
            trade practices or unscrupulous exploitation of consumers; and

                     (vi) the right to consumer awareness;

           (10) ""defect"" means any fault, imperfection or shortcoming in the quality,
      quantity, potency, purity or standard which is required to be maintained by or under
     any law for the time being in force or under any contract, express or implied or as is
     claimed by the trader in any manner whatsoever in relation to any goods or product
     and the expression ""defective"" shall be construed accordingly;

            (11) ""deficiency"" means any fault, imperfection, shortcoming or inadequacy in
      the quality, nature and manner of performance which is required to be maintained by or
     under any law for the time being in force or has been undertaken to be performed by a
     person in pursuance of a contract or otherwise in relation to any service and includes—

                       (i) any act of negligence or omission or commission by such person which
           causes loss or injury to the consumer; and

                        (ii) deliberate withholding of relevant information by such person to the
          consumer;

            (12) ""design"", in relation to a product, means the intended or known physical
     and material characteristics of such product and includes any intended or known
     formulation or content of such product and the usual result of the intended
     manufacturing or other process used to produce such product;

            (13) ""direct selling"" means marketing, distribution and sale of goods or provision
      of services through a network of sellers, other than through a permanent retail location;

           (14) ""Director-General"" means the Director-General appointed under
      sub-section (2) of section 15;

            (15) ""District Commission"" means a District Consumer Disputes Redressal
     Commission established under sub-section (1) of section 28;

            (16) ""e-commerce"" means buying or selling of goods or services including
       digital products over digital or electronic network;

            (17) ""electronic service provider"" means a person who provides technologies
      or processes to enable a product seller to engage in advertising or selling goods or
      services to a consumer and includes any online market place or online auction sites;

            (18) ""endorsement"", in relation to an advertisement, means—

                       (i) any message, verbal statement, demonstration; or

                        (ii) depiction of the name, signature, likeness or other identifiable personal
             characteristics of an individual; or

                        (iii) depiction of the name or seal of any institution or organisation,

which makes the consumer to believe that it reflects the opinion, finding or experience of the
person making such endorsement;

           (19) ""establishment"" includes an advertising agency, commission agent,
      manufacturing, trading or any other commercial agency which carries on any business,
      trade or profession or any work in connection with or incidental or ancillary to any",definition,,,PENDING_HUMAN_REVIEW,,
dcf65f1ca46e7b49,How does the Act define injury?,"(23) ""injury"" means any harm whatever illegally caused to any person, in body,
                mind or property;",consumer_protection_act_2019.pdf,5,,"SEC. 1]         THE GAZETTE OF INDIA EXTRAORDINARY               5


                  commercial activity, trade or profession, or such other class or classes of persons
                    including public utility entities in the manner as may be prescribed;

                           (20) ""express warranty"" means any material statement, affirmation of fact, promise
                    or description relating to a product or service warranting that it conforms to such
                    material statement, affirmation, promise or description and includes any sample or
                 model of a product warranting that the whole of such product conforms to such
                  sample or model;

                          (21) ""goods"" means every kind of movable property and includes ""food"" as
                    defined in clause (j) of sub-section (1) of section 3 of the Food Safety and Standards
34 of 2006.          Act, 2006;

                          (22) ""harm"", in relation to a product liability, includes—

                                          (i) damage to any property, other than the product itself;

                                           (ii) personal injury, illness or death;

                                            (iii) mental agony or emotional distress attendant to personal injury or
                              illness or damage to property; or

                                      (iv) any loss of consortium or services or other loss resulting from a harm
                           referred to in sub-clause (i) or sub-clause (ii) or sub-clause (iii),

                    but shall not include any harm caused to a product itself or any damage to the property
                 on account of breach of warranty conditions or any commercial or economic loss,
                    including any direct, incidental or consequential loss relating thereto;

                          (23) ""injury"" means any harm whatever illegally caused to any person, in body,
                mind or property;

                          (24) ""manufacturer"" means a person who—

                                          (i) makes any goods or parts thereof; or

                                           (ii) assembles any goods or parts thereof made by others; or

                                            (iii) puts or causes to be put his own mark on any goods made by any
                          other person;

                          (25) ""mediation"" means the process by which a mediator mediates the consumer
                    disputes;

                          (26) ""mediator"" means a mediator referred to in section 75;

                          (27) ""member"" includes the President and a member of the National Commission
                    or a State Commission or a District Commission, as the case may be;

                          (28) ""misleading advertisement"" in relation to any product or service, means an
                    advertisement, which—

                                          (i) falsely describes such product or service; or

                                           (ii) gives a false guarantee to, or is likely to mislead the consumers as to
                          the nature, substance, quantity or quality of such product or service; or

                                            (iii) conveys an express or implied representation which, if made by the
                        manufacturer or seller or service provider thereof, would constitute an unfair
                           trade practice; or

                                      (iv) deliberately conceals important information;

                          (29) ""National Commission"" means the National Consumer Disputes Redressal
                 Commission established under sub-section (1) of section 53;",definition,,,PENDING_HUMAN_REVIEW,,
1cdb3bae73df97e4,How does the Act define spurious goods?,"(43) ""spurious goods"" means such goods which are falsely claimed to be
     genuine;",consumer_protection_act_2019.pdf,7,,"SEC. 1]         THE GAZETTE OF INDIA EXTRAORDINARY               7


                        (ii) a service provider,

           but does not include—

                   (a) a seller of immovable property, unless such person is engaged in the
            sale of constructed house or in the construction of homes or flats;

                   (b) a provider of professional services in any transaction in which, the
            sale or use of a product is only incidental thereto, but furnishing of opinion, skill
            or services being the essence of such transaction;

                    (c) a person who—

                             (I) acts only in a financial capacity with respect to the sale of the
                 product;

                              (II) is not a manufacturer, wholesaler, distributor, retailer, direct seller
                 or an electronic service provider;

                             (III) leases a product, without having a reasonable opportunity to
                  inspect and discover defects in the product, under a lease arrangement in
              which the selection, possession, maintenance, and operation of the
                 product are controlled by a person other than the lessor;

            (38) ""product service provider"", in relation to a product, means a person who
      provides any service in respect of such product;

            (39) ""regulations"" means the regulations made by the National Commission, or
      as the case may be, the Central Authority;

            (40) ""Regulator"" means a body or any authority established under any other
     law for the time being in force;

            (41) ""restrictive trade practice"" means a trade practice which tends to bring
     about manipulation of price or its conditions of delivery or to affect flow of supplies in
      the market relating to goods or services in such a manner as to impose on the consumers
      unjustified costs or restrictions and shall include—

                       (i) delay beyond the period agreed to by a trader in supply of such goods
            or in providing the services which has led or is likely to lead to rise in the price;

                        (ii) any trade practice which requires a consumer to buy, hire or avail of
          any goods or, as the case may be, services as condition precedent for buying,
            hiring or availing of other goods or services;

            (42) ""service"" means service of any description which is made available to
      potential users and includes, but not limited to, the provision of facilities in connection
     with banking, financing, insurance, transport, processing, supply of electrical or other
      energy, telecom, boarding or lodging or both, housing construction, entertainment,
     amusement or the purveying of news or other information, but does not include the
      rendering of any service free of charge or under a contract of personal service;

           (43) ""spurious goods"" means such goods which are falsely claimed to be
     genuine;

           (44) ""State Commission"" means a State Consumer Disputes Redressal
     Commission established under sub-section (1) of section 42;

            (45) ""trader"", in relation to any goods, means a person who sells or distributes
     any goods for sale and includes the manufacturer thereof, and where such goods are
      sold or distributed in package form, includes the packer thereof;

            (46) ""unfair contract"" means a contract between a manufacturer or trader or
      service provider on one hand, and a consumer on the other, having such terms which",definition,,,PENDING_HUMAN_REVIEW,,
03bf0128a6e34e13,How does the Act define bargain price?,"""bargain price"" means,—

                       (A) a price that is stated in any advertisement to be a bargain price,
              by reference to an ordinary price or otherwise;",consumer_protection_act_2019.pdf,9,,"SEC. 1]         THE GAZETTE OF INDIA EXTRAORDINARY               9


        if such purported warranty or guarantee or promise is materially misleading or if there
       is no reasonable prospect that such warranty, guarantee or promise will be carried out;

               (i) materially misleads the public concerning the price at which a product or like
      products or goods or services, have been or are, ordinarily sold or provided, and, for
       this purpose, a representation as to price shall be deemed to refer to the price at which
      the product or goods or services has or have been sold by sellers or provided by
      suppliers generally in the relevant market unless it is clearly specified to be the price at
     which the product has been sold or services have been provided by the person by
    whom or on whose behalf the representation is made;

               (j) gives false or misleading facts disparaging the goods, services or trade of
      another person.

     Explanation.—For the purposes of this sub-clause, a statement that is,—

           (A) expressed on an article offered or displayed for sale, or on its wrapper or
      container; or

           (B) expressed on anything attached to, inserted in, or accompanying, an article
      offered or displayed for sale, or on anything on which the article is mounted for
      display or sale; or

           (C) contained in or on anything that is sold, sent, delivered, transmitted or in
     any other manner whatsoever made available to a member of the public,

shall be deemed to be a statement made to the public by, and only by, the person who had
caused the statement to be so expressed, made or contained;

                       (ii) permitting the publication of any advertisement, whether in any
          newspaper or otherwise, including by way of electronic record, for the sale or
           supply at a bargain price of goods or services that are not intended to be offered
            for sale or supply at the bargain price, or for a period that is, and in quantities
             that are, reasonable, having regard to the nature of the market in which the
           business is carried on, the nature and size of business, and the nature of the
           advertisement.

     Explanation.—For the purpose of this sub-clause, ""bargain price"" means,—

                       (A) a price that is stated in any advertisement to be a bargain price,
              by reference to an ordinary price or otherwise; or

                       (B) a price that a person who reads, hears or sees the advertisement,
              would reasonably understand to be a bargain price having regard to the
                  prices at which the product advertised or like products are ordinarily sold;

                        (iii) permitting—

                         (a) the offering of gifts, prizes or other items with the intention of
                 not providing them as offered or creating impression that something is
                being given or offered free of charge when it is fully or partly covered by
                  the amount charged, in the transaction as a whole;

                         (b) the conduct of any contest, lottery, game of chance or skill, for
                  the purpose of promoting, directly or indirectly, the sale, use or supply of
               any product or any business interest, except such contest, lottery, game
                 of chance or skill as may be prescribed;

                          (c) withholding from the participants of any scheme offering gifts,
                  prizes or other items free of charge on its closure, the information about
                    final results of the scheme.",definition,,,PENDING_HUMAN_REVIEW,,
34376f718f4bccd7,How does the Act define Commission either by way of inspection or by any other?,"Commission either by way of inspection or by any other means, as the National
                 Commission may like to order from time to time, to ensure that the objects and purposes
                    of the Act are best served and the standards set by the National Commission are
                  implemented without interfering with their quasi-judicial freedom.

                      (2) There shall be a monitoring cell to be constituted by the President of the National
            Commission to oversee the functioning of the State Commissions from the administrative
               point of view.

                     (3) The State Commission shall have administrative control over all the District
            Commissions within its jurisdiction in all matters referred to in sub-section (1).

                      (4) The National Commission and the State Commissions shall furnish to the Central
            Government periodically or as and when required, any information including the pendency
              of cases in such form and manner as may be prescribed.

                      (5) The State Commission shall furnish, periodically or as and when required to the
               State Government any information including pendency of cases in such form and manner as
          may be prescribed.

                    71. Every order made by a District Commission, State Commission or the National  Enforcement
            Commission shall be enforced by it in the same manner as if it were a decree made by a Court   of orders of
               in a suit before it and the provisions of Order XXI of the First Schedule to the Code of Civil   District
                                                                                                         Commission,
5 of 1908.     Procedure, 1908 shall, as far as may be, applicable, subject to the modification that every   State
               reference therein to the decree shall be construed as reference to the order made under this  Commission
              Act.                                                                                        and National
                                                                                                         Commission.
                    72. (1) Whoever fails to comply with any order made by the District Commission or the   Penalty for
               State Commission or the National Commission, as the case may be, shall be punishable with   non-
             imprisonment for a term which shall not be less than one month, but which may extend to   compliance of
                                                                                                                                    order.
               three years, or with fine, which shall not be less than twenty-five thousand rupees, but
            which may extend to one lakh rupees, or with both.

2 of 1974.            (2) Notwithstanding anything contained in the Code of Criminal Procedure, 1973, the
                District Commission, the State Commission or the National Commission, as the case may be,
                shall have the power of a Judicial Magistrate of first class for the trial of offences under
               sub-section (1), and on conferment of such powers, the District Commission or the State
            Commission or the National Commission, as the case may be, shall be deemed to be a Judicial
              Magistrate of first class for the purposes of the Code of Criminal Procedure, 1973.

                     (3) Save as otherwise provided, the offences under sub-section (1) shall be tried
             summarily by the District Commission or the State Commission or the National Commission,
              as the case may be.

2 of 1974.           73. (1) Notwithstanding anything contained in the Code of Criminal Procedure, 1973,  Appeal against
            where an order is passed under sub-section (1) of section 72, an appeal shall lie, both on   order passed
                facts and on law from—                                                                        under section 72.

                            (a) the order made by the District Commission to the State Commission;",consumer_protection_act_2019.pdf,29,,"SEC. 1]         THE GAZETTE OF INDIA EXTRAORDINARY              29


                           (d) overseeing the functioning of the State Commission or the District
                 Commission either by way of inspection or by any other means, as the National
                 Commission may like to order from time to time, to ensure that the objects and purposes
                    of the Act are best served and the standards set by the National Commission are
                  implemented without interfering with their quasi-judicial freedom.

                      (2) There shall be a monitoring cell to be constituted by the President of the National
            Commission to oversee the functioning of the State Commissions from the administrative
               point of view.

                     (3) The State Commission shall have administrative control over all the District
            Commissions within its jurisdiction in all matters referred to in sub-section (1).

                      (4) The National Commission and the State Commissions shall furnish to the Central
            Government periodically or as and when required, any information including the pendency
              of cases in such form and manner as may be prescribed.

                      (5) The State Commission shall furnish, periodically or as and when required to the
               State Government any information including pendency of cases in such form and manner as
          may be prescribed.

                    71. Every order made by a District Commission, State Commission or the National  Enforcement
            Commission shall be enforced by it in the same manner as if it were a decree made by a Court   of orders of
               in a suit before it and the provisions of Order XXI of the First Schedule to the Code of Civil   District
                                                                                                         Commission,
5 of 1908.     Procedure, 1908 shall, as far as may be, applicable, subject to the modification that every   State
               reference therein to the decree shall be construed as reference to the order made under this  Commission
              Act.                                                                                        and National
                                                                                                         Commission.
                    72. (1) Whoever fails to comply with any order made by the District Commission or the   Penalty for
               State Commission or the National Commission, as the case may be, shall be punishable with   non-
             imprisonment for a term which shall not be less than one month, but which may extend to   compliance of
                                                                                                                                    order.
               three years, or with fine, which shall not be less than twenty-five thousand rupees, but
            which may extend to one lakh rupees, or with both.

2 of 1974.            (2) Notwithstanding anything contained in the Code of Criminal Procedure, 1973, the
                District Commission, the State Commission or the National Commission, as the case may be,
                shall have the power of a Judicial Magistrate of first class for the trial of offences under
               sub-section (1), and on conferment of such powers, the District Commission or the State
            Commission or the National Commission, as the case may be, shall be deemed to be a Judicial
              Magistrate of first class for the purposes of the Code of Criminal Procedure, 1973.

                     (3) Save as otherwise provided, the offences under sub-section (1) shall be tried
             summarily by the District Commission or the State Commission or the National Commission,
              as the case may be.

2 of 1974.           73. (1) Notwithstanding anything contained in the Code of Criminal Procedure, 1973,  Appeal against
            where an order is passed under sub-section (1) of section 72, an appeal shall lie, both on   order passed
                facts and on law from—                                                                        under section 72.

                            (a) the order made by the District Commission to the State Commission;

                            (b) the order made by the State Commission to the National Commission; and

                             (c) the order made by the National Commission to the Supreme Court.

                       (2) Except as provided in sub-section (1), no appeal shall lie before any court, from
             any order of a District Commission or a State Commission or the National Commission, as the
              case may be.

                      (3) Every appeal under this section shall be preferred within a period of thirty days
            from the date of order of a District Commission or a State Commission or the National
             Commission, as the case may be:",definition,,,PENDING_HUMAN_REVIEW,,
abd04090ff1936c3,How does Section 2(4) define Central Authority?,"(4) ""Central Authority"" means the Central Consumer Protection Authority
                     established under section 10;",consumer_protection_act_2019.pdf,2,Section 2(4),"2. In this Act, unless the context otherwise requires,—

                           (1) ""advertisement"" means any audio or visual publicity, representation,
                  endorsement or pronouncement made by means of light, sound, smoke, gas, print,
                     electronic media, internet or website and includes any notice, circular, label, wrapper,
                    invoice or such other documents;

                            (2) ""appropriate laboratory"" means a laboratory or an organisation—

                                          (i) recognised by the Central Government; or

                                           (ii) recognised by a State Government, subject to such guidelines as may
                       be issued by the Central Government in this behalf; or

                                            (iii) established by or under any law for the time being in force, which is
                          maintained, financed or aided by the Central Government or a State Government
                            for carrying out analysis or test of any goods with a view to determining whether
                        such goods suffer from any defect;

                            (3) ""branch office"" means—

                                           (i) any office or place of work described as a branch by the establishment; or

                                           (ii) any establishment carrying on either the same or substantially the
                     same activity carried on by the head office of the establishment;

                           (4) ""Central Authority"" means the Central Consumer Protection Authority
                     established under section 10;

                            (5) ""complainant"" means—

                                          (i) a consumer; or

                                           (ii) any voluntary consumer association registered under any law for the
                        time being in force; or

                                            (iii) the Central Government or any State Government; or

                                      (iv) the Central Authority; or

                                    (v) one or more consumers, where there are numerous consumers having
                           the same interest; or

                                      (vi) in case of death of a consumer, his legal heir or legal representative; or

                                        (vii) in case of a consumer being a minor, his parent or legal guardian;

                            (6) ""complaint"" means any allegation in writing, made by a complainant for
                    obtaining any relief provided by or under this Act, that—

                                          (i) an unfair contract or unfair trade practice or a restrictive trade practice
                        has been adopted by any trader or service provider;

                                           (ii) the goods bought by him or agreed to be bought by him suffer from
                      one or more defects;

                                            (iii) the services hired or availed of or agreed to be hired or availed of by
                     him suffer from any deficiency;

                                      (iv) a trader or a service provider, as the case may be, has charged for the
                       goods or for the services mentioned in the complaint, a price in excess of the
                      price—

                                         (a) fixed by or under any law for the time being in force; or",definition,,,PENDING_HUMAN_REVIEW,,
b64face8837d1b60,How does the Act define electronic service provider?,"(17) ""electronic service provider"" means a person who provides technologies
      or processes to enable a product seller to engage in advertising or selling goods or
      services to a consumer and includes any online market place or online auction sites;",consumer_protection_act_2019.pdf,4,,"4            THE GAZETTE OF INDIA EXTRAORDINARY         [PART II—


                        (iii) the right to be assured, wherever possible, access to a variety of
           goods, products or services at competitive prices;

                     (iv) the right to be heard and to be assured that consumer's interests will
            receive due consideration at appropriate fora;

                    (v) the right to seek redressal against unfair trade practice or restrictive
            trade practices or unscrupulous exploitation of consumers; and

                     (vi) the right to consumer awareness;

           (10) ""defect"" means any fault, imperfection or shortcoming in the quality,
      quantity, potency, purity or standard which is required to be maintained by or under
     any law for the time being in force or under any contract, express or implied or as is
     claimed by the trader in any manner whatsoever in relation to any goods or product
     and the expression ""defective"" shall be construed accordingly;

            (11) ""deficiency"" means any fault, imperfection, shortcoming or inadequacy in
      the quality, nature and manner of performance which is required to be maintained by or
     under any law for the time being in force or has been undertaken to be performed by a
     person in pursuance of a contract or otherwise in relation to any service and includes—

                       (i) any act of negligence or omission or commission by such person which
           causes loss or injury to the consumer; and

                        (ii) deliberate withholding of relevant information by such person to the
          consumer;

            (12) ""design"", in relation to a product, means the intended or known physical
     and material characteristics of such product and includes any intended or known
     formulation or content of such product and the usual result of the intended
     manufacturing or other process used to produce such product;

            (13) ""direct selling"" means marketing, distribution and sale of goods or provision
      of services through a network of sellers, other than through a permanent retail location;

           (14) ""Director-General"" means the Director-General appointed under
      sub-section (2) of section 15;

            (15) ""District Commission"" means a District Consumer Disputes Redressal
     Commission established under sub-section (1) of section 28;

            (16) ""e-commerce"" means buying or selling of goods or services including
       digital products over digital or electronic network;

            (17) ""electronic service provider"" means a person who provides technologies
      or processes to enable a product seller to engage in advertising or selling goods or
      services to a consumer and includes any online market place or online auction sites;

            (18) ""endorsement"", in relation to an advertisement, means—

                       (i) any message, verbal statement, demonstration; or

                        (ii) depiction of the name, signature, likeness or other identifiable personal
             characteristics of an individual; or

                        (iii) depiction of the name or seal of any institution or organisation,

which makes the consumer to believe that it reflects the opinion, finding or experience of the
person making such endorsement;

           (19) ""establishment"" includes an advertising agency, commission agent,
      manufacturing, trading or any other commercial agency which carries on any business,
      trade or profession or any work in connection with or incidental or ancillary to any",definition,,,PENDING_HUMAN_REVIEW,,
