record_id,source_split,question,answer,source_document,declared_page,legal_reference,supporting_passage,page_match,reference_consistency,answer_is_extractive,exact_duplicate_question_ids,exact_duplicate_answer_ids,near_duplicate_question_ids,previous_review_decision_not_validation,audit_status,reason
QA-0001,train,What Act was amended in 1984 in Rajasthan?,"The Rajasthan Tenancy (Amendment) Act, 1984 (Rajasthan Act 13 of 1984)",constitution,372,Rajasthan Act 13 of 1984,"238. The Rajasthan Colonisation (Amendment) Act, 1984 (Rajasthan Act 12 of 1984). 239. The Rajasthan Tenancy (Amendment) Act, 1984 (Rajasthan Act 13 of 1984).",MATCH,MATCHES_SUPPORTING_PASSAGE,True,,,,yes,VERIFIED,"Reference text occurs in the supplied supporting passage. Schema, declared-page quotation, reference traceability, and extractive answer checks passed; question-answer legal correctness has not been established."
QA-0002,train,What is the maximum age limit for additional or acting Judges appointed by the President?,No person appointed as an additional or acting Judge of a High Court shall hold office after attaining the age of 2[sixty-two years].,constitution,134,"3[224A. Appointment of retired Judges at sittings of High Courts.— Notwithstanding anything in this Chapter, 4[the National Judicial Appointments Commission on a reference made to it by the Chief Justice of a High Court for any State, may]",No person appointed as an additional or acting Judge of a High Court shall hold office after attaining the age of 2[sixty-two years].],MATCH,NOT_MATCHED,True,,,,yes,NEEDS_REVIEW,The declared legal reference was not verified in the supporting passage. Legal-reference consistency requires manual source review.
QA-0003,train,What year was the Devaswom Fund established?,"The Devaswom Fund was established every year to the Devaswom Fund established in that State for the maintenance of Hindu temples and shrines in the territories transferred to that State on the 1st day of November, 1956.",constitution,197,Not explicitly identified,"du] every year to the Devaswom Fund established in that State for the maintenance of Hindu temples and shrines in the territories transferred to that State on the 1st day of November, 1956, from the State of Travancore-Cochin.]",MATCH,NOT_ASSERTED,False,,,,yes,NEEDS_REVIEW,Record does not assert a specific legal reference. Answer is not an exact normalized extract of the supporting passage; semantic support requires manual review.
QA-0004,train,What protection does the passage provide for members of the Legislature of a State regarding their statements and votes?,The passage protects members of the Legislature of a State from any proceedings in any court in respect of anything said or any vote given by them in the Legislature or any committee thereof.,constitution,118,Not explicitly identified,"freedom of speech in the Legislature of every State. (2) No member of the Legislature of a State shall be liable to any proceedings in any court in respect of anything said or any vote given by him in the Legislature or any committee thereof, and no person shall be so liable in respect of the publication by or under the authority of a House of such a Legislature of any report, paper, votes or proceedings.",MATCH,NOT_ASSERTED,False,,,,yes,NEEDS_REVIEW,Record does not assert a specific legal reference. Answer is not an exact normalized extract of the supporting passage; semantic support requires manual review.
QA-0005,train,What are the titles of the acts related to land reforms in Orissa mentioned in the passage?,"The Orissa Land Reforms (Amendment) Act, 1969 (Orissa Act 13 of 1969) and The Orissa Land Reforms (Amendment) Act, 1970 (Orissa Act 18 of 1970) are mentioned in the passage.",constitution,365,Not explicitly identified,"118. The Orissa Land Reforms (Amendment) Act, 1969 (Orissa Act 13 of 1969). 119. The Orissa Land Reforms (Amendment) Act, 1970 (Orissa Act 18 of 1970).",MATCH,NOT_ASSERTED,False,,,,yes,NEEDS_REVIEW,Record does not assert a specific legal reference. Answer is not an exact normalized extract of the supporting passage; semantic support requires manual review.
QA-0006,train,What is the minimum proportion of reserved seats for women in relation to the total number of reserved seats?,Not less than one-third of the total number of seats reserved under clause (1) shall be reserved for women.,constitution,160,Not explicitly identified,"Not less than one-third of the total number of seats reserved under clause (1) shall be reserved for women belonging to the Scheduled Castes or, as the case may be, the Scheduled Tribes.",MATCH,NOT_ASSERTED,True,,,,yes,VERIFIED,"Record does not assert a specific legal reference. Schema, declared-page quotation, reference traceability, and extractive answer checks passed; question-answer legal correctness has not been established."
QA-0007,train,What Act renumbered entries 8 to 14?,"The Bombay Reorganisation Act, 1960 (11 of 1960)",constitution,289,"Bombay Reorganisation Act, 1960 (11 of 1960), s. 4","2. Entries 8 to 14 renumbered as 9 to 15 by the Bombay Reorganisation Act, 1960 (11 of 1960), s. 4 (w.e.f. 1-5-1960).",MATCH,MATCHES_SUPPORTING_PASSAGE,True,,,,yes,VERIFIED,"Reference text occurs in the supplied supporting passage. Schema, declared-page quotation, reference traceability, and extractive answer checks passed; question-answer legal correctness has not been established."
QA-0008,train,What is the purpose of the final decision on matters relating to the Tuensang district?,The final decision on all matters relating to the Tuensang district shall be made by the Governor in his discretion.,constitution,267,"236(ii) the Minister for Tuensang affairs shall deal with, and have direct access to the Governor on, all matters relating to the Tuensang district but he shall keep the Chief Minister informed about the same; (f) notwithstanding anything in the foregoing provisions of this clause, the final decision on all matters relating to the Tuensang district shall be made by the Governor in his discretion;","f) notwithstanding anything in the foregoing provisions of this clause, the final decision on all matters relating to the Tuensang district shall be made by the Governor in his discretion;",MATCH,NOT_MATCHED,True,,,,yes,NEEDS_REVIEW,The declared legal reference was not verified in the supporting passage. Legal-reference consistency requires manual source review.
QA-0009,train,What Act was amended by West Bengal Act XXIX of 1951?,"The West Bengal Land Development and Planning Act, 1948 (West Bengal Act XXI of 1948)",constitution,359,20,"20. The West Bengal Land Development and Planning Act, 1948 (West Bengal Act XXI of 1948), as amended by West Bengal Act XXIX of 1951.",MATCH,MATCHES_SUPPORTING_PASSAGE,True,,,,yes,VERIFIED,"Reference text occurs in the supplied supporting passage. Schema, declared-page quotation, reference traceability, and extractive answer checks passed; question-answer legal correctness has not been established."
QA-0010,train,What Act amended the Constitution and when did it come into effect?,"The Constitution (Forty-fourth Amendment) Act, 1978 amended the Constitution and it came into effect on 20-6-1979.",constitution,119,"Article 26 of the Constitution (Forty-fourth Amendment) Act, 1978","and transmitted to the Legislative Council— ______________________________________________ 1. Subs. by the Constitution (Forty-fourth Amendment) Act, 1978, s. 26, for certain words (w.e.f. 20-6-1979).",MATCH,NUMBER_PRESENT_TYPE_UNCONFIRMED,False,,,,yes,NEEDS_REVIEW,"The number occurs in the passage, but the reference type is not explicitly established there. Legal-reference consistency requires manual source review. Answer is not an exact normalized extract of the supporting passage; semantic support requires manual review."
QA-0011,validation,What power does the executive have when the Proclamation of Emergency is in operation?,"When the Proclamation of Emergency is in operation, the executive power of the Union shall extend to the giving of directions to any State as to the manner in which the executive power thereof is to be exercised.",constitution,241,Not explicitly identified,"Proclamation of Emergency is in operation, then— (a) notwithstanding anything in this Constitution, the executive power of the Union shall extend to the giving of directions to any State as to the manner in which the executive power thereof is to be exercised;",MATCH,NOT_ASSERTED,False,,,,yes,NEEDS_REVIEW,Record does not assert a specific legal reference. Answer is not an exact normalized extract of the supporting passage; semantic support requires manual review.
QA-0012,train,What are the reasons for which persons can be detained under the Constitution?,"Persons can be detained for reasons connected with Defence, Foreign Affairs, or the security of India.",constitution,341,Not explicitly identified,"for reasons connected with Defence, Foreign Affairs, or the security of India;",MATCH,NOT_ASSERTED,False,,,,yes,NEEDS_REVIEW,Record does not assert a specific legal reference. Answer is not an exact normalized extract of the supporting passage; semantic support requires manual review.
QA-0013,train,What conditions must be met for a District Council to direct that a State Act applies to an autonomous district or region?,"A District Council must give a public notification directing that an Act of the Legislature of the State of Mizoram applies to an autonomous district or region, or any part thereof, subject to such exceptions or modifications as it thinks fit.",constitution,329,Not explicitly identified,"The District Council for such district or having jurisdiction over such region, by public notification, so directs, and the District Council, in giving such direction with respect to any Act, may direct that the Act shall, in its application to such district or region or any part thereof, have effect subject to such exceptions or modifications as it thinks fit;",MATCH,NOT_ASSERTED,False,,,,yes,NEEDS_REVIEW,Record does not assert a specific legal reference. Answer is not an exact normalized extract of the supporting passage; semantic support requires manual review.
QA-0014,train,"What article discusses the bar to interference by courts in disputes arising out of certain treaties, agreements, etc.?","Article 363 discusses the bar to interference by courts in disputes arising out of certain treaties, agreements, etc.",constitution,27,Article 363,"363. Bar to interference by courts in disputes arising out of certain treaties, agreements, etc.",MATCH,NUMBER_PRESENT_TYPE_UNCONFIRMED,False,,,,yes,NEEDS_REVIEW,"The number occurs in the passage, but the reference type is not explicitly established there. Legal-reference consistency requires manual source review. Answer is not an exact normalized extract of the supporting passage; semantic support requires manual review."
QA-0015,train,What is the purpose of the reservation of seats for women in the Legislative Assemblies of the States?,Seats shall be reserved for women in the Legislative Assembly of every State.,constitution,223,1[332A. Reservation of seats for women in the Legislative Assemblies of the States],Seats shall be reserved for women in the Legislative Assembly of every State.,MATCH,NOT_MATCHED,True,,,,yes,NEEDS_REVIEW,The declared legal reference was not verified in the supporting passage. Legal-reference consistency requires manual source review.
QA-0016,validation,Who can perform the duties of the office of Speaker?,The Deputy Speaker or other person can perform the duties of the office of Speaker.,constitution,9,95,"Power of the Deputy Speaker or other person to perform the duties of the office of, or to act as, Speaker.",MATCH,AMBIGUOUS_UNTYPED_NUMBER,False,,,,yes,NEEDS_REVIEW,"A bare number does not establish whether it is an Article, Section, or another numbered entry. Legal-reference consistency requires manual source review. Answer is not an exact normalized extract of the supporting passage; semantic support requires manual review."
QA-0017,train,What amendment added the provision mentioned in the passage?,"The provision mentioned in the passage was added by the Constitution (First Amendment) Act, 1951.",constitution,280,"Constitution (First Amendment) Act, 1951, s. 13","to hold office until the expiration of his term of office as determined under the provisions which were applicable to him immediately before such commencement. ______________________________________________ 1. Added by the Constitution (First Amendment) Act, 1951, s. 13 (w.e.f. 18-6-1951).",MATCH,MATCHES_SUPPORTING_PASSAGE,False,,,,yes,NEEDS_REVIEW,Reference text occurs in the supplied supporting passage. Answer is not an exact normalized extract of the supporting passage; semantic support requires manual review.
QA-0018,train,What are the dates mentioned in the passage for amendments to the Constitution?,The passage mentions two dates: 3-1-1977 and 1-11-1956.,constitution,181,Not explicitly identified,"1. Ins. by the Constitution (Forty-second Amendment) Act, 1976, s. 43 (w.e.f. 3-1-1977). 2. Ins. by the Constitution (Seventh Amendment) Act, 1956, s. 18 (w.e.f. 1-11-1956).",MATCH,NOT_ASSERTED,False,,,,yes,NEEDS_REVIEW,Record does not assert a specific legal reference. Answer is not an exact normalized extract of the supporting passage; semantic support requires manual review.
QA-0019,test,"What year was the Goa, Daman and Diu Reorganisation Act, 1987 enacted?","The Goa, Daman and Diu Reorganisation Act, 1987 was enacted in 1987.",constitution,290,"section 7 of the North-Eastern Areas (Reorganisation) Act, 1971","1[6[24.] Goa The territories specified in section 3 of the Goa, Daman and Diu Reorganisation Act, 1987.]",MATCH,NOT_MATCHED,False,,,,no_matching_prior_review,NEEDS_REVIEW,The declared legal reference was not verified in the supporting passage. Legal-reference consistency requires manual source review. Answer is not an exact normalized extract of the supporting passage; semantic support requires manual review.
QA-0020,train,What is the purpose of Article 249 in the context of the Indian Constitution?,Article 249 allows Parliament to legislate with respect to any matter in the State List if a Proclamation of Emergency is in operation.,constitution,20,Article 249,250. Power of Parliament to legislate with respect to any matter in the State List if a Proclamation of Emergency is in operation.,MATCH,NOT_MATCHED,False,,,,yes,NEEDS_REVIEW,The declared legal reference was not verified in the supporting passage. Legal-reference consistency requires manual source review. Answer is not an exact normalized extract of the supporting passage; semantic support requires manual review.
QA-0021,train,What is the power of the Supreme Court regarding the punishment for contempt?,The Supreme Court shall have all the powers of a court of record including the power to punish for contempt of itself.,constitution,92,129. Supreme Court to be a court of record.,The Supreme Court shall be a court of record and shall have all the powers of such a court including the power to punish for contempt of itself.,MATCH,NOT_MATCHED,False,,,,yes,NEEDS_REVIEW,The declared legal reference was not verified in the supporting passage. Legal-reference consistency requires manual source review. Answer is not an exact normalized extract of the supporting passage; semantic support requires manual review.
QA-0022,train,Who is personally liable for contracts made in the exercise of executive power of the Union or of a State?,"Neither the President nor the Governor shall be personally liable in respect of any contract or assurance made or executed for the purposes of this Constitution, or for the purposes of any enactment relating to the Government of India heretofore in force, nor shall any person making or executing any such contract or assurance on behalf of any of them be personally liable in respect thereof.",constitution,201,299(2) of the Constitution,"Neither the President nor the Governor2*** shall be personally liable in respect of any contract or assurance made or executed for the purposes of this Constitution, or for the purposes of any enactment relating to the Government of India heretofore in force, nor shall any person making or executing any such contract or assurance on behalf of any of them be personally liable in respect thereof.",NO_NORMALIZED_MATCH,NOT_MATCHED,False,,,,yes,NEEDS_REVIEW,Supporting passage did not match the declared PDF page; this alone does not establish an incorrect answer. The declared legal reference was not verified in the supporting passage. Legal-reference consistency requires manual source review. Answer is not an exact normalized extract of the supporting passage; semantic support requires manual review.
QA-0023,train,What right does every Minister and the Attorney-General of India have regarding the proceedings of Parliament?,"Every Minister and the Attorney-General of India shall have the right to speak in, and otherwise to take part in the proceedings of, either House, any joint sitting of the Houses, and any committee of Parliament of which he may be named a member, but shall not by virtue of this article be entitled to vote.",constitution,71,Not explicitly identified,"Every Minister and the Attorney-General of India shall have the right to speak in, and otherwise to take part in the proceedings of, either House, any joint sitting of the Houses, and any committee of Parliament of which he may be named a member, but shall not by virtue of this article be entitled to vote.",MATCH,NOT_ASSERTED,True,,,,yes,VERIFIED,"Record does not assert a specific legal reference. Schema, declared-page quotation, reference traceability, and extractive answer checks passed; question-answer legal correctness has not been established."
QA-0024,train,What are the residency requirements for a person to be registered as a citizen of India?,A person must have been resident in the territory of India for at least six months immediately preceding the date of his application to be registered as a citizen of India.,constitution,35,Provided that no person shall be so registered unless he has been resident in the territory of India for at least six months immediately preceding the date of his application.,"ly, 1948, he has been registered as a citizen of India by an officer appointed in that behalf by the Government of the Dominion of India on an application made by him therefor to such officer before the commencement of this Constitution in the form and manner prescribed by that Government: Provided that no person shall be so registered unless he has been resident in the territory of India for at least six months immediately preceding the date of his application.",MATCH,MATCHES_SUPPORTING_PASSAGE,False,,,,yes,NEEDS_REVIEW,Reference text occurs in the supplied supporting passage. Answer is not an exact normalized extract of the supporting passage; semantic support requires manual review.
QA-0025,train,What is the purpose of the oath of secrecy for a Minister for a State?,"The purpose of the oath of secrecy for a Minister for a State is to ensure that the Minister does not communicate or reveal any matter brought under their consideration or known to them as a Minister, except as required for the due discharge of their duties.",constitution,302,VII A Form of oath or affirmation to be made by a candidate for election to the Legislature of a State,"I, A.B., do swear in the name of God that I will not directly or solemnly affirm indirectly communicate or reveal to any person or persons any matter which shall be brought under my consideration or shall become known to me as a Minister for the State of ....................except as may be required for the due discharge of my duties as such Minister.",MATCH,NOT_MATCHED,False,,,,yes,NEEDS_REVIEW,The declared legal reference was not verified in the supporting passage. Legal-reference consistency requires manual source review. Answer is not an exact normalized extract of the supporting passage; semantic support requires manual review.
QA-0026,train,What must a District Council do regarding an Act of the Legislature of Assam that does not apply to an autonomous district or region?,"A District Council must give a public notification directing whether the Act shall apply to the district or region or any part thereof, subject to exceptions or modifications as it thinks fit.",constitution,327,"The Constitution of India, Sixth Schedule, 296(a)","The District Council for such district or having jurisdiction over such region by public notification so directs, and the District Council in giving such direction with respect to any Act may direct that the Act shall in its application to such district or region or any part thereof have effect subject to such exceptions or modifications as it thinks fit;",MATCH,NOT_MATCHED,False,,,,yes,NEEDS_REVIEW,The declared legal reference was not verified in the supporting passage. Legal-reference consistency requires manual source review. Answer is not an exact normalized extract of the supporting passage; semantic support requires manual review.
QA-0027,train,What is the maximum extension period for the term of an elected member of the District Council?,"The maximum extension period for the term of an elected member of the District Council is one year at a time, while a Proclamation of Emergency is in operation, not extending beyond a period of six months after the Proclamation has ceased to operate.",constitution,314,Not explicitly identified,"Provided that the said period of five years may, while a Proclamation of Emergency is in operation or if circumstances exist which, in the opinion of the Governor, render the holding of elections impracticable, be extended by the Governor for a period not exceeding one year at a time and in any case where a Proclamation of Emergency is in operation not extending beyond a period of six months after the Proclamation has ceased to operate:",MATCH,NOT_ASSERTED,False,,,,yes,NEEDS_REVIEW,Record does not assert a specific legal reference. Answer is not an exact normalized extract of the supporting passage; semantic support requires manual review.
QA-0028,train,What are the specific areas covered under the 'Welfare of plain tribes and backward classes' provision?,"The 'Welfare of plain tribes and backward classes' provision covers areas such as urban development—town and country planning, and tribal research institute controlled and financed by the State Government.",constitution,317,Not explicitly identified,Welfare of plain tribes and backward classes: Provided that nothing in such laws shall— (a) extinguish or modify the existing rights and privileges of any citizen in respect of his land at the date of commencement of this Act; and (b) disallow and citizen from acquiring land,MATCH,NOT_ASSERTED,False,,,,yes,NEEDS_REVIEW,Record does not assert a specific legal reference. Answer is not an exact normalized extract of the supporting passage; semantic support requires manual review.
QA-0029,train,What does the passage mention about the State's efforts to promote cottage industries?,The passage mentions that the State shall endeavour to promote cottage industries on an individual or co-operative basis in rural areas.,constitution,53,Not explicitly identified,The State shall endeavour to promote cottage industries on an individual or co-operative basis in rural areas.,MATCH,NOT_ASSERTED,False,,,,yes,NEEDS_REVIEW,Record does not assert a specific legal reference. Answer is not an exact normalized extract of the supporting passage; semantic support requires manual review.
QA-0030,test,What is the purpose of Article 392 in the Constitution?,Article 392 grants the President the power to remove difficulties.,constitution,30,Article 392,392. Power of the President to remove difficulties.,MATCH,NUMBER_PRESENT_TYPE_UNCONFIRMED,False,,,"QA-0056,QA-0123",no_matching_prior_review,NEEDS_REVIEW,"The number occurs in the passage, but the reference type is not explicitly established there. Legal-reference consistency requires manual source review. Answer is not an exact normalized extract of the supporting passage; semantic support requires manual review. Near-duplicate question(s) at or above 90% similarity detected."
QA-0031,train,What are the specific types of taxes mentioned in Article 86 of the Seventh Schedule?,"Taxes on the capital value of the assets, exclusive of agricultural land, of individuals and companies; taxes on the capital of companies.",constitution,347,Article 86,"THE CONSTITUTION OF INDIA (Seventh Schedule) 316 86. Taxes on the capital value of the assets, exclusive of agricultural land, of individuals and companies; taxes on the capital of companies.",MATCH,NUMBER_PRESENT_TYPE_UNCONFIRMED,True,,,,yes,NEEDS_REVIEW,"The number occurs in the passage, but the reference type is not explicitly established there. Legal-reference consistency requires manual source review."
QA-0032,validation,What does the authority appointed by the constitution have to do?,"The authority appointed by the constitution has to do the purposes of articles 301, 302, 303 and 304, and confer on the authority so appointed such powers and such duties as it thinks necessary.",constitution,203,Not explicitly identified,"r carrying out the purposes of articles 301, 302, 303 and 304, and confer on the authority so appointed such powers and such duties as it thinks necessary.",MATCH,NOT_ASSERTED,False,,,,yes,NEEDS_REVIEW,Record does not assert a specific legal reference. Answer is not an exact normalized extract of the supporting passage; semantic support requires manual review.
QA-0033,train,What amendment in 1974 was used to inscribe a clause?,"The Constitution (Thirty-fifth Amendment) Act, 1974",constitution,33,"Constitution (Thirty-fifth Amendment) Act, 1974, s. 2","3. Ins. by the Constitution (Thirty-fifth Amendment) Act, 1974, s. 2 (w.e.f. 1-3-1975).",MATCH,MATCHES_SUPPORTING_PASSAGE,True,,,,yes,VERIFIED,"Reference text occurs in the supplied supporting passage. Schema, declared-page quotation, reference traceability, and extractive answer checks passed; question-answer legal correctness has not been established."
QA-0034,train,What does Article 294 of the constitution deal with?,"Article 294 of the constitution deals with Succession to property, assets, rights, liabilities and obligations in certain cases.",constitution,23,Article 294,"294. Succession to property, assets, rights, liabilities and obligations in certain cases.",MATCH,NUMBER_PRESENT_TYPE_UNCONFIRMED,False,,,,yes,NEEDS_REVIEW,"The number occurs in the passage, but the reference type is not explicitly established there. Legal-reference consistency requires manual source review. Answer is not an exact normalized extract of the supporting passage; semantic support requires manual review."
QA-0035,train,What is the duration after which the commencement of the Constitution ceases to operate?,The commencement of the Constitution ceases to operate at the expiration of six weeks from the first meeting after such commencement of the Legislative Assembly of that State.,constitution,278,Not explicitly identified,"ommencement of this Constitution shall, unless withdrawn by the Governor of the corresponding State earlier, cease to operate at the expiration of six weeks from the first meeting after such commencement of the Legislative Assembly of that State functioning under clause (1) of article 382",MATCH,NOT_ASSERTED,False,,,,yes,NEEDS_REVIEW,Record does not assert a specific legal reference. Answer is not an exact normalized extract of the supporting passage; semantic support requires manual review.
QA-0036,train,What happens to escheated or vacant property in an Indian State?,"If escheated or vacant property is in a State, it shall vest in such State.",constitution,199,Not explicitly identified,"ed to His Majesty or, as the case may be, to the Ruler of an Indian State by escheat or lapse, or as bona vacantia for want of a rightful owner, shall, if it is property situate in a State, vest in such State",MATCH,NOT_ASSERTED,False,,,,yes,NEEDS_REVIEW,Record does not assert a specific legal reference. Answer is not an exact normalized extract of the supporting passage; semantic support requires manual review.
QA-0037,test,What are the conditions under which a person's seat in the Legislatures of two or more States becomes vacant?,"A person's seat in the Legislatures of two or more States specified in the First Schedule becomes vacant at the expiration of such period as may be specified in rules 1 made by the President, unless he has previously resigned his seat in the Legislatures of all but one of the States.",constitution,116,190(2) of the Constitution,"No person shall be a member of the Legislatures of two or more States specified in the First Schedule and if a person is chosen a member of the Legislatures of two or more such States, then, at the expiration of such period as may be specified in rules 1 made by the President, that person's seat in the Legislatures of all such States shall become vacant, unless he has previously resigned his seat in the Legislatures of all but one of the States.",NO_NORMALIZED_MATCH,NOT_MATCHED,False,,,,no_matching_prior_review,NEEDS_REVIEW,Supporting passage did not match the declared PDF page; this alone does not establish an incorrect answer. The declared legal reference was not verified in the supporting passage. Legal-reference consistency requires manual source review. Answer is not an exact normalized extract of the supporting passage; semantic support requires manual review.
QA-0038,train,What types of writs are mentioned in the passage?,"The passage mentions writs in the nature of habeas corpus, mandamus, prohibition, quo warranto and certiorari, or any of them.",constitution,135,Not explicitly identified,"es in relation to which it exercises jurisdiction, to issue to any person or authority, including in appropriate cases, any Government, within those territories directions, orders or writs, including 4[writs in the nature of habeas corpus, mandamus, prohibition, quo warranto and certiorari, or any of them, for the enforcement of any of the rights conferred by Part III and for any other purpose.]",MATCH,NOT_ASSERTED,False,,,,yes,NEEDS_REVIEW,Record does not assert a specific legal reference. Answer is not an exact normalized extract of the supporting passage; semantic support requires manual review.
QA-0039,test,What amendment changed the phrase 'members of both Houses of Parliament assembled at a joint meeting'?,"The Constitution (Eleventh Amendment) Act, 1961",constitution,61,"Constitution (Eleventh Amendment) Act, 1961, s. 2","Subs. by the Constitution (Eleventh Amendment) Act, 1961, s. 2, for ""members of both Houses of Parliament assembled at a joint meeting"" (w.e.f. 19-12-1961).",MATCH,MATCHES_SUPPORTING_PASSAGE,True,,,,no_matching_prior_review,VERIFIED,"Reference text occurs in the supplied supporting passage. Schema, declared-page quotation, reference traceability, and extractive answer checks passed; question-answer legal correctness has not been established."
QA-0040,train,What happens if a Money Bill is not returned by the Legislative Council within fourteen days?,"If a Money Bill passed by the Legislative Assembly and transmitted to the Legislative Council for its recommendations is not returned to the Legislative Assembly within the said period of fourteen days, it shall be deemed to have been passed by both Houses at the expiration of the said period in the form in which it was passed by the Legislative Assembly.",constitution,121,90,"If a Money Bill passed by the Legislative Assembly and transmitted to the Legislative Council for its recommendations is not returned to the Legislative Assembly within the said period of fourteen days, it shall be deemed to have been passed by both Houses at the expiration of the said period in the form in which it was passed by the Legislative Assembly.",MATCH,AMBIGUOUS_UNTYPED_NUMBER,True,,,,yes,NEEDS_REVIEW,"A bare number does not establish whether it is an Article, Section, or another numbered entry. Legal-reference consistency requires manual source review."
QA-0041,train,What does the term 'major port' refer to according to the passage?,A major port means a port declared to be a major port by or under any law made by Parliament or any existing law and includes all areas for the time being included within the limits of such port.,constitution,253,Not explicitly identified,“major port” means a port declared to be a major port by or under any law made by Parliament or any existing law and includes all areas for the time being included within the limits of such port;,MATCH,NOT_ASSERTED,False,,,,yes,NEEDS_REVIEW,Record does not assert a specific legal reference. Answer is not an exact normalized extract of the supporting passage; semantic support requires manual review.
QA-0042,train,What is the purpose of the jurisdiction clause mentioned in the passage?,"The jurisdiction clause mentioned in the passage is to extend to a dispute arising out of any treaty, agreement, covenant, engagement, sanad or other similar instrument which, having been entered into or executed before the commencement of this Constitution, continues in operation after such commencement, or which provides that the said jurisdiction shall not extend to such a dispute.",constitution,92,Not explicitly identified,"t extend to a dispute arising out of any treaty, agreement, covenant, engagement, sanad or other similar instrument which, having been entered into or executed before the commencement of this Constitution, continues in operation after such commencement, or which provides that the said jurisdiction shall not extend to such a dispute.",MATCH,NOT_ASSERTED,False,,,,yes,NEEDS_REVIEW,Record does not assert a specific legal reference. Answer is not an exact normalized extract of the supporting passage; semantic support requires manual review.
QA-0043,train,What is the ratio requirement for the number of seats in a Panchayat compared to the population of its territorial area?,"The ratio between the population of the territorial area of a Panchayat at any level and the number of seats in such Panchayat to be filled by election shall, so far as practicable, be the same throughout the State.",constitution,151,120,"THE CONSTITUTION OF INDIA (Part IX.—The Panchayats) 120 Provided that the ratio between the population of the territorial area of a Panchayat at any level and the number of seats in such Panchayat to be filled by election shall, so far as practicable, be the same throughout the State.",MATCH,MATCHES_SUPPORTING_PASSAGE,True,,,,yes,VERIFIED,"Reference text occurs in the supplied supporting passage. Schema, declared-page quotation, reference traceability, and extractive answer checks passed; question-answer legal correctness has not been established."
QA-0044,validation,What are the conditions for creating posts common to both Houses of Parliament?,Nothing in this clause shall be construed as preventing the creation of posts common to both Houses of Parliament.,constitution,74,98. Secretariat of Parliament.,Each House of Parliament shall have a separate secretarial staff: Provided that nothing in this clause shall be construed as preventing the creation of posts common to both Houses of Parliament.,MATCH,NOT_MATCHED,True,,,,yes,NEEDS_REVIEW,The declared legal reference was not verified in the supporting passage. Legal-reference consistency requires manual source review.
QA-0045,train,What language can the Governor of a State authorize for use in proceedings in the High Court?,"The Governor of a State can authorize the use of the Hindi language, or any other language used for any official purposes of the State, in proceedings in the High Court having its principal seat in that State.",constitution,236,"(2) Notwithstanding anything in sub-clause ( a) of clause (1), the Governor 1*** of a State may, with the previous consent of the President, authorise the use of the Hindi language, or any other language used for any official purposes of the State, in proceedings in the High Court having its principal seat in that State","The Governor 1*** of a State may, with the previous consent of the President, authorise the use of the Hindi language, or any other language used for any official purposes of the State, in proceedings in the High Court having its principal seat in that State",MATCH,NOT_MATCHED,False,,,,yes,NEEDS_REVIEW,The declared legal reference was not verified in the supporting passage. Legal-reference consistency requires manual source review. Answer is not an exact normalized extract of the supporting passage; semantic support requires manual review.
QA-0046,train,Who has the right to vote in the meetings of the Panchayats?,"The Chairperson of a Panchayat and other members of a Panchayat, whether or not chosen by direct election from territorial constituencies in the Panchayat area, have the right to vote in the meetings of the Panchayats.",constitution,151,(4),The Chairperson of a Panchayat and other members of a Panchayat whether or not chosen by direct election from territorial constituencies in the Panchayat area shall have the right to vote in the meetings of the Panchayats.,MATCH,AMBIGUOUS_UNTYPED_NUMBER,False,,,,yes,NEEDS_REVIEW,"A bare number does not establish whether it is an Article, Section, or another numbered entry. Legal-reference consistency requires manual source review. Answer is not an exact normalized extract of the supporting passage; semantic support requires manual review."
QA-0047,train,What is the purpose of Clause 245 in relation to the extent of laws made by Parliament and by the Legislatures of States?,"Clause 245 states that Parliament may make laws for the whole or any part of the territory of India, and the Legislature of a State may make laws for the whole or any part of the State, subject to the provisions of this Constitution.",constitution,176,245,"145 PART XI RELATIONS BETWEEN THE UNION AND THE STATES CHAPTER I.—LEGISLATIVE RELATIONS Distribution of Legislative Powers 245. Extent of laws made by Parliament and by the Legislatures of States.—(1) Subject to the provisions of this Constitution, Parliament may make laws for the whole or any part of the territory of India, and the Legislature of a State may make laws for the whole or any part of the State.",MATCH,MATCHES_SUPPORTING_PASSAGE,False,,,,yes,NEEDS_REVIEW,Reference text occurs in the supplied supporting passage. Answer is not an exact normalized extract of the supporting passage; semantic support requires manual review.
QA-0048,train,What is the purpose of the power granted to the Legislature of a State under Article 328?,"The power granted to the Legislature of a State under Article 328 is to make provision with respect to all matters relating to, or in connection with, the elections to the House or either House of the Legislature of the State including the preparation of electoral rolls and all other matters necessary for securing the due constitution of such House or Houses.",constitution,219,Article 328,"THE CONSTITUTION OF INDIA (Part XV.—Elections) 188 328. Power of Legislature of a State to make provision with respect to elections to such Legislature.— Subject to the provisions of this Constitution and in so far as provision in that behalf is not made by Parliament, the Legislature of a State may from time to time by law make provision with respect to all matters relating to, or in connection with, the elections to the House or either House of the Legislature of the State including the preparation of electoral rolls and all other matters necessary for securing the due constitution of such House or Houses.",MATCH,NUMBER_PRESENT_TYPE_UNCONFIRMED,False,,,,yes,NEEDS_REVIEW,"The number occurs in the passage, but the reference type is not explicitly established there. Legal-reference consistency requires manual source review. Answer is not an exact normalized extract of the supporting passage; semantic support requires manual review."
QA-0049,train,What is the effect of Article 314 as originally enacted on the provisions of this article?,The provisions of this article shall have effect notwithstanding anything in article 314 as originally enacted or in any other provision of this Constitution.,constitution,207,Article 314 as originally enacted,The provisions of this article shall have effect notwithstanding anything in article 314 as originally enacted or in any other provision of this Constitution.,MATCH,MATCHES_SUPPORTING_PASSAGE,True,,,,yes,VERIFIED,"Reference text occurs in the supplied supporting passage. Schema, declared-page quotation, reference traceability, and extractive answer checks passed; question-answer legal correctness has not been established."
QA-0050,train,Under what circumstances can the President refer a dispute to the Supreme Court?,The President can refer a dispute to the Supreme Court if the President believes that a question of law or fact has arisen or is likely to arise that is of such public importance that it is expedient to obtain the opinion of the Supreme Court.,constitution,96,Not explicitly identified,"time it appears to the President that a question of law or fact has arisen, or is likely to arise, which is of such a nature and of such public importance that it is expedient to obtain the opinion of the Supreme Court upon it, he may refer the question to that Court for consideration and the Court may, after such hearing as it thinks fit, report to the President its opinion thereon.",MATCH,NOT_ASSERTED,False,,,,yes,NEEDS_REVIEW,Record does not assert a specific legal reference. Answer is not an exact normalized extract of the supporting passage; semantic support requires manual review.
QA-0051,train,What must a House of the Legislature of a State do before making its own rules of procedure?,"A House of the Legislature of a State may make rules for regulating its procedure and the conduct of its business, subject to the provisions of this Constitution.",constitution,126,Procedure Generally 208,"A House of the Legislature of a State may make rules for regulating, subject to the provisions of this Constitution, its procedure and the conduct of its business.",MATCH,NOT_MATCHED,False,,,,yes,NEEDS_REVIEW,The declared legal reference was not verified in the supporting passage. Legal-reference consistency requires manual source review. Answer is not an exact normalized extract of the supporting passage; semantic support requires manual review.
QA-0052,train,What was the outcome of the Supreme Court Advocates-on-Record Association and another vs. Union of India case?,The Supreme Court Advocates-on-Record Association and another vs. Union of India case resulted in the Supreme Court striking down the amendments made to the Constitution.,constitution,91,Not explicitly identified,"This amendment has been struck down by the Supreme Court in the case of Supreme Court Advocates-on-Record Association and another vs. Union of India in its judgment dated 16-10-2015, AIR 2016 SC 117.",MATCH,NOT_ASSERTED,False,,,,yes,NEEDS_REVIEW,Record does not assert a specific legal reference. Answer is not an exact normalized extract of the supporting passage; semantic support requires manual review.
QA-0053,test,What is exempted from the paragraph mentioned in the passage?,The Bodoland Territorial Council constituted under the proviso to sub-paragraph (3) of paragraph 2 of this Schedule.,constitution,319,paragraph 2 of this Schedule,(6) Nothing in this paragraph shall apply to the Bodoland Territorial Council constituted under the proviso to sub-paragraph (3) of paragraph 2 of this Schedule.,MATCH,MATCHES_SUPPORTING_PASSAGE,True,,,,no_matching_prior_review,VERIFIED,"Reference text occurs in the supplied supporting passage. Schema, declared-page quotation, reference traceability, and extractive answer checks passed; question-answer legal correctness has not been established."
QA-0054,train,What does the term 'Scheduled Castes' refer to in the Constitution?,"The term 'Scheduled Castes' refers to castes, races or tribes or parts of or groups within such castes, races or tribes as are deemed under article 341 to be Scheduled Castes for the purposes of this Constitution.",constitution,256,article 341,"“Scheduled Castes” means such castes, races or tribes or parts of or groups within such castes, races or tribes as are deemed under article 341 to be Scheduled Castes for the purposes of this Constitution;",MATCH,MATCHES_SUPPORTING_PASSAGE,False,,,,yes,NEEDS_REVIEW,Reference text occurs in the supplied supporting passage. Answer is not an exact normalized extract of the supporting passage; semantic support requires manual review.
QA-0055,train,What is the maximum amount of taxes a person can pay to the State or a local authority in a year?,"The maximum amount of taxes a person can pay to the State or a local authority in a year is 2,500 rupees.",constitution,190,159(2),"THE CONSTITUTION OF INDIA (Part XII.—Finance, Property, Contracts and Suits) 159 (2) The total amount payable in respect of any one person to the State or to any one municipality, district board, local board or other local authority in the State by way of taxes on professions, trades, callings and employments shall not exceed 1[two thousand and five hundred rupees] per annum.",MATCH,MATCHES_SUPPORTING_PASSAGE,False,,,,yes,NEEDS_REVIEW,Reference text occurs in the supplied supporting passage. Answer is not an exact normalized extract of the supporting passage; semantic support requires manual review.
QA-0056,validation,What is the purpose of Article 77 in the Constitution?,"Article 77 states, 'Conduct of business of the Government of India.'",constitution,9,Article 77,77. Conduct of business of the Government of India.,MATCH,NUMBER_PRESENT_TYPE_UNCONFIRMED,False,,,"QA-0030,QA-0123",yes,NEEDS_REVIEW,"The number occurs in the passage, but the reference type is not explicitly established there. Legal-reference consistency requires manual source review. Answer is not an exact normalized extract of the supporting passage; semantic support requires manual review. Near-duplicate question(s) at or above 90% similarity detected."
QA-0057,train,What changes were made to the sub-paragraph (4) of the Schedule?,"Sub-paragraph (4) of the Schedule had its wording changed. Specifically, for the part that said 'A Regional Council or District Council, as the case may be, may with the previous approval of the Governor make rules regulating', the wording was changed to 'the Governor may make rules regulating'. Additionally, a new clause was substituted for clause (a) in sub-paragraph (4).",constitution,320,Not explicitly identified,"In sub-paragraph (4)— (a) for the words “A Regional Council or District Council, as the case may be, may with the previous approval of the Governor make rules regulating”, the words “the Governor may make rules regulating” had been substituted;",MATCH,NOT_ASSERTED,False,,,,yes,NEEDS_REVIEW,Record does not assert a specific legal reference. Answer is not an exact normalized extract of the supporting passage; semantic support requires manual review.
QA-0058,train,"What act and section of the North-Eastern Areas (Reorganisation) Act, 1971 (81 of 1971) made the substitution mentioned in the passage?","The North-Eastern Areas (Reorganisation) Act, 1971 (81 of 1971) made the substitution mentioned in the passage.",constitution,326,"North-Eastern Areas (Reorganisation) Act, 1971 (81 of 1971), s. 71(i)","specified in paragraph 3 or paragraph 3A or paragraph 3B of this Schedule” shall be substituted.’. 1. Subs. by the North-Eastern Areas (Reorganisation) Act, 1971 (81 of 1971), s. 71(i) and Eighth Sch., for the heading (w.e.f. 21-1-1972).",MATCH,MATCHES_SUPPORTING_PASSAGE,False,,,,yes,NEEDS_REVIEW,Reference text occurs in the supplied supporting passage. Answer is not an exact normalized extract of the supporting passage; semantic support requires manual review.
QA-0059,train,What is the purpose of the Interim Executive Council formed by the Governor?,"The purpose of the Interim Executive Council is to provide adequate representation to the non-tribal communities in the Bodo Territorial Areas District in Assam, and to make efforts to hold the election to the Council within six months.",constitution,334,Not explicitly identified,Provided that Interim Council shall be for a period of six months during which endeavour to hold the election to the Council shall be made.,MATCH,NOT_ASSERTED,False,,,,yes,NEEDS_REVIEW,Record does not assert a specific legal reference. Answer is not an exact normalized extract of the supporting passage; semantic support requires manual review.
QA-0060,validation,What is the minimum proportion of seats reserved for women in Panchayats?,"Not less than one-third of the total number of seats reserved under clause (1) shall be reserved for women belonging to the Scheduled Castes or, as the case may be, the Scheduled Tribes.",constitution,152,(2),"Not less than one-third of the total number of seats reserved under clause (1) shall be reserved for women belonging to the Scheduled Castes or, as the case may be, the Scheduled Tribes.",MATCH,AMBIGUOUS_UNTYPED_NUMBER,True,,,,yes,NEEDS_REVIEW,"A bare number does not establish whether it is an Article, Section, or another numbered entry. Legal-reference consistency requires manual source review."
QA-0061,test,What is the duty of every citizen of India to uphold and protect?,"The duty of every citizen of India is to uphold and protect the sovereignty, unity and integrity of India.",constitution,56,"PART IVA, 51A(a)","It shall be the duty of every citizen of India— (a) to abide by the Constitution and respect its ideals and institutions, the National Flag and the National Anthem; (b) to cherish and follow the noble ideals which inspired our national struggle for freedom; (c) to uphold and protect the sovereignty, unity and integrity of India;",MATCH,NOT_MATCHED,False,,,,no_matching_prior_review,NEEDS_REVIEW,The declared legal reference was not verified in the supporting passage. Legal-reference consistency requires manual source review. Answer is not an exact normalized extract of the supporting passage; semantic support requires manual review.
QA-0062,train,What is the condition for a law imposing a tax under clause (1) to take effect?,"A law imposing a tax under clause (1) shall have any effect unless it has, after having been reserved for the consideration of the President, received his assent.",constitution,196,(2),"The Legislature of a State may by law impose, or authorise the imposition of, any such tax as is mentioned in clause (1), but no such law shall have any effect unless it has, after having been reserved for the consideration of the President, received his assent;",MATCH,AMBIGUOUS_UNTYPED_NUMBER,False,,,,yes,NEEDS_REVIEW,"A bare number does not establish whether it is an Article, Section, or another numbered entry. Legal-reference consistency requires manual source review. Answer is not an exact normalized extract of the supporting passage; semantic support requires manual review."
QA-0063,test,What must the State ensure when making a law for compulsory acquisition of an educational institution's property?,The State must ensure that the amount fixed by or determined under such law for the acquisition of such property is such as would not restrict or abrogate the right guaranteed under clause (1).,constitution,47,1(1A),"THE CONSTITUTION OF INDIA (Part III.—Fundamental Rights) 16 1[(1A) In making any law providing for the compulsory acquisition of any property of an educational institution established and administered by a minority, referred to in clause (1), the State shall ensure that the amount fixed by or determined under such law for the acquisition of such property is such as would not restrict or abrogate the right guaranteed under that clause.]",MATCH,MATCHES_SUPPORTING_PASSAGE,False,,,,no_matching_prior_review,NEEDS_REVIEW,Reference text occurs in the supplied supporting passage. Answer is not an exact normalized extract of the supporting passage; semantic support requires manual review.
QA-0064,train,What are the conditions under which a member of a Public Service Commission might be deemed to be guilty of misbehaviour?,A member of a Public Service Commission is deemed to be guilty of misbehaviour if they are or become in any way concerned or interested in any contract or agreement made by or on behalf of the Government of India or the Government of a State or participate in any way in the profit thereof or in any benefit or emolument arising therefrom otherwise than as a member and in common with the other members of an incorporated company.,constitution,210,318,"318. Power to make regulations as to conditions of service of members and staff of the Commission .—In the case of the Union Commission or a Joint Commission, the President and, in the case of a State Commission, the Governor1*** of the State may by regulations—",NO_NORMALIZED_MATCH,MATCHES_SUPPORTING_PASSAGE,False,,,,yes,NEEDS_REVIEW,Supporting passage did not match the declared PDF page; this alone does not establish an incorrect answer. Reference text occurs in the supplied supporting passage. Answer is not an exact normalized extract of the supporting passage; semantic support requires manual review.
QA-0065,train,What is the purpose of the High Court's jurisdiction in relation to Union territories as per the Constitution?,"The High Court's jurisdiction in relation to Union territories continues to be exercised after the commencement of the Constitution (Seventh Amendment) Act, 1956, as per the provisions of article 214.",constitution,149,article 214,"6[(3) Subject to the provisions of this Constitution and to the provisions of any law of the appropriate Legislature made by virtue of powers conferred on that Legislature by or under this Constitution, every High Court exercising jurisdiction immediately before the commencement of the Constitution (Seventh Amendment) Act, 1956, in relation to any Union territory shall continue to exercise such jurisdiction in relation to that territory after such commencement. (4) Nothing in this article derogates from the power of Parliament to extend or exclude the jurisdiction of a High Court for a State to, or from, any Union territory or part thereof.]",MATCH,NOT_MATCHED,False,,,,yes,NEEDS_REVIEW,The declared legal reference was not verified in the supporting passage. Legal-reference consistency requires manual source review. Answer is not an exact normalized extract of the supporting passage; semantic support requires manual review.
QA-0066,train,What is the rate of salary for the Comptroller and Auditor-General of India?,The rate of salary for the Comptroller and Auditor-General of India is four thousand rupees per mensem.,constitution,299,12(1),12. (1) There shall be paid to the Comptroller and Auditor-General of India a salary at the rate of *four thousand rupees per mensem.,MATCH,MATCHES_SUPPORTING_PASSAGE,False,,,,yes,NEEDS_REVIEW,Reference text occurs in the supplied supporting passage. Answer is not an exact normalized extract of the supporting passage; semantic support requires manual review.
QA-0067,train,"What is the Governor's authority to make regulations for the peace, progress, and good government of the Tuensang district?","The Governor may make regulations for the peace, progress, and good government of the Tuensang district and any regulations so made may repeal or amend with retrospective effect, if necessary, any Act of Parliament or any other law which is for the time being applicable to that district.",constitution,266,(d),"The Governor may make regulations for the peace, progress and good government of the Tuensang district and any regulations so made may repeal or amend with retrospective effect, if necessary, any Act of Parliament or any other law which is for the time being applicable to that district;",MATCH,MATCHES_SUPPORTING_PASSAGE,True,,,,yes,VERIFIED,"Reference text occurs in the supplied supporting passage. Schema, declared-page quotation, reference traceability, and extractive answer checks passed; question-answer legal correctness has not been established."
QA-0068,train,What specific areas of law are exempt from the application of Parliament Acts in the State of Nagaland?,"Religious or social practices of the Nagas, Naga customary law and procedure, administration of civil and criminal justice involving decisions according to Naga customary law, and ownership and transfer of land and its resources are exempt from the application of Parliament Acts in the State of Nagaland.",constitution,264,Not explicitly identified,"and.—(1) Notwithstanding anything in this Constitution,— (a) no Act of Parliament in respect of— (i) religious or social practices of the Nagas; (ii) Naga customary law and procedure; (iii) administration of civil and criminal justice involving decisions according to Naga customary law; (iv) ownership and transfer of land and its resources, shall apply to the State of Nagaland unless the Legislative Assembly of Nagaland by a resolution so decides;",MATCH,NOT_ASSERTED,False,,,,yes,NEEDS_REVIEW,Record does not assert a specific legal reference. Answer is not an exact normalized extract of the supporting passage; semantic support requires manual review.
QA-0069,train,"What happens to the rights, liabilities, and obligations related to the privy purse upon the commencement of the Constitution (Twenty-sixth Amendment) Act, 1971?","Upon the commencement of the Constitution (Twenty-sixth Amendment) Act, 1971, all rights, liabilities, and obligations in respect of privy purse are extinguished.",constitution,253,Not explicitly identified,"THE CONSTITUTION OF INDIA (Part XIX.—MISCELLANEOUS) 222 (b) on and from the commencement of the Constitution (Twenty- sixth Amendment) Act, 1971, privy purse is abolished and all rights, liabilities and obligations in respect of privy purse are extinguished and accordingly the Ruler or, as the case may be, the successor of such Ruler, referred to in clause ( a) or any other person shall not be paid any sum as privy purse.]",MATCH,NOT_ASSERTED,False,,,,yes,NEEDS_REVIEW,Record does not assert a specific legal reference. Answer is not an exact normalized extract of the supporting passage; semantic support requires manual review.
QA-0070,train,What is the subject of Article 31 of the Seventh Schedule of the Indian Constitution?,"Article 31 deals with Posts and telegraphs; telephones, wireless, broadcasting and other like forms of communication.",constitution,343,Article 31,"31. Posts and telegraphs; telephones, wireless, broadcasting and other like forms of communication.",MATCH,NUMBER_PRESENT_TYPE_UNCONFIRMED,False,,,,yes,NEEDS_REVIEW,"The number occurs in the passage, but the reference type is not explicitly established there. Legal-reference consistency requires manual source review. Answer is not an exact normalized extract of the supporting passage; semantic support requires manual review."
QA-0071,train,"What year did the Punjab Reorganisation Act, 1966 add the territory?","The Punjab Reorganisation Act, 1966 added the territory in 1966.",constitution,287,"Punjab Reorganisation Act, 1966 (31 of 1966), s. 7 (w.e.f. 1-11-1966)","5. Added by the Punjab Reorganisation Act, 1966 (31 of 1966), s. 7 (w.e.f. 1-11-1966).",MATCH,MATCHES_SUPPORTING_PASSAGE,False,,,,yes,NEEDS_REVIEW,Reference text occurs in the supplied supporting passage. Answer is not an exact normalized extract of the supporting passage; semantic support requires manual review.
QA-0072,test,What are the powers granted to Municipalities regarding the preparation of plans for economic development and social justice?,"Municipalities are granted the power to prepare plans for economic development and social justice, as specified in the passage.",constitution,162,Not explicitly identified,"rovisions for the devolution of powers and responsibilities upon Municipalities, subject to such conditions as may be specified therein, with respect to— (i) the preparation of plans for economic development and social justice;",MATCH,NOT_ASSERTED,False,,,,no_matching_prior_review,NEEDS_REVIEW,Record does not assert a specific legal reference. Answer is not an exact normalized extract of the supporting passage; semantic support requires manual review.
QA-0073,test,What are the articles and protocols mentioned in the passage?,"The passage mentions the agreement dated the 16th day of May, 1974 and the protocol dated the 6th day of September, 2011.",constitution,384,"Article 2 of the agreement dated the 16th day of May, 1974 and Article 3 (I) (b) (ii) (iii) (iv) (v) of the protocol dated the 6th day of September, 2011","THE CONSTITUTION OF INDIA (Appendix I) 353 THE FIRST SCHEDULE [See sections 2(a), 2(b) and 3] P A R T I The acquired territory in relation to Article 2 of the agreement dated the 16th day of May, 1974 and Article 3 (I) (b) (ii) (iii) (iv) (v) of the protocol dated the 6th day of September, 2011.",NO_NORMALIZED_MATCH,MATCHES_SUPPORTING_PASSAGE,False,,,,no_matching_prior_review,NEEDS_REVIEW,Supporting passage did not match the declared PDF page; this alone does not establish an incorrect answer. Reference text occurs in the supplied supporting passage. Answer is not an exact normalized extract of the supporting passage; semantic support requires manual review.
QA-0074,validation,What are the conditions under which a co-operative society's board can be superseded or kept under suspension?,"A co-operative society's board can be superseded or kept under suspension if there is no Government shareholding or loan or financial assistance or any guarantee by the Government, provided that the society does not carry on the business of banking.",constitution,170,Not explicitly identified,Provided further that the board of any such co-operative society shall not be superseded or kept under suspension where there is no Government shareholding or loan or financial assistance or any guarantee by the Government,MATCH,NOT_ASSERTED,False,,,,yes,NEEDS_REVIEW,Record does not assert a specific legal reference. Answer is not an exact normalized extract of the supporting passage; semantic support requires manual review.
QA-0075,train,What amendment inserted the proviso about the Bodoland Territorial Areas District?,"The Sixth Schedule to the Constitution (Amendment) Act, 2003 (44 of 2003), s. 2, inserted the proviso.",constitution,311,"Sixth Schedule to the Constitution (Amendment) Act, 2003 (44 of 2003), s. 2","Paragraph 1 has been amended in its application to the State of Assam by the Sixth Schedule to the Constitution (Amendment) Act, 2003 (44 of 2003), s. 2, so as to insert the following proviso after sub-paragraph (2), namely :—",MATCH,MATCHES_SUPPORTING_PASSAGE,False,,,,yes,NEEDS_REVIEW,Reference text occurs in the supplied supporting passage. Answer is not an exact normalized extract of the supporting passage; semantic support requires manual review.
QA-0076,train,How many seats are allocated to Telangana?,Telangana is allocated 7 seats.,constitution,304,Not explicitly identified,3[2. Telangana ................................ ................................ 7],MATCH,NOT_ASSERTED,False,,,,yes,NEEDS_REVIEW,Record does not assert a specific legal reference. Answer is not an exact normalized extract of the supporting passage; semantic support requires manual review.
QA-0077,test,What is the purpose of the warrant issued by the President for appointing the Comptroller and Auditor-General of India?,The warrant issued by the President under his hand and seal is used for appointing the Comptroller and Auditor-General of India.,constitution,99,148. Comptroller and Auditor-General of India,There shall be a Comptroller and Auditor-General of India who shall be appointed by the President by warrant under his hand and seal and shall only be removed from office in like manner and on the like grounds as a Judge of the Supreme Court.,MATCH,NOT_MATCHED,False,,,,no_matching_prior_review,NEEDS_REVIEW,The declared legal reference was not verified in the supporting passage. Legal-reference consistency requires manual source review. Answer is not an exact normalized extract of the supporting passage; semantic support requires manual review.
QA-0078,test,What is the date mentioned for the joint survey and agreement of the boundary in the Pakuria (Kushtia-Nadia) area?,"The boundary in the Pakuria (Kushtia-Nadia) area shall be drawn following the edge of River Mathabanga as jointly surveyed and agreed in June, 2011.",constitution,387,Not explicitly identified,"THE CONSTITUTION OF INDIA (Appendix I) 356 (iii) Pakuria (Kushtia-Nadia) area The boundary shall be drawn from existing Boundary Pillar No. 151/1-S to Boundary Pillar No. 152/2-S to follow the edge of River Mathabanga as jointly surveyed and agreed in June, 2011.",MATCH,NOT_ASSERTED,False,,,,no_matching_prior_review,NEEDS_REVIEW,Record does not assert a specific legal reference. Answer is not an exact normalized extract of the supporting passage; semantic support requires manual review.
QA-0079,train,What happens if a law made by a State Legislature is found to be repugnant to an earlier law made by Parliament?,"If a law made by the Legislature of a State is found to be repugnant to the provisions of an earlier law made by Parliament, then, the law so made by the Legislature of such State shall, if it has been reserved for the consideration of the President and has received his assent, prevail in that State.",constitution,179,2,"Where a law made by the Legislature of a State 1*** with respect to one of the matters enumerated in the Concurrent List contains any provision repugnant to the provisions of an earlier law made by Parliament or an existing law with respect to that matter, then, the law so made by the Legislature of such State shall, if it has been reserved for the consideration of the President and has received his assent, prevail in that State:",MATCH,AMBIGUOUS_UNTYPED_NUMBER,False,,,,yes,NEEDS_REVIEW,"A bare number does not establish whether it is an Article, Section, or another numbered entry. Legal-reference consistency requires manual source review. Answer is not an exact normalized extract of the supporting passage; semantic support requires manual review."
QA-0080,train,What Act is listed as 137 in the Ninth Schedule of the Indian Constitution?,"The Haryana Ceiling on Land Holdings (Amendment) Act, 1976 (Haryana Act 17 of 1976)",constitution,366,137,"137. The Haryana Ceiling on Land Holdings (Amendment) Act, 1976 (Haryana Act 17 of 1976).",MATCH,MATCHES_SUPPORTING_PASSAGE,True,,,,yes,VERIFIED,"Reference text occurs in the supplied supporting passage. Schema, declared-page quotation, reference traceability, and extractive answer checks passed; question-answer legal correctness has not been established."
QA-0081,validation,What are the penalties for failing to pay deductions made from a co-operative society's employees?,"Any employer who, without sufficient cause, fails to pay to a co-operative society amount deducted by him from its employee within a period of fourteen days from the date on which such deduction is made is subject to a penalty.",constitution,173,242 (c),"any employer who, without sufficient cause, fails to pay to a co-operative society amount deducted by him from its employee within a period of fourteen days from the date on which such deduction is made;",MATCH,NOT_MATCHED,False,,,,yes,NEEDS_REVIEW,The declared legal reference was not verified in the supporting passage. Legal-reference consistency requires manual source review. Answer is not an exact normalized extract of the supporting passage; semantic support requires manual review.
QA-0082,validation,What are the specific taxes included in List III of the Seventh Schedule of the Indian Constitution?,"Taxes on vehicles, whether mechanically propelled or not, suitable for use on roads, including tramcars, are included in List III of the Seventh Schedule of the Indian Constitution.",constitution,352,57,"57. Taxes on vehicles, whether mechanically propelled or not, suitable for use on roads, including tramcars",MATCH,MATCHES_SUPPORTING_PASSAGE,False,,,,yes,NEEDS_REVIEW,Reference text occurs in the supplied supporting passage. Answer is not an exact normalized extract of the supporting passage; semantic support requires manual review.
QA-0083,validation,"What is the purpose of the Constitution (Application to Jammu and Kashmir) Order, 2019?","The purpose of the Constitution (Application to Jammu and Kashmir) Order, 2019 is to supersede the Constitution (Application to Jammu and Kashmir) Order, 1954 as amended from time to time.",constitution,401,Not explicitly identified,"370 APPENDIX II 1THE CONSTITUTION (APPLICATION TO JAMMU AND KASHMIR) ORDER, 2019 C.O. 272 In exercise of the powers conferred by clause (1) of article 370 of the Constitution, the President, with the concurrence of the Government of State of Jammu and Kashmir, is pleased to make the following Order:—",MATCH,NOT_ASSERTED,False,,,,yes,NEEDS_REVIEW,Record does not assert a specific legal reference. Answer is not an exact normalized extract of the supporting passage; semantic support requires manual review.
QA-0084,train,What Act amended the Sixth Schedule to the Constitution in 1988?,"The Sixth Schedule to the Constitution (Amendment) Act, 1988 (67 of 1988)",constitution,336,"The Sixth Schedule to the Constitution (Amendment) Act, 1988 (67 of 1988)","7. Subs. by the Sixth Schedule to the Constitution (Amendment) Act, 1988 (67 of 1988), s. 2, for serial numbers 2 and 3 and the entries relating thereto (w.e.f. 16-12-1988).",MATCH,MATCHES_SUPPORTING_PASSAGE,True,,,,yes,VERIFIED,"Reference text occurs in the supplied supporting passage. Schema, declared-page quotation, reference traceability, and extractive answer checks passed; question-answer legal correctness has not been established."
QA-0085,train,What is the maximum duration after the commencement of the Constitution that the President can make adaptations or modifications to any law?,The maximum duration is three years from the commencement of the Constitution.,constitution,277,3,Nothing in clause (2) shall be deemed— (a) to empower the President to make any adaptation or modification of any law after the expiration of 1[three years] from the commencement of this Constitution;,MATCH,AMBIGUOUS_UNTYPED_NUMBER,False,,,,yes,NEEDS_REVIEW,"A bare number does not establish whether it is an Article, Section, or another numbered entry. Legal-reference consistency requires manual source review. Answer is not an exact normalized extract of the supporting passage; semantic support requires manual review."
QA-0086,train,"What are the amendments made by the Constitution (Seventy-eighth Amendment) Act, 1995?","The Constitution (Seventy-eighth Amendment) Act, 1995 amended entries 258 to 284.",constitution,374,"Constitution (Seventy-eighth Amendment) Act, 1995, s. 2 (w.e.f. 30-8-1995)","1. Entries 258 to 284 ins. by the Constitution (Seventy-eighth Amendment) Act, 1995, s. 2 (w.e.f. 30-8-1995).",MATCH,MATCHES_SUPPORTING_PASSAGE,False,,,,yes,NEEDS_REVIEW,Reference text occurs in the supplied supporting passage. Answer is not an exact normalized extract of the supporting passage; semantic support requires manual review.
QA-0087,train,Who is responsible for advising the President?,The Council of Ministers is responsible for advising the President.,constitution,8,74. Council of Ministers to aid and advise President,74. Council of Ministers to aid and advise President,MATCH,MATCHES_SUPPORTING_PASSAGE,False,,,,yes,NEEDS_REVIEW,Reference text occurs in the supplied supporting passage. Answer is not an exact normalized extract of the supporting passage; semantic support requires manual review.
QA-0088,train,What is the Governor's obligation when requested by the State Election Commission?,"The Governor of a State shall, when so requested by the State Election Commission, make available to the State Election Commission such staff as may be necessary for the discharge of the functions conferred on the State Election Commission by clause (1).",constitution,156,"125(3) The Governor of a State shall, when so requested by the State Election Commission, make available to the State Election Commission such staff as may be necessary for the discharge of the functions conferred on the State Election Commission by clause (1).","THE CONSTITUTION OF INDIA (Part IX.—The Panchayats) 125 (3) The Governor of a State shall, when so requested by the State Election Commission, make available to the State Election Commission such staff as may be necessary for the discharge of the functions conferred on the State Election Commission by clause (1).",MATCH,MATCHES_SUPPORTING_PASSAGE,True,,,,yes,VERIFIED,"Reference text occurs in the supplied supporting passage. Schema, declared-page quotation, reference traceability, and extractive answer checks passed; question-answer legal correctness has not been established."
QA-0089,train,What action can the President take when the Legislature of Puducherry is dissolved?,"The President can make regulations for the peace, progress and good government of the Union territory during the period of such dissolution or suspension.",constitution,149,article 239A(1),"THE CONSTITUTION OF INDIA (Part VIII.—The Union Territories) 118 1[Provided further that whenever the body functioning as a Legislature for the Union territory of 2[Puducherry] is dissolved, or the functioning of that body as such Legislature remains suspended on account of any action taken under any such law as is referred to in clause (1) of article 239A, the President may, during the period of such dissolution or suspension, make regulations for the peace, progress and good government of that Union territory.]",MATCH,NUMBER_PRESENT_TYPE_UNCONFIRMED,False,,,,yes,NEEDS_REVIEW,"The number occurs in the passage, but the reference type is not explicitly established there. Legal-reference consistency requires manual source review. Answer is not an exact normalized extract of the supporting passage; semantic support requires manual review."
QA-0090,train,What are the specific cases in which the Supreme Court has appellate jurisdiction over High Courts?,The Supreme Court has appellate jurisdiction over High Courts in certain cases.,constitution,11,132,132. Appellate jurisdiction of the Supreme Court in appeals from High Courts in certain cases.,MATCH,MATCHES_SUPPORTING_PASSAGE,False,,,,yes,NEEDS_REVIEW,Reference text occurs in the supplied supporting passage. Answer is not an exact normalized extract of the supporting passage; semantic support requires manual review.
QA-0091,train,What happens to property that was in possession or under control of the Government of India or a State at the date of accrual?,"Any property which at the date when it would have so accrued to His Majesty or to the Ruler of an Indian State was in the possession or under the control of the Government of India or the Government of a State shall, according as the purposes for which it was then used or held were purposes of the Union or of a State, vest in the Union or in that State.",constitution,200,Article 169,"THE CONSTITUTION OF INDIA (Part XII.—Finance, Property, Contracts and Suits) 169 Provided that any property which at the date when it would have so accrued to His Majesty or to the Ruler of an Indian State was in the possession or under the control of the Government of India or the Government of a State shall, according as the purposes for which it was then used or held were purposes of the Union or of a State, vest in the Union or in that State.",MATCH,NUMBER_PRESENT_TYPE_UNCONFIRMED,True,,,,yes,NEEDS_REVIEW,"The number occurs in the passage, but the reference type is not explicitly established there. Legal-reference consistency requires manual source review."
QA-0092,train,What is the condition for the cessation of grants for the Anglo-Indian community?,The grants for the benefit of the Anglo-Indian community will cease after ten years from the commencement of the Constitution.,constitution,225,337. Special provision with respect to educational grants for the benefit of Anglo-Indian community.,"At the end of ten years from the commencement of this Constitution such grants, to the extent to which they are a special concession to the Anglo-Indian community, shall cease:",MATCH,NOT_MATCHED,False,,,,yes,NEEDS_REVIEW,The declared legal reference was not verified in the supporting passage. Legal-reference consistency requires manual source review. Answer is not an exact normalized extract of the supporting passage; semantic support requires manual review.
QA-0093,train,What is the role of the Council of Ministers in relation to the Governor?,"The Council of Ministers, led by the Chief Minister, aids and advises the Governor in exercising his functions, except in matters where the Governor is required to act in his discretion. The validity of anything done by the Governor in such matters is not subject to judicial review.",constitution,103,163,"Council of Ministers to aid and advise Governor.—(1) There shall be a Council of Ministers with the Chief Minister at the head to aid and advise the Governor in the exercise of his functions, except in so far as he is by or under this Constitution required to exercise his functions or any of them in his discretion.",MATCH,AMBIGUOUS_UNTYPED_NUMBER,False,,,,yes,NEEDS_REVIEW,"A bare number does not establish whether it is an Article, Section, or another numbered entry. Legal-reference consistency requires manual source review. Answer is not an exact normalized extract of the supporting passage; semantic support requires manual review."
QA-0094,train,What is the main protection against arrest and detention in certain cases?,"No person who is arrested shall be detained in custody without being informed, as soon as may be, of the grounds for such arrest nor shall he be denied the right to consult, and to be defended by, a legal practitioner of his choice.",constitution,42,22. Protection against arrest and detention in certain cases.,"22. Protection against arrest and detention in certain cases. —(1) No person who is arrested shall be detained in custody without being informed, as soon as may be, of the grounds for such arrest nor shall he be denied the right to consult, and to be defended by, a legal practitioner of his choice.",MATCH,MATCHES_SUPPORTING_PASSAGE,True,,,,yes,VERIFIED,"Reference text occurs in the supplied supporting passage. Schema, declared-page quotation, reference traceability, and extractive answer checks passed; question-answer legal correctness has not been established."
QA-0095,train,What does the annual financial statement include?,"The annual financial statement includes the estimated receipts and expenditure of the State for that year, and it shows separately the sums required to meet expenditure described by this Constitution as expenditure charged upon the Consolidated Fund of the State and the sums required to meet other expenditure proposed to be made from the Consolidated Fund of the State, distinguishing expenditure on revenue account from other expenditure.",constitution,123,202,"The Governor shall in respect of every financial year cause to be laid before the House or Houses of the Legislature of the State a statement of the estimated receipts and expenditure of the State for that year, in this Part referred to as the “annual financial statement”. (2) The estimates of expenditure embodied in the annual financial statement shall show separately— (a) the sums required to meet expenditure described by this Constitution as expenditure charged upon the Consolidated Fund of the State; and (b) the sums required to meet other expenditure proposed to be made from the Consolidated Fund of the State, and shall distinguish expenditure on revenue account from other expenditure.",MATCH,AMBIGUOUS_UNTYPED_NUMBER,False,,,,yes,NEEDS_REVIEW,"A bare number does not establish whether it is an Article, Section, or another numbered entry. Legal-reference consistency requires manual source review. Answer is not an exact normalized extract of the supporting passage; semantic support requires manual review."
QA-0096,train,What Act was enacted in 1960 to abolish zamindari and biswadi in Uttar Pradesh?,"The Kumaun and Uttarakhand Zamindari Abolition and Land Reforms Act, 1960 (Uttar Pradesh Act XVII of 1960)",constitution,361,"57. The Kumaun and Uttarakhand Zamindari Abolition and Land Reforms Act, 1960 (Uttar Pradesh Act XVII of 1960)","57. The Kumaun and Uttarakhand Zamindari Abolition and Land Reforms Act, 1960 (Uttar Pradesh Act XVII of 1960)",MATCH,MATCHES_SUPPORTING_PASSAGE,True,,,,yes,VERIFIED,"Reference text occurs in the supplied supporting passage. Schema, declared-page quotation, reference traceability, and extractive answer checks passed; question-answer legal correctness has not been established."
QA-0097,train,What conditions of service can be varied or revoked for civil servants appointed before the Constitution's commencement?,"The conditions of service as respects pension of persons who, having been appointed by the Secretary of State or Secretary of State in Council to a civil service of the Crown in India before the commencement of this Constitution, can be varied or revoked, whether prospectively or retrospectively.",constitution,207,Not explicitly identified,"THE CONSTITUTION OF INDIA (Part XIV.—Services under the Union and the States) 176 (b) vary or revoke, whether prospectively or retrospectively, the conditions of service as respects pension of persons who, having been appointed by the Secretary of State or Secretary of State in Council to a civil service of the Crown in India before the commencement of this Constitution, retired or otherwise ceased to be in service at any time before the commencement of the Constitution (Twenty-eighth Amendment) Act, 1972:",MATCH,NOT_ASSERTED,False,,,,yes,NEEDS_REVIEW,Record does not assert a specific legal reference. Answer is not an exact normalized extract of the supporting passage; semantic support requires manual review.
QA-0098,train,What are the conditions under which a person can be disqualified from being a member of a State's Legislative Assembly or Legislative Council?,"A person can be disqualified for being a member of the Legislative Assembly or Legislative Council of a State if they hold any office of profit under the Government of India or the Government of any State specified in the First Schedule, other than an office declared by the Legislature of the State by law not to disqualify its holder (Article 86, 1(a)).",constitution,117,"Article 86, 1(a)","THE CONSTITUTION OF INDIA (Part VI.—The States) 86 191. Disqualifications for membership .—(1) A person shall be disqualified for being chosen as, and for being, a member of the Legislative Assembly or Legislative Council of a State— 1[(a) if he holds any office of profit under the Government of India or the Government of any State specified in the First Schedule, other than an office declared by the Legislature of the State by law not to disqualify its holder;]",MATCH,NUMBER_PRESENT_TYPE_UNCONFIRMED,False,,,,yes,NEEDS_REVIEW,"The number occurs in the passage, but the reference type is not explicitly established there. Legal-reference consistency requires manual source review. Answer is not an exact normalized extract of the supporting passage; semantic support requires manual review."
QA-0099,train,What happens to judgments and orders of the Federal Court before the Constitution's commencement?,Judgments and orders of the Federal Court delivered or made before the commencement of this Constitution shall have the same force and effect as if they had been delivered or made by the Supreme Court.,constitution,279,(2),"All suits, appeals and proceedings, civil or criminal, pending in the Federal Court at the commencement of this Constitution shall stand removed to the Supreme Court, and the Supreme Court shall have jurisdiction to hear and determine the same, and the judgments and orders of the Federal Court delivered or made before the commencement of this Constitution shall have the same force and effect as if they had been delivered or made by the Supreme Court.",MATCH,AMBIGUOUS_UNTYPED_NUMBER,True,,,,yes,NEEDS_REVIEW,"A bare number does not establish whether it is an Article, Section, or another numbered entry. Legal-reference consistency requires manual source review."
QA-0100,train,What year was the amendment that removed the reference to Odisha enacted?,The amendment that removed the reference to Odisha was enacted in 2000.,constitution,187,Not explicitly identified,"vied and collected by the Union and may be distributed between the Union and the States. ].—Omitted by the Constitution (Eightieth Amendment) Act, 2000, s. 4.",MATCH,NOT_ASSERTED,False,,,,yes,NEEDS_REVIEW,Record does not assert a specific legal reference. Answer is not an exact normalized extract of the supporting passage; semantic support requires manual review.
QA-0101,train,What is the purpose of the District Planning Committee's development plan?,The purpose of the District Planning Committee's development plan is to be forwarded to the Government of the State.,constitution,165,Not explicitly identified,"specify. (4) The Chairperson of every District Planning Committee shall forward the development plan, as recommended by such Committee, to the Government of the State.",MATCH,NOT_ASSERTED,False,,,,yes,NEEDS_REVIEW,Record does not assert a specific legal reference. Answer is not an exact normalized extract of the supporting passage; semantic support requires manual review.
QA-0102,train,What is the minimum percentage of members in a Metropolitan Planning Committee that must be elected by and from amongst the elected members of the Municipalities and Chairpersons of the Panchayats?,"Not less than two-thirds of the members of such Committee shall be elected by, and from amongst, the elected members of the Municipalities and Chairpersons of the Panchayats in the Metropolitan area in proportion to the ratio between the population of the Municipalities and of the Panchayats in that area.",constitution,166,Article 243ZA(1)(a),"THE CONSTITUTION OF INDIA (Part IXA.—The Municipalities) 135 Provided that not less than two-thirds of the members of such Committee shall be elected by, and from amongst, the elected members of the Municipalities and Chairpersons of the Panchayats in the Metropolitan area in proportion to the ratio between the population of the Municipalities and of the Panchayats in that area;",MATCH,NOT_MATCHED,True,,,,yes,NEEDS_REVIEW,The declared legal reference was not verified in the supporting passage. Legal-reference consistency requires manual source review.
QA-0103,train,What does the passage mention about the President's authority to abolish the Administrative Tribunal?,"The passage states that if the President is satisfied that the continued existence of the Administrative Tribunal is not necessary, the President may by order abolish the Administrative Tribunal and make such provisions in such order as he may deem fit for the transfer and disposal of cases pending before the Tribunal immediately before such abolition.",constitution,271,Not explicitly identified,"(8) If the President is satisfied that the continued existence of the Administrative Tribunal is not necessary, the President may by order abolish the Administrative Tribunal and make such provisions in such order as he may deem fit for the transfer and disposal of cases pending before the Tribunal immediately before such abolition.",MATCH,NOT_ASSERTED,False,,,,yes,NEEDS_REVIEW,Record does not assert a specific legal reference. Answer is not an exact normalized extract of the supporting passage; semantic support requires manual review.
QA-0104,train,"What is the year of enactment for the Mysore Tenancy Act, 1952?","The Mysore Tenancy Act, 1952 (Mysore Act XIII of 1952) was enacted in 1952.",constitution,360,Mysore Act XIII of 1952,"47. The Mysore Tenancy Act, 1952 (Mysore Act XIII of 1952).",MATCH,MATCHES_SUPPORTING_PASSAGE,False,,,,yes,NEEDS_REVIEW,Reference text occurs in the supplied supporting passage. Answer is not an exact normalized extract of the supporting passage; semantic support requires manual review.
QA-0105,train,What is the final decision on whether an amendment is inadmissible under article 204?,The decision of the person presiding as to whether an amendment is inadmissible under this clause shall be final.,constitution,124,article 204,"varying the amount or altering the destination of any grant so made or of varying the amount of any expenditure charged on the Consolidated Fund of the State, and the decision of the person presiding as to whether an amendment is inadmissible under this clause shall be final.",MATCH,NOT_MATCHED,True,,,,yes,NEEDS_REVIEW,The declared legal reference was not verified in the supporting passage. Legal-reference consistency requires manual source review.
QA-0106,train,What amendment removed the term 'Rajpramukh' from the constitution?,"The Constitution (Seventh Amendment) Act, 1956 removed the term 'Rajpramukh'.",constitution,194,Article/Section 29 and Sch. (w.e.f. 1-11-1956),"The words ""or Rajpramukh"" omitted by the Constitution (Seventh Amendment) Act, 1956, s. 29 and Sch. (w.e.f. 1-11-1956).",MATCH,NOT_MATCHED,False,,,,yes,NEEDS_REVIEW,The declared legal reference was not verified in the supporting passage. Legal-reference consistency requires manual source review. Answer is not an exact normalized extract of the supporting passage; semantic support requires manual review.
QA-0107,train,What is the final decision regarding whether a Money Bill is a Money Bill?,The final decision regarding whether a Money Bill is a Money Bill is made by the Speaker of the Legislative Assembly of the State.,constitution,122,Not explicitly identified,The decision of the Speaker of the Legislative Assembly of such State thereon shall be final.,MATCH,NOT_ASSERTED,False,,,,yes,NEEDS_REVIEW,Record does not assert a specific legal reference. Answer is not an exact normalized extract of the supporting passage; semantic support requires manual review.
QA-0108,train,What is the purpose of an inter-State Council established by the President?,"The purpose of an inter-State Council established by the President is to inquire into and advise upon disputes between States, investigate and discuss subjects of common interest among States and the Union, and make recommendations for better coordination of policy and action.",constitution,182,Not explicitly identified,"Provisions with respect to an inter-State Council.—If at any time it appears to the President that the public interests would be served by the establishment of a Council charged with the duty of— (a) inquiring into and advising upon disputes which may have arisen between States; (b) investigating and discussing subjects in which some or all of the States, or the Union and one or more of the States, have a common interest; or (c) making recommendations upon any such subject and, in particular, recommendations for the better co-ordination of policy and action with respect to that subject, it shall be lawful for the President by order to establish such a Council, and to define the nature of the duties to be performed by it and its organisation and procedure.",MATCH,NOT_ASSERTED,False,,,,yes,NEEDS_REVIEW,Record does not assert a specific legal reference. Answer is not an exact normalized extract of the supporting passage; semantic support requires manual review.
QA-0109,train,What is the purpose of the rules made by the Chairman or the Speaker of a House under the Constitution?,"The rules made by the Chairman or the Speaker of a House under the Constitution are to give effect to the provisions of this Schedule, and in particular, and without prejudice to the generality of the foregoing, such rules may provide for the maintenance of registers or other records as to the political parties to which different members of the House belong.",constitution,379,8. Rules.,"8. Rules.—(1) Subject to the provisions of sub-paragraph (2) of this paragraph, the Chairman or the Speaker of a House may make rules for giving effect to the provisions of this Schedule, and in particular, and without prejudice to the generality of the foregoing, such rules may provide for— (a) the maintenance of registers or other records as to the political parties, if any, to which different members of the House belong;",MATCH,MATCHES_SUPPORTING_PASSAGE,False,,,,yes,NEEDS_REVIEW,Reference text occurs in the supplied supporting passage. Answer is not an exact normalized extract of the supporting passage; semantic support requires manual review.
QA-0110,validation,What is the emoluments per mensem for the President and the Governors of the States?,"The emoluments per mensem for the President and the Governors of the States are 10,000 rupees and 5,500 rupees respectively.",constitution,294,Not explicitly identified,"1. There shall be paid to the President and to the Governors of the States 1*** the following emoluments per mensem, that is to say:— The President …… 10,000 rupees . The Governor of a State …… 5,500 rupees .",MATCH,NOT_ASSERTED,False,,,,yes,NEEDS_REVIEW,Record does not assert a specific legal reference. Answer is not an exact normalized extract of the supporting passage; semantic support requires manual review.
QA-0111,train,"What year did the Constitution (Ninety-second Amendment) Act, 2003, make changes to the Eighth Schedule?","The Constitution (Ninety-second Amendment) Act, 2003, made changes to the Eighth Schedule.",constitution,357,"Article 18(1) of the Constitution (Ninety-second Amendment) Act, 2003","Ins. by the Constitution (Ninety-second Amendment) Act, 2003, s. 2 (w.e.f. 7-1-2004).",MATCH,NOT_MATCHED,False,,,,yes,NEEDS_REVIEW,The declared legal reference was not verified in the supporting passage. Legal-reference consistency requires manual source review. Answer is not an exact normalized extract of the supporting passage; semantic support requires manual review.
QA-0112,train,What is the condition for the President's orders under Article 3 of the Constitution?,"The President may by order do anything (including any adaptation or modification of any other article) which appears to him to be necessary for the purpose of removing that difficulty, provided that no such order shall be made after the expiration of three years from the date of the formation of the State of Nagaland.",constitution,267,Article 3,"If any difficulty arises in giving effect to any of the foregoing provisions of this article, the President may by order do anything (including any adaptation or modification of any other article) which appears to him to be necessary for the purpose of removing that difficulty: Provided that no such order shall be made after the expiration of three years from the date of the formation of the State of Nagaland.",MATCH,NOT_MATCHED,True,,,,yes,NEEDS_REVIEW,The declared legal reference was not verified in the supporting passage. Legal-reference consistency requires manual source review.
QA-0113,train,What is the purpose of the order made under sub-paragraph (1) of paragraph 279(c)?,"The order made under sub-paragraph (1) of paragraph 279(c) declares any territory not previously included in any State to be, or to form part of, a Scheduled Area.",constitution,310,279(c),"THE CONSTITUTION OF INDIA (Fifth Schedule) 279 (c) on any alteration of the boundaries of a State or on the admission into the Union or the establishment of a new State, declare any territory not previously included in any State to be, or to form part of, a Scheduled Area;",MATCH,MATCHES_SUPPORTING_PASSAGE,False,,,,yes,NEEDS_REVIEW,Reference text occurs in the supplied supporting passage. Answer is not an exact normalized extract of the supporting passage; semantic support requires manual review.
QA-0114,train,What changes were made to Paragraph 16 in the States of Tripura and Mizoram?,"Paragraph 16 has been amended in its application to the States of Tripura and Mizoram by the Sixth Schedule to the Constitution (Amendment) Act, 1988 (67 of 1988).",constitution,332,"Sixth Schedule to the Constitution (Amendment) Act, 1988 (67 of 1988)","Paragraph 16 has been amended in its application to the States of Tripura and Mizoram by the Sixth Schedule to the Constitution (Amendment) Act, 1988 (67 of 1988)",MATCH,MATCHES_SUPPORTING_PASSAGE,True,,,,yes,VERIFIED,"Reference text occurs in the supplied supporting passage. Schema, declared-page quotation, reference traceability, and extractive answer checks passed; question-answer legal correctness has not been established."
QA-0115,train,What is the full name of the first legal claim mentioned in the passage?,Chhit Nalgram Sitalkuchi Patgarm,constitution,399,Not explicitly identified,43. (i) Chhit Nalgram Sitalkuchi Patgarm 66 49.5,MATCH,NOT_ASSERTED,True,,,,yes,VERIFIED,"Record does not assert a specific legal reference. Schema, declared-page quotation, reference traceability, and extractive answer checks passed; question-answer legal correctness has not been established."
QA-0116,test,What is the main topic covered by Article 17 of the Constitution?,Article 17 of the Constitution deals with the prevention of cruelty to animals.,constitution,353,Article 17,17. Prevention of cruelty to animals.,MATCH,NUMBER_PRESENT_TYPE_UNCONFIRMED,False,,,,no_matching_prior_review,NEEDS_REVIEW,"The number occurs in the passage, but the reference type is not explicitly established there. Legal-reference consistency requires manual source review. Answer is not an exact normalized extract of the supporting passage; semantic support requires manual review."
QA-0117,train,"How many members of the Legislative Assembly of the State are elected under sub-clauses (a), (b), and (c) of clause (3)?","As nearly as may be, one-third shall be elected by the members of the Legislative Assembly of the State from amongst persons who are not members of the Assembly.",constitution,109,Not explicitly identified,"as nearly as may be, one-third shall be elected by the members of the Legislative Assembly of the State from amongst persons who are not members of the Assembly;",MATCH,NOT_ASSERTED,True,,,,yes,VERIFIED,"Record does not assert a specific legal reference. Schema, declared-page quotation, reference traceability, and extractive answer checks passed; question-answer legal correctness has not been established."
QA-0118,train,What territories are covered by the regulations made by the President under Article 240?,"The territories covered by the regulations made by the President under Article 240 are the Andaman and Nicobar Islands, Lakshadweep, Dadra and Nagar Haveli and Daman and Diu.",constitution,148,Article 240,"240. Power of President to make regulations for certain Union territories.—(1) The President may make regulations for the peace, progress and good government of the Union territory of— (a) the Andaman and Nicobar Islands;",MATCH,NUMBER_PRESENT_TYPE_UNCONFIRMED,False,,,,yes,NEEDS_REVIEW,"The number occurs in the passage, but the reference type is not explicitly established there. Legal-reference consistency requires manual source review. Answer is not an exact normalized extract of the supporting passage; semantic support requires manual review."
QA-0119,train,What are the conditions under which a person can be disqualified from being a member of either House of Parliament?,"A person can be disqualified for being a member of either House of Parliament if they hold any office of profit under the Government of India or the Government of any State, other than an office declared by Parliament by law not to disqualify its holder (Article 46(1)(a))",constitution,77,Article 46(1)(a),"THE CONSTITUTION OF INDIA (Part V.—The Union) 46 102. Disqualifications for membership .—(1) A person shall be disqualified for being chosen as, and for being, a member of either House of Parliament— 1[(a) if he holds any office of profit under the Government of India or the Government of any State, other than an office declared by Parliament by law not to disqualify its holder;]",MATCH,NUMBER_PRESENT_TYPE_UNCONFIRMED,False,,,,yes,NEEDS_REVIEW,"The number occurs in the passage, but the reference type is not explicitly established there. Legal-reference consistency requires manual source review. Answer is not an exact normalized extract of the supporting passage; semantic support requires manual review."
QA-0120,validation,What is the condition for creating an all-India service?,"The Council of States must declare by resolution supported by not less than two-thirds of the members present and voting that it is necessary or expedient in the national interest so to do, for Parliament to create one or more all India services common to the Union and the States.",constitution,206,312(1) of the Constitution of India,"312. All-India services.—(1) Notwithstanding anything in 1[Chapter VI of Part VI or Part XI], if the Council of States has declared by resolution supported by not less than two-thirds of the members present and voting that it is necessary or expedient in the national interest so to do, Parliament may by law provide for the creation of one or more all India services 2[(including an all-India judicial service)] common to the Union and the States, and, subject to the other provisions of this Chapter, regulate the recruitment, and the conditions of service of persons appointed, to any such service.",MATCH,NOT_MATCHED,False,,,,yes,NEEDS_REVIEW,The declared legal reference was not verified in the supporting passage. Legal-reference consistency requires manual source review. Answer is not an exact normalized extract of the supporting passage; semantic support requires manual review.
QA-0121,train,What is the maximum duration a Municipality can continue after its dissolution?,A Municipality constituted upon the dissolution of a Municipality before the expiration of its duration can continue only for the remainder of the period for which the dissolved Municipality would have continued under clause (1) had it not been so dissolved.,constitution,161,Not explicitly identified,A Municipality constituted upon the dissolution of a Municipality before the expiration of its duration shall continue only for the remainder of the period for which the dissolved Municipality would have continued under clause (1) had it not been so dissolved.,MATCH,NOT_ASSERTED,False,,,,yes,NEEDS_REVIEW,Record does not assert a specific legal reference. Answer is not an exact normalized extract of the supporting passage; semantic support requires manual review.
QA-0122,train,What is the purpose of the certificate endorsed on every Money Bill?,The certificate endorsed on every Money Bill is signed by the Speaker of the House of the People.,constitution,82,"(3) If any question arises whether a Bill is a Money Bill or not, the decision of the Speaker of the House of the People thereon shall be final. (4) There shall be endorsed on every Money Bill when it is transmitted to the Council of States under article 109, and when it is presented to the President for assent under article 111, the certificate of the Speaker of the House of the People signed by him that it is a Money Bill.","There shall be endorsed on every Money Bill when it is transmitted to the Council of States under article 109, and when it is presented to the President for assent under article 111, the certificate of the Speaker of the House of the People signed by him that it is a Money Bill.",MATCH,NOT_MATCHED,False,,,,yes,NEEDS_REVIEW,The declared legal reference was not verified in the supporting passage. Legal-reference consistency requires manual source review. Answer is not an exact normalized extract of the supporting passage; semantic support requires manual review.
QA-0123,train,What is the purpose of Article 30 in the Constitution?,Article 30 protects the right of minorities to establish and administer educational institutions.,constitution,6,Article 30,30. Right of minorities to establish and administer educational institutions.,MATCH,NUMBER_PRESENT_TYPE_UNCONFIRMED,False,,,"QA-0030,QA-0056",yes,NEEDS_REVIEW,"The number occurs in the passage, but the reference type is not explicitly established there. Legal-reference consistency requires manual source review. Answer is not an exact normalized extract of the supporting passage; semantic support requires manual review. Near-duplicate question(s) at or above 90% similarity detected."
QA-0124,train,"What year did the Constitution (Thirty-fourth Amendment) Act, 1974 make an amendment to the Andhra Pradesh Land Reforms (Ceiling on Agricultural Holdings) Act, 1973?","The Constitution (Thirty-fourth Amendment) Act, 1974 made an amendment to the Andhra Pradesh Land Reforms (Ceiling on Agricultural Holdings) Act, 1973.",constitution,361,Not explicitly identified,"68. The Bihar Land Reforms (Fixation of Ceiling Area and Acquisition of Surplus Land) (Amendment) Act, 1972 (Bihar Act I of 1973).",MATCH,NOT_ASSERTED,False,,,,yes,NEEDS_REVIEW,Record does not assert a specific legal reference. Answer is not an exact normalized extract of the supporting passage; semantic support requires manual review.
QA-0125,test,Under what circumstances can the Lieutenant Governor take immediate action?,"The Lieutenant Governor can take immediate action if he deems it necessary for urgent matters, as stated in the passage: 'nding such decision it shall be competent for the Lieutenant Governor in any case where the matter, in his opinion, is so urgent that it is necessary for him to take immediate action, to take such action or to give such direction in the matter as he deems necessary.'",constitution,145,Not explicitly identified,"nding such decision it shall be competent for the Lieutenant Governor in any case where the matter, in his opinion, is so urgent that it is necessary for him to take immediate action, to take such action or to give such direction in the matter as he deems necessary.",MATCH,NOT_ASSERTED,False,,,,no_matching_prior_review,NEEDS_REVIEW,Record does not assert a specific legal reference. Answer is not an exact normalized extract of the supporting passage; semantic support requires manual review.
QA-0126,train,What are the conditions under which a product manufacturer is not liable for harm caused to a consumer?,A product manufacturer is not liable if the product was purchased by an employer for use at the workplace and the product manufacturer had provided warnings or instructions to such employer (a).,consumer_protection,32,Not explicitly identified,"urer shall not be liable, if— (a) the product was purchased by an employer for use at the workplace and the product manufacturer had provided warnings or instructions to such employer;",MATCH,NOT_ASSERTED,False,,,,yes,NEEDS_REVIEW,Record does not assert a specific legal reference. Answer is not an exact normalized extract of the supporting passage; semantic support requires manual review.
QA-0127,train,What is the time frame within which the District Commission must report the findings of the laboratory analysis?,The District Commission must report its findings within a period of forty-five days of the receipt of the reference or within such extended period as may be granted by it.,consumer_protection,19,Not explicitly identified,The District Commission within a period of forty-five days of the receipt of the reference or within such extended period as may be granted by it;,MATCH,NOT_ASSERTED,False,,,,yes,NEEDS_REVIEW,Record does not assert a specific legal reference. Answer is not an exact normalized extract of the supporting passage; semantic support requires manual review.
QA-0128,validation,What is the consequence of accepting a sum of money for compounding an offence?,"The acceptance of the sum of money for compounding an offence in accordance with sub-section (1) by the Central Authority or an officer of the Central Authority empowered in this behalf shall be deemed to amount to an acquittal within the meaning of the Code of Criminal Procedure, 1973.",consumer_protection,35,SEC. 1] THE GAZETTE OF INDIA EXTRAORDINARY 35 (3),"The acceptance of the sum of money for compounding an offence in accordance with sub-section (1) by the Central Authority or an officer of the Central Authority empowered in this behalf shall be deemed to amount to an acquittal within the meaning of the Code of Criminal Procedure, 1973.",MATCH,NOT_MATCHED,True,,,,yes,NEEDS_REVIEW,The declared legal reference was not verified in the supporting passage. Legal-reference consistency requires manual source review.
QA-0129,train,What are the responsibilities of the State Government regarding the State Commission?,The State Government shall determine the nature and categories of the officers and other employees required to assist the State Commission in the discharge of its functions and provide the Commission with such officers and other employees as it may think fit.,consumer_protection,23,46. (1) The State Government shall determine the nature and categories of the officers and other employees required to assist the State Commission in the discharge of its functions and provide the Commission with such officers and other employees as it may think fit.,46. (1) The State Government shall determine the nature and categories of the officers and other employees required to assist the State Commission in the discharge of its functions and provide the Commission with such officers and other employees as it may think fit.,MATCH,MATCHES_SUPPORTING_PASSAGE,True,,,,yes,VERIFIED,"Reference text occurs in the supplied supporting passage. Schema, declared-page quotation, reference traceability, and extractive answer checks passed; question-answer legal correctness has not been established."
QA-0130,train,What does the passage mention about the Central Government's role in making rules?,"The passage mentions that the Central Government may frame model rules in respect of all or any of the matters with respect to which the State Government may make rules under section 102, and where any such model rules have been framed, they shall apply to the State until the rules in respect of that matter is made by the State Government.",consumer_protection,37,section 102,"The State Governments may, by notification, make rules for carrying out the provisions of this Act: Provided that the Central Government may, frame model rules in respect of all or any of the matters with respect to which the State Government may make rules under this section, and where any such model rules have been framed in respect of any such matter, they shall apply to the State until the rules in respect of that matter is made by the State Government and while making any such rules, so far as is practicable, they shall conform to such model rules.",MATCH,NOT_MATCHED,False,,,,yes,NEEDS_REVIEW,The declared legal reference was not verified in the supporting passage. Legal-reference consistency requires manual source review. Answer is not an exact normalized extract of the supporting passage; semantic support requires manual review.
QA-0131,train,What does the term 'spurious goods' refer to in the context of consumer protection?,Spurious goods are such goods which are falsely claimed to be genuine.,consumer_protection,7,43,"rge or under a contract of personal service; (43) ""spurious goods"" means such goods which are falsely claimed to be genuine;",MATCH,MATCHES_SUPPORTING_PASSAGE,False,,QA-0200,,yes,NEEDS_REVIEW,Reference text occurs in the supplied supporting passage. Answer is not an exact normalized extract of the supporting passage; semantic support requires manual review. Exact duplicate answer detected.
QA-0132,train,Who presides over the National Commission in the absence of its President?,The senior-most person amongst such members presides over the National Commission in the absence of its President.,consumer_protection,27,64,"or where the number of such members is more than one, the senior-most person amongst such members, shall preside over the National Commission in the absence of President of that Commission.",MATCH,AMBIGUOUS_UNTYPED_NUMBER,False,,,,yes,NEEDS_REVIEW,"A bare number does not establish whether it is an Article, Section, or another numbered entry. Legal-reference consistency requires manual source review. Answer is not an exact normalized extract of the supporting passage; semantic support requires manual review."
QA-0133,train,What is the purpose of a 'recognised consumer association' as mentioned in the passage?,The purpose of a 'recognised consumer association' is to provide the benefit of all consumers interested.,consumer_protection,18,Not explicitly identified,"r for the benefit of, all consumers so interested;",MATCH,NOT_ASSERTED,False,,,QA-0226,yes,NEEDS_REVIEW,Record does not assert a specific legal reference. Answer is not an exact normalized extract of the supporting passage; semantic support requires manual review. Near-duplicate question(s) at or above 90% similarity detected.
QA-0134,train,What type of representation is prohibited by the passage?,"Making a representation in a form that purports to be a warranty or guarantee of a product or of any goods or services, or a promise to replace, maintain or repair an article or any part thereof or to repeat or continue a service until it has achieved a specified result is prohibited.",consumer_protection,8,Not explicitly identified,"of such defence shall lie on the person raising such defence; (h) makes to the public a representation in a form that purports to be— (A) a warranty or guarantee of a product or of any goods or services; or (B) a promise to replace, maintain or repair an article or any part thereof or to repeat or continue a service until it has achieved a specified result,",MATCH,NOT_ASSERTED,False,,QA-0227,,yes,NEEDS_REVIEW,Record does not assert a specific legal reference. Answer is not an exact normalized extract of the supporting passage; semantic support requires manual review. Exact duplicate answer detected.
QA-0135,validation,What is the maximum fine for causing a false or misleading advertisement to be made which is prejudicial to the interest of consumers?,"Any manufacturer or service provider who causes a false or misleading advertisement to be made which is prejudicial to the interest of consumers shall be punished with imprisonment for a term which may extend to two years and with fine which may extend to ten lakh rupees; and for every subsequent offence, be punished with imprisonment for a term which may extend to five years and with fine which may extend to fifty lakh rupees.",consumer_protection,33,89,"89. Any manufacturer or service provider who causes a false or misleading advertisement to be made which is prejudicial to the interest of consumers shall be punished with imprisonment for a term which may extend to two years and with fine which may extend to ten lakh rupees; and for every subsequent offence, be punished with imprisonment for a term which may extend to five years and with fine which may extend to fifty lakh rupees.",MATCH,MATCHES_SUPPORTING_PASSAGE,True,,QA-0201,QA-0201,yes,NEEDS_REVIEW,Reference text occurs in the supplied supporting passage. Exact duplicate answer detected. Near-duplicate question(s) at or above 90% similarity detected.
QA-0136,train,"What are the penalties for non-compliance with orders issued by the District Commission, State Commission, and National Commission?",Penalties for non-compliance of order,consumer_protection,29,Not explicitly identified,"ement of orders of District Commission, State Commission and National Commission. Penalty for non- compliance of order.",MATCH,NOT_ASSERTED,False,,,,yes,NEEDS_REVIEW,Record does not assert a specific legal reference. Answer is not an exact normalized extract of the supporting passage; semantic support requires manual review.
QA-0137,validation,Under what conditions can an offence be compounded?,"An offence punishable under sections 88 and 89 can be compounded on payment of such amount as may be prescribed, provided that no compounding of such offence shall be made without the leave of the court before which a complaint has been filed under section 92, and such sum shall not, in any case, exceed the maximum amount of the fine, which may be imposed under this Act for the offence so compounded.",consumer_protection,34,Not explicitly identified,"Any offence punishable under sections 88 and 89, may, either before or after the institution of the prosecution, be compounded, on payment of such amount as may be prescribed: Provided that no compounding of such offence shall be made without the leave of the court before which a complaint has been filed under section 92: Provided further that such sum shall not, in any case, exceed the maximum amount of the fine, which may be imposed under this Act for the offence so compounded.",MATCH,NOT_ASSERTED,False,,,,yes,NEEDS_REVIEW,Record does not assert a specific legal reference. Answer is not an exact normalized extract of the supporting passage; semantic support requires manual review.
QA-0138,train,What is the maximum age limit for the President of the National Commission?,The maximum age limit for the President of the National Commission is 70 years.,consumer_protection,25,Not explicitly identified,the age of seventy years;,MATCH,NOT_ASSERTED,False,,,,yes,NEEDS_REVIEW,Record does not assert a specific legal reference. Answer is not an exact normalized extract of the supporting passage; semantic support requires manual review.
QA-0139,train,What is the maximum time limit for disposing of an appeal filed before the State Commission or the National Commission?,Every endeavour shall be made to dispose of the appeal within a period of ninety days from the date of its admission.,consumer_protection,25,52,"52. An appeal filed before the State Commission or the National Commission, as the case may be, shall be heard as expeditiously as possible and every endeavour shall be made to dispose of the appeal within a period of ninety days from the date of its admission:",MATCH,MATCHES_SUPPORTING_PASSAGE,True,,,,yes,VERIFIED,"Reference text occurs in the supplied supporting passage. Schema, declared-page quotation, reference traceability, and extractive answer checks passed; question-answer legal correctness has not been established."
QA-0140,train,What is the purpose of the National Commission established by the Central Government?,"The purpose of the National Commission is to establish a National Consumer Disputes Redressal Commission, to be known as the National Commission, by notification.",consumer_protection,25,53(1),"53. (1) The Central Government shall, by notification, establish a National Consumer Disputes Redressal Commission, to be known as the National Commission.",MATCH,MATCHES_SUPPORTING_PASSAGE,False,,,,yes,NEEDS_REVIEW,Reference text occurs in the supplied supporting passage. Answer is not an exact normalized extract of the supporting passage; semantic support requires manual review.
QA-0141,train,What does the term 'person' include under the consumer protection law?,"A person includes an individual, a firm whether registered or not, a Hindu undivided family, a co-operative society, an association of persons whether registered under the Societies Registration Act, 1860 or not, any corporation, company or a body of individuals whether incorporated or not, and any artificial juridical person, not falling within any of the preceding sub-clauses.",consumer_protection,6,31,"31) ""person"" includes— (i) an individual; (ii) a firm whether registered or not; (iii) a Hindu undivided family; (iv) a co-operative society; (v) an association of persons whether registered under the Societies Registration Act, 1860 or not; (vi) any corporation, company or a body of individuals whether incorporated or not; (vii) any artificial juridical person, not falling within any of the preceding sub-clauses;",MATCH,MATCHES_SUPPORTING_PASSAGE,False,,,,yes,NEEDS_REVIEW,Reference text occurs in the supplied supporting passage. Answer is not an exact normalized extract of the supporting passage; semantic support requires manual review.
QA-0142,validation,"What is the punishment for manufacturing for sale or storing, selling, or distributing or importing products containing adulterant?","Whoever, by himself or by any other person on his behalf, manufactures for sale or stores or sells or distributes or imports any spurious goods shall be punished, if such act— (a) causing injury not amounting to grievous hurt to the consumer, with imprisonment for a term which may extend to one year and with fine which may extend to three lakh rupees;",consumer_protection,33,91(1)(a),"Punishment for manufacturing for sale or storing, selling or distributing or importing products containing adulterant. Punishment for manufacturing for sale or for storing or selling or distributing or importing spurious goods.",MATCH,NOT_MATCHED,False,,QA-0229,QA-0229,yes,NEEDS_REVIEW,The declared legal reference was not verified in the supporting passage. Legal-reference consistency requires manual source review. Answer is not an exact normalized extract of the supporting passage; semantic support requires manual review. Exact duplicate answer detected. Near-duplicate question(s) at or above 90% similarity detected.
QA-0143,train,What is the maximum time frame within which a person can file an appeal against an order of the Central Authority?,A person aggrieved by any order passed by the Central Authority under sections 20 and 21 may file an appeal to the National Commission within a period of thirty days from the date of receipt of such order.,consumer_protection,16,24,24. A person aggrieved by any order passed by the Central Authority under sections 20 and 21 may file an appeal to the National Commission within a period of thirty days from the date of receipt of such order.,MATCH,MATCHES_SUPPORTING_PASSAGE,True,,,,yes,VERIFIED,"Reference text occurs in the supplied supporting passage. Schema, declared-page quotation, reference traceability, and extractive answer checks passed; question-answer legal correctness has not been established."
QA-0144,train,What is the purpose of not invalidating proceedings of the Central Authority?,The purpose is to not invalidate proceedings of the Central Authority.,consumer_protection,12,Not explicitly identified,"ncy, etc., not to invalidate proceedings of Central Authority.",MATCH,NOT_ASSERTED,False,,,,yes,NEEDS_REVIEW,Record does not assert a specific legal reference. Answer is not an exact normalized extract of the supporting passage; semantic support requires manual review.
QA-0145,train,What is the condition for a person to have their appeal by a National Commission order entertained by the Supreme Court?,A person who is required to pay any amount in terms of an order of the National Commission shall have their appeal entertained by the Supreme Court if they have deposited fifty per cent. of that amount in the manner as may be prescribed.,consumer_protection,28,Not explicitly identified,in that period: Provided further that no appeal by a person who is required to pay any amount in terms of an order of the National Commission shall be entertained by the Supreme Court unless that person has deposited fifty per cent. of that amount in the manner as may be prescribed.,MATCH,NOT_ASSERTED,False,,,,yes,NEEDS_REVIEW,Record does not assert a specific legal reference. Answer is not an exact normalized extract of the supporting passage; semantic support requires manual review.
QA-0146,train,What is the time frame within which an aggrieved party can apply to the National Commission to set aside an order?,An aggrieved party can apply to the National Commission to set aside an order within thirty days of such order.,consumer_protection,27,61,"61. Where an order is passed by the National Commission ex parte, the aggrieved party may make an application to the Commission for setting aside such order.",MATCH,MATCHES_SUPPORTING_PASSAGE,False,,,,yes,NEEDS_REVIEW,Reference text occurs in the supplied supporting passage. Answer is not an exact normalized extract of the supporting passage; semantic support requires manual review.
QA-0147,train,What is the purpose of the Central Council under the Consumer Protection Act?,The purpose of the Central Council is to render advice on promotion and protection of the consumers' rights under this Act.,consumer_protection,10,Not explicitly identified,The objects of the Central Council shall be to render advice on promotion and protection of the consumers' rights under this Act.,MATCH,NOT_ASSERTED,False,,,,yes,NEEDS_REVIEW,Record does not assert a specific legal reference. Answer is not an exact normalized extract of the supporting passage; semantic support requires manual review.
QA-0148,train,What is the duty of the mediator as stated in the passage?,"The duty of the mediator is to disclose— (a) any personal, professional or financial interest in the outcome of the consumer dispute; (b) the circumstances which may give rise to a justifiable doubt as to his independence or impartiality; and (c) such other facts as may be specified by regulations.",consumer_protection,30,77,"77. It shall be the duty of the mediator to disclose— (a) any personal, professional or financial interest in the outcome of the consumer dispute; (b) the circumstances which may give rise to a justifiable doubt as to his independence or impartiality; and (c) such other facts as may be specified by regulations.",MATCH,MATCHES_SUPPORTING_PASSAGE,False,,,,yes,NEEDS_REVIEW,Reference text occurs in the supplied supporting passage. Answer is not an exact normalized extract of the supporting passage; semantic support requires manual review.
QA-0149,train,Who can be directed by the National Commission to assist them in cases involving the larger interest of consumers?,Any individual or organisation or expert,consumer_protection,28,66,"Where the National Commission or the State Commission, as the case may be, on an application by a complainant or otherwise, is of the opinion that it involves the larger interest of consumers, it may direct any individual or organisation or expert to assist the National Commission or the State Commission, as the case may be.",MATCH,AMBIGUOUS_UNTYPED_NUMBER,True,,,,yes,NEEDS_REVIEW,"A bare number does not establish whether it is an Article, Section, or another numbered entry. Legal-reference consistency requires manual source review."
QA-0150,train,What is the purpose of the Central Authority's opportunity to be heard?,The Central Authority shall give the person an opportunity of being heard before an order under this section is passed.,consumer_protection,15,Not explicitly identified,The Central Authority shall give the person an opportunity of being heard before an order under this section is passed.,MATCH,NOT_ASSERTED,True,,QA-0233,,yes,NEEDS_REVIEW,Record does not assert a specific legal reference. Exact duplicate answer detected.
QA-0151,train,What is the procedure for the District Commission when a complaint relates to goods?,"When a complaint relates to any goods, the District Commission shall refer a copy of the admitted complaint, within twenty-one days from the date of its admission, to the opposite party mentioned in the complaint, directing him to give his version of the case within a period of thirty days or such extended period not exceeding fifteen days as may be granted by it.",consumer_protection,19,38. (1),"38. (1) The District Commission shall, on admission of a complaint, or in respect of cases referred for mediation on failure of settlement by mediation, proceed with such complaint. (2) Where the complaint relates to any goods, the District Commission shall,— (a) refer a copy of the admitted complaint, within twenty-one days from the date of its admission to the opposite party mentioned in the complaint directing him to give his version of the case within a period of thirty days or such extended period not exceeding fifteen days as may be granted by it;",MATCH,MATCHES_SUPPORTING_PASSAGE,False,,,,yes,NEEDS_REVIEW,Reference text occurs in the supplied supporting passage. Answer is not an exact normalized extract of the supporting passage; semantic support requires manual review.
QA-0152,train,What is the maximum time frame within which a consumer can request a refund for goods sold or services rendered?,"The maximum time frame within which a consumer can request a refund for goods sold or services rendered is within thirty days, unless specified in the bill or cash memo or receipt, in which case it is within the period stipulated in the bill or cash memo or receipt.",consumer_protection,10,Not explicitly identified,"ll or cash memo or receipt for the goods sold or services rendered in such manner as may be prescribed; (viii) refusing, after selling goods or rendering services, to take back or withdraw defective goods or to withdraw or discontinue deficient services and to refund the consideration thereof, if paid, within the period stipulated in the bill or cash memo or receipt or in the absence of such stipulation, within a period of thirty days;",MATCH,NOT_ASSERTED,False,,,,yes,NEEDS_REVIEW,Record does not assert a specific legal reference. Answer is not an exact normalized extract of the supporting passage; semantic support requires manual review.
QA-0153,train,What are the conditions under which a claim for product liability can be made?,"A claim for product liability action lies against the product manufacturer, product seller or product service provider, as the case may be.",consumer_protection,3,vii,"a claim for product liability action lies against the product manufacturer, product seller or product service provider, as the case may be;",MATCH,NOT_MATCHED,True,,QA-0208,QA-0208,yes,NEEDS_REVIEW,The declared legal reference was not verified in the supporting passage. Legal-reference consistency requires manual source review. Exact duplicate answer detected. Near-duplicate question(s) at or above 90% similarity detected.
QA-0154,train,What are the requirements for the establishment of regional benches of the State Commission?,"The State Government may, by notification, establish regional benches of the State Commission, at such places, as it deems fit.",consumer_protection,22,section 80. 42(3),"The State Government may, by notification, establish regional benches of the State Commission, at such places, as it deems fit.",MATCH,NOT_MATCHED,True,,,,yes,NEEDS_REVIEW,The declared legal reference was not verified in the supporting passage. Legal-reference consistency requires manual source review.
QA-0155,test,What does a 'complainant' include under section 10?,"A 'complainant' includes a consumer, a voluntary consumer association registered under any law for the time being in force, the Central Government or any State Government, the Central Authority, one or more consumers having the same interest, a consumer's legal heir or legal representative, or a consumer's parent or legal guardian.",consumer_protection,2,Not explicitly identified,"or (ii) any voluntary consumer association registered under any law for the time being in force; or (iii) the Central Government or any State Government; or (iv) the Central Authority; or (v) one or more consumers, where there are numerous consumers having the same interest; or (vi) in case of death of a consumer, his legal heir or legal representative; or (vii) in case of a consumer being a minor, his parent or legal guardian;",MATCH,NOT_ASSERTED,False,,,,no_matching_prior_review,NEEDS_REVIEW,Record does not assert a specific legal reference. Answer is not an exact normalized extract of the supporting passage; semantic support requires manual review.
QA-0156,train,What does the passage define as 'materially misleading' in the context of consumer protection?,"The passage defines 'materially misleading' as a situation where a purported warranty, guarantee, or promise is misleading to the public concerning the price at which a product or like products or goods or services have been or are, ordinarily sold or provided.",consumer_protection,9,SEC. 1],"SEC. 1] THE GAZETTE OF INDIA EXTRAORDINARY 9 if such purported warranty or guarantee or promise is materially misleading or if there is no reasonable prospect that such warranty, guarantee or promise will be carried out;",MATCH,MATCHES_SUPPORTING_PASSAGE,False,,,,yes,NEEDS_REVIEW,Reference text occurs in the supplied supporting passage. Answer is not an exact normalized extract of the supporting passage; semantic support requires manual review.
QA-0157,train,What is the purpose of the provision made in the Official Gazette?,"The purpose of the provision made in the Official Gazette is to make such provisions not inconsistent with the provisions of the Consumer Protection Act, 1986 as appear to the Central Authority to be necessary or expedient for removing the difficulty.",consumer_protection,39,Not explicitly identified,"r in the Official Gazette, make such provisions not inconsistent with the provisions of this Act as appear to it to be necessary or expedient for removing the difficulty:",MATCH,NOT_ASSERTED,False,,,,yes,NEEDS_REVIEW,Record does not assert a specific legal reference. Answer is not an exact normalized extract of the supporting passage; semantic support requires manual review.
QA-0158,train,What is the maximum time frame within which a complaint should be decided by the District Commission?,Every complaint shall be disposed of as expeditiously as possible and endeavour shall be made to decide the complaint within a period of three months from the date of receipt of notice by opposite party where the complaint does not require analysis or testing of commodities and within five months if it requires analysis or testing of commodities.,consumer_protection,20,Not explicitly identified,Every complaint shall be disposed of as expeditiously as possible and endeavour shall be made to decide the complaint within a period of three months from the date of receipt of notice by opposite party where the complaint does not require analysis or testing of commodities and within five months if it requires analysis or testing of commodities:,MATCH,NOT_ASSERTED,True,,,,yes,VERIFIED,"Record does not assert a specific legal reference. Schema, declared-page quotation, reference traceability, and extractive answer checks passed; question-answer legal correctness has not been established."
QA-0159,train,What is the purpose of the Central Government's rules regarding the qualifications and terms of service for the Central Authority?,"The Central Government may, by notification, make rules to provide for the qualifications for appointment, method of recruitment, procedure for appointment, term of office, salaries and allowances, resignation, removal and other terms and conditions of the service of the Chief Commissioner and Commissioners of the Central Authority.",consumer_protection,12,11,"11. The Central Government may, by notification, make rules to provide for the qualifications for appointment, method of recruitment, procedure for appointment, term of office, salaries and allowances, resignation, removal and other terms and conditions of the service of the Chief Commissioner and Commissioners of the Central Authority.",MATCH,MATCHES_SUPPORTING_PASSAGE,True,,,,yes,VERIFIED,"Reference text occurs in the supplied supporting passage. Schema, declared-page quotation, reference traceability, and extractive answer checks passed; question-answer legal correctness has not been established."
QA-0160,train,"What is the short title of the Consumer Protection Act, 2019?","This Act may be called the Consumer Protection Act, 2019.",consumer_protection,1,1(2),"This Act may be called the Consumer Protection Act, 2019.",MATCH,NOT_MATCHED,True,,,,yes,NEEDS_REVIEW,The declared legal reference was not verified in the supporting passage. Legal-reference consistency requires manual source review.
QA-0161,train,What is the power granted to the State Commission regarding orders it has made?,"The State Commission has the power to review any of the order passed by it if there is an error apparent on the face of the record, either of its own motion or on an application made by any of the parties within thirty days of such order.",consumer_protection,24,50,"50. The State Commission shall have the power to review any of the order passed by it if there is an error apparent on the face of the record, either of its own motion or on an application made by any of the parties within thirty days of such order.",MATCH,MATCHES_SUPPORTING_PASSAGE,False,,,,yes,NEEDS_REVIEW,Reference text occurs in the supplied supporting passage. Answer is not an exact normalized extract of the supporting passage; semantic support requires manual review.
QA-0162,train,What is the timeframe within which the acknowledgment must be received by the relevant commission?,"The acknowledgment must be received by the District Commission, the State Commission or the National Commission within thirty days from the date of issue of notice.",consumer_protection,27,Not explicitly identified,"hall be made notwithstanding the fact that the acknowledgment has been lost or misplaced, or for any other reason, has not been received by the District Commission, the State Commission or the National Commission, as the case may be, within thirty days from the date of issue of notice.",MATCH,NOT_ASSERTED,False,,QA-0238,QA-0238,yes,NEEDS_REVIEW,Record does not assert a specific legal reference. Answer is not an exact normalized extract of the supporting passage; semantic support requires manual review. Exact duplicate answer detected. Near-duplicate question(s) at or above 90% similarity detected.
QA-0163,validation,What are the penalties for causing injury resulting in grievous hurt to a consumer?,The penalties for causing injury resulting in grievous hurt to a consumer are imprisonment for a term which may extend to seven years and with a fine which may extend to five lakh rupees.,consumer_protection,34,article/section 88,"THE GAZETTE OF INDIA EXTRAORDINARY [P ART II— (b) causing injury resulting in grievous hurt to the consumer, with imprisonment for a term which may extend to seven years and with fine which may extend to five lakh rupees;",NO_NORMALIZED_MATCH,NOT_MATCHED,False,,,,yes,NEEDS_REVIEW,Supporting passage did not match the declared PDF page; this alone does not establish an incorrect answer. The declared legal reference was not verified in the supporting passage. Legal-reference consistency requires manual source review. Answer is not an exact normalized extract of the supporting passage; semantic support requires manual review.
QA-0164,train,What year did the Act of Parliament receive assent?,The Act of Parliament received assent in 2019.,consumer_protection,1,Not explicitly identified,"1941 (Saka) The following Act of Parliament received the assent of the President on the 9th August, 2019, and is hereby published for general information:",MATCH,NOT_ASSERTED,False,,,,yes,NEEDS_REVIEW,Record does not assert a specific legal reference. Answer is not an exact normalized extract of the supporting passage; semantic support requires manual review.
QA-0165,train,"What does section 6 of the General Clauses Act, 1897 cover?","Section 6 of the General Clauses Act, 1897 covers the effect of repeal.",consumer_protection,40,Not explicitly identified,"(3) The mention of particular matters in sub-section (2) shall not be held to prejudice or affect the general application of section 6 of the General Clauses Act, 1897 with regard to the effect of repeal.",MATCH,NOT_ASSERTED,False,,,,yes,NEEDS_REVIEW,Record does not assert a specific legal reference. Answer is not an exact normalized extract of the supporting passage; semantic support requires manual review.
QA-0166,train,"What is the jurisdiction of the District Commission, State Commission, and National Commission under the Code of Criminal Procedure, 1973?","The District Commission, State Commission, and National Commission are deemed to be a Judicial Magistrate of first class for the purposes of the Code of Criminal Procedure, 1973.",consumer_protection,29,Not explicitly identified,"sion or the State Commission or the National Commission, as the case may be, shall be deemed to be a Judicial Magistrate of first class for the purposes of the Code of Criminal Procedure, 1973.",MATCH,NOT_ASSERTED,False,,,QA-0216,yes,NEEDS_REVIEW,Record does not assert a specific legal reference. Answer is not an exact normalized extract of the supporting passage; semantic support requires manual review. Near-duplicate question(s) at or above 90% similarity detected.
QA-0167,train,What is one of the functions of the Central Authority?,The Central Authority undertakes and promotes research in the field of consumer rights.,consumer_protection,13,Not explicitly identified,undertake and promote research in the field of consumer rights;,MATCH,NOT_ASSERTED,False,,,,yes,NEEDS_REVIEW,Record does not assert a specific legal reference. Answer is not an exact normalized extract of the supporting passage; semantic support requires manual review.
QA-0168,train,What is the time frame within which the President or the other member must give their opinion on the referred points?,"The President or the other member, as the case may be, shall give opinion on the point or points so referred within a period of two months from the date of such reference.",consumer_protection,26,7 of 2017,"Provided that the President or the other member, as the case may be, shall give opinion on the point or points so referred within a period of two months from the date of such reference.",MATCH,NOT_MATCHED,True,,,,no,NEEDS_REVIEW,The declared legal reference was not verified in the supporting passage. Legal-reference consistency requires manual source review.
QA-0169,train,What are the matters that may be prescribed under clause (f) of sub-section (9) of section 38?,The matters that may be prescribed under clause (f) of sub-section (9) of section 38 include any other matter which may be prescribed.,consumer_protection,36,Not explicitly identified,any other matter which may be prescribed under clause (f) of sub-section (9) of section 38;,MATCH,NOT_ASSERTED,False,,,,yes,NEEDS_REVIEW,Record does not assert a specific legal reference. Answer is not an exact normalized extract of the supporting passage; semantic support requires manual review.
QA-0170,train,What are the conditions under which the National Commission may exercise jurisdiction over consumer disputes?,"The National Commission may exercise jurisdiction over consumer disputes where the value of goods or services paid as consideration exceeds ten crore rupees, and in appeals against the orders of any State Commission or the Central Authority.",consumer_protection,26,"(ii) complaints against unfair contracts, where the value of goods or services paid as consideration exceeds ten crore rupees","ment deems it necessary so to do, it may prescribe such other value, as it deems fit; (ii) complaints against unfair contracts, where the value of goods or services paid as consideration exceeds ten crore rupees;",MATCH,MATCHES_SUPPORTING_PASSAGE,False,,,,yes,NEEDS_REVIEW,Reference text occurs in the supplied supporting passage. Answer is not an exact normalized extract of the supporting passage; semantic support requires manual review.
QA-0171,train,What are the main purposes of the Central Authority as described in the passage?,"The Central Authority can inquire or cause an inquiry or investigation into violations of consumer rights or unfair trade practices, file complaints before the District Commission, State Commission, or National Commission, and intervene in any proceedings before these commissions.",consumer_protection,13,(2) Without prejudice to the generality of the provisions contained in sub-section (1),"Without prejudice to the generality of the provisions contained in sub-section (1), the Central Authority may, for any of the purposes aforesaid,—",MATCH,NOT_MATCHED,False,,,QA-0230,yes,NEEDS_REVIEW,The declared legal reference was not verified in the supporting passage. Legal-reference consistency requires manual source review. Answer is not an exact normalized extract of the supporting passage; semantic support requires manual review. Near-duplicate question(s) at or above 90% similarity detected.
QA-0172,train,What are the conditions for a consumer to receive compensation from the District Commission?,"A consumer can receive compensation from the District Commission if the Commission finds that loss or injury has been suffered by a large number of consumers who are not identifiable conveniently, and if it is of the opinion that such loss or injury has occurred. The minimum amount of sum to be paid shall not be less than twenty-five per cent. of the value of such defective goods sold or service provided, as the case may be, to such consumers.",consumer_protection,21,45 of 1860. 2 of 1974. 5 of 1908. 5 of 1908,Findings of District Commission. 45 of 1860. 2 of 1974. 5 of 1908. 5 of 1908.,MATCH,MATCHES_SUPPORTING_PASSAGE,False,,,,yes,NEEDS_REVIEW,Reference text occurs in the supplied supporting passage. Answer is not an exact normalized extract of the supporting passage; semantic support requires manual review.
QA-0173,test,What conditions must a product manufacturer meet to be liable in a product liability action?,A product manufacturer shall be liable in a product liability action if the product contains a manufacturing defect; or if the product is defective in design; or if there is a deviation from manufacturing specifications; or if the product does not conform to the express warranty; or if the product fails to contain adequate instructions of correct usage to prevent any harm or any warning regarding improper or incorrect usage.,consumer_protection,31,84. (1),"A product manufacturer shall be liable in a product liability action, if— (a) the product contains a manufacturing defect; or (b) the product is defective in design; or (c) there is a deviation from manufacturing specifications; or (d) the product does not conform to the express warranty; or (e) the product fails to contain adequate instructions of correct usage to prevent any harm or any warning regarding improper or incorrect usage.",MATCH,NOT_MATCHED,False,,,,no_matching_prior_review,NEEDS_REVIEW,The declared legal reference was not verified in the supporting passage. Legal-reference consistency requires manual source review. Answer is not an exact normalized extract of the supporting passage; semantic support requires manual review.
QA-0174,train,What are some examples of conduct prohibited by the passage?,"The passage prohibits the offering of gifts, prizes, or other items with the intention of not providing them as offered or creating an impression that something is being given or offered free of charge when it is fully or partly covered by the amount charged, in the transaction as a whole.",consumer_protection,9,Not explicitly identified,"products are ordinarily sold; (iii) permitting— (a) the offering of gifts, prizes or other items with the intention of not providing them as offered or creating impression that something is being given or offered free of charge when it is fully or partly covered by the amount charged, in the transaction as a whole;",MATCH,NOT_ASSERTED,False,,,,yes,NEEDS_REVIEW,Record does not assert a specific legal reference. Answer is not an exact normalized extract of the supporting passage; semantic support requires manual review.
QA-0175,train,What is the maximum penalty that can be imposed on a person found to publish a misleading advertisement?,The maximum penalty that can be imposed on a person found to publish a misleading advertisement is ten lakh rupees.,consumer_protection,15,SEC. 1(4),"Where the Central Authority is satisfied after investigation that any person is found to publish, or is a party to the publication of, a misleading advertisement, it may impose on such person a penalty which may extend to ten lakh rupees.",MATCH,NOT_MATCHED,False,,,,yes,NEEDS_REVIEW,The declared legal reference was not verified in the supporting passage. Legal-reference consistency requires manual source review. Answer is not an exact normalized extract of the supporting passage; semantic support requires manual review.
QA-0176,train,What is the condition for participants to be deemed informed of the final results of a scheme?,"The participants of a scheme shall be deemed to have been informed of the final results of the scheme where such results are within a reasonable time published, prominently in the same newspaper in which the scheme was originally advertised.",consumer_protection,10,Not explicitly identified,"THE GAZETTE OF INDIA EXTRAORDINARY [P ART II— Explanation.—For the purpose of this sub-clause, the participants of a scheme shall be deemed to have been informed of the final results of the scheme where such results are within a reasonable time published, prominently in the same newspaper in which the scheme was originally advertised;",NO_NORMALIZED_MATCH,NOT_ASSERTED,True,,,,yes,NEEDS_REVIEW,Supporting passage did not match the declared PDF page; this alone does not establish an incorrect answer. Record does not assert a specific legal reference.
QA-0177,test,What is the timeframe within which the District Commission or the State Commission or the National Commission must pass a suitable order after receiving the settlement report?,"The District Commission or the State Commission or the National Commission, as the case may be, shall pass suitable order within seven days of the receipt of the settlement report.",consumer_protection,31,81(1),"The District Commission or the State Commission or the National Commission, as the case may be, shall, within seven days of the receipt of the settlement report, pass suitable order recording such settlement of consumer dispute and dispose of the matter accordingly.",MATCH,NOT_MATCHED,False,,,,no_matching_prior_review,NEEDS_REVIEW,The declared legal reference was not verified in the supporting passage. Legal-reference consistency requires manual source review. Answer is not an exact normalized extract of the supporting passage; semantic support requires manual review.
QA-0178,train,What types of service providers are excluded from the definition of 'product service provider'?,"A service provider is excluded from the definition of 'product service provider' if they are a seller of immovable property, a provider of professional services in transactions where the sale or use of a product is only incidental, or a person who acts only in a financial capacity with respect to the sale of the product, is not a manufacturer, wholesaler, distributor, retailer, direct seller, or an electronic service provider, or leases a product without having a reasonable opportunity to inspect and discover defects in the product.",consumer_protection,7,Not explicitly identified,"A service provider, but does not include— (a) a seller of immovable property, unless such person is engaged in the sale of constructed house or in the construction of homes or flats; (b) a provider of professional services in any transaction in which, the sale or use of a product is only incidental thereto, but furnishing of opinion, skill or services being the essence of such transaction;",MATCH,NOT_ASSERTED,False,,,,yes,NEEDS_REVIEW,Record does not assert a specific legal reference. Answer is not an exact normalized extract of the supporting passage; semantic support requires manual review.
QA-0179,train,What is the primary purpose of the Central Authority established under the Consumer Protection Act?,"The Central Authority is established to regulate matters relating to violation of rights of consumers, unfair trade practices and false or misleading advertisements which are prejudicial to the interests of public and consumers.",consumer_protection,11,Not explicitly identified,"The Central Authority shall consist of a Chief Commissioner and such number of other Commissioners as may be prescribed, to be appointed by the Central Government to exercise the powers and discharge the functions under this Act.",MATCH,NOT_ASSERTED,False,,,,yes,NEEDS_REVIEW,Record does not assert a specific legal reference. Answer is not an exact normalized extract of the supporting passage; semantic support requires manual review.
QA-0180,train,Who can appoint a Director-General and additional officers for the Investigation Wing?,"The Central Government can appoint a Director-General and such number of Additional Director-General, Director, Joint Director, Deputy Director and Assistant Director.",consumer_protection,12,15. (2),"The Central Government may appoint a Director-General and such number of Additional Director-General, Director, Joint Director, Deputy Director and Assistant Director, from amongst persons who have experience in investigation and possess such qualifications, in such manner, as may be prescribed.",MATCH,NOT_MATCHED,False,,,,yes,NEEDS_REVIEW,The declared legal reference was not verified in the supporting passage. Legal-reference consistency requires manual source review. Answer is not an exact normalized extract of the supporting passage; semantic support requires manual review.
QA-0181,train,What does the National Commission have the authority to do with the previous approval of the Central Government?,"The National Commission may, with the previous approval of the Central Government, by notification, make regulations not inconsistent with this Act to provide for all matters for which provision is necessary or expedient for the purpose of giving effect to the provisions of this Act.",consumer_protection,38,(1),"103. (1) The National Commission may, with the previous approval of the Central Government, by notification, make regulations not inconsistent with this Act to provide for all matters for which provision is necessary or expedient for the purpose of giving effect to the provisions of this Act.",MATCH,MATCHES_SUPPORTING_PASSAGE,True,,,,yes,VERIFIED,"Reference text occurs in the supplied supporting passage. Schema, declared-page quotation, reference traceability, and extractive answer checks passed; question-answer legal correctness has not been established."
QA-0182,train,What is the purpose of the inquiries or investigations made by the Director-General?,"The inquiries or investigations made by the Director-General shall be submitted to the Central Authority in such form, in such manner and within such time, as may be specified by regulations.",consumer_protection,13,SEC. 1],"SEC. 1] THE GAZETTE OF INDIA EXTRAORDINARY 13 (5) The inquiries or the investigations made by the Director- General shall be submitted to the Central Authority in such form, in such manner and within such time, as may be specified by regulations.",MATCH,MATCHES_SUPPORTING_PASSAGE,False,,,,yes,NEEDS_REVIEW,Reference text occurs in the supplied supporting passage. Answer is not an exact normalized extract of the supporting passage; semantic support requires manual review.
QA-0183,train,"What are the powers granted to the District Commission under the Code of Civil Procedure, 1908?","The District Commission has the same powers as are vested in a civil court under the Code of Civil Procedure, 1908 while trying a suit in respect of the following matters: summoning and enforcing the attendance of any defendant or witness and examining the witness on oath; requiring the discovery and production of any document or other material object as evidence; receiving of evidence on affidavits; requisitioning the report of the concerned analysis or test from the appropriate laboratory or from any other relevant source; issuing of commissions for the examination of any witness, or document.",consumer_protection,20,"Section 9 of the Code of Civil Procedure, 1908","For the purposes of this section, the District Commission shall have the same powers as are vested in a civil court under the Code of Civil Procedure, 1908 while trying a suit in respect of the following matters, namely:",MATCH,NOT_MATCHED,False,,,,yes,NEEDS_REVIEW,The declared legal reference was not verified in the supporting passage. Legal-reference consistency requires manual source review. Answer is not an exact normalized extract of the supporting passage; semantic support requires manual review.
QA-0184,train,What is the purpose of forwarding copies of the report and returns to the Central Government?,Copies of such report and returns shall be forwarded to the Central Government.,consumer_protection,16,Not explicitly identified,copies of such report and returns shall be forwarded to the Central Government.,MATCH,NOT_ASSERTED,True,,,,yes,VERIFIED,"Record does not assert a specific legal reference. Schema, declared-page quotation, reference traceability, and extractive answer checks passed; question-answer legal correctness has not been established."
QA-0185,train,What are the qualifications and procedures for the appointment of the State Commission members?,"The qualifications for appointment, method of recruitment, procedure for appointment, term of office, resignation and removal of the President and members of the State Commission under section 43 are specified.",consumer_protection,36,section 43,"The form and the manner in which appeal may be preferred to the State Commission under section 41; (w) the qualifications for appointment, method of recruitment, procedure for appointment, term of office, resignation and removal of the President and members of the State Commission under section 43;",MATCH,MATCHES_SUPPORTING_PASSAGE,False,,,,yes,NEEDS_REVIEW,Reference text occurs in the supplied supporting passage. Answer is not an exact normalized extract of the supporting passage; semantic support requires manual review.
QA-0186,train,What conditions allow a consumer to bring a product liability action against a product seller?,"A consumer can bring a product liability action against a product seller if the product was not misused, altered, or modified at the time of harm, or if the product failed to conform to an express warranty made by the product seller which caused the harm.",consumer_protection,32,Not explicitly identified,"A product liability action cannot be brought against the product seller if, at the time of harm, the product was misused, altered, or modified.",MATCH,NOT_ASSERTED,False,,,,yes,NEEDS_REVIEW,Record does not assert a specific legal reference. Answer is not an exact normalized extract of the supporting passage; semantic support requires manual review.
QA-0187,train,What is the purpose of clause (g) in the passage?,Clause (g) requires a reasonable opportunity for the complainant and the opposite party to be heard regarding the correctness or otherwise of the report made by the appropriate laboratory and also regarding any objections made in relation to the report.,consumer_protection,19,Not explicitly identified,give a reasonable opportunity to the complainant as well as the opposite party of being heard as to the correctness or otherwise of the report made by the appropriate laboratory and also as to the objection made in relation thereto under clause (f) and issue an appropriate order under section 39.,MATCH,NOT_ASSERTED,False,,,,yes,NEEDS_REVIEW,Record does not assert a specific legal reference. Answer is not an exact normalized extract of the supporting passage; semantic support requires manual review.
QA-0188,train,Who presides over the Bench when members differ in opinion?,The senior-most member presides over the Bench when members differ in opinion.,consumer_protection,23,Provided that the senior-most member shall preside over the Bench.,"nd authority of the State Commission may be exercised by Benches thereof, and a Bench may be constituted by the President with one or more members as the President may deem fit: Provided that the senior-most member shall preside over the Bench.",MATCH,MATCHES_SUPPORTING_PASSAGE,False,,,,yes,NEEDS_REVIEW,Reference text occurs in the supplied supporting passage. Answer is not an exact normalized extract of the supporting passage; semantic support requires manual review.
QA-0189,train,What is the condition for an appeal by a person who is required to pay an amount in terms of an order of the State Commission to be entertained by the National Commission?,"No appeal by a person, who is required to pay any amount in terms of an order of the State Commission, shall be entertained by the National Commission unless the appellant has deposited fifty per cent. of that amount in the manner as may be prescribed.",consumer_protection,24,(2),"No appeal by a person, who is required to pay any amount in terms of an order of the State Commission, shall be entertained by the National Commission unless the appellant has deposited fifty per cent. of that amount in the manner as may be prescribed.",MATCH,AMBIGUOUS_UNTYPED_NUMBER,True,,QA-0246,QA-0246,yes,NEEDS_REVIEW,"A bare number does not establish whether it is an Article, Section, or another numbered entry. Legal-reference consistency requires manual source review. Exact duplicate answer detected. Near-duplicate question(s) at or above 90% similarity detected."
QA-0190,validation,What is the maximum value of goods or services for which complaints can be entertained by the District Commission?,"The maximum value of goods or services for which complaints can be entertained by the District Commission is one crore rupees, as stated in the passage: 'Subject to the other provisions of this Act, the District Commission shall have jurisdiction to entertain complaints where the value of the goods or services paid as consideration does not exceed one crore rupees.'",consumer_protection,17,34(1),"Subject to the other provisions of this Act, the District Commission shall have jurisdiction to entertain complaints where the value of the goods or services paid as consideration does not exceed one crore rupees:",MATCH,NOT_MATCHED,False,,,,yes,NEEDS_REVIEW,The declared legal reference was not verified in the supporting passage. Legal-reference consistency requires manual source review. Answer is not an exact normalized extract of the supporting passage; semantic support requires manual review.
QA-0191,train,What is the purpose of the officers and other employees provided by the Central Government for the National Commission?,The purpose of the officers and other employees provided by the Central Government for the National Commission is to assist the National Commission in the discharge of its functions as it may think fit.,consumer_protection,26,57. (1),"57. (1) The Central Government shall provide, in consultation with the President of the National Commission, such number of officers and other employees to assist the National Commission in the discharge of its functions as it may think fit.",MATCH,MATCHES_SUPPORTING_PASSAGE,False,,,QA-0223,yes,NEEDS_REVIEW,Reference text occurs in the supplied supporting passage. Answer is not an exact normalized extract of the supporting passage; semantic support requires manual review. Near-duplicate question(s) at or above 90% similarity detected.
QA-0192,train,What is the role of the monitoring cell constituted by the President of the National Commission?,The monitoring cell is to oversee the functioning of the State Commissions from the administrative point of view.,consumer_protection,29,SEC. 1],"SEC. 1] THE GAZETTE OF INDIA EXTRAORDINARY 29 (d) overseeing the functioning of the State Commission or the District Commission either by way of inspection or by any other means, as the National Commission may like to order from time to time, to ensure that the objects and purposes of the Act are best served and the standards set by the National Commission are implemented without interfering with their quasi-judicial freedom. (2) There shall be a monitoring cell to be constituted by the President of the National Commission to oversee the functioning of the State Commissions from the administrative point of view.",MATCH,MATCHES_SUPPORTING_PASSAGE,False,,,,yes,NEEDS_REVIEW,Reference text occurs in the supplied supporting passage. Answer is not an exact normalized extract of the supporting passage; semantic support requires manual review.
QA-0193,train,What are the powers that the Chief Commissioner can delegate to the Commissioners?,"The Chief Commissioner may delegate such of his powers relating to administrative matters of the Central Authority, as he may think fit, to a",consumer_protection,12,14(2),"The Chief Commissioner shall have the powers of general superintendence, direction and control in respect of all administrative matters of the Central Authority: Provided that the Chief Commissioner may delegate such of his powers relating to administrative matters of the Central Authority, as he may think fit, to a",MATCH,NOT_MATCHED,True,,,,yes,NEEDS_REVIEW,The declared legal reference was not verified in the supporting passage. Legal-reference consistency requires manual source review.
QA-0194,train,What is the timeframe within which the District Commission must decide on the admissibility of a complaint?,The District Commission must decide on the admissibility of the complaint within twenty-one days from the date on which the complaint was filed.,consumer_protection,18,3,Provided further that the admissibility of the complaint shall ordinarily be decided within twenty-one days from the date on which the complaint was filed.,MATCH,AMBIGUOUS_UNTYPED_NUMBER,False,,,,yes,NEEDS_REVIEW,"A bare number does not establish whether it is an Article, Section, or another numbered entry. Legal-reference consistency requires manual source review. Answer is not an exact normalized extract of the supporting passage; semantic support requires manual review."
QA-0195,train,Who is designated as the Chairperson of the District Council?,The Collector of the district (by whatever name called),consumer_protection,11,"(2) The District Council shall be an advisory council and consist of the following members, namely:— (a) the Collector of the district (by whatever name called), who shall be the Chairperson;","The District Council shall be an advisory council and consist of the following members, namely:— (a) the Collector of the district (by whatever name called), who shall be the Chairperson;",MATCH,NOT_MATCHED,True,,,,yes,NEEDS_REVIEW,The declared legal reference was not verified in the supporting passage. Legal-reference consistency requires manual source review.
QA-0196,test,What is the purpose of the Central Authority's preliminary inquiry?,"The Central Authority may conduct or cause to be conducted a preliminary inquiry as to whether there exists a prima facie case of violation of consumer rights or any unfair trade practice or any false or misleading advertisement, by any person which is prejudicial to the public interest or to the interests of consumers.",consumer_protection,14,19. (1),"19. (1) The Central Authority may, after receiving any information or complaint or directions from the Central Government or of its own motion, conduct or cause to be conducted a preliminary inquiry as to whether there exists a prima facie case of violation of consumer rights or any unfair trade practice or any false or misleading advertisement, by any person, which is prejudicial to the public interest or to the interests of consumers and if it is satisfied that there exists a prima facie case, it shall cause investigation to be made by the Director- General or by the District Collector.",MATCH,MATCHES_SUPPORTING_PASSAGE,False,,,,no_matching_prior_review,NEEDS_REVIEW,Reference text occurs in the supplied supporting passage. Answer is not an exact normalized extract of the supporting passage; semantic support requires manual review.
QA-0197,train,Under what conditions can a product manufacturer be exempt from liability?,A product manufacturer can be exempt from liability if the product was purchased by an employer for use at the workplace and the product manufacturer had provided warnings or instructions to such employer (a).,consumer_protection,32,Not explicitly identified,"urer shall not be liable, if— (a) the product was purchased by an employer for use at the workplace and the product manufacturer had provided warnings or instructions to such employer;",MATCH,NOT_ASSERTED,False,,,,yes,NEEDS_REVIEW,Record does not assert a specific legal reference. Answer is not an exact normalized extract of the supporting passage; semantic support requires manual review.
QA-0198,train,What is the maximum time frame given for the District Commission to report findings after receiving the sample?,The District Commission has forty-five days to report findings after receiving the sample.,consumer_protection,19,Not explicitly identified,within a period of forty-five days of the receipt of the reference or within such extended period as may be granted by it;,MATCH,NOT_ASSERTED,False,,,,yes,NEEDS_REVIEW,Record does not assert a specific legal reference. Answer is not an exact normalized extract of the supporting passage; semantic support requires manual review.
QA-0199,train,What are the rules that the State Government can make regarding the State Commission?,The State Government can make rules to provide for the salaries and allowances and other terms and conditions of service of the President and members of the State Commission.,consumer_protection,23,44,"The State Government may, by notification, make rules to provide for salaries and allowances and other terms and conditions of service of the President and members of the State Commission.",MATCH,AMBIGUOUS_UNTYPED_NUMBER,False,,,QA-0225,yes,NEEDS_REVIEW,"A bare number does not establish whether it is an Article, Section, or another numbered entry. Legal-reference consistency requires manual source review. Answer is not an exact normalized extract of the supporting passage; semantic support requires manual review. Near-duplicate question(s) at or above 90% similarity detected."
QA-0200,train,What does the term 'spurious goods' refer to?,Spurious goods are such goods which are falsely claimed to be genuine.,consumer_protection,7,43,"rge or under a contract of personal service; (43) ""spurious goods"" means such goods which are falsely claimed to be genuine;",MATCH,MATCHES_SUPPORTING_PASSAGE,False,,QA-0131,,yes,NEEDS_REVIEW,Reference text occurs in the supplied supporting passage. Answer is not an exact normalized extract of the supporting passage; semantic support requires manual review. Exact duplicate answer detected.
QA-0201,validation,What is the punishment for causing a false or misleading advertisement to be made that is prejudicial to the interest of consumers?,"Any manufacturer or service provider who causes a false or misleading advertisement to be made which is prejudicial to the interest of consumers shall be punished with imprisonment for a term which may extend to two years and with fine which may extend to ten lakh rupees; and for every subsequent offence, be punished with imprisonment for a term which may extend to five years and with fine which may extend to fifty lakh rupees.",consumer_protection,33,90. (1),"90. (1) Whoever, by himself or by any other person on his behalf, manufactures for sale or stores or sells or distributes or imports any product containing an",MATCH,MATCHES_SUPPORTING_PASSAGE,False,,QA-0135,QA-0135,yes,NEEDS_REVIEW,Reference text occurs in the supplied supporting passage. Answer is not an exact normalized extract of the supporting passage; semantic support requires manual review. Exact duplicate answer detected. Near-duplicate question(s) at or above 90% similarity detected.
QA-0202,validation,What is the maximum amount of fine that can be imposed for an offence compounded under section 88 and 89?,No compounding of such offence shall be made without the leave of the court before which a complaint has been filed under section 92,consumer_protection,34,Not explicitly identified,Provided that no compounding of such offence shall be made without the leave of the court before which a complaint has been filed under section 92,MATCH,NOT_ASSERTED,True,,,,yes,VERIFIED,"Record does not assert a specific legal reference. Schema, declared-page quotation, reference traceability, and extractive answer checks passed; question-answer legal correctness has not been established."
QA-0203,validation,What is the maximum fine for causing injury not amounting to grievous hurt to the consumer?,The maximum fine for causing injury not amounting to grievous hurt to the consumer is three lakh rupees.,consumer_protection,33,"(b) causing injury not amounting to grievous hurt to the consumer, with imprisonment for a term which may extend to one year and with fine which may extend to three lakh rupees","causing injury not amounting to grievous hurt to the consumer, with imprisonment for a term which may extend to one year and with fine which may extend to three lakh rupees;",MATCH,NOT_MATCHED,False,,,,yes,NEEDS_REVIEW,The declared legal reference was not verified in the supporting passage. Legal-reference consistency requires manual source review. Answer is not an exact normalized extract of the supporting passage; semantic support requires manual review.
QA-0204,train,"What is the duty of the mediator regarding personal, professional, or financial interests?","The mediator shall disclose any personal, professional or financial interest in the outcome of the consumer dispute.",consumer_protection,30,77,"77. It shall be the duty of the mediator to disclose— (a) any personal, professional or financial interest in the outcome of the consumer dispute; (b) the circumstances which may give rise to a justifiable doubt as to his independence or impartiality; and (c) such other facts as may be specified by regulations.",MATCH,MATCHES_SUPPORTING_PASSAGE,False,,,,yes,NEEDS_REVIEW,Reference text occurs in the supplied supporting passage. Answer is not an exact normalized extract of the supporting passage; semantic support requires manual review.
QA-0205,train,Who can assist the National Commission or the State Commission if they deem it necessary for the larger interest of consumers?,"Any individual or organisation or expert can assist the National Commission or the State Commission, as the case may be.",consumer_protection,28,66,"66. Where the National Commission or the State Commission, as the case may be, on an application by a complainant or otherwise, is of the opinion that it involves the larger interest of consumers, it may direct any individual or organisation or expert to assist the National Commission or the State Commission, as the case may be.",MATCH,MATCHES_SUPPORTING_PASSAGE,False,,,,yes,NEEDS_REVIEW,Reference text occurs in the supplied supporting passage. Answer is not an exact normalized extract of the supporting passage; semantic support requires manual review.
QA-0206,validation,What are the conditions under which a complaint can be filed if there are more than one party involved?,"If there are more than one party involved, the complaint can be filed if at the time of the institution of the complaint, any of the opposite parties actually and voluntarily resides, or carries on business or has a branch office, or personally works for gain, provided that in such case the permission of the District Commission is given.",consumer_protection,17,Not explicitly identified,"where there are more than one, at the time of the institution of the complaint, actually and voluntarily resides, or carries on business or has a branch office, or personally works for gain, provided that in such case the permission of the District Commission is given;",MATCH,NOT_ASSERTED,False,,,,yes,NEEDS_REVIEW,Record does not assert a specific legal reference. Answer is not an exact normalized extract of the supporting passage; semantic support requires manual review.
QA-0207,train,What is the maximum time frame for a consumer to receive a refund for goods sold if no stipulation is provided in the bill or cash memo or receipt?,The maximum time frame for a consumer to receive a refund for goods sold is within thirty days.,consumer_protection,10,Not explicitly identified,"refusing, after selling goods or rendering services, to take back or withdraw defective goods or to withdraw or discontinue deficient services and to refund the consideration thereof, if paid, within the period stipulated in the bill or cash memo or receipt or in the absence of such stipulation, within a period of thirty days;",MATCH,NOT_ASSERTED,False,,,,yes,NEEDS_REVIEW,Record does not assert a specific legal reference. Answer is not an exact normalized extract of the supporting passage; semantic support requires manual review.
QA-0208,train,What is the condition under which a claim for product liability can be made?,"A claim for product liability action lies against the product manufacturer, product seller or product service provider, as the case may be.",consumer_protection,3,vii,"a claim for product liability action lies against the product manufacturer, product seller or product service provider, as the case may be;",MATCH,NOT_MATCHED,True,,QA-0153,QA-0153,yes,NEEDS_REVIEW,The declared legal reference was not verified in the supporting passage. Legal-reference consistency requires manual source review. Exact duplicate answer detected. Near-duplicate question(s) at or above 90% similarity detected.
QA-0209,test,Who can be considered a complainant under the Act?,"A complainant can be a consumer, a voluntary consumer association registered under any law for the time being in force, the Central Government or any State Government, the Central Authority, one or more consumers having the same interest, a consumer's legal heir or legal representative, or a consumer's parent or legal guardian.",consumer_protection,2,Not explicitly identified,or (ii) any voluntary consumer association registered under any law for the time being in force; or (iii) the Central Government or any State Government;,MATCH,NOT_ASSERTED,False,,,,no_matching_prior_review,NEEDS_REVIEW,Record does not assert a specific legal reference. Answer is not an exact normalized extract of the supporting passage; semantic support requires manual review.
QA-0210,train,What does the passage define as a 'materially misleading' representation?,"A representation is considered materially misleading if it leads the public to believe that a product or like products or goods or services have been or are, ordinarily sold or provided at a price different from the actual price at which they have been sold by sellers or provided by suppliers generally in the relevant market.",consumer_protection,9,Not explicitly identified,"SEC. 1] THE GAZETTE OF INDIA EXTRAORDINARY 9 if such purported warranty or guarantee or promise is materially misleading or if there is no reasonable prospect that such warranty, guarantee or promise will be carried out;",MATCH,NOT_ASSERTED,False,,,,yes,NEEDS_REVIEW,Record does not assert a specific legal reference. Answer is not an exact normalized extract of the supporting passage; semantic support requires manual review.
QA-0211,train,What is the purpose of the power granted to the Central Authority?,The power of Central Authority to make regulations is granted for the purpose of removing difficulties.,consumer_protection,39,68 of 1986,Power of Central Authority to make regulations. Rules and regulations to be laid before each House of Parliament. Power to remove difficulties.,MATCH,NOT_MATCHED,False,,,,yes,NEEDS_REVIEW,The declared legal reference was not verified in the supporting passage. Legal-reference consistency requires manual source review. Answer is not an exact normalized extract of the supporting passage; semantic support requires manual review.
QA-0212,train,What is the maximum time frame within which a complaint can be decided by the District Commission if it does not require analysis or testing of commodities?,Every complaint shall be disposed of as expeditiously as possible and endeavour shall be made to decide the complaint within a period of three months from the date of receipt of notice by opposite party where the complaint does not require analysis or testing of commodities.,consumer_protection,20,article/section 7,Every complaint shall be disposed of as expeditiously as possible and endeavour shall be made to decide the complaint within a period of three months from the date of receipt of notice by opposite party where the complaint does not require analysis or testing of commodities,MATCH,NOT_MATCHED,True,,,,yes,NEEDS_REVIEW,The declared legal reference was not verified in the supporting passage. Legal-reference consistency requires manual source review.
QA-0213,train,What is the purpose of the Central Authority's headquarters?,The headquarters of the Central Authority shall be at such place in the National Capital Region of Delhi.,consumer_protection,12,Article 12,"THE GAZETTE OF INDIA EXTRAORDINARY [P ART II— (3) The headquarters of the Central Authority shall be at such place in the National Capital Region of Delhi, and it shall have regional and other offices in any other place in India as the Central Government may decide.",NO_NORMALIZED_MATCH,NOT_MATCHED,True,,,,yes,NEEDS_REVIEW,Supporting passage did not match the declared PDF page; this alone does not establish an incorrect answer. The declared legal reference was not verified in the supporting passage. Legal-reference consistency requires manual source review.
QA-0214,train,What does the passage define as a 'statement made to the public'?,"A statement made to the public is deemed to be by, and only by, the person who had caused the statement to be so expressed, made or contained.",consumer_protection,9,Not explicitly identified,"A statement made to the public by, and only by, the person who had caused the statement to be so expressed, made or contained;",MATCH,NOT_ASSERTED,False,,,,yes,NEEDS_REVIEW,Record does not assert a specific legal reference. Answer is not an exact normalized extract of the supporting passage; semantic support requires manual review.
QA-0215,validation,What are the qualifications and terms of service for the President and members of the District Commission?,"The Central Government may, by notification, make rules to provide for the qualifications, method of recruitment, procedure for appointment, term of office, resignation and removal of the President and members of the District Commission.",consumer_protection,17,SEC. 1],"SEC. 1] THE GAZETTE OF INDIA EXTRAORDINARY 17 29. The Central Government may, by notification, make rules to provide for the qualifications, method of recruitment, procedure for appointment, term of office, resignation and removal of the President and members of the District Commission.",MATCH,MATCHES_SUPPORTING_PASSAGE,True,,,,yes,VERIFIED,"Reference text occurs in the supplied supporting passage. Schema, declared-page quotation, reference traceability, and extractive answer checks passed; question-answer legal correctness has not been established."
QA-0216,train,"What is the jurisdiction of the District Commission, State Commission, or National Commission under the Code of Criminal Procedure, 1973?","The jurisdiction of the District Commission, State Commission, or National Commission under the Code of Criminal Procedure, 1973 is that they are deemed to be a Judicial Magistrate of first class for the purposes of the Code of Criminal Procedure, 1973.",consumer_protection,29,Not explicitly identified,"sion or the State Commission or the National Commission, as the case may be, shall be deemed to be a Judicial Magistrate of first class for the purposes of the Code of Criminal Procedure, 1973.",MATCH,NOT_ASSERTED,False,,,QA-0166,yes,NEEDS_REVIEW,Record does not assert a specific legal reference. Answer is not an exact normalized extract of the supporting passage; semantic support requires manual review. Near-duplicate question(s) at or above 90% similarity detected.
QA-0217,train,What are the main objectives of the Act mentioned in the passage?,The Act aims to protect the rights of consumers as a class and prevent violations of consumer rights under this Act.,consumer_protection,13,Not explicitly identified,"rce the rights of consumers as a class, and prevent violation of consumers rights under this Act;",MATCH,NOT_ASSERTED,False,,,,yes,NEEDS_REVIEW,Record does not assert a specific legal reference. Answer is not an exact normalized extract of the supporting passage; semantic support requires manual review.
QA-0218,test,What are the conditions under which a product manufacturer can be held liable in a product liability action?,A product manufacturer can be liable in a product liability action if the product contains a manufacturing defect; or if the product is defective in design; or if there is a deviation from manufacturing specifications; or if the product does not conform to the express warranty; or if the product fails to contain adequate instructions of correct usage to prevent any harm or any warning regarding improper or incorrect usage.,consumer_protection,31,84. (1),"A product manufacturer shall be liable in a product liability action, if— (a) the product contains a manufacturing defect; or (b) the product is defective in design; or (c) there is a deviation from manufacturing specifications; or (d) the product does not conform to the express warranty; or (e) the product fails to contain adequate instructions of correct usage to prevent any harm or any warning regarding improper or incorrect usage.",MATCH,NOT_MATCHED,False,,,,no_matching_prior_review,NEEDS_REVIEW,The declared legal reference was not verified in the supporting passage. Legal-reference consistency requires manual source review. Answer is not an exact normalized extract of the supporting passage; semantic support requires manual review.
QA-0219,train,What are some examples of conduct prohibited by the regulations?,"The regulations prohibit the offering of gifts, prizes, or other items with the intention of not providing them as offered or creating an impression that something is being given or offered free of charge when it is fully or partly covered by the amount charged, in the transaction as a whole.",consumer_protection,9,Not explicitly identified,"products are ordinarily sold; (iii) permitting— (a) the offering of gifts, prizes or other items with the intention of not providing them as offered or creating impression that something is being given or offered free of charge when it is fully or partly covered by the amount charged, in the transaction as a whole;",MATCH,NOT_ASSERTED,False,,,,yes,NEEDS_REVIEW,Record does not assert a specific legal reference. Answer is not an exact normalized extract of the supporting passage; semantic support requires manual review.
QA-0220,train,What is the validity period of the panel of mediators?,The panel of mediators prepared under sub-section (1) shall be valid for a period of five years.,consumer_protection,30,75(2),"The panel of mediators prepared under sub-section (1) shall be valid for a period of five years, and the empanelled mediators shall be eligible to be considered for re-empanelment for another term, subject to such conditions as may be specified by regulations.",MATCH,NOT_MATCHED,True,,,,yes,NEEDS_REVIEW,The declared legal reference was not verified in the supporting passage. Legal-reference consistency requires manual source review.
QA-0221,train,Who presides over the Bench when there is a disagreement among the members?,The senior-most member shall preside over the Bench.,consumer_protection,23,Provided that the senior-most member shall preside over the Bench.,"nd authority of the State Commission may be exercised by Benches thereof, and a Bench may be constituted by the President with one or more members as the President may deem fit: Provided that the senior-most member shall preside over the Bench.",MATCH,MATCHES_SUPPORTING_PASSAGE,True,,QA-0245,QA-0245,yes,NEEDS_REVIEW,Reference text occurs in the supplied supporting passage. Exact duplicate answer detected. Near-duplicate question(s) at or above 90% similarity detected.
QA-0222,validation,What is the jurisdiction of the District Commission according to the passage?,"The District Commission has jurisdiction to entertain complaints where the value of the goods or services paid as consideration does not exceed one crore rupees: Provided that where the Central Government deems it necessary so to do, it may prescribe such other value, as it deems fit.",consumer_protection,17,34(1),"The District Commission shall have jurisdiction to entertain complaints where the value of the goods or services paid as consideration does not exceed one crore rupees: Provided that where the Central Government deems it necessary so to do, it may prescribe such other value, as it deems fit.",MATCH,NOT_MATCHED,False,,,,yes,NEEDS_REVIEW,The declared legal reference was not verified in the supporting passage. Legal-reference consistency requires manual source review. Answer is not an exact normalized extract of the supporting passage; semantic support requires manual review.
QA-0223,train,What is the purpose of the officers and other employees provided by the Central Government to assist the National Commission?,The purpose of the officers and other employees provided by the Central Government to assist the National Commission is to assist the National Commission in the discharge of its functions as it may think fit.,consumer_protection,26,57. (1),"57. (1) The Central Government shall provide, in consultation with the President of the National Commission, such number of officers and other employees to assist the National Commission in the discharge of its functions as it may think fit.",MATCH,MATCHES_SUPPORTING_PASSAGE,False,,,QA-0191,yes,NEEDS_REVIEW,Reference text occurs in the supplied supporting passage. Answer is not an exact normalized extract of the supporting passage; semantic support requires manual review. Near-duplicate question(s) at or above 90% similarity detected.
QA-0224,test,What is the maximum penalty that can be imposed on a manufacturer or endorser for a false or misleading advertisement?,A penalty which may extend to fifty lakh rupees.,consumer_protection,14,Not explicitly identified,"Notwithstanding any order under sub-sections ( 1) and ( 2), where the Central Authority deems it necessary, it may, by order, prohibit the endorser of a false or misleading advertisement from making endorsement of any product or service for a period which may extend to one year: Power of Central Authority to refer matter for investigation or to other Regulator. Power of Central Authority to recall goods, etc. Power of Central Authority to issue directions and penalties against false",MATCH,NOT_ASSERTED,False,,,,no_matching_prior_review,NEEDS_REVIEW,Record does not assert a specific legal reference. Answer is not an exact normalized extract of the supporting passage; semantic support requires manual review.
QA-0225,train,What are the rules that the Central Government can make regarding the State Commission?,"The Central Government can make rules to provide for the qualification for appointment, method of recruitment, procedure of appointment, term of office, resignation and removal of the President and members of the State Commission.",consumer_protection,23,SEC. 1],"SEC. 1] THE GAZETTE OF INDIA EXTRAORDINARY 23 43. The Central Government may, by notification, make rules to provide for the qualification for appointment, method of recruitment, procedure of appointment, term of office, resignation and removal of the President and members of the State Commission.",MATCH,MATCHES_SUPPORTING_PASSAGE,False,,,QA-0199,yes,NEEDS_REVIEW,Reference text occurs in the supplied supporting passage. Answer is not an exact normalized extract of the supporting passage; semantic support requires manual review. Near-duplicate question(s) at or above 90% similarity detected.
QA-0226,train,What is the purpose of the 'recognised consumer association' mentioned in the passage?,The purpose of the 'recognised consumer association' is to provide benefits to all consumers interested.,consumer_protection,18,Not explicitly identified,"r for the benefit of, all consumers so interested;",MATCH,NOT_ASSERTED,False,,,QA-0133,yes,NEEDS_REVIEW,Record does not assert a specific legal reference. Answer is not an exact normalized extract of the supporting passage; semantic support requires manual review. Near-duplicate question(s) at or above 90% similarity detected.
QA-0227,train,What type of representation is prohibited under the law?,"Making a representation in a form that purports to be a warranty or guarantee of a product or of any goods or services, or a promise to replace, maintain or repair an article or any part thereof or to repeat or continue a service until it has achieved a specified result is prohibited.",consumer_protection,8,Not explicitly identified,"of such defence shall lie on the person raising such defence; (h) makes to the public a representation in a form that purports to be— (A) a warranty or guarantee of a product or of any goods or services; or (B) a promise to replace, maintain or repair an article or any part thereof or to repeat or continue a service until it has achieved a specified result",MATCH,NOT_ASSERTED,False,,QA-0134,,yes,NEEDS_REVIEW,Record does not assert a specific legal reference. Answer is not an exact normalized extract of the supporting passage; semantic support requires manual review. Exact duplicate answer detected.
QA-0228,validation,Who can compound offences under sub-section (1)?,The Central Authority or any officer as may be specially authorised by him in this behalf can compound offences under sub-section (1).,consumer_protection,34,Not explicitly identified,"The Central Authority or any officer as may be specially authorised by him in this behalf, may compound offences under sub-section (1).",MATCH,NOT_ASSERTED,False,,,,yes,NEEDS_REVIEW,Record does not assert a specific legal reference. Answer is not an exact normalized extract of the supporting passage; semantic support requires manual review.
QA-0229,validation,"What is the punishment for manufacturing for sale or storing, selling, or distributing or importing products containing adulterants?","Whoever, by himself or by any other person on his behalf, manufactures for sale or stores or sells or distributes or imports any spurious goods shall be punished, if such act— (a) causing injury not amounting to grievous hurt to the consumer, with imprisonment for a term which may extend to one year and with fine which may extend to three lakh rupees;",consumer_protection,33,91(1)(a),"Punishment for manufacturing for sale or storing, selling or distributing or importing products containing adulterant. Punishment for manufacturing for sale or for storing or selling or distributing or importing spurious goods.",MATCH,NOT_MATCHED,False,,QA-0142,QA-0142,yes,NEEDS_REVIEW,The declared legal reference was not verified in the supporting passage. Legal-reference consistency requires manual source review. Answer is not an exact normalized extract of the supporting passage; semantic support requires manual review. Exact duplicate answer detected. Near-duplicate question(s) at or above 90% similarity detected.
QA-0230,train,What is the purpose of the Central Authority as described in the passage?,The Central Authority shall maintain proper accounts and other relevant records and prepare an annual statement of accounts in such form and manner as may be prescribed in consultation with the Comptroller and Auditor-General of India.,consumer_protection,16,26. (1),26. (1) The Central Authority shall maintain proper accounts and other relevant records and prepare an annual statement of accounts in such form and manner as may be prescribed in consultation with the Comptroller and Auditor-General of India.,MATCH,MATCHES_SUPPORTING_PASSAGE,True,,,QA-0171,yes,NEEDS_REVIEW,Reference text occurs in the supplied supporting passage. Near-duplicate question(s) at or above 90% similarity detected.
QA-0231,train,What is the condition for appealing an order made by the National Commission?,A person who is required to pay any amount in terms of an order of the National Commission shall not have their appeal entertained by the Supreme Court unless that person has deposited fifty per cent. of that amount in the manner as may be prescribed.,consumer_protection,28,Not explicitly identified,in that period: Provided further that no appeal by a person who is required to pay any amount in terms of an order of the National Commission shall be entertained by the Supreme Court unless that person has deposited fifty per cent. of that amount in the manner as may be prescribed.,MATCH,NOT_ASSERTED,False,,,,yes,NEEDS_REVIEW,Record does not assert a specific legal reference. Answer is not an exact normalized extract of the supporting passage; semantic support requires manual review.
QA-0232,train,What does the passage define as false representations regarding goods and services?,"The passage defines false representations as statements that falsely represent the goods or services in various ways, such as their standard, quality, grade, characteristics, or benefits, or falsely claim sponsorship, approval, or affiliation.",consumer_protection,8,Not explicitly identified,"ly:— (i) making any statement, whether orally or in writing or by visible representation including by means of electronic record, which— (a) falsely represents that the goods are of a particular standard, quality, quantity, grade, composition, style or model;",MATCH,NOT_ASSERTED,False,,,,yes,NEEDS_REVIEW,Record does not assert a specific legal reference. Answer is not an exact normalized extract of the supporting passage; semantic support requires manual review.
QA-0233,train,What must the Central Authority do before passing an order under section 22?,The Central Authority shall give the person an opportunity of being heard before an order under this section is passed.,consumer_protection,15,section 22,The Central Authority shall give the person an opportunity of being heard before an order under this section is passed.,MATCH,NOT_MATCHED,True,,QA-0150,,yes,NEEDS_REVIEW,The declared legal reference was not verified in the supporting passage. Legal-reference consistency requires manual source review. Exact duplicate answer detected.
QA-0234,train,"What does the passage state about the applicability of the Code of Civil Procedure, 1908 to consumer complaints?","The passage states that the provisions of Order I Rule 8 of the First Schedule to the Code of Civil Procedure, 1908 shall apply to consumer complaints, subject to modification.",consumer_protection,21,"Order I Rule 8 of the First Schedule to the Code of Civil Procedure, 1908","Where the complainant is a consumer referred to in sub-clause (v) of clause (5) of section 2, the provisions of Order I Rule 8 of the First Schedule to the Code of Civil Procedure, 1908 shall apply subject to the modification that every reference therein to a suit or decree shall be construed as a reference to a complaint or the order of the District Commission thereon.",MATCH,MATCHES_SUPPORTING_PASSAGE,False,,,,yes,NEEDS_REVIEW,Reference text occurs in the supplied supporting passage. Answer is not an exact normalized extract of the supporting passage; semantic support requires manual review.
QA-0235,train,What is the maximum time frame for refunding the consideration paid for goods or services if no stipulation is made in the bill or cash memo or receipt?,The maximum time frame for refunding the consideration paid for goods or services is within a period of thirty days.,consumer_protection,10,Not explicitly identified,"refusing, after selling goods or rendering services, to take back or withdraw defective goods or to withdraw or discontinue deficient services and to refund the consideration thereof, if paid, within the period stipulated in the bill or cash memo or receipt or in the absence of such stipulation, within a period of thirty days;",MATCH,NOT_ASSERTED,False,,,,yes,NEEDS_REVIEW,Record does not assert a specific legal reference. Answer is not an exact normalized extract of the supporting passage; semantic support requires manual review.
QA-0236,train,What is considered a material misrepresentation under the passage?,A representation as to price shall be deemed to refer to the price at which the product or goods or services has or have been sold by sellers or provided by suppliers generally in the relevant market unless it is clearly specified to be the price at which the product has been sold or services have been provided by the person by whom or on whose behalf the representation is made.,consumer_protection,9,SEC. 1],"SEC. 1] THE GAZETTE OF INDIA EXTRAORDINARY 9 if such purported warranty or guarantee or promise is materially misleading or if there is no reasonable prospect that such warranty, guarantee or promise will be carried out;",MATCH,MATCHES_SUPPORTING_PASSAGE,False,,,,yes,NEEDS_REVIEW,Reference text occurs in the supplied supporting passage. Answer is not an exact normalized extract of the supporting passage; semantic support requires manual review.
QA-0237,train,What happens if a consumer disputes the allegations in their complaint?,"If a consumer disputes the allegations in their complaint, the consumer protection body will proceed to settle the consumer dispute.",consumer_protection,19,Not explicitly identified,"plaint, referred to him under clause ( a) denies or disputes the allegations contained in the complaint, or omits or fails to take any action to represent his case within the time given by the District Commission, it shall proceed to settle the consumer dispute— Procedure on admission of complaint.",MATCH,NOT_ASSERTED,False,,,,yes,NEEDS_REVIEW,Record does not assert a specific legal reference. Answer is not an exact normalized extract of the supporting passage; semantic support requires manual review.
QA-0238,train,What is the timeframe within which the acknowledgment must be received by the relevant commissions?,"The acknowledgment must be received by the District Commission, the State Commission or the National Commission within thirty days from the date of issue of notice.",consumer_protection,27,Not explicitly identified,"hall be made notwithstanding the fact that the acknowledgment has been lost or misplaced, or for any other reason, has not been received by the District Commission, the State Commission or the National Commission, as the case may be, within thirty days from the date of issue of notice.",MATCH,NOT_ASSERTED,False,,QA-0162,QA-0162,yes,NEEDS_REVIEW,Record does not assert a specific legal reference. Answer is not an exact normalized extract of the supporting passage; semantic support requires manual review. Exact duplicate answer detected. Near-duplicate question(s) at or above 90% similarity detected.
QA-0239,train,What is the National Commission's authority regarding the State Commissions?,"The National Commission has the authority to lay down adequate standards for better protection of consumer interests and has administrative control over all State Commissions in matters such as monitoring their performance, investigating allegations against their members, and issuing instructions regarding uniform procedures in hearings.",consumer_protection,28,"(1) The National Commission shall have the authority to lay down such adequate standards in consultation with the Central Government from time to time, for better protection of the interests of consumers and for that purpose, shall have administrative control over all the State Commissions in the following matters, namely:—","The National Commission shall have the authority to lay down such adequate standards in consultation with the Central Government from time to time, for better protection of the interests of consumers and for that purpose, shall have administrative control over all the State Commissions in the following matters, namely:",MATCH,NOT_MATCHED,False,,,,yes,NEEDS_REVIEW,The declared legal reference was not verified in the supporting passage. Legal-reference consistency requires manual source review. Answer is not an exact normalized extract of the supporting passage; semantic support requires manual review.
QA-0240,test,What actions can the Central Authority take if it finds evidence of a violation of consumer rights?,"The Central Authority can pass orders including recalling of goods or withdrawal of services which are dangerous, hazardous or unsafe (a), reimbursement of the prices of goods or services so recalled to purchasers of such goods or services (b), and discontinuation of practices which are unfair and prejudicial to consumers' interest (c).",consumer_protection,14,20,"Where the Central Authority is satisfied on the basis of investigation that there is sufficient evidence to show violation of consumer rights or unfair trade practice by a person, it may pass such order as may be necessary, including— (a) recalling of goods or withdrawal of services which are dangerous, hazardous or unsafe; (b) reimbursement of the prices of goods or services so recalled to purchasers of such goods or services; and (c) discontinuation of practices which are unfair and prejudicial to consumers' interest: Provided that the Central Authority shall give the person an opportunity of being heard before passing an order under this section.",MATCH,AMBIGUOUS_UNTYPED_NUMBER,False,,,,no_matching_prior_review,NEEDS_REVIEW,"A bare number does not establish whether it is an Article, Section, or another numbered entry. Legal-reference consistency requires manual source review. Answer is not an exact normalized extract of the supporting passage; semantic support requires manual review."
QA-0241,validation,What is the purpose of the Central Authority's directions under section 99?,"The Central Authority, in exercise of its powers or the performance of its functions under this Act, is bound by such directions on questions of policy, as the Central Government may give in writing to it from time to time.",consumer_protection,35,99(1),"Without prejudice to the foregoing provisions of this Act, the Central Authority, shall, in exercise of its powers or the performance of its functions under this Act, be bound by such directions on questions of policy, as the Central Government may give in writing to it from time to time:",MATCH,NOT_MATCHED,False,,,,yes,NEEDS_REVIEW,The declared legal reference was not verified in the supporting passage. Legal-reference consistency requires manual source review. Answer is not an exact normalized extract of the supporting passage; semantic support requires manual review.
QA-0242,train,What does the passage mention about the manner of authentication of goods sampled by the National Commission?,The passage mentions that the manner of authentication of goods sampled in case of the National Commission under clause (c) of sub-section (2) of section 38 is prescribed.,consumer_protection,36,sub-section (2) of section 38,The manner of authentication of goods sampled in case of the National Commission under clause (c) of sub-section (2) of section 38;,MATCH,MATCHES_SUPPORTING_PASSAGE,False,,,,yes,NEEDS_REVIEW,Reference text occurs in the supplied supporting passage. Answer is not an exact normalized extract of the supporting passage; semantic support requires manual review.
QA-0243,train,What are the conditions for the consumer to receive compensation?,"The consumer can receive compensation if the District Commission finds that loss or injury has been suffered by a large number of consumers who are not identifiable conveniently, and the amount payable shall not be less than twenty-five per cent. of the value of such defective goods sold or service provided, as the case may be, to such consumers.",consumer_protection,21,45 of 1860. 2 of 1974. 5 of 1908. 5 of 1908,Findings of District Commission. 45 of 1860. 2 of 1974. 5 of 1908. 5 of 1908.,MATCH,MATCHES_SUPPORTING_PASSAGE,False,,,,yes,NEEDS_REVIEW,Reference text occurs in the supplied supporting passage. Answer is not an exact normalized extract of the supporting passage; semantic support requires manual review.
QA-0244,train,Who can be responsible for investigating complaints regarding violations of consumer rights?,The District Collector (by whatever name called),consumer_protection,13,SEC. 16,"The District Collector (by whatever name called) may, on a complaint or on a reference made to him by the Central Authority or the Commissioner of a regional office, inquire into or investigate complaints regarding violation of rights of consumers as a class, on matters relating to violations of consumer rights, unfair trade practices and false or misleading advertisements, within his jurisdiction and submit his report to the Central Authority or to the Commissioner of a regional office, as the case may be.",MATCH,NOT_MATCHED,True,,,,yes,NEEDS_REVIEW,The declared legal reference was not verified in the supporting passage. Legal-reference consistency requires manual source review.
QA-0245,train,Who presides over the Bench when there is a disagreement among its members?,The senior-most member shall preside over the Bench.,consumer_protection,23,Provided that the senior-most member shall preside over the Bench.,"nd authority of the State Commission may be exercised by Benches thereof, and a Bench may be constituted by the President with one or more members as the President may deem fit: Provided that the senior-most member shall preside over the Bench.",MATCH,MATCHES_SUPPORTING_PASSAGE,True,,QA-0221,QA-0221,yes,NEEDS_REVIEW,Reference text occurs in the supplied supporting passage. Exact duplicate answer detected. Near-duplicate question(s) at or above 90% similarity detected.
QA-0246,train,What is the condition for an appeal by a person who is required to pay any amount in terms of an order of the State Commission to be entertained by the National Commission?,"No appeal by a person, who is required to pay any amount in terms of an order of the State Commission, shall be entertained by the National Commission unless the appellant has deposited fifty per cent. of that amount in the manner as may be prescribed.",consumer_protection,24,(2),"No appeal by a person, who is required to pay any amount in terms of an order of the State Commission, shall be entertained by the National Commission unless the appellant has deposited fifty per cent. of that amount in the manner as may be prescribed.",MATCH,AMBIGUOUS_UNTYPED_NUMBER,True,,QA-0189,QA-0189,yes,NEEDS_REVIEW,"A bare number does not establish whether it is an Article, Section, or another numbered entry. Legal-reference consistency requires manual source review. Exact duplicate answer detected. Near-duplicate question(s) at or above 90% similarity detected."
