split,source,page,question,answer,legal_reference,supporting_passage,source_page_text,approved,review_notes
train,constitution,372,What Act was amended in 1984 in Rajasthan?,"The Rajasthan Tenancy (Amendment) Act, 1984 (Rajasthan Act 13 of 1984)",Rajasthan Act 13 of 1984,"238. The Rajasthan Colonisation (Amendment) Act, 1984 (Rajasthan Act 12 of 1984). 239. The Rajasthan Tenancy (Amendment) Act, 1984 (Rajasthan Act 13 of 1984).","THE CONSTITUTION OF  INDIA
(Ninth Schedule)
341
230. The Madhya Pradesh Ceiling on Agricultural Holdings (Amendment) 
Act, 1989 (Madhya Pradesh Act 8 of 1989).
231. The Maharashtra Land Revenue Code, 1966 (Maharashtra Act 41 of 
1966), sections 36, 36A and 36B. 
232. The Maharashtra Land Revenue Code and the Maharashtra 
Restoration of Lands to Scheduled Tribes (Second Amendment) Act, 1976 
(Maharashtra Act 30 of 1977).
233. The Maharashtra Abolition of Subsisting Proprietary Rights to Mines 
and Minerals in certain Lands Act, 1985 (Maharashtra Act 16 of 1985).
234. The Orissa Scheduled Areas Transfer of Immovable Property (by 
Scheduled Tribes) Regulation, 1956 (Orissa Regulation 2 of 1956).
235. The Orissa Land Reforms (Second Amendment) Act, 1975 (Orissa 
Act 29 of 1976). 
236. The Orissa Land Reforms (Amendment) Act, 1976 (Orissa Act 30 of 1976). 
237. The Orissa Land Reforms (Second Amendment) Act, 1976 (Orissa 
Act 44 of 1976).
238. The Rajasthan Colonisation (Amendment) Act, 1984 (Rajasthan Act 
12 of 1984).
239. The Rajasthan Tenancy (Amendment) Act, 1984 (Rajasthan Act 13 of 
1984).
240. The Rajasthan Tenancy (Amendment) Act, 1987 (Rajasthan Act 21 of 
1987).
241. The Tamil Nadu Land Reforms (Fixation of Ceiling on Land) Second 
Amendment Act, 1979 (Tamil Nadu Act 8 of 1980).
242. The Tamil Nadu Land Reforms (Fixation of Ceiling on Land) 
Amendment Act, 1980 (Tamil Nadu Act 21 of 1980).
243. The Tamil Nadu Land Reforms (Fixation of Ceiling on Land) 
Amendment Act, 1981 (Tamil Nadu Act 59 of 1981).
244. The Tamil Nadu Land Reforms (Fixation of Ceiling on Land) Second 
Amendment Act, 1983 (Tamil Nadu Act 2 of 1984).
245. The Uttar Pradesh Land Laws (Amendment) Act, 1982 (Uttar Pradesh 
Act 20 of 1982).",,
train,constitution,134,What is the maximum age limit for additional or acting Judges appointed by the President?,No person appointed as an additional or acting Judge of a High Court shall hold office after attaining the age of 2[sixty-two years].,"3[224A. Appointment of retired Judges at sittings of High Courts.— Notwithstanding anything in this Chapter, 4[the National Judicial Appointments Commission on a reference made to it by the Chief Justice of a High Court for any State, may]",No person appointed as an additional or acting Judge of a High Court shall hold office after attaining the age of 2[sixty-two years].],"THE CONSTITUTION OF  INDIA
(Part VI.—The States) 
103
of arrears of work therein, it appears to the President that the number of the 
Judges of that Court should be for the time being increased, 1[the President 
may, in consultation with the National Judicial Appointments Commission, 
appoint] duly qualified persons to be additional Judges of the Court for such 
period not exceeding two years as he may specify. 
(2) When any Judge of a High Court other than the Chief Justice is by 
reason of absence or for any other reason unable to perform the duties of his 
office or is appointed to act temporarily as Chief Justice, 1[the President may, 
in consultation with the National Judicial Appointments Commission, appoint]
a duly qualified person to act as a Judge of that Court until the permanent Judge 
has resumed his duties.
 (3) No person appointed as an additional or acting Judge of a High 
Court shall hold office after attaining the age of 2[sixty-two years].] 
3[224A. Appointment of  retired Judges at sittings of  High Courts.—
Notwithstanding anything in this Chapter, 4[the National Judicial Appointments 
Commission on a reference made to it by the Chief Justice of a High Court for 
any State, may with the previous consent of the President], request any person 
who has held the office of a Judge of that Court or of any other High Court to 
sit and act as a Judge of the High Court for that State, and every such person so 
requested shall, while so sitting and acting, be entitled to such allowances as 
the President may by order determine and have all the jurisdiction, powers and 
privileges of, but shall not otherwise be deemed to be, a Judge of that High 
Court:
Provided that nothing in this article shall be deemed to require any such 
person as aforesaid to sit and act as a Judge of that High Court unless he 
consents so to do.]
______________________________________________
1. Subs. by the Constitution (Ninety-ninth Amendment) Act, 2014, s. 8,  for ""the 
President may appoint"" (w.e.f. 13-4-2015). This amendment has been struck down, by 
the Supreme Court in the case of Supreme Court Advocates-on-Record Association 
and Another Vs. Union of India in its judgment, dated 16-10-2015, AIR 2016 SC 117.
2 Subs. by the Constitution (Fifteenth  Amendment) Act, 1963, s. 6, for ""sixty years"" 
(w.e.f. 5-10-1963).
3. Ins. by s. 7,ibid. (w.e.f. 5-10-1963).
4. Subs. by the Constitution (Ninety-ninth Amendment) Act, 2014, s. 9, for ""the Chief 
Justice of a High Court for any State may at any time, with the previous consent of the 
President""  (w.e.f. 13-4-2015). This amendment has been struck down by the Supreme 
Court in the case of Supreme Court Advocates-on-Record Association and Another Vs . 
Union of India in its judgment dated 16-10-2015, AIR 2016 SC 117.",,
train,constitution,197,What year was the Devaswom Fund established?,"The Devaswom Fund was established every year to the Devaswom Fund established in that State for the maintenance of Hindu temples and shrines in the territories transferred to that State on the 1st day of November, 1956.",Not explicitly identified,"du] every year to the Devaswom Fund established in that State for the maintenance of Hindu temples and shrines in the territories transferred to that State on the 1st day of November, 1956, from the State of Travancore-Cochin.]","THE CONSTITUTION OF  INDIA
(Part XII.—Finance, Property, Contracts and Suits) 
166
(2) Nothing in clause (1) shall prevent the Union from imposing, or 
authorising the imposition of, any tax to such extent, if any, as Parliament may 
by law provide in respect of a trade or business of any kind carried on by, or on 
behalf of, the Government of a State, or any operations connected therewith, or 
any property used or occupied for the purposes of such trade or business, or any 
income accruing or arising in connection therewith.
(3) Nothing in clause (2) shall apply to any trade or business, or to any 
class of trade or business, which Parliament may by law declare to be incidental 
to the ordinary functions of Government.
290. Adjustment in respect of certain expenses and pensions .—
Where under the provisions of this Constitution the expenses of any court or 
Commission, or the pension payable to or in respect of a person who has served 
before the commencement of this Constitution under the Crown in India or 
after such commencement in connection with the affairs of the Union or of a 
State, are charged on the Consolidated Fund of India or the Consolidated Fund 
of a State, then, if—
(a) in the case of a charge on the Consolidated Fund of India, the 
court or Commission serves any of the separate needs of a State, or the 
person has served wholly or in part in connection with the affairs of a 
State; or
(b) in the case of a charge on the Consolidated Fund of a State, the 
court or  Commission serves any of the separate needs of the Union or 
another State, or the person has served wholly or  in part in connection 
with the affairs of the Union or another State,
there shall be charged on and paid  out of the Consolidated Fund of the State or, 
as the case may be, the Consolidated Fund of India or the Consolidated Fund of 
the other State, such contribution in respect of the expenses or pension as may 
be agreed, or as may in default of agreement be determined by an arbitrator to 
be appointed by the Chief Justice of India.
1[290A. Annual payment to certain Devaswom Funds. —A sum of 
forty-six lakhs and fifty thousand rupees shall be charged on, and paid out of, 
the Consolidated Fund of the State of Kerala every year to the Travancore 
Devaswom Fund; and a sum of thirteen lakhs and fifty thousand rupees shall be 
charged on, and paid out of, the Consolidated Fund of the State of 2[Tamil 
Nadu] every year to the Devaswom Fund established in that State for the 
maintenance of Hindu temples and shrines in the territories transferred to that 
State on the 1st day of November, 1956, from the State of Travancore-Cochin.]
______________________________________________
1. Ins. by the Constitution (Seventh Amendment) Act, 1956, s. 19 (w.e.f. 1-11-1956).
2. Subs. by the Madras State (Alteration of Name) Act, 1968 (53 of 1968), s. 4, for 
""Madras"" (w.e.f. 14-1-1969).",,
train,constitution,118,What protection does the passage provide for members of the Legislature of a State regarding their statements and votes?,The passage protects members of the Legislature of a State from any proceedings in any court in respect of anything said or any vote given by them in the Legislature or any committee thereof.,Not explicitly identified,"freedom of speech in the Legislature of every State. (2) No member of the Legislature of a State shall be liable to any proceedings in any court in respect of anything said or any vote given by him in the Legislature or any committee thereof, and no person shall be so liable in respect of the publication by or under the authority of a House of such a Legislature of any report, paper, votes or proceedings.","THE CONSTITUTION OF  INDIA
(Part VI.—The States) 
87
 (2) Before giving any decision on any such question, the Governor shall 
obtain the opinion of the Election Commission and shall act according to such 
opinion.]
193. Penalty for sitting and voting before making oath or affirmation 
under article 188 or when not qualified or when disqualified .—If a person 
sits or votes as a member of the Legislative Assembly or the Legislative 
Council of a State before he has complied with the requirements of article 188, 
or when he knows that he is not qualified or that he is disqualified for 
membership thereof, or that he is prohibited from so doing by the provisions of 
any law made by Parliament or the Legislature of the State, he shall be liable in 
respect of each day on which he so sits or votes to a penalty of five hundred 
rupees to be recovered as a debt due to the State.
Powers, Privileges and Immunities of State Legislatures
and their Members
194. Powers, privileges, etc., of the Houses of Legislatures and of the 
members and committees thereof. —(1) Subject to the provisions of this 
Constitution and to the rules and standing orders regulating the procedure of the 
Legislature, there shall be freedom of speech in the Legislature of every State.
(2) No member of the Legislature of a State shall be liable to any 
proceedings in any court in respect of anything said or any vote given by him in 
the Legislature or any committee thereof, and no person shall be so liable in 
respect of the publication by or under the authority of a House of such a 
Legislature of any report, paper, votes or proceedings.
1[(3) In other respects, the powers, privileges and immunities of a House 
of the Legislature of a State, and of the members and the committees of a 
House of such Legislature, shall be such as may from time to time be defined 
______________________________________________
1. Subs. by the Constitution (Forty-second Amendment) Act, 1976, s. 34 to read as 
follows :
""(3) In other respects, the powers, privileges and immunities of a House of the 
Legislature of  a State, and of the members and the committees of a House of such 
Legislature, shall be those of that House, and of its members and Committees, at the 
commencement of section 34 of the Constitution (Forty-second Amendment) Act, 
1976, and as may be evolved by such House of the House of the People, and of its 
members and committees where such House is the Legislative Assembly and in 
accordance with those of the Council of States, and of its members and committees 
where such House is the Legislative Council."" (date not notified). This amendment 
was omitted by the Constitution (Forty-fourth Amendment) Act, 1978, s. 45 
(w.e.f. 19-6-1979).""",,
train,constitution,365,What are the titles of the acts related to land reforms in Orissa mentioned in the passage?,"The Orissa Land Reforms (Amendment) Act, 1969 (Orissa Act 13 of 1969) and The Orissa Land Reforms (Amendment) Act, 1970 (Orissa Act 18 of 1970) are mentioned in the passage.",Not explicitly identified,"118. The Orissa Land Reforms (Amendment) Act, 1969 (Orissa Act 13 of 1969). 119. The Orissa Land Reforms (Amendment) Act, 1970 (Orissa Act 18 of 1970).","THE CONSTITUTION OF  INDIA
(Ninth Schedule)
334
118. The Orissa Land Reforms (Amendment) Act, 1969 (Orissa Act 13 of 
1969).
119. The Orissa Land Reforms (Amendment) Act, 1970 (Orissa Act 18 of 
1970).
120. The Uttar Pradesh Imposition of Ceiling on Land Holdings 
(Amendment) Act, 1972 (Uttar Pradesh  Act 18 of 1973).
121. The Uttar Pradesh Imposition of Ceiling on Land Holdings 
(Amendment) Act, 1974 (Uttar Pradesh  Act 2 of 1975).
122. The Tripura Land Revenue and Land Reforms  (Third Amendment) 
Act, 1975 (Tripura Act 3 of 1975).
123.The Dadra and Nagar Haveli Land Reforms Regulation, 1971 (3 of 1971).
124. The Dadra and Nagar Haveli Land Reforms (Amendment)  
Regulation, 1973 (5 of 1973).]
1[125. Section 66A and Chapter IVA of the Motor Vehicles Act, 1939
(Central Act 4 of 1939).
126. The Essential Commodities Act, 1955 (Central Act 10 of 1955).
127. The Smugglers and Foreign Exchange Manipulators (Forfeiture of 
Property) Act, 1976 (Central Act 13 of 1976).
128. The Bonded Labour System (Abolition) Act, 1976 (Central Act 19 of 
1976).
129. The Conservation of Foreign Exchange and Prevention of Smuggling 
Activities (Amendment) Act, 1976 (Central Act 20 of 1976).
2130*                       *                          *                        *  *
131. The Levy Sugar Price Equalisation Fund Act, 1976 (Central Act 31 of 
1976).
132. The Urban Land (Ceiling and Regulation) Act, 1976 (Central Act 33 
of 1976).
______________________________________________
1. Entries 125 to 188 ins. by the Constitution (Fortieth Amendment) Act, 1976, s. 3 
(w.e.f. 27-5-1976).
See now the relevant provisions of the Motor Vehicles Act, 1988 (59 of 1988).
2. Entry 130 omitted by the Constitution (Forty-fourth Amendment) Act, 1978, s. 44 
(w.e.f. 20-6-1979).",,
train,constitution,160,What is the minimum proportion of reserved seats for women in relation to the total number of reserved seats?,Not less than one-third of the total number of seats reserved under clause (1) shall be reserved for women.,Not explicitly identified,"Not less than one-third of the total number of seats reserved under clause (1) shall be reserved for women belonging to the Scheduled Castes or, as the case may be, the Scheduled Tribes.","THE CONSTITUTION OF  INDIA
(Part IXA.—The Municipalities)
129
243S.  Constitution and composition of Wards Committees, etc.—(1) 
There shall be constituted Wards Committees, consisting of one or more wards, 
within the territorial area of a Municipality having a population of three lakhs 
or more.
(2) The Legislature of a State may, by law, make provision with respect 
to—
(a) the composition and the territorial area of a Wards Committee;
(b) the manner in which the seats in a Wards Committee shall be 
filled. 
(3) A member of a Municipality representing a ward within the territorial 
area of the Wards Committee shall be a member of that Committee.
(4) Where a Wards Committee consists of—
(a) one ward, the member representing that ward in the Municipality; 
or 
(b) two or more wards, one of the members representing such wards 
in the Municipality elected by the members of the Wards Committee,
shall be the Chairperson of that Committee.
(5) Nothing in this article shall be deemed to prevent the Legislature of a 
State from making any provision for the constitution of Committees in addition 
to the Wards Committees.
243T. Reservation of seats .—(1) Seats shall be reserved for the 
Scheduled Castes and the Scheduled Tribes in every Municipality and the 
number of seats so reserved shall bear, as nearly as may be, the same 
proportion to the total number of seats to be filled by direct election in that 
Municipality as the population of the Scheduled Castes in the Municipal area or 
of the Scheduled Tribes in the Municipal area bears to the total population of 
that area and such seats may be allotted by rotation to different constituencies 
in a Municipality.
(2) Not less than one-third of the total number of seats reserved under 
clause (1) shall be reserved for women belonging to the Scheduled Castes or, as 
the case may be, the Scheduled Tribes. ",,
train,constitution,289,What Act renumbered entries 8 to 14?,"The Bombay Reorganisation Act, 1960 (11 of 1960)","Bombay Reorganisation Act, 1960 (11 of 1960), s. 4","2. Entries 8 to 14 renumbered as 9 to 15 by the Bombay Reorganisation Act, 1960 (11 of 1960), s. 4 (w.e.f. 1-5-1960).","THE CONSTITUTION OF  INDIA
(First Schedule)
         
Name Territories
 
258
1[2[** *                            *                          *]]
3[4[15.]
Nagaland 
The territories specified in sub -section (1) of section 3 
of the State of Nagaland Act, 1962.]
3[5[16.]
Haryana
6[The territories specified in sub-section (1) of section 3 
of the Punjab Reorganisation Act, 1966 and the 
territories specified in clause ( a) of sub-section ( 1) of 
section  4 of the Haryana and Uttar Pradesh (Alteration 
of Boundaries) Act, 1979, but excluding the territories 
specified in clause (v) of  sub-section (1) of section 4 of 
that Act.]] 
  3[7[17.] 
Himachal 
Pradesh
The territories which immediately before the 
commencement of this Constitution were being 
administered as if they were Chief Commissioners’ 
Provinces under the names of  Himachal Pradesh and 
Bilaspur and the territories specified  in sub-section ( 1) 
of section 5 of the Punjab Reorganisation Act, 1966.]
3[8[18.]
Manipur
The territory which immediately before the 
commencement of this Constitution was being 
administered as if it were a Chief Commissioner’s 
Province under the name of Manipur.]
______________________________________________
1. **Entry 15 relating to Jammu and Kashmir deleted by the Jammu and Kashmir  
Reorganisation  Act, 2019 (34 of 2019), s. 6 (w.e.f. 31-10-2019).
2. Entries 8 to 14 renumbered as 9 to 15 by the Bombay Reorganisation  Act, 1960   
(11 of 1960), s. 4 (w.e.f. 1-5-1960).
3. Entries 16 to 29 renumbered as entries 15 to 28 by the Jammu and Kashmir  
Reorganisation  Act, 2019 (34 of 2019), s. 6 (w.e.f. 31-10-2019).
4 Ins. by the State of Nagaland Act, 1962 (27 of 1962), s. 4 (w.e.f. 1-12-1963).
5. Ins. by the Punjab Reorganisation Act, 1966 (31 of 1966), s. 7 (w.e.f. 1-11-1966)
and the entry therein subsequently amended by the Haryana and Uttar Pradesh 
(Alteration of Boundaries) Act, 1979 (31 of 1979), s. 5 (w.e.f. 15-9-1983).
6. Subs. by the Haryana and Uttar Pradesh (Alteration of Boundaries) Act, 1979 
(31 of 1979), s. 5, for the entry against ""17. Haryana"" (w.e.f. 15-9-1983).
7. Ins. by the State of Himachal Pradesh Act, 1970 (53 of 1970), s. 4 (w.e.f. 25-1-1971).
8. Ins. by the North-Eastern Areas (Reorganisation) Act, 1971 (81 of 1971), s. 9 
(w.e.f. 21-1-1972).",,
train,constitution,267,What is the purpose of the final decision on matters relating to the Tuensang district?,The final decision on all matters relating to the Tuensang district shall be made by the Governor in his discretion.,"236(ii) the Minister for Tuensang affairs shall deal with, and have direct access to the Governor on, all matters relating to the Tuensang district but he shall keep the Chief Minister informed about the same; (f) notwithstanding anything in the foregoing provisions of this clause, the final decision on all matters relating to the Tuensang district shall be made by the Governor in his discretion;","f) notwithstanding anything in the foregoing provisions of this clause, the final decision on all matters relating to the Tuensang district shall be made by the Governor in his discretion;","THE CONSTITUTION OF  INDIA
(Part XXI.—Temporary, Transitional and Special Provisions)
236
(ii) the Minister for Tuensang affairs shall deal with, and have 
direct access to the Governor on, all matters relating to the Tuensang 
district but he shall keep the Chief Minister informed about the same;
(f) notwithstanding anything in the foregoing provisions of this 
clause, the final decision on all matters relating to the Tuensang district 
shall be made by the Governor in his discretion;
(g) in articles 54 and 55 and clause (4) of article 80, references to the 
elected members of the Legislative Assembly of a State or to each such 
member shall include references to the members or member of the 
Legislative Assembly of Nagaland elected by the regional council 
established under this article;
(h) in article 170—
(i) clause (1) shall, in relation to the Legislative Assembly of 
Nagaland, have effect as if for the word “sixty”, the word “forty-
six” had been substituted; 
(ii) in the said clause, the reference to direct election from 
territorial constituencies in the State shall include election by the 
members of the regional council established under this article;
(iii) in clauses (2) and (3), references to territorial constituencies
shall mean references to territorial constituencies in the Kohima 
and Mokokchung districts.
(3) If any difficulty arises in giving effect to any of the foregoing 
provisions of this article, the President may by order do anything (including 
any adaptation or modification of any other article) which appears to him to be 
necessary for the purpose of removing that difficulty:
Provided that no such order shall be made after the expiration of three 
years from the date of the formation of the State of Nagaland.
Explanation.—In this article, the Kohima, Mokokchung and Tuensang 
districts shall have the same meanings as in the State of Nagaland Act, 1962.]
1[371B. Special provision with respect to the State of Assam. —
Notwithstanding anything in this Constitution, the President may, by order 
made with respect to the State of Assam, provide for the constitution and 
functions of a committee of the Legislative Assembly of the State consisting of 
______________________________________________
1. Ins. by the Constitution (Twenty-second Amendment) Act, 1969, s. 4 (w.e.f. 25-9-1969).",,
train,constitution,267,What is the condition for the President's orders under Article 3 of the Constitution?,"The President may by order do anything (including any adaptation or modification of any other article) which appears to him to be necessary for the purpose of removing that difficulty, provided that no such order shall be made after the expiration of three years from the date of the formation of the State of Nagaland.",Article 3,"If any difficulty arises in giving effect to any of the foregoing provisions of this article, the President may by order do anything (including any adaptation or modification of any other article) which appears to him to be necessary for the purpose of removing that difficulty: Provided that no such order shall be made after the expiration of three years from the date of the formation of the State of Nagaland.","THE CONSTITUTION OF  INDIA
(Part XXI.—Temporary, Transitional and Special Provisions)
236
(ii) the Minister for Tuensang affairs shall deal with, and have 
direct access to the Governor on, all matters relating to the Tuensang 
district but he shall keep the Chief Minister informed about the same;
(f) notwithstanding anything in the foregoing provisions of this 
clause, the final decision on all matters relating to the Tuensang district 
shall be made by the Governor in his discretion;
(g) in articles 54 and 55 and clause (4) of article 80, references to the 
elected members of the Legislative Assembly of a State or to each such 
member shall include references to the members or member of the 
Legislative Assembly of Nagaland elected by the regional council 
established under this article;
(h) in article 170—
(i) clause (1) shall, in relation to the Legislative Assembly of 
Nagaland, have effect as if for the word “sixty”, the word “forty-
six” had been substituted; 
(ii) in the said clause, the reference to direct election from 
territorial constituencies in the State shall include election by the 
members of the regional council established under this article;
(iii) in clauses (2) and (3), references to territorial constituencies
shall mean references to territorial constituencies in the Kohima 
and Mokokchung districts.
(3) If any difficulty arises in giving effect to any of the foregoing 
provisions of this article, the President may by order do anything (including 
any adaptation or modification of any other article) which appears to him to be 
necessary for the purpose of removing that difficulty:
Provided that no such order shall be made after the expiration of three 
years from the date of the formation of the State of Nagaland.
Explanation.—In this article, the Kohima, Mokokchung and Tuensang 
districts shall have the same meanings as in the State of Nagaland Act, 1962.]
1[371B. Special provision with respect to the State of Assam. —
Notwithstanding anything in this Constitution, the President may, by order 
made with respect to the State of Assam, provide for the constitution and 
functions of a committee of the Legislative Assembly of the State consisting of 
______________________________________________
1. Ins. by the Constitution (Twenty-second Amendment) Act, 1969, s. 4 (w.e.f. 25-9-1969).",,
train,constitution,359,What Act was amended by West Bengal Act XXIX of 1951?,"The West Bengal Land Development and Planning Act, 1948 (West Bengal Act XXI of 1948)",20,"20. The West Bengal Land Development and Planning Act, 1948 (West Bengal Act XXI of 1948), as amended by West Bengal Act XXIX of 1951.","THE CONSTITUTION OF  INDIA
(Ninth Schedule)
328
19. Chapter III-A of the Industries (Development and Regulation) 
Act, 1951 (Act LXV of 1951), as inserted by section 13 of the Industries 
(Development and Regulation) Amendment Act, 1953 (Act XXVI of 1953). 
20. The West Bengal Land Development and Planning Act, 1948 
(West Bengal Act XXI of 1948), as amended by West Bengal Act XXIX of 
1951.]
1[21. The Andhra Pradesh Ceiling on Agricultural Holdings Act, 1961 
(Andhra Pradesh Act X of 1961).
22. The Andhra Pradesh (Telangana Area) Tenancy and Agricultural Lands 
(Validation) Act, 1961 (Andhra Pradesh Act XXI of 1961).
23. The Andhra  Pradesh (Telangana Area) Ijara and Kowli Land 
Cancellation of Irregular Pattas and Abolition of Concessional Assessment   
Act, 1961 (Andhra Pradesh Act XXXVI of 1961).
24. The Assam State Acquisition of Lands belonging to Religious or 
Charitable Institution of Public Nature Act, 1959 (Assam Act IX of 1961).
25. The Bihar Land Reforms (Amendment) Act, 1953 (Bihar Act XX of 1954).
26. The Bihar Land Reforms (Fixation of Ceiling Area and Acquisition of 
Surplus Land) Act, 1961 (Bihar Act XII of 1962),  except section 28 of this Act.
27. The Bombay Taluqdari Tenure Abolition (Amendment) Act, 1954 
(Bombay Act I of 1955).
28. The Bombay Taluqdari Tenure Abolition (Amendment) Act, 1957 
(Bombay Act XVIII of 1958).
29. The Bombay Inams (Kutch Area) Abolition Act, 1958 (Bombay 
Act XCVIII of 1958).
30. The Bombay Tenancy and Agricultural Lands (Gujarat Amendment) 
Act, 1960 (Gujarat Act XVI of 1960).
31. The Gujarat Agricultural Lands Ceiling Act, 1960 (Gujarat Act XXVI 
of 1961).
32. The Sagbara and Mehwassi Estates (Proprietary Rights Abolition, etc.) 
Regulation, 1962 (Gujarat Regulation I of 1962).
______________________________________________
1. Entries 21 to 64 and Explanation added by the Constitution (Seventeenth Amendment) 
Act, 1964, s. 3 (w.e.f. 20-6-1964). ",,
train,constitution,119,What Act amended the Constitution and when did it come into effect?,"The Constitution (Forty-fourth Amendment) Act, 1978 amended the Constitution and it came into effect on 20-6-1979.","Article 26 of the Constitution (Forty-fourth Amendment) Act, 1978","and transmitted to the Legislative Council— ______________________________________________ 1. Subs. by the Constitution (Forty-fourth Amendment) Act, 1978, s. 26, for certain words (w.e.f. 20-6-1979).","THE CONSTITUTION OF  INDIA
(Part VI.—The States) 
88
by the Legislature by law, and, until so defined, 1[shall be those of that House 
and of its members and committees immediately before the coming into force 
of section 26 of the Constitution (Forty-fourth Amendment) Act, 1978].
(4) The provisions of clauses (1), (2) and (3) shall apply in relation to 
persons who by virtue of this Constitution have the right to speak in, and 
otherwise to take part in the proceedings of, a House of the Legislature of a State 
or any committee thereof as they apply in relation to members of that Legislature. 
195. Salaries and allowances of members .—Members of the 
Legislative Assembly and the Legislative Council of a State shall be entitled to 
receive such salaries and allowances as may from time to time be determined, 
by the Legislature of the State by law and,  until provision in that respect is so 
made, salaries and allowances at such rates and upon such conditions as were 
immediately before the commencement of this Constitution applicable in the 
case of members of the Legislative Assembly of the corresponding Province.
Legislative Procedure 
196. Provisions as to introduction and passing of Bills. —(1) Subject 
to the provisions of articles 198 and 207 with respect to Money Bills and other 
financial Bills, a Bill may originate in either House of the Legislature of a State 
which has a Legislative Council.
(2) Subject to the provisions of articles 197 and 198, a Bill shall not be 
deemed to have been passed by the Houses of the Legislature of a State having 
a Legislative Council unless it has been agreed to by both Houses, either 
without amendment or with such amendments only as are agreed to by both 
Houses.
(3) A Bill pending in the Legislature of a State shall not lapse by reason 
of the prorogation of the House or Houses thereof.
(4) A Bill pending in the Legislative Council of a State which has not 
been passed by the Legislative Assembly shall not lapse on a dissolution of the 
Assembly.
(5) A Bill which is pending in the Legislative Assembly of a State, or 
which having been passed by the Legislative Assembly is pending in the 
Legislative Council, shall lapse on a dissolution of the Assembly.
197. Restriction on powers of Legislative Council as to Bills other 
than Money Bills .—(1) If after a Bill has been passed by the Legislative 
Assembly of a State having a Legislative Council and transmitted to the 
Legislative Council—
______________________________________________
1. Subs. by the Constitution (Forty-fourth Amendment) Act, 1978, s. 26, for certain 
words (w.e.f. 20-6-1979).",,
train,constitution,341,What are the reasons for which persons can be detained under the Constitution?,"Persons can be detained for reasons connected with Defence, Foreign Affairs, or the security of India.",Not explicitly identified,"for reasons connected with Defence, Foreign Affairs, or the security of India;"," 
310
SEVENTH SCHEDULE
(Article 246) 
List I—Union List
1. Defence of India and every part thereof including preparation for 
defence and all such acts as may be conducive in times of war to its prosecution 
and after its termination to effective demobilisation.
2. Naval, military and air forces; any other armed forces of the Union.
1[2A. Deployment of any armed force of the Union or any other force 
subject to the control of the Union or any contingent or unit thereof in any State 
in aid of the civil power; powers, jurisdiction, privileges and liabilities of the 
members of such forces while on such deployment.] 
3. Delimitation of cantonment areas, local self-government in such areas, 
the constitution and powers within such areas of cantonment authorities and the 
regulation of house accommodation (including the control of rents) in such 
areas.
4. Naval, military and air force works.
5. Arms, firearms, ammunition and explosives.
6. Atomic energy and mineral resources necessary for its production.
7. Industries declared by Parliament by law to be necessary for the 
purpose of defence or for the prosecution of war.
8. Central Bureau of Intelligence and Investigation.
9. Preventive detention for reasons connected with Defence, Foreign 
Affairs, or the security of India; persons subjected to such detention.
10. Foreign affairs; all matters which bring the Union into relation with 
any foreign country.
11. Diplomatic, consular and trade representation. 
12. United Nations Organisation.
13. Participation in international conferences, associations and other 
bodies and implementing of decisions made thereat.
14. Entering into treaties and agreements with foreign countries and 
implementing of treaties, agreements and conventions with foreign countries.
______________________________________________
1. Ins. by the Constitution (Forty-second Amendment) Act, 1976, s. 57 (w.e.f. 3-1-1977).",,
train,constitution,329,What conditions must be met for a District Council to direct that a State Act applies to an autonomous district or region?,"A District Council must give a public notification directing that an Act of the Legislature of the State of Mizoram applies to an autonomous district or region, or any part thereof, subject to such exceptions or modifications as it thinks fit.",Not explicitly identified,"The District Council for such district or having jurisdiction over such region, by public notification, so directs, and the District Council, in giving such direction with respect to any Act, may direct that the Act shall, in its application to such district or region or any part thereof, have effect subject to such exceptions or modifications as it thinks fit;","THE CONSTITUTION OF  INDIA
(Sixth Schedule) 
298
(b) the Governor may, by public notification, direct that any 
Act of the Legislature of the State of Tripura to which the provisions 
of clause (a) of this sub-paragraph do not apply, shall not apply to the 
autonomous district or an autonomous region in that State, or shall 
apply to that district or such region, or any part thereof, subject to 
such exceptions or modifications, as he may specify in the 
notification;
(c) the President may, with respect to any Act of Parliament, 
by notification, direct that it shall not apply to the autonomous district 
or an autonomous region in the State of Tripura, or shall apply to 
such district or region or any part thereof, subject to such exceptions 
or modifications as he may specify in the notification and any such 
direction may be given so as to have retrospective effect. 
12B. Application of Acts of Parliament and of the Legislature of 
the State of Mizoram to autonomous districts and autonomous regions 
in the State of Mizoram.— Notwithstanding anything in this 
Constitution,—
(a) no Act of the Legislature of the State of Mizoram in respect 
of any of the matters specified in paragraph 3 of this Schedule as 
matters with respect to which a District Council or a Regional 
Council may make laws, and no Act of the Legislature of the State of 
Mizoram prohibiting or restricting the consumption of any            
non-distilled alcoholic liquor shall apply to any autonomous district 
or autonomous region in that State unless, in either case, the District 
Council for such district or having jurisdiction over such region, by 
public notification, so directs, and the District Council, in giving such 
direction with respect to any Act, may direct that the Act shall, in its 
application to such district or region or any part thereof, have effect 
subject to such exceptions or modifications as it thinks fit;
(b) the Governor may, by public notification, direct that any 
Act of the Legislature of the State of Mizoram to which the 
provisions of clause (a) of this sub-paragraph do not apply, shall not 
apply to an autonomous district or an autonomous region in that 
State, or shall apply to such district or region, or any part thereof, 
subject to such exceptions or modifications, as he may specify in the 
notification;",,
train,constitution,27,"What article discusses the bar to interference by courts in disputes arising out of certain treaties, agreements, etc.?","Article 363 discusses the bar to interference by courts in disputes arising out of certain treaties, agreements, etc.",Article 363,"363. Bar to interference by courts in disputes arising out of certain treaties, agreements, etc.","Contents
ARTICLES
(xxiv)
 CHAPTER IV. SPECIAL DIRECTIVES
350. Language to be used in representations for redress of grievances. 
350A. Facilities for instruction in mother-tongue at primary stage.
350B. Special Officer for linguistic minorities.
  351. Directive for development of the Hindi language.
 PART XVIII
EMERGENCY PROVISIONS
  352. Proclamation of Emergency.
  353. Effect of Proclamation of Emergency. 
  354. Application of provisions relating to distribution of revenues 
while a Proclamation of Emergency is in operation.
  355. Duty of the Union to protect States against external aggression 
and internal disturbance. 
356. Provisions in case of failure of constitutional machinery in 
States. 
357. Exercise of legislative powers under Proclamation issued under 
article 356.
358. Suspension  of provisions of article 19 during emergencies.
359. Suspension of the enforcement of the rights conferred by Part III 
during emergencies.
[359A. Application of this Part to the State of Punjab. Omitted.]
360. Provisions as to financial emergency.
PART XIX
MISCELLANEOUS
361. Protection of President and Governors and Rajpramukhs.
361A. Protection of publication of proceedings of Parliament and State 
Legislatures.
361B. Disqualification for appointment on remunerative political post.
[362. Rights and privileges of Rulers of Indian States. Omitted.]
363. Bar to interference by courts in disputes arising out of certain 
treaties, agreements, etc.
363A. Recognition granted to Rulers of Indian States to cease and privy 
purses to be abolished.",,
train,constitution,223,What is the purpose of the reservation of seats for women in the Legislative Assemblies of the States?,Seats shall be reserved for women in the Legislative Assembly of every State.,1[332A. Reservation of seats for women in the Legislative Assemblies of the States],Seats shall be reserved for women in the Legislative Assembly of every State.,"THE CONSTITUTION OF  INDIA
(Part XVI.—Special Provisions Relating to Certain Classes) 
192
Assam, the representation of the Scheduled Tribes and non-Scheduled Tribes in 
the constituencies included in the Bodoland Territorial Areas District, so 
notified, and existing prior to the constitution of Bodoland Territorial Areas 
District, shall be maintained.]
1[332A. Reservation of  seats for women in the Legislative 
Assemblies of the States. — (1) Seats shall be reserved for women in the 
Legislative Assembly of every State.
(2) As nearly as may be, one-third of the total number of seats reserved 
under clause (3) of article 332 shall be reserved for women belonging to the 
Scheduled Castes or the Scheduled Tribes.
(3) As nearly as may be , one-third (including the number of seats 
reserved for women belonging to the Scheduled Castes and the Sceduled 
Tribes) of the total number of seats to be filled by direct election in the 
Legislative Assembly of every State shall be reserved for women.]
333. Representation of the Anglo-Indian community in the 
Legislative Assemblies of the States. —Notwithstanding anything in article 
170, the Governor 2*** of a State may, if he is of opinion that the Anglo-Indian 
community needs representation in the Legislative Assembly of the State and is 
not adequately represented therein, 3[nominate one member of that community 
to the Assembly]. 
334. 4[Reservation of seats and special representation to cease after
certain period].—Notwithstanding anything in the foregoing provisions of this 
Part, the provisions of this Constitution relating to—
(a) the reservation of seats for the Scheduled Castes and the 
Scheduled Tribes in the House of the People and in the Legislative 
Assemblies of the States; and
(b) the representation of the Anglo-Indian community in the 
House of  the People and in the Legislative Assemblies of the States by  
nomination,
______________________________________________
1.Ins. by the Constitution (One Hundred and Sixth Amendment) Act, 2023, s.4 (date yet to be 
notified).
2. The words ""or Rajpramukh"" omitted by the Constitution (Seventh Amendment) Act, 1956, 
s. 29 and Sch. (w.e.f. 1-11-1956).
3. Subs. by the Constitution (Twenty-third Amendment) Act, 1969, s. 4, for ""nominate such 
number of members of the community to the Assembly as he considers appropriate"" 
(w.e.f. 23-1-1970).
4. Subs. by the Constitution  (One hundred and fourth Amendment) Act, 2019, s. 2,   for 
marginal heading (w.e.f. 25-1-2020).",,
train,constitution,280,What amendment added the provision mentioned in the passage?,"The provision mentioned in the passage was added by the Constitution (First Amendment) Act, 1951.","Constitution (First Amendment) Act, 1951, s. 13","to hold office until the expiration of his term of office as determined under the provisions which were applicable to him immediately before such commencement. ______________________________________________ 1. Added by the Constitution (First Amendment) Act, 1951, s. 13 (w.e.f. 18-6-1951).","THE CONSTITUTION OF  INDIA
(Part XXI.—Temporary, Transitional and Special Provisions)
249
375. Courts, authorities and officers to continue to function subject 
to the provisions of the Constitution.— All courts of civil, criminal and 
revenue jurisdiction, all authorities and all officers, judicial, executive and 
ministerial, throughout the territory of India, shall continue to exercise their 
respective functions subject to the provisions of this Constitution.
376. Provisions as to Judges of High Courts.— (1) Notwithstanding 
anything in clause (2) of article 217, the Judges of a High Court in any 
Province holding office immediately before the commencement of this 
Constitution shall, unless they have elected otherwise, become on such 
commencement the Judges of the High Court in the corresponding State, and 
shall thereupon be entitled to such salaries and allowances and to such rights in  
respect of leave of absence and pension as are provided for under article 221 in 
respect of the Judges of such High Court. 1[Any such Judge shall, 
notwithstanding that he is not a citizen of India, be eligible for appointment as 
Chief Justice of such High Court, or as Chief Justice or other Judge of any 
other High Court.] 
(2) The Judges of a High Court in any Indian State corresponding to any 
State specified in Part B of the First Schedule holding office immediately 
before the commencement of this Constitution shall, unless they have elected 
otherwise, become on such commencement the Judges of the High Court in the 
State so specified and shall, notwithstanding anything in clauses  (1) and (2) of 
article 217 but subject to the proviso to clause (1) of that article, continue to hold 
office until the expiration of such period as the President may by order determine. 
(3)  In this article, the expression “Judge” does not include an acting Judge 
or an additional Judge.
377. Provisions as to Comptroller and Auditor-General of India.—The 
Auditor-General of India holding office immediately before the commencement of 
this Constitution shall, unless  he has elected otherwise, become on such 
commencement the Comptroller and Auditor-General of India and shall thereupon 
be entitled to such salaries and to such rights in respect of leave of absence and 
pension as are provided for under clause (3) of article 148 in respect of the 
Comptroller and Auditor-General of India and be entitled to continue to hold office 
until the expiration of his term of office as determined under the provisions which 
were applicable to him immediately before such commencement.
______________________________________________
1. Added by the Constitution (First Amendment) Act, 1951, s. 13 (w.e.f. 18-6-1951).",,
train,constitution,181,What are the dates mentioned in the passage for amendments to the Constitution?,The passage mentions two dates: 3-1-1977 and 1-11-1956.,Not explicitly identified,"1. Ins. by the Constitution (Forty-second Amendment) Act, 1976, s. 43 (w.e.f. 3-1-1977). 2. Ins. by the Constitution (Seventh Amendment) Act, 1956, s. 18 (w.e.f. 1-11-1956).","THE CONSTITUTION OF  INDIA
(Part XI.—Relations between the Union and the States) 
150
1[257A. [Assistance to States by deployment of armed forces or other 
forces of the Union. ].—Omitted by the Constitution (Forty-fourth 
Amendment ) Act, 1978, s. 33 ( w.e.f. 20-6-1979).]
258. Power of the Union to confer powers, etc., on States in certain 
cases.—(1) Notwithstanding anything in this Constitution, the President may, 
with the consent of the Government of a State, entrust either conditionally or 
unconditionally to that Government or to its officers functions in relation to any 
matter to which the executive power of the Union extends.
(2) A law made by Parliament which applies in any State may, 
notwithstanding that it relates to a matter with respect to which the Legislature 
of the State has no power to make laws, confer powers and impose duties, or 
authorise the conferring of powers and the imposition of duties, upon the State 
or officers and authorities thereof.
(3) Where by virtue of this article powers and duties have been conferred 
or imposed upon a State or officers or authorities thereof, there shall be paid by 
the Government of India to the State such sum as may be agreed, or, in default 
of agreement, as may be determined by an arbitrator appointed by the Chief 
Justice of India, in respect of any extra costs of administration incurred by the 
State in connection with the exercise of those powers and duties.
2[258A. Power of the States to entrust functions to the Union .—
Notwithstanding anything in this Constitution, the Governor of a State may, 
with the consent of the Government of India, entrust either conditionally or 
unconditionally to that Government or to its officers functions in relation to any 
matter to which the executive power of the State extends.]
[259. Armed Forces in States in Part B of the First Schedule.] .—
Omitted by the Constitution (Seventh Amendment) Act, 1956, s. 29 and Sch.
(w.e.f. 1-11-1956).
260. Jurisdiction of the Union in relation to territories outside 
India.—The Government of India may by agreement with the Government of 
any territory not being part of the territory of India undertake any executive, 
legislative or judicial functions vested in the Government of such territory, but 
every such agreement shall be subject to, and governed by, any law relating to 
the exercise of foreign jurisdiction for the time being in force.
______________________________________________
1. Ins. by the Constitution (Forty-second Amendment) Act, 1976, s. 43 (w.e.f. 3-1-1977).
2. Ins. by the Constitution (Seventh Amendment) Act, 1956, s. 18 (w.e.f. 1-11-1956).",,
train,constitution,20,What is the purpose of Article 249 in the context of the Indian Constitution?,Article 249 allows Parliament to legislate with respect to any matter in the State List if a Proclamation of Emergency is in operation.,Article 249,250. Power of Parliament to legislate with respect to any matter in the State List if a Proclamation of Emergency is in operation.,"Contents
ARTICLES
(xvii)
PART XI
RELATIONS BETWEEN THE UNION AND THE 
STATES 
CHAPTER I. LEGISLATIVE  RELATIONS
Distribution of Legislative Powers
245. Extent of laws made by Parliament and by the Legislatures of 
States.
246. Subject-matter of laws made by Parliament and by the 
Legislatures of States.
246A. Special provision with respect to goods and services tax. 
247. Power of Parliament to provide for the establishment of certain 
additional courts.
248. Residuary powers of legislation.
249. Power of Parliament to legislate with respect to a matter in the 
State List in the national interest.
250. Power of Parliament to legislate with respect to any matter in the 
State List if a Proclamation of Emergency is in operation.
251. Inconsistency between laws made by Parliament under articles 
249 and 250 and laws made by the Legislatures of States.
252. Power of Parliament to legislate for two or more States by 
consent and adoption of such legislation by any other State.
253. Legislation for giving effect to international agreements.
254. Inconsistency between laws made by Parliament and laws made 
by the Legislatures of States. 
255. Requirements as to recommendations and previous sanctions to 
be regarded as matters of procedure only.
CHAPTER II. ADMINISTRATIVE RELATIONS
General
256. Obligation of States and the Union.
257. Control of the Union over States in certain cases.
[257A. Assistance to States by deployment of armed forces or other 
forces of the Union. Omitted.]
258. Power of the Union to confer powers, etc., on States in certain 
cases. ",,
train,constitution,92,What is the power of the Supreme Court regarding the punishment for contempt?,The Supreme Court shall have all the powers of a court of record including the power to punish for contempt of itself.,129. Supreme Court to be a court of record.,The Supreme Court shall be a court of record and shall have all the powers of such a court including the power to punish for contempt of itself.,"THE CONSTITUTION OF  INDIA
(Part V.—The Union)
61
Provided that nothing in this article shall be deemed to require any such 
person as aforesaid to sit and act as a Judge of that Court unless he consents so 
to do.  
129. Supreme Court to be a court of record. —The Supreme Court 
shall be a court of record and shall have all the powers of such a court including 
the power to punish for contempt of itself. 
130. Seat of Supreme Court.—The Supreme Court shall sit in Delhi or 
in such other place or places, as the Chief Justice of India may, with the 
approval of the President, from time to time, appoint. 
131. Original jurisdiction of the Supreme Court .—Subject to the 
provisions of this Constitution, the Supreme Court shall, to the exclusion of any 
other court, have original jurisdiction in any dispute— 
(a) between the Government of India and one or more States; or
(b) between the Government of India and any State or States on one 
side and one or more other States on the other; or 
(c) between two or more States, 
if and in so far as the dispute involves any question (whether of law or fact) on which 
the existence or extent of a legal right depends:
1[Provided that the said jurisdiction shall not extend to a dispute arising 
out of any treaty, agreement, covenant, engagement, sanad or other similar 
instrument which, having been entered into or executed before the 
commencement of this Constitution, continues in operation after such 
commencement, or which provides that the said jurisdiction shall not extend to 
such a dispute.]
2[131A. Exclusive jurisdiction of the Supreme Court in regard to 
questions as to constitutional validity of Central laws. ].—Omitted by the 
Constitution (Forty-third Amendment) Act, 1977, s. 4 (w.e.f. 13-4-1978).
132. Appellate jurisdiction of the Supreme Court in appeals from 
High Courts in certain cases .—(1) An appeal shall lie to the Supreme Court 
from any judgment, decree or final order of a High Court in the territory of 
India, whether in a civil, criminal or other proceeding, 3[if the High Court 
certifies under article 134A] that the case involves a substantial question of law 
as to the interpretation of this Constitution.
______________________________________________
1. Subs. by the Constitution (Seventh Amendment) Act, 1956, s. 5, for the proviso 
(w.e.f. 1-11-1956).
2. Ins. by the Constitution  (Forty-second Amendment)  Act, 1976, s. 23 (w.e.f. 1-2-1977).
3. Subs. by the Constitution (Forty-fourth Amendment) Act, 1978, s. 17, for ""if the High 
Court certifies"" (w.e.f. 1-8-1979). ",,
train,constitution,92,What is the purpose of the jurisdiction clause mentioned in the passage?,"The jurisdiction clause mentioned in the passage is to extend to a dispute arising out of any treaty, agreement, covenant, engagement, sanad or other similar instrument which, having been entered into or executed before the commencement of this Constitution, continues in operation after such commencement, or which provides that the said jurisdiction shall not extend to such a dispute.",Not explicitly identified,"t extend to a dispute arising out of any treaty, agreement, covenant, engagement, sanad or other similar instrument which, having been entered into or executed before the commencement of this Constitution, continues in operation after such commencement, or which provides that the said jurisdiction shall not extend to such a dispute.","THE CONSTITUTION OF  INDIA
(Part V.—The Union)
61
Provided that nothing in this article shall be deemed to require any such 
person as aforesaid to sit and act as a Judge of that Court unless he consents so 
to do.  
129. Supreme Court to be a court of record. —The Supreme Court 
shall be a court of record and shall have all the powers of such a court including 
the power to punish for contempt of itself. 
130. Seat of Supreme Court.—The Supreme Court shall sit in Delhi or 
in such other place or places, as the Chief Justice of India may, with the 
approval of the President, from time to time, appoint. 
131. Original jurisdiction of the Supreme Court .—Subject to the 
provisions of this Constitution, the Supreme Court shall, to the exclusion of any 
other court, have original jurisdiction in any dispute— 
(a) between the Government of India and one or more States; or
(b) between the Government of India and any State or States on one 
side and one or more other States on the other; or 
(c) between two or more States, 
if and in so far as the dispute involves any question (whether of law or fact) on which 
the existence or extent of a legal right depends:
1[Provided that the said jurisdiction shall not extend to a dispute arising 
out of any treaty, agreement, covenant, engagement, sanad or other similar 
instrument which, having been entered into or executed before the 
commencement of this Constitution, continues in operation after such 
commencement, or which provides that the said jurisdiction shall not extend to 
such a dispute.]
2[131A. Exclusive jurisdiction of the Supreme Court in regard to 
questions as to constitutional validity of Central laws. ].—Omitted by the 
Constitution (Forty-third Amendment) Act, 1977, s. 4 (w.e.f. 13-4-1978).
132. Appellate jurisdiction of the Supreme Court in appeals from 
High Courts in certain cases .—(1) An appeal shall lie to the Supreme Court 
from any judgment, decree or final order of a High Court in the territory of 
India, whether in a civil, criminal or other proceeding, 3[if the High Court 
certifies under article 134A] that the case involves a substantial question of law 
as to the interpretation of this Constitution.
______________________________________________
1. Subs. by the Constitution (Seventh Amendment) Act, 1956, s. 5, for the proviso 
(w.e.f. 1-11-1956).
2. Ins. by the Constitution  (Forty-second Amendment)  Act, 1976, s. 23 (w.e.f. 1-2-1977).
3. Subs. by the Constitution (Forty-fourth Amendment) Act, 1978, s. 17, for ""if the High 
Court certifies"" (w.e.f. 1-8-1979). ",,
train,constitution,201,Who is personally liable for contracts made in the exercise of executive power of the Union or of a State?,"Neither the President nor the Governor shall be personally liable in respect of any contract or assurance made or executed for the purposes of this Constitution, or for the purposes of any enactment relating to the Government of India heretofore in force, nor shall any person making or executing any such contract or assurance on behalf of any of them be personally liable in respect thereof.",299(2) of the Constitution,"Neither the President nor the Governor2*** shall be personally liable in respect of any contract or assurance made or executed for the purposes of this Constitution, or for the purposes of any enactment relating to the Government of India heretofore in force, nor shall any person making or executing any such contract or assurance on behalf of any of them be personally liable in respect thereof.","THE CONSTITUTION OF  INDIA
(Part XII.—Finance, Property, Contracts and Suits) 
170
299. Contracts.—(1) All contracts made in the exercise of the executive 
power of the Union or of a State shall be expressed to be made by the 
President, or by the Governor1*** of the State, as the case may be, and all such 
contracts and all assurances of property made in the exercise of that power shall 
be executed on behalf of the President or the Governor 1*** by such persons 
and in such manner as he may direct or authorise.
(2) Neither the President nor the Governor2*** shall be personally liable 
in respect of any contract or assurance made or executed for the purposes of 
this Constitution, or for the purposes of any enactment relating to the 
Government of India heretofore in force, nor shall any person making or 
executing any such contract or assurance on behalf of any of them be 
personally liable in respect thereof.
300. Suits and proceedings.—(1) The Government of India may sue or 
be sued by the name of the Union of India and the Government of a State may 
sue or be sued by the name of the State and may, subject to any provisions 
which may be made by Act of Parliament or of the Legislature of such State 
enacted by virtue of powers conferred by this Constitution, sue or be sued in 
relation to their respective affairs in the like cases as the Dominion of India and 
the corresponding Provinces or the corresponding Indian States might have 
sued or been sued if this Constitution had not been enacted.
(2) If at the commencement of this Constitution—
(a) any legal proceedings are pending to which the Dominion of 
India is a party, the Union of India shall be deemed to be substituted for 
the Dominion in those proceedings; and
(b) any legal proceedings are pending to which a Province or an 
Indian State is a party, the corresponding State shall be deemed to be 
substituted for the Province or the Indian State in those proceedings. 
3[CHAPTER IV.—RIGHT TO PROPERTY
300A. Persons not to be deprived of property save by authority of  
law.— No person shall be deprived of his property save by authority of law.]
______________________________________________
1. The words ""or the Rajpramukh"" omitted by the Constitution (Seventh Amendment) 
Act, 1956, s. 29 and Sch. (w.e.f. 1-11-1956).
2. The words ""nor the  Rajpramukh"" omitted by s. 29 and Sch., ibid. (w.e.f. 1-11-1956).
3. Ins. by the Constitution (Forty-fourth Amendment) Act, 1978, s. 34 (w.e.f. 20-6-1979).",,
train,constitution,71,What right does every Minister and the Attorney-General of India have regarding the proceedings of Parliament?,"Every Minister and the Attorney-General of India shall have the right to speak in, and otherwise to take part in the proceedings of, either House, any joint sitting of the Houses, and any committee of Parliament of which he may be named a member, but shall not by virtue of this article be entitled to vote.",Not explicitly identified,"Every Minister and the Attorney-General of India shall have the right to speak in, and otherwise to take part in the proceedings of, either House, any joint sitting of the Houses, and any committee of Parliament of which he may be named a member, but shall not by virtue of this article be entitled to vote.","THE CONSTITUTION OF  INDIA
(Part V.—The Union)
40
1[85. Sessions of Parliament, prorogation and dissolution .—(1) The 
President shall from time to time summon each House of Parliament to meet at 
such time and place as he thinks fit, but six months shall not intervene between 
its last sitting in one session and the date appointed for its first sitting in the 
next session.
(2) The President may from time to time—
(a) prorogue the Houses or either House;
(b) dissolve the House of the People.]
86. Right of President to address and send messages to Houses.—(1) 
The President may address either House of Parliament or both Houses 
assembled together, and for that purpose require the attendance of members. 
(2) The President may send messages to either House of Parliament, 
whether with respect to a Bill then pending in Parliament or otherwise, and a 
House to which any message is so sent shall with all convenient despatch 
consider any matter required by the message to be taken into consideration.
87. Special address by the President. —(1) At the commencement of 
2[the first session after each general election to the House of the People and at 
the commencement of the first session of each year] the President shall address 
both Houses of Parliament assembled together and inform Parliament of the 
causes of its summons.
(2) Provision shall be made by the rules regulating the procedure of 
either House for the allotment of time for discussion of the matters referred to 
in such address 3***.
88. Rights of Ministers and Attorney-General as respects Houses. —
Every Minister and the Attorney-General of India shall have the right to speak 
in, and otherwise to take part in the proceedings of, either House, any joint 
sitting of the Houses, and any committee of Parliament of which he may be 
named a member, but shall not by virtue of this article be entitled to vote.
______________________________________________
1. Subs. by the Constitution (First Amendment) Act, 1951, s. 6, for art. 85
(w.e.f. 18-6-1951).
2. Subs. by the Constitution (First Amendment) Act, 1951, s. 7, for ""every session""
(w.e.f. 18-6-1951).
3. The words ""and for the precedence of such discussion over other business of the House"" 
omitted by s. 7,ibid. (w.e.f. 18-6-1951).",,
train,constitution,35,What are the residency requirements for a person to be registered as a citizen of India?,A person must have been resident in the territory of India for at least six months immediately preceding the date of his application to be registered as a citizen of India.,Provided that no person shall be so registered unless he has been resident in the territory of India for at least six months immediately preceding the date of his application.,"ly, 1948, he has been registered as a citizen of India by an officer appointed in that behalf by the Government of the Dominion of India on an application made by him therefor to such officer before the commencement of this Constitution in the form and manner prescribed by that Government: Provided that no person shall be so registered unless he has been resident in the territory of India for at least six months immediately preceding the date of his application.","4
PART II
CITIZENSHIP 
5. Citizenship at the commencement of the Constitution. —At the 
commencement of this Constitution, every person who has his domicile in the 
territory of India and—
(a) who was born in the territory of India; or 
(b) either of whose parents was born in the territory of India; or
(c) who has been ordinarily resident in the territory of India for 
not less than five years immediately preceding such commencement,  
shall be a citizen of India.
6. Rights of citizenship of certain persons who have migrated to 
India from Pakistan .—Notwithstanding anything in article 5, a person who 
has migrated to the territory of India from the territory now included in 
Pakistan shall be deemed to be a citizen of India at the commencement of this 
Constitution if—
(a) he or either of his parents or any of his grand-parents was born 
in India as defined in the Government of India Act, 1935 (as originally 
enacted); and
(b)(i) in the case where such person has so migrated before the 
nineteenth day of July, 1948, he has been ordinarily resident in the 
territory of India since the date of his migration, or
(ii) in the case where such person has so migrated on or after the 
nineteenth day of July, 1948, he has been registered as a citizen of India 
by an officer appointed in that behalf by the Government of the 
Dominion of India on an application made by him therefor to such 
officer before the commencement of this Constitution in the form and 
manner prescribed by that Government:
Provided that no person shall be so registered unless he has been resident 
in the territory of India for at least six months immediately preceding the date 
of his application.
7. Rights of citizenship of certain migrants to Pakistan .—
Notwithstanding anything in articles 5 and 6, a person who has after the first 
day of March, 1947, migrated from the territory of India to the territory now 
included in Pakistan shall not be deemed to be a citizen of India:",,
train,constitution,302,What is the purpose of the oath of secrecy for a Minister for a State?,"The purpose of the oath of secrecy for a Minister for a State is to ensure that the Minister does not communicate or reveal any matter brought under their consideration or known to them as a Minister, except as required for the due discharge of their duties.",VII A Form of oath or affirmation to be made by a candidate for election to the Legislature of a State,"I, A.B., do swear in the name of God that I will not directly or solemnly affirm indirectly communicate or reveal to any person or persons any matter which shall be brought under my consideration or shall become known to me as a Minister for the State of ....................except as may be required for the due discharge of my duties as such Minister.","THE CONSTITUTION OF  INDIA
(Third Schedule) 
271
V 
Form of oath of office for a Minister for a State:—
“I, A.B.,  do swear  in  the  name  of  God that  I  will   bear   true  faith   
solemnly affirm
and allegiance to the Constitution of India as by law established, 1[that I 
will uphold the sovereignty and integrity of India,] that I will faithfully 
and conscientiously discharge my duties as a Minister for the State of 
..........and that I will do right to all manner of people in accordance with 
the Constitution and the law without fear or favour, affection or ill-will.”
VI
Form of oath of secrecy for a Minister for a State:— 
  “I,  A.B.,  do  swear  in  the  name   of   God that I  will  not  directly or 
                            solemnly affirm
indirectly communicate or reveal to any person or persons any matter 
which shall be brought under my consideration or shall become known to 
me as a Minister for the State of ....................except as may be required for 
the due discharge of my duties as such Minister.”  
2[VII
A
Form of oath or affirmation to be made by a candidate for election to the 
Legislature of a State:—
“I,  A.B.,  having  been  nominated  as  a  candidate  to fill  
a seat  in  the  Legislative  Assembly  (or  Legislative  Council),  
do swear  in the name  of  God that  I  will  bear  true  faith  and  
solemnly affirm
allegiance  to  the Constitution of India as by law established and that I 
will uphold the sovereignty and integrity of India.”
______________________________________________
1. Ins. by the Constitution (Sixteenth Amendment) Act, 1963, s. 5 (w.e.f. 5-10-1963).
2. Subs. by s. 5, ibid., for Form VII (w.e.f. 5-10-1963).",,
train,constitution,327,What must a District Council do regarding an Act of the Legislature of Assam that does not apply to an autonomous district or region?,"A District Council must give a public notification directing whether the Act shall apply to the district or region or any part thereof, subject to exceptions or modifications as it thinks fit.","The Constitution of India, Sixth Schedule, 296(a)","The District Council for such district or having jurisdiction over such region by public notification so directs, and the District Council in giving such direction with respect to any Act may direct that the Act shall in its application to such district or region or any part thereof have effect subject to such exceptions or modifications as it thinks fit;","THE CONSTITUTION OF  INDIA
(Sixth Schedule) 
296
 (a) no Act of the 1[Legislature of the State of Assam] in respect 
of any of the matters specified in paragraph 3 of this Schedule as 
matters with respect to which a District Council or a Regional Council 
may make laws, and no Act of the Legislature of the State of Assam 
prohibiting or restricting the consumption of any non-distilled alcoholic 
liquor shall apply to any autonomous district or autonomous region 2[in 
that State] unless in either case the District Council for such district or 
having jurisdiction over such region by public notification so directs, 
and the District Council in giving such direction with respect to any 
Act may direct that the Act shall in its application to such district or 
region or any part thereof have effect subject to such exceptions or 
modifications as it thinks fit;
(b) the Governor may, by public notification, direct that any 
Act of Parliament or of the 1[Legislature of the State of Assam] to 
which the provisions of clause (a) of this sub-paragraph do not apply 
shall not apply to an autonomous district or an autonomous region 
2[in that State], or shall apply to such district or region or any part 
thereof subject to such exceptions or modifications as he may specify 
in the notification.
(2) Any direction given under sub-paragraph (1) of this paragraph 
may be given so as to have retrospective effect.
3[12A. Application of Acts of Parliament and of the Legislature of 
the State of Meghalaya to autonomous districts and autonomous 
regions in the State of Meghalaya .—Notwithstanding anything in this 
Constitution,—
______________________________________________
1. Subs. by the North-Eastern Areas (Reorganisation) Act, 1971 (81 of 1971), s. 71(i) 
and Eighth Sch., for ""Legislature of the State"" (w.e.f. 21-1-1972).
2. Ins. by  s. 71(i) and Eighth Sch.,  ibid. (w.e.f. 21-1-1972).
3. Subs. by  s. 71(i) and Eighth Sch., ibid., for paragraph 12A (w.e.f. 21-1-1972).",,
train,constitution,314,What is the maximum extension period for the term of an elected member of the District Council?,"The maximum extension period for the term of an elected member of the District Council is one year at a time, while a Proclamation of Emergency is in operation, not extending beyond a period of six months after the Proclamation has ceased to operate.",Not explicitly identified,"Provided that the said period of five years may, while a Proclamation of Emergency is in operation or if circumstances exist which, in the opinion of the Governor, render the holding of elections impracticable, be extended by the Governor for a period not exceeding one year at a time and in any case where a Proclamation of Emergency is in operation not extending beyond a period of six months after the Proclamation has ceased to operate:","THE CONSTITUTION OF  INDIA
(Sixth Schedule)
283
(f) any other matter relating to or connected with elections or
nominations to such Councils; 
(g) the procedure and the conduct of business 1[(including the
power to act notwithstanding any vacancy)] in the District and 
Regional Councils;
(h) the appointment of officers and staff of the District and
Regional Councils. 
1[(6A) The elected members of the District Council shall hold office 
for a term of five years from the date appointed for the first meeting of the 
Council after the general elections to the Council, unless the District 
Council is sooner dissolved under paragraph 16 and a nominated member 
shall hold office at the pleasure of the Governor: 
Provided that the said period of five years may, while a Proclamation 
of Emergency is in operation or if circumstances exist which, in the opinion 
of the Governor, render the holding of elections impracticable, be extended 
by the Governor for a period not exceeding one year at a time and in any 
case where a Proclamation of Emergency is in operation not extending 
beyond a period of six months after the Proclamation has ceased to operate: 
Provided further that a member elected to fill a casual vacancy shall 
hold office only for the remainder of the term of office of the member 
whom he replaces.] 
(7) The District or the Regional Council may after its first
constitution make  rules 1[with the approval of the Governor] with regard to 
the matters specified in sub-paragraph (6) of this paragraph and may also 
make rules 1[with like approval] regulating—
(a) the formation of subordinate local Councils or Boards and
their procedure and the conduct of their business; and
(b) generally all matters relating to the transaction of business
pertaining to the administration of the district or region, as the case  
may be:
______________________________________________
1. Ins. by the Assam Reorganisation (Meghalaya) Act, 1969 (55 of 1969), s. 74 and 
Fourth Sch. (w.e.f. 2-4-1970). ",,
train,constitution,317,What are the specific areas covered under the 'Welfare of plain tribes and backward classes' provision?,"The 'Welfare of plain tribes and backward classes' provision covers areas such as urban development—town and country planning, and tribal research institute controlled and financed by the State Government.",Not explicitly identified,Welfare of plain tribes and backward classes: Provided that nothing in such laws shall— (a) extinguish or modify the existing rights and privileges of any citizen in respect of his land at the date of commencement of this Act; and (b) disallow and citizen from acquiring land,"THE CONSTITUTION OF  INDIA
(Sixth Schedule) 
286
supply;  (ix) forests (other than reserved forests);  (x) handloom and textile;  (xi) health and 
family welfare, (xii) intoxicating liquors, opium and derivatives, subject to the provisions of 
entry 84 of List I  of the Seventh Schedule; (xiii) irrigation; (xiv)  labour and employment;  
(xv) land and revenue; (xvi) library services (financed and controlled by the State 
Government);  (xvii)  lotteries (subject to the provisions of entry 40 of List I of the Seventh 
Schedule), theatres, dramatic performances and cinemas (subject to the provisions of entry 
60 of List I of the Seventh Schedule); (xviii) markets and fairs; (xix) municipal corporation, 
improvement trust, district boards and other local authorities; (xx) museum and 
archaeology institutions controlled or financed by the State, ancient and historical 
monuments and records other than those declared by or under any law made by Parliament 
to be of national importance;  (xxi)  panchayat and rural development;  (xxii) planning and 
development;  (xxiii) printing and stationery; (xxiv) public health engineering; (xxv) public 
works department;  (xxvi)  publicity and public relations; (xxvii) registration of births and 
deaths;  (xxviii)  relief and rehabilitation;  (xxix) sericulture; (xxx)  small, cottage and rural 
industry subject to the provisions of entries 7 and 52 of List I of the Seventh Schedule;  
(xxxi)  social Welfare;  (xxxii)  soil conservation; (xxxiii)  sports and youth welfare;  
(xxxiv)  statistics;  (xxxv) tourism; (xxxvi) transport (roads, bridges, ferries and other 
means of communications not specified in List I of the Seventh Schedule, municipal 
tramways,   ropeways, inland waterways and traffic thereon subject to the provision of List 
I and List III of the Seventh Schedule with regard to such waterways, vehicles other than 
mechanically propelled vehicles);  (xxxvii)  tribal research institute controlled and financed 
by the State  Government; (xxxviii)   urban development—town  and country  planning;  
(xxxix) weights and measures subject to the provisions of entry 50 of List I of the  Seventh 
Schedule; and   (xl)  Welfare of plain tribes and backward classes:
Provided that nothing in such laws shall—
(a)  extinguish or modify the existing rights and privileges of any citizen 
in respect of his land at the date of commencement of this Act; and 
(b) disallow and citizen from acquiring land either by way of inheritance, 
allotment, settlement or by any other way of transfer if such citizen is otherwise 
eligible for such acquisition of land within the Bodoland Territorial Areas 
District.
(2) All laws made under paragraph 3 or under this paragraph shall in so far as they 
relate to matters specified in List III  of the Seventh Schedule, be submitted forthwith to the 
Governor who shall reserve the same for the consideration of the President. 
(3) When a law is reserved for the consideration of the President, the President shall 
declare  either that he assents to the said law or that he withholds assent therefrom:
Provided that the President may direct the Governor to return the law to the 
Bodoland Territorial Council, together with the message requesting that the said Council 
will reconsider the law or any specified provisions thereof and, in particular, will consider 
the desirability of introducing any such amendments as he may recommend in his message 
and, when the law is so returned, the said Council shall consider the law accordingly within 
a period of six months from the date of receipt of such message and, if the law is again 
passed by the said Council with or without amendments it shall be presented again to the 
President for his consideration.”.",,
train,constitution,53,What does the passage mention about the State's efforts to promote cottage industries?,The passage mentions that the State shall endeavour to promote cottage industries on an individual or co-operative basis in rural areas.,Not explicitly identified,The State shall endeavour to promote cottage industries on an individual or co-operative basis in rural areas.,"THE CONSTITUTION OF  INDIA
(Part IV.— Directive Principles of State Policy)
22
1[(f) that children are given opportunities and facilities to develop 
in a healthy manner and in conditions of freedom and dignity and that 
childhood and youth are protected against exploitation and against moral 
and material abandonment.]
2[39A. Equal justice and free legal aid.—The State shall secure that the 
operation of the legal system promotes justice, on a basis of equal opportunity, 
and shall, in particular, provide free legal aid, by suitable legislation or schemes 
or in any other way, to ensure that opportunities for securing justice are not 
denied to any citizen by reason of economic or other disabilities.] 
40. Organisation of village panchayats.—The State shall take steps to 
organise village panchayats and endow them with such powers and authority as 
may be necessary to enable them to function as units of self-government.
41. Right to work, to education and to public assistance in certain 
cases.—The State shall, within the limits of its economic capacity and 
development, make effective provision for securing the right to work, to 
education and to public assistance in cases of unemployment, old age, sickness 
and disablement, and in other cases of undeserved want.
42. Provision for just and humane conditions of work and maternity 
relief.—The State shall make provision for securing just and humane 
conditions of work and for maternity relief.
43. Living wage, etc., for workers .—The State shall endeavour to 
secure, by suitable legislation or economic organisation or in any other way, to 
all workers, agricultural, industrial or otherwise, work, a living wage, 
conditions of work ensuring a decent standard of life and full enjoyment of 
leisure and social and cultural opportunities and, in particular, the State shall 
endeavour to promote cottage industries on an individual or co-operative basis 
in rural areas.
3[43A. Participation of workers in management of industries .—The 
State shall take steps, by suitable legislation or in any other way, to secure the 
participation of workers in the management of undertakings, establishments or 
other organisations engaged in any industry.] 
______________________________________________
1. Subs. by the Constitution (Forty-second Amendment) Act, 1976, s. 7, for cl. ( f)
(w.e.f. 3-1-1977).
2. Ins. by s. 8, ibid. (w.e.f. 3-1-1977).
3. Ins. by s. 9, ibid. (w.e.f. 3-1-1977).",,
train,constitution,347,What are the specific types of taxes mentioned in Article 86 of the Seventh Schedule?,"Taxes on the capital value of the assets, exclusive of agricultural land, of individuals and companies; taxes on the capital of companies.",Article 86,"THE CONSTITUTION OF INDIA (Seventh Schedule) 316 86. Taxes on the capital value of the assets, exclusive of agricultural land, of individuals and companies; taxes on the capital of companies.","THE CONSTITUTION OF  INDIA
(Seventh Schedule) 
316
86. Taxes on the capital value of the assets, exclusive of agricultural land, 
of individuals and companies; taxes on the capital of companies.
87. Estate duty in respect of property other than agricultural land.
88. Duties in respect of succession to property other than agricultural land. 
89. Terminal taxes on goods or passengers, carried by railway, sea or air; 
taxes on railway fares and freights.
90. Taxes other than stamp duties on transactions in stock exchanges and 
futures markets.
91. Rates of stamp duty in respect of bills of exchange, cheques, 
promissory notes, bills of lading, letters of credit, policies of insurance, transfer 
of shares, debentures, proxies and receipts.
1[92. *                  *                  *                  *                  *                  *]
2[92A. Taxes on the sale or purchase of goods other than newspapers, 
where such sale or purchase takes place in the course of inter-State trade or 
commerce.]
3[92B. Taxes on the consignments of goods (whether the consignment is to 
the person making it or to any other person), where such consignment takes 
place in the course of inter-State trade or  commerce.]
4[92C. *                  *                  *                  *                  *                  *]
93. Offences against laws with respect to any of the matters in this List.
94. Inquires, surveys and statistics for the purpose of any of the matters in 
this List.
95. Jurisdiction and powers of all courts, except the Supreme Court, with 
respect to any of the matters in this List; admiralty jurisdiction.
96. Fees in respect of any of the matters in this List, but not including fees 
taken in any court.
97. Any other matter not enumerated in List II or List III including any tax 
not mentioned in either of those Lists.
______________________________________________
1. Entry 92 omitted by the Constitution (One Hundred and First Amendment) Act, 2016, 
s. 17(a)(ii) (w.e.f. 16-9-2016).
2. Ins. by the Constitution (Sixth Amendment) Act, 1956, s. 2 (w.e.f. 11-9-1956).
3. Ins.by the Constitution (Forty-sixth Amendment) Act, 1982, s. 5 (w.e.f. 2-2-1983).
4. Entry 92C was ins. by the Constitution (Eighty-eighth Amendment) Act, 2003, s. 4 
(which was not enforced) and omitted by the Constitution (One Hundred and First 
Amendment) Act, 2016, s. 17(a)(ii) (w.e.f. 16-9-2016).",,
train,constitution,33,What amendment in 1974 was used to inscribe a clause?,"The Constitution (Thirty-fifth Amendment) Act, 1974","Constitution (Thirty-fifth Amendment) Act, 1974, s. 2","3. Ins. by the Constitution (Thirty-fifth Amendment) Act, 1974, s. 2 (w.e.f. 1-3-1975).","2
PART I
THE UNION AND ITS TERRITORY
1. Name and territory of the Union. —(1) India, that is Bharat, 
shall be a Union of States.
1[(2) The States and the territories thereof shall be as specified in 
the First Schedule.]
(3) The territory of India shall comprise—
(a) the territories of the States; 
2[(b) the Union territories specified in the First Schedule; 
and]
(c) such other territories as may be acquired.
2. Admission or establishment of new States.—Parliament may 
by law admit into the Union, or establish, new States on such terms and 
conditions as it thinks fit.
3[2A. [Sikkim to be associated with the Union. ] —Omitted by the 
Constitution (Thirty-sixth Amendment) Act, 1975, s. 5 (w.e.f. 26-4-1975).]
3. Formation of new States and alteration of areas, 
boundaries or names of existing States.—Parliament may by law—
(a) form a new State by separation of territory from any 
State or by uniting two or more States or parts of States or by 
uniting any territory to a part of any State;
(b) increase the area of any State;
(c) diminish the area of any State;
(d) alter the boundaries of any State;
(e) alter the name of any State:
______________________________________________
1. Subs. by the Constitution (Seventh Amendment) Act, 1956, s. 2, for cl. (2) 
(w.e.f. 1-11-1956).
2. Subs. by s. 2 ibid. for sub-clause (b) (w.e.f. 1-11-1956). 
3. Ins. by the Constitution  (Thirty-fifth Amendment)  Act, 1974, s. 2 (w.e.f. 1-3-1975).
 ",,
train,constitution,23,What does Article 294 of the constitution deal with?,"Article 294 of the constitution deals with Succession to property, assets, rights, liabilities and obligations in certain cases.",Article 294,"294. Succession to property, assets, rights, liabilities and obligations in certain cases.","Contents
ARTICLES
(xx)
 CHAPTER III. PROPERTY, CONTRACTS, RIGHTS, LIABILITIES,
OBLIGATIONS AND SUITS
294. Succession to property, assets, rights, liabilities and obligations 
in certain cases.
295. Succession to property, assets, rights, liabilities and obligations 
in other cases.
296. Property accruing by escheat or lapse or as bona vacantia.
  297. Things of value within territorial waters or continental shelf and 
resources of the exclusive economic zone to vest in the Union.
  298. Power to carry on trade, etc.
  299. Contracts.
  300. Suits and proceedings.
CHAPTER IV. RIGHT  TO PROPERTY
300A. Persons not to be deprived of property save by authority of law. 
PART XIII
TRADE, COMMERCE AND INTERCOURSE 
WITHIN THE TERRITORY OF INDIA
301. Freedom of trade, commerce and intercourse.
302. Power of Parliament to impose restrictions on trade, commerce 
and intercourse.
303. Restrictions on the legislative powers of the Union and of the 
States with regard to trade and commerce.
304. Restrictions on trade, commerce and intercourse among States.
305. Saving of existing laws and laws providing for State monopolies.
[306. Power  of  certain  States  in  Part B  of  the  First  Schedule to 
impose  restrictions  on  trade  and  commerce. Omitted] 
307. Appointment of authority for carrying out the purposes of 
articles 301 to 304.
PART XIV
SERVICES UNDER THE UNION AND THE STATES
CHAPTER I. SERVICES
308. Interpretation.",,
train,constitution,278,What is the duration after which the commencement of the Constitution ceases to operate?,The commencement of the Constitution ceases to operate at the expiration of six weeks from the first meeting after such commencement of the Legislative Assembly of that State.,Not explicitly identified,"ommencement of this Constitution shall, unless withdrawn by the Governor of the corresponding State earlier, cease to operate at the expiration of six weeks from the first meeting after such commencement of the Legislative Assembly of that State functioning under clause (1) of article 382","THE CONSTITUTION OF  INDIA
(Part XXI.—Temporary, Transitional and Special Provisions)
247
Explanation I .—The expression “law in force” in this article shall 
include a law passed or made by a Legislature or other competent authority in 
the territory of India before the commencement of this Constitution and not 
previously repealed, notwithstanding that it or parts of it may not be then in 
operation either at all or in particular areas.
Explanation II .—Any law passed or made by a Legislature or other 
competent authority in the territory of India which immediately before the 
commencement of this Constitution had extra-territorial effect as well as effect 
in the territory of India shall, subject to any such adaptations and modifications 
as aforesaid, continue to have such extra-territorial effect.
Explanation III.—Nothing in this article shall be construed as continuing 
any temporary law in force beyond the date fixed for its expiration or the date 
on which it would have expired if this Constitution had  not come into force.
Explanation IV. —An Ordinance promulgated by the Governor of a 
Province under section 88 of the Government of India Act, 1935, and in force 
immediately before the commencement of this Constitution shall, unless 
withdrawn by the Governor of the corresponding State earlier, cease to operate 
at the expiration of six weeks from the first meeting after such commencement 
of the Legislative Assembly of that State functioning under clause (1) of article 
382, and  nothing in this article shall be construed as continuing any such 
Ordinance in force beyond the said period.
1[372A.  Power of the President to adapt laws. —(1) For the purposes 
of bringing the provisions of any law in force in India or in any part thereof, 
immediately before the commencement of the Constitution (Seventh 
Amendment) Act, 1956, into accord with the provisions of this Constitution as 
amended by that Act, the President may by order made before the first day of 
November, 1957, make such adaptations and modifications of the law, whether 
by way of repeal or amendment, as may be necessary or expedient, and provide 
that the law shall, as from such date as may be  specified in the order, have 
effect subject to the adaptations and modifications so made, and any such 
adaptation or modification shall not be questioned in any court of law.
(2) Nothing in clause (1) shall be deemed to  prevent a competent 
Legislature or other competent authority from repealing or amending any law 
adapted or modified by the President  under the said clause.]
______________________________________________
1. Ins. by the Constitution (Seventh Amendment) Act, 1956, s. 23 (w.e.f. 1-11-1956).
 See the Adaptation of Laws Order of 1956 and 1957. ",,
train,constitution,199,What happens to escheated or vacant property in an Indian State?,"If escheated or vacant property is in a State, it shall vest in such State.",Not explicitly identified,"ed to His Majesty or, as the case may be, to the Ruler of an Indian State by escheat or lapse, or as bona vacantia for want of a rightful owner, shall, if it is property situate in a State, vest in such State","THE CONSTITUTION OF  INDIA
(Part XII.—Finance, Property, Contracts and Suits) 
168
(b) all rights, liabilities and obligations of the Government of the 
Dominion of India and of the Government of each Governor's Province, 
whether arising out of any contract or otherwise, shall be the rights, 
liabilities and obligations respectively of the Government of India and 
the Government of each corresponding State,
subject to any adjustment made or to be made by reason of the creation before 
the commencement of this Constitution of the Dominion of Pakistan or of the 
Provinces of West Bengal, East Bengal, West Punjab and East Punjab.
295. Succession to property, assets, rights, liabilities and obligations 
in other cases.—(1) As from the commencement of this Constitution—
(a) all property and assets which immediately before such 
commencement were vested in any Indian State corresponding to a State 
specified in Part B of the First Schedule shall vest in the Union, if the 
purposes for which such property and assets were held immediately 
before such commencement will thereafter be purposes of the Union 
relating to any of the matters enumerated in the Union List, and 
(b) all rights, liabilities and obligations of the Government of any 
Indian State corresponding to a State specified in Part B of the First 
Schedule, whether arising out of any contract or otherwise, shall be the 
rights, liabilities and obligations of the Government of India, if the purposes 
for which such rights were acquired or liabilities or obligations were incurred 
before such commencement will thereafter be purposes of the Government 
of India relating to any of the matters enumerated in the Union List,
subject to any agreement entered into in that behalf by the Government of India 
with the Government of that State.
(2) Subject as aforesaid, the Government of each State specified in Part B 
of the First Schedule shall, as from the commencement of this Constitution, be the 
successor of the Government of the corresponding Indian State as regards all 
property and assets and all rights, liabilities and obligations, whether arising out 
of any contract or otherwise, other than those referred to in clause (1).
296. Property accruing by escheat or lapse or as bona vacantia.—
Subject as hereinafter provided, any property in the territory of India which, if 
this Constitution had not come into operation, would have accrued to His Majesty 
or, as the case may be, to the Ruler of an Indian State by escheat or lapse, or as 
bona vacantia for want of a rightful owner, shall, if it is property situate in a 
State, vest in such State, and shall, in any other case, vest in the Union:",,
train,constitution,135,What types of writs are mentioned in the passage?,"The passage mentions writs in the nature of habeas corpus, mandamus, prohibition, quo warranto and certiorari, or any of them.",Not explicitly identified,"es in relation to which it exercises jurisdiction, to issue to any person or authority, including in appropriate cases, any Government, within those territories directions, orders or writs, including 4[writs in the nature of habeas corpus, mandamus, prohibition, quo warranto and certiorari, or any of them, for the enforcement of any of the rights conferred by Part III and for any other purpose.]","THE CONSTITUTION OF  INDIA
(Part VI.—The States) 
104
225. Jurisdiction of existing High Courts .—Subject to the provisions 
of this Constitution and to the provisions of any law of the appropriate 
Legislature made by virtue of powers conferred on that Legislature by this 
Constitution, the jurisdiction of, and the law administered in, any existing High 
Court, and the respective powers of the Judges thereof in relation to the 
administration of justice in the Court, including any power to make rules of 
Court and to regulate the sittings of the Court and of members thereof sitting 
alone or in Division Courts, shall be the same as immediately before the 
commencement of this Constitution: 
1[Provided that any restriction to which the exercise of original 
jurisdiction by any of the High Courts with respect to any matter concerning 
the revenue or concerning any act ordered or done in the collection thereof was 
subject immediately before the commencement of this Constitution shall no 
longer apply to the exercise of such jurisdiction.]
2[226. Power of High Courts to issue certain writs. —(1) 
Notwithstanding anything in article 32 3***, every High Court shall have 
power, throughout the territories in relation to which it exercises jurisdiction, to 
issue to any person or authority, including in appropriate cases, any 
Government, within those territories directions, orders or writs, including 
4[writs in the nature of habeas corpus, mandamus, prohibition, quo warranto 
and certiorari, or any of them, for the enforcement of any of the rights 
conferred by Part III and for any other purpose.]
(2) The power conferred by clause (1) to issue directions, orders or writs 
to any Government, authority or person may also be exercised by any High 
Court exercising jurisdiction in relation to the territories within which the cause 
of action, wholly or in part, arises for the exercise of such power, 
______________________________________________
1. Omitted by the Constitution (Forty-second Amendment)  Act, 1976, s. 37              
(w.e.f. 1-2-1977) and subsequently ins. by the Constitution (Forty-fourth Amendment) 
Act, 1978, s. 29 (w.e.f. 20-6-1979).
2. Subs. by the Constitution (Forty-second Amendment) Act, 1976, s. 38 for art. 226
(w.e.f. 1-2-1977). 
3. The words, figures and letters ""but subject to the provisions of article 131A and article 
226A"" omitted by the Constitution (Forty-third Amendment) Act, 1977, s. 7 
(w.e.f. 13-4-1978).
4. Subs. by the Constitution (Forty-fourth Amendment) Act, 1978, s. 30, for the portion 
beginning with ""writs in the nature of habeas corpus, mandamus, prohibition, quo 
warranto and certiorari, or any of them"" and ending with ""such illegality has resulted 
in substantial failure of justice."" (w.e.f. 1-8-1979).",,
train,constitution,121,What happens if a Money Bill is not returned by the Legislative Council within fourteen days?,"If a Money Bill passed by the Legislative Assembly and transmitted to the Legislative Council for its recommendations is not returned to the Legislative Assembly within the said period of fourteen days, it shall be deemed to have been passed by both Houses at the expiration of the said period in the form in which it was passed by the Legislative Assembly.",90,"If a Money Bill passed by the Legislative Assembly and transmitted to the Legislative Council for its recommendations is not returned to the Legislative Assembly within the said period of fourteen days, it shall be deemed to have been passed by both Houses at the expiration of the said period in the form in which it was passed by the Legislative Assembly.","THE CONSTITUTION OF  INDIA
(Part VI.—The States) 
90
recommendations of the Legislative Council, the Money Bill shall be deemed 
to have been passed by both Houses in the form in which it was passed by the 
Legislative Assembly without any of the amendments recommended by the 
Legislative Council. 
(5) If a Money Bill passed by the Legislative Assembly and transmitted 
to the Legislative Council for its recommendations is not returned to the 
Legislative Assembly within the said period of fourteen days, it shall be 
deemed to have been passed by both Houses at the expiration of the said period 
in the form in which it was passed by the Legislative Assembly. 
199. Definition of “Money Bills”. —(1) For the purposes of this 
Chapter, a Bill shall be deemed to be a Money Bill if it contains only provisions 
dealing with all or any of the following matters, namely:— 
(a) the imposition, abolition, remission, alteration or regulation of any tax;
(b) the regulation of the borrowing of money or the giving of any 
guarantee by the State, or the amendment of the law with respect to any 
financial obligations undertaken or to be undertaken by the State;
(c) the custody of the Consolidated Fund or the Contingency Fund 
of the State, the payment of moneys into or the withdrawal of moneys 
from any such Fund;
(d) the appropriation of moneys out of the Consolidated Fund of 
the State;
(e) the declaring of any expenditure to be expenditure charged on 
the Consolidated Fund of the State, or the increasing of the amount of 
any such expenditure;
(f) the receipt of money on account of the Consolidated Fund of the 
State or the public account of the State or the custody or issue of such 
money; or
(g) any matter incidental to any of  the matters specified in 
sub-clauses  (a) to (f).
(2) A Bill shall not be deemed to be a Money Bill by reason only that it 
provides for the imposition of fines or other pecuniary penalties, or for the 
demand or payment of fees for licences or fees for services rendered, or by 
reason that it provides for the imposition, abolition, remission, alteration or 
regulation of any tax by any local authority or body for local purposes.
(3) If any question arises whether a Bill introduced in the Legislature of ",,
train,constitution,253,What does the term 'major port' refer to according to the passage?,A major port means a port declared to be a major port by or under any law made by Parliament or any existing law and includes all areas for the time being included within the limits of such port.,Not explicitly identified,“major port” means a port declared to be a major port by or under any law made by Parliament or any existing law and includes all areas for the time being included within the limits of such port;,"THE CONSTITUTION OF  INDIA
(Part XIX.—MISCELLANEOUS)
222
(b) on and from the commencement of the Constitution (Twenty-
sixth Amendment) Act, 1971, privy purse is abolished and all rights, 
liabilities and obligations in respect of privy purse are extinguished and 
accordingly the Ruler or, as the case may be, the successor of such 
Ruler, referred to in clause ( a) or any other person shall not be paid any 
sum as privy purse.]
364. Special provisions as to major ports and aerodromes.— (1) 
Notwithstanding anything in this Constitution, the President may by public 
notification direct that as from such date as may be specified in the 
notification— 
(a) any law made by Parliament or by the Legislature of a State 
shall not apply to any major port or aerodrome or shall apply thereto 
subject to such exceptions or modifications as may be specified in the 
notification; or 
(b) any existing law shall cease to have effect in any major port or 
aerodrome except as respects things done or omitted to be done before 
the said date, or shall in its application to such port or aerodrome have 
effect subject to such exceptions or modifications as may be specified in 
the notification.
(2) In this article—
(a) “major port” means a port declared to be a major port by or 
under any law made by Parliament or any existing law and includes all 
areas for the time being included within the limits of such port;
(b) “aerodrome” means aerodrome as defined for the purposes of 
the enactments relating to airways, aircraft and air navigation.
365. Effect of failure to comply with, or to give effect to, directions 
given by the Union.— Where any State has failed to comply with, or to give 
effect to, any directions given in the exercise of the executive power of the Union 
under any of the provisions of this Constitution, it shall be lawful for the 
President to hold that a situation has arisen in which the Government of the State 
cannot be carried on in accordance with the provisions of this Constitution.
366. Definitions.— In this Constitution, unless the context otherwise 
requires, the following expressions have the meanings hereby respectively 
assigned to them, that is to say—
(1) “agricultural income” means agricultural income as defined 
for the purposes of the enactments relating to Indian income-tax;",,
train,constitution,253,"What happens to the rights, liabilities, and obligations related to the privy purse upon the commencement of the Constitution (Twenty-sixth Amendment) Act, 1971?","Upon the commencement of the Constitution (Twenty-sixth Amendment) Act, 1971, all rights, liabilities, and obligations in respect of privy purse are extinguished.",Not explicitly identified,"THE CONSTITUTION OF INDIA (Part XIX.—MISCELLANEOUS) 222 (b) on and from the commencement of the Constitution (Twenty- sixth Amendment) Act, 1971, privy purse is abolished and all rights, liabilities and obligations in respect of privy purse are extinguished and accordingly the Ruler or, as the case may be, the successor of such Ruler, referred to in clause ( a) or any other person shall not be paid any sum as privy purse.]","THE CONSTITUTION OF  INDIA
(Part XIX.—MISCELLANEOUS)
222
(b) on and from the commencement of the Constitution (Twenty-
sixth Amendment) Act, 1971, privy purse is abolished and all rights, 
liabilities and obligations in respect of privy purse are extinguished and 
accordingly the Ruler or, as the case may be, the successor of such 
Ruler, referred to in clause ( a) or any other person shall not be paid any 
sum as privy purse.]
364. Special provisions as to major ports and aerodromes.— (1) 
Notwithstanding anything in this Constitution, the President may by public 
notification direct that as from such date as may be specified in the 
notification— 
(a) any law made by Parliament or by the Legislature of a State 
shall not apply to any major port or aerodrome or shall apply thereto 
subject to such exceptions or modifications as may be specified in the 
notification; or 
(b) any existing law shall cease to have effect in any major port or 
aerodrome except as respects things done or omitted to be done before 
the said date, or shall in its application to such port or aerodrome have 
effect subject to such exceptions or modifications as may be specified in 
the notification.
(2) In this article—
(a) “major port” means a port declared to be a major port by or 
under any law made by Parliament or any existing law and includes all 
areas for the time being included within the limits of such port;
(b) “aerodrome” means aerodrome as defined for the purposes of 
the enactments relating to airways, aircraft and air navigation.
365. Effect of failure to comply with, or to give effect to, directions 
given by the Union.— Where any State has failed to comply with, or to give 
effect to, any directions given in the exercise of the executive power of the Union 
under any of the provisions of this Constitution, it shall be lawful for the 
President to hold that a situation has arisen in which the Government of the State 
cannot be carried on in accordance with the provisions of this Constitution.
366. Definitions.— In this Constitution, unless the context otherwise 
requires, the following expressions have the meanings hereby respectively 
assigned to them, that is to say—
(1) “agricultural income” means agricultural income as defined 
for the purposes of the enactments relating to Indian income-tax;",,
train,constitution,151,What is the ratio requirement for the number of seats in a Panchayat compared to the population of its territorial area?,"The ratio between the population of the territorial area of a Panchayat at any level and the number of seats in such Panchayat to be filled by election shall, so far as practicable, be the same throughout the State.",120,"THE CONSTITUTION OF INDIA (Part IX.—The Panchayats) 120 Provided that the ratio between the population of the territorial area of a Panchayat at any level and the number of seats in such Panchayat to be filled by election shall, so far as practicable, be the same throughout the State.","THE CONSTITUTION OF  INDIA
(Part IX.—The Panchayats)
120
Provided that the ratio between the population of the territorial area of a 
Panchayat at any level and the number of seats in such Panchayat to be filled 
by election shall, so far as practicable, be the same throughout the State.
(2) All the seats in a Panchayat shall be filled by persons chosen by 
direct election from territorial constituencies in the Panchayat area and, for this 
purpose, each Panchayat area shall be divided into territorial constituencies in 
such manner that the ratio between the population of each constituency and the 
number of seats allotted to it shall, so far as practicable, be the same throughout 
the Panchayat area. 
(3) The Legislature of a State may, by law, provide for the 
representation—
(a) of the Chairpersons of the Panchayats at the village level, in the 
Panchayats at the intermediate level or, in the case of a State not having 
Panchayats at the intermediate level, in the Panchayats at the district 
level;
(b) of the Chairpersons of the Panchayats at the intermediate level, in 
the Panchayats at the district level;
(c) of the members of the House of the People and the members of 
the Legislative Assembly of the State representing constituencies which 
comprise wholly or partly a Panchayat area at a level other than the 
village level, in such Panchayat;
(d) of the members of the Council of States and the members of the 
Legislative Council of the State, where they are registered as electors 
within—
(i) a Panchayat area at the intermediate level, in Panchayat at the 
intermediate level;
(ii) a Panchayat area at the district level, in Panchayat at the 
district level.
(4) The Chairperson of a Panchayat and other members of a Panchayat 
whether or not chosen by direct election from territorial constituencies in the 
Panchayat area shall have the right to vote in the meetings of the Panchayats.
(5) The Chairperson of—
(a) a Panchayat at the village level shall be elected in such manner as 
the Legislature of a State may, by law, provide; and
(b) a Panchayat at the intermediate level or district level shall be 
elected by, and from amongst, the elected members thereof.",,
train,constitution,151,Who has the right to vote in the meetings of the Panchayats?,"The Chairperson of a Panchayat and other members of a Panchayat, whether or not chosen by direct election from territorial constituencies in the Panchayat area, have the right to vote in the meetings of the Panchayats.",-4,The Chairperson of a Panchayat and other members of a Panchayat whether or not chosen by direct election from territorial constituencies in the Panchayat area shall have the right to vote in the meetings of the Panchayats.,"THE CONSTITUTION OF  INDIA
(Part IX.—The Panchayats)
120
Provided that the ratio between the population of the territorial area of a 
Panchayat at any level and the number of seats in such Panchayat to be filled 
by election shall, so far as practicable, be the same throughout the State.
(2) All the seats in a Panchayat shall be filled by persons chosen by 
direct election from territorial constituencies in the Panchayat area and, for this 
purpose, each Panchayat area shall be divided into territorial constituencies in 
such manner that the ratio between the population of each constituency and the 
number of seats allotted to it shall, so far as practicable, be the same throughout 
the Panchayat area. 
(3) The Legislature of a State may, by law, provide for the 
representation—
(a) of the Chairpersons of the Panchayats at the village level, in the 
Panchayats at the intermediate level or, in the case of a State not having 
Panchayats at the intermediate level, in the Panchayats at the district 
level;
(b) of the Chairpersons of the Panchayats at the intermediate level, in 
the Panchayats at the district level;
(c) of the members of the House of the People and the members of 
the Legislative Assembly of the State representing constituencies which 
comprise wholly or partly a Panchayat area at a level other than the 
village level, in such Panchayat;
(d) of the members of the Council of States and the members of the 
Legislative Council of the State, where they are registered as electors 
within—
(i) a Panchayat area at the intermediate level, in Panchayat at the 
intermediate level;
(ii) a Panchayat area at the district level, in Panchayat at the 
district level.
(4) The Chairperson of a Panchayat and other members of a Panchayat 
whether or not chosen by direct election from territorial constituencies in the 
Panchayat area shall have the right to vote in the meetings of the Panchayats.
(5) The Chairperson of—
(a) a Panchayat at the village level shall be elected in such manner as 
the Legislature of a State may, by law, provide; and
(b) a Panchayat at the intermediate level or district level shall be 
elected by, and from amongst, the elected members thereof.",,
train,constitution,236,What language can the Governor of a State authorize for use in proceedings in the High Court?,"The Governor of a State can authorize the use of the Hindi language, or any other language used for any official purposes of the State, in proceedings in the High Court having its principal seat in that State.","(2) Notwithstanding anything in sub-clause ( a) of clause (1), the Governor 1*** of a State may, with the previous consent of the President, authorise the use of the Hindi language, or any other language used for any official purposes of the State, in proceedings in the High Court having its principal seat in that State","The Governor 1*** of a State may, with the previous consent of the President, authorise the use of the Hindi language, or any other language used for any official purposes of the State, in proceedings in the High Court having its principal seat in that State","THE CONSTITUTION OF  INDIA
(Part XVII—LANGUAGE)
205
Provided that if two or more States agree that the Hindi language should 
be the official language for communication between such States, that language 
may be used for such communication. 
347. Special provision relating to language spoken by a section of the 
population of a State.—On a demand being made in that behalf the President 
may, if he is satisfied that a substantial proportion of the population of a State 
desire the use of any language spoken by them to be recognised by that State, 
direct that such language shall also be officially recognised throughout that 
State or any part thereof for such purpose as he may specify.
CHAPTER III.—LANGUAGE OF THE SUPREME COURT,
HIGH COURTS, ETC.
348. Language to be used in the Supreme Court and in the High 
Courts and for Acts, Bills, etc. —(1) Notwithstanding anything in the 
foregoing provisions of this Part, until Parliament by law otherwise provides—
(a) all proceedings in the Supreme Court and in every High Court;
(b) the authoritative texts—
(i) of all Bills to be introduced or amendments thereto to be 
moved in either House of Parliament or in the House or either 
House of the Legislature of a State;
(ii) of all Acts passed by Parliament or the Legislature of a 
State and of all Ordinances promulgated by the President or the 
Governor 1*** of a State; and
(iii) of all orders, rules, regulations and bye-laws issued 
under this Constitution or under any law made by Parliament or 
the Legislature of a State,
shall be in the English language.
(2) Notwithstanding anything in sub-clause ( a) of clause (1), the 
Governor 1*** of a State may, with the previous consent of the President, 
authorise the use of the Hindi language, or any other language used for any 
official purposes of the State, in proceedings in the High Court having its 
principal seat in that State:
______________________________________________
1. The words ""or Rajpramukh"" omitted by the Constitution (Seventh Amendment) Act, 
1956, s. 29 and Sch. (w.e.f. 1-11-1956).",,
train,constitution,176,What is the purpose of Clause 245 in relation to the extent of laws made by Parliament and by the Legislatures of States?,"Clause 245 states that Parliament may make laws for the whole or any part of the territory of India, and the Legislature of a State may make laws for the whole or any part of the State, subject to the provisions of this Constitution.",245,"145 PART XI RELATIONS BETWEEN THE UNION AND THE STATES CHAPTER I.—LEGISLATIVE RELATIONS Distribution of Legislative Powers 245. Extent of laws made by Parliament and by the Legislatures of States.—(1) Subject to the provisions of this Constitution, Parliament may make laws for the whole or any part of the territory of India, and the Legislature of a State may make laws for the whole or any part of the State."," 
145
PART XI
RELATIONS BETWEEN THE UNION AND THE STATES 
CHAPTER I.—LEGISLATIVE RELATIONS
Distribution of Legislative Powers
245. Extent of laws made by Parliament and by the Legislatures of 
States.—(1) Subject to the provisions of this Constitution, Parliament may 
make laws for the whole or any part of the territory of India, and the 
Legislature of a State may make laws for the whole or any part of the State. 
(2) No law made by Parliament shall be deemed to be invalid on the 
ground that it would have extra-territorial operation.
246. Subject-matter of laws made by Parliament and by the 
Legislatures of States.—(1) Notwithstanding anything in clauses (2) and (3), 
Parliament has exclusive power to make laws with respect to any of the matters 
enumerated in List I in the Seventh Schedule (in this Constitution referred to as 
the “Union List”).
(2) Notwithstanding anything in clause (3), Parliament, and, subject to 
clause (1), the Legislature of any State 1*** also, have power to make laws 
with respect to any of the matters enumerated in List III in the Seventh 
Schedule (in this Constitution referred to as the “Concurrent List”).
(3) Subject to clauses (1) and (2), the Legislature of any State 1*** has 
exclusive power to make laws for such State or any part thereof with respect to 
any of the matters enumerated in List II in the Seventh Schedule (in this 
Constitution referred to as the “State List”). 
(4) Parliament has power to make laws with respect to any matter for 
any part of the territory of India not included 2[in a State] notwithstanding that 
such matter is a matter enumerated in the State List.
3[246A. Special provision with respect to goods and services tax.—(1)  
Notwithstanding anything contained in articles 246 and 254, Parliament, and, 
subject to clause (2), the Legislature of every State, have power to make laws 
with respect to goods and services tax imposed by the Union or by such State. 
______________________________________________
1. The words and letters ""specified in Part A or Part B of  the First Schedule"" omitted by 
the Constitution (Seventh Amendment) Act, 1956, s. 29 and Sch. (w.e.f. 1-11-1956).
2. Subs. by s. 29 and Sch., ibid., for ""in Part A or Part B of  the First Schedule""
(w.e.f. 1-11-1956).
3. Ins. by the Constitution (One Hundred and First Amendment) Act, 2016, s. 2
(w.e.f. 16-9-2016).",,
train,constitution,219,What is the purpose of the power granted to the Legislature of a State under Article 328?,"The power granted to the Legislature of a State under Article 328 is to make provision with respect to all matters relating to, or in connection with, the elections to the House or either House of the Legislature of the State including the preparation of electoral rolls and all other matters necessary for securing the due constitution of such House or Houses.",Article 328,"THE CONSTITUTION OF INDIA (Part XV.—Elections) 188 328. Power of Legislature of a State to make provision with respect to elections to such Legislature.— Subject to the provisions of this Constitution and in so far as provision in that behalf is not made by Parliament, the Legislature of a State may from time to time by law make provision with respect to all matters relating to, or in connection with, the elections to the House or either House of the Legislature of the State including the preparation of electoral rolls and all other matters necessary for securing the due constitution of such House or Houses.","THE CONSTITUTION OF  INDIA
(Part XV.—Elections) 
188
328. Power of Legislature of a State to make provision with respect 
to elections to such Legislature.— Subject to the provisions of this 
Constitution and in so far as provision in that behalf is not made by Parliament, 
the Legislature of a State may from time to time by law make provision with 
respect to all matters relating to, or in  connection with, the elections to the 
House or either House of the Legislature of the State including the preparation 
of electoral rolls and all other matters necessary for securing the due 
constitution of such House or Houses. 
329. Bar to interference by courts in electoral matters.—
1[Notwithstanding anything in this Constitution2***—]
(a) the validity of any law relating to the delimitation of 
constituencies or the allotment of seats to such constituencies, made or 
purporting to be made under article 327 or article 328, shall not be called 
in question in any court;
(b) no election to either House of Parliament or to the House or 
either House of the Legislature of a State shall be called in question 
except by an election petition presented to such authority and in such 
manner as may be provided for by or under any law made by the 
appropriate Legislature.
3329A. [Special provision as to elections to Parliament in the case of 
Prime Minister and Speaker. ].—Omitted by the Constitution (Forty-fourth 
Amendment) Act, 1978, s. 36 (w.e.f. 20-6-1979).
______________________________________________
1. Subs. by the Constitution (Thirty-ninth Amendment) Act, 1975, s. 3, for certain words 
(w.e.f. 10-8-1975).
2. The words, figures and letter ""but subject to the provisions of article 329A"" omitted by 
the Constitution (Forty-fourth Amendment) Act, 1978, s. 35 (w.e.f. 20-6-1979).
3. Ins. by the Constitution (Thirty-ninth Amendment) Act, 1975, s. 4 (w.e.f. 10-8-1975).",,
train,constitution,207,What is the effect of Article 314 as originally enacted on the provisions of this article?,The provisions of this article shall have effect notwithstanding anything in article 314 as originally enacted or in any other provision of this Constitution.,Article 314 as originally enacted,The provisions of this article shall have effect notwithstanding anything in article 314 as originally enacted or in any other provision of this Constitution.,"THE CONSTITUTION OF  INDIA
(Part XIV.—Services under the Union and the States)  
176
(b) vary or revoke, whether prospectively or retrospectively, the 
conditions of service as respects pension of  persons who, having been 
appointed by the Secretary of State or Secretary of State in Council to a 
civil service of the Crown in India before the commencement of this 
Constitution, retired or otherwise ceased to be in service at any time 
before the commencement of the Constitution (Twenty-eighth 
Amendment) Act, 1972:
Provided that in the case of  any such person who is holding or has held 
the office  of the Chief Justice or  other Judge of the Supreme Court or a High 
Court, the Comptroller and Auditor-General of India, the Chairman or other 
member of the Union or a State Public Service Commission or the Chief 
Election Commissioner, nothing in sub-clause ( a) or sub-clause ( b) shall be 
construed as empowering Parliament to vary or revoke, after his appointment  
to such post, the conditions of his service to his disadvantage except in so far as 
such conditions of service are applicable to him by reason of his being  a 
person appointed by the Secretary of State or Secretary of State  in Council to a 
civil service of the Crown in India.
(2) Except to the extent provided for by Parliament by law under this 
article, nothing in this article shall affect the power of  any Legislature or other 
authority under any other  provision of this Constitution to regulate the 
conditions  of service of persons referred to in clause (1).
(3) Neither the Supreme Court nor any other court shall have jurisdiction in—
(a) any dispute arising out of any provision of, or any 
endorsement on, any covenant, agreement or other similar instrument 
which was entered into or executed by any person referred to in 
clause (1), or arising out of any letter issued to such person, in relation to 
his appointment to any civil service of the Crown in India or his 
continuance in service under the Government of the Dominion  of India 
or a Province thereof;
(b) any dispute in  respect of any right, liability or obligation 
under article 314 as originally enacted.
(4) The provisions of this article shall have effect notwithstanding 
anything in article 314 as originally enacted or in any other provision  of this 
Constitution.]",,
train,constitution,207,What conditions of service can be varied or revoked for civil servants appointed before the Constitution's commencement?,"The conditions of service as respects pension of persons who, having been appointed by the Secretary of State or Secretary of State in Council to a civil service of the Crown in India before the commencement of this Constitution, can be varied or revoked, whether prospectively or retrospectively.",Not explicitly identified,"THE CONSTITUTION OF INDIA (Part XIV.—Services under the Union and the States) 176 (b) vary or revoke, whether prospectively or retrospectively, the conditions of service as respects pension of persons who, having been appointed by the Secretary of State or Secretary of State in Council to a civil service of the Crown in India before the commencement of this Constitution, retired or otherwise ceased to be in service at any time before the commencement of the Constitution (Twenty-eighth Amendment) Act, 1972:","THE CONSTITUTION OF  INDIA
(Part XIV.—Services under the Union and the States)  
176
(b) vary or revoke, whether prospectively or retrospectively, the 
conditions of service as respects pension of  persons who, having been 
appointed by the Secretary of State or Secretary of State in Council to a 
civil service of the Crown in India before the commencement of this 
Constitution, retired or otherwise ceased to be in service at any time 
before the commencement of the Constitution (Twenty-eighth 
Amendment) Act, 1972:
Provided that in the case of  any such person who is holding or has held 
the office  of the Chief Justice or  other Judge of the Supreme Court or a High 
Court, the Comptroller and Auditor-General of India, the Chairman or other 
member of the Union or a State Public Service Commission or the Chief 
Election Commissioner, nothing in sub-clause ( a) or sub-clause ( b) shall be 
construed as empowering Parliament to vary or revoke, after his appointment  
to such post, the conditions of his service to his disadvantage except in so far as 
such conditions of service are applicable to him by reason of his being  a 
person appointed by the Secretary of State or Secretary of State  in Council to a 
civil service of the Crown in India.
(2) Except to the extent provided for by Parliament by law under this 
article, nothing in this article shall affect the power of  any Legislature or other 
authority under any other  provision of this Constitution to regulate the 
conditions  of service of persons referred to in clause (1).
(3) Neither the Supreme Court nor any other court shall have jurisdiction in—
(a) any dispute arising out of any provision of, or any 
endorsement on, any covenant, agreement or other similar instrument 
which was entered into or executed by any person referred to in 
clause (1), or arising out of any letter issued to such person, in relation to 
his appointment to any civil service of the Crown in India or his 
continuance in service under the Government of the Dominion  of India 
or a Province thereof;
(b) any dispute in  respect of any right, liability or obligation 
under article 314 as originally enacted.
(4) The provisions of this article shall have effect notwithstanding 
anything in article 314 as originally enacted or in any other provision  of this 
Constitution.]",,
train,constitution,96,Under what circumstances can the President refer a dispute to the Supreme Court?,The President can refer a dispute to the Supreme Court if the President believes that a question of law or fact has arisen or is likely to arise that is of such public importance that it is expedient to obtain the opinion of the Supreme Court.,Not explicitly identified,"time it appears to the President that a question of law or fact has arisen, or is likely to arise, which is of such a nature and of such public importance that it is expedient to obtain the opinion of the Supreme Court upon it, he may refer the question to that Court for consideration and the Court may, after such hearing as it thinks fit, report to the President its opinion thereon.","THE CONSTITUTION OF  INDIA
(Part V.—The Union)
65
141. Law declared by Supreme Court to be binding on all courts. —
The law declared by the Supreme Court shall be binding on all courts within 
the territory of India.
142. Enforcement of decrees and orders of the Supreme Court and 
orders as to discovery, etc .—(1) The Supreme Court in the exercise of its 
jurisdiction may pass such decree or make such order as is necessary for doing 
complete justice in any cause or matter pending before it, and any decree so 
passed or order so made shall be enforceable throughout the territory of India in 
such manner as may be prescribed by or under any law made by Parliament 
and, until provision in that behalf is so made, in such manner as the President 
may by order1 prescribe.
(2) Subject to the provisions of any law made in this behalf by 
Parliament, the Supreme Court shall, as respects the whole of the territory of 
India, have all and every power to make any order for the purpose of securing 
the attendance of any person, the discovery or production of any documents, or 
the investigation or punishment of any contempt of itself. 
143. Power of the President to consult the Supreme Court.—(1) If at 
any time it appears to the President that a question of law or fact has arisen, or 
is likely to arise, which is of such a nature and of such public importance that it 
is expedient to obtain the opinion of the Supreme Court upon it, he may refer 
the question to that Court for consideration and the Court may, after such 
hearing as it thinks fit, report to the President its opinion thereon.
(2) The President may, notwithstanding anything in 2*** the proviso to 
article 131, refer a dispute of the kind mentioned in the 3[said proviso] to the 
Supreme Court for opinion and the Supreme Court shall, after such hearing as it 
thinks fit, report to the President its opinion thereon. 
144. Civil and judicial authorities to act in aid of the Supreme 
Court.—All authorities, civil and judicial, in the territory of India shall act in 
aid of the Supreme Court.
4[144A. [Special provisions as to disposal of questions relating to 
constitutional validity of laws. ].—Omitted by the Constitution (Forty-third 
Amendment) Act, 1977, s. 5 (w.e.f. 13-4-1978).]
145. Rules of Court, etc .—(1) Subject to the provisions of any law 
made by Parliament, the Supreme Court may from time to time, with the 
approval of the President, make rules for regulating generally the practice and 
procedure of the Court including—
(a) rules as to the persons practising before the Court;
______________________________________________
1. See the Supreme Court (Decrees and Orders) Enforcement Order, 1954 (C.O. 47).
2. The words, brackets and figure ""clause (i) of"" omitted by the Constitution (Seventh 
Amendment) Act, 1956, s. 29 and Sch. (w.e.f. 1-11-1956).
3. Subs. by s. 29 and Sch., ibid., for ""said clause"" (w.e.f. 1-11-1956).
4. Ins. by the Constitution (Forty-second Amendment) Act, 1976, s. 25 (w.e.f. 1-2-1977).",,
train,constitution,126,What must a House of the Legislature of a State do before making its own rules of procedure?,"A House of the Legislature of a State may make rules for regulating its procedure and the conduct of its business, subject to the provisions of this Constitution.",Procedure Generally 208,"A House of the Legislature of a State may make rules for regulating, subject to the provisions of this Constitution, its procedure and the conduct of its business.","THE CONSTITUTION OF  INDIA
(Part VI.—The States) 
95
for the authorisation of appropriation of moneys out of the Consolidated Fund 
of the State to meet such expenditure.
207. Special provisions as to financial Bills.—(1) A Bill or amendment 
making provision for any of the matters specified in sub-clauses ( a) to (f) of 
clause (1) of article 199 shall not be introduced or moved except on the 
recommendation of the Governor, and a Bill making such provision shall not be 
introduced in a Legislative Council:
Provided that no recommendation shall be required under this clause for 
the moving of an amendment making provision for the reduction or abolition of 
any tax. 
(2) A Bill or amendment shall not be deemed to make provision for any 
of the matters aforesaid by reason only that it provides for the imposition of 
fines or other pecuniary penalties, or for the demand or payment of fees for 
licences or fees for services rendered, or by reason that it provides for the 
imposition, abolition, remission, alteration or regulation of any tax by any local 
authority or body for local purposes.
(3) A Bill which, if enacted and brought into operation, would involve 
expenditure from the Consolidated Fund of a State shall not be passed by a 
House of the Legislature of the State unless the Governor has recommended to 
that House the consideration of the Bill.
Procedure Generally
208. Rules of procedure .—(1) A House of the Legislature of a State 
may make rules for regulating, subject to the provisions of this  Constitution, its 
procedure and the conduct of its business.
(2) Until rules are made under clause (1), the rules of procedure and 
standing orders in force immediately before the commencement of this 
Constitution with respect to the Legislature for the corresponding Province shall 
have effect in relation to the Legislature of the State subject to such modifications 
and adaptations as may be made therein by the Speaker of the Legislative 
Assembly, or the Chairman of the Legislative Council, as the case may be.
(3) In a State having a Legislative Council the Governor, after 
consultation with the Speaker of the Legislative Assembly and the Chairman of 
______________________________________________
The brackets and words ""(including the quorum to constitute a meeting of the House)"" 
ins. by the Constitution (Forty-second Amendment) Act, 1976, s. 35 (date not notified). 
This amendment was omitted by the Constitution (Forty-fourth Amendment) Act, 
1978, s. 45 (w.e.f. 20-6-1979).",,
train,constitution,91,What was the outcome of the Supreme Court Advocates-on-Record Association and another vs. Union of India case?,The Supreme Court Advocates-on-Record Association and another vs. Union of India case resulted in the Supreme Court striking down the amendments made to the Constitution.,Not explicitly identified,"This amendment has been struck down by the Supreme Court in the case of Supreme Court Advocates-on-Record Association and another vs. Union of India in its judgment dated 16-10-2015, AIR 2016 SC 117.","THE CONSTITUTION OF  INDIA
(Part V.—The Union)
60
Provided that neither the privileges nor the allowances of a Judge nor his 
rights in respect of leave of absence or pension shall be varied to his 
disadvantage after his appointment.
126. Appointment of acting Chief Justice .—When the office of Chief 
Justice of India is vacant or when the Chief Justice is, by reason of absence or 
otherwise, unable to perform the duties of his office, the duties of the office 
shall be performed by such one of the other Judges of the Court as the President 
may appoint for the purpose. 
127. Appointment of ad hoc Judges.—(1) If at any time there should 
not be a quorum of the Judges of the Supreme Court available to hold or 
continue any session of the Court, 1[the National Judicial Appointments 
Commission on a reference made to it by the Chief Justice of India, may with 
the previous consent of the President] and after consultation with the Chief 
Justice of the High Court concerned, request in writing the attendance at the 
sittings of the Court, as an ad hoc Judge, for such period as may be necessary, 
of a Judge of a High Court duly qualified for appointment as a Judge of the 
Supreme Court to be designated by the Chief Justice of India.
(2) It shall be the duty of the Judge who has been so designated, in 
priority to other duties of his office, to attend the sittings of the Supreme Court 
at the time and for the period for which his attendance is required, and while so 
attending he shall have all the jurisdiction, powers and privileges, and shall 
discharge the duties, of a Judge of the Supreme Court.
128. Attendance of retired Judges at sittings of the Supreme  
Court.—Notwithstanding anything in this Chapter, 2[the National Judicial 
Appointments Commission] may at any time, with the previous consent of the 
President, request any person who has held the office of a Judge of the 
Supreme Court or of the Federal Court 3[or who has held the office of a Judge 
of a High Court and is duly qualified for appointment as a Judge of the 
Supreme Court] to sit and act as a Judge of the Supreme Court, and every such 
person so requested shall, while so sitting and acting, be entitled to such 
allowances as the President may by order determine and have all the 
jurisdiction, powers and privileges of, but shall not otherwise be deemed to be, 
a Judge of that Court:
______________________________________________
1. Subs. by the Constitution (Ninety-ninth Amendment) Act, 2014, s. 4,  for ""the Chief 
Justice of India may, with the previous consent of the President"" (w.e.f. 13-4-2015). 
This amendment has been struck down by the Supreme Court in the case of Supreme 
Court Advocates-on-Record Association and another vs. Union of India in its 
judgment dated 16-10-2015, AIR 2016 SC 117.
2. Subs. by s. 5, ibid., for ""the Chief Justice of India"" (w.e.f. 13-4-2015). This amendment 
has been struck down by the Supreme Court in the case of Supreme Court Advocates-
on-Record Association and another Vs. Union of India in its judgment dated 16-10-
2015, AIR 2016 SC 117.
3. Ins. by the Constitution (Fifteenth Amendment) Act, 1963, s. 3 (w.e.f. 5-10-1963).",,
train,constitution,256,What does the term 'Scheduled Castes' refer to in the Constitution?,"The term 'Scheduled Castes' refers to castes, races or tribes or parts of or groups within such castes, races or tribes as are deemed under article 341 to be Scheduled Castes for the purposes of this Constitution.",article 341,"“Scheduled Castes” means such castes, races or tribes or parts of or groups within such castes, races or tribes as are deemed under article 341 to be Scheduled Castes for the purposes of this Constitution;","THE CONSTITUTION OF  INDIA
(Part XIX.—MISCELLANEOUS)
225
(16) “Part”  means a Part of this Constitution;
(17) “pension” means a pension, whether contributory or not, of 
any kind whatsoever payable to or in respect of any person, and includes 
retired pay so payable; a gratuity so payable and any sum or sums so 
payable by way of the return, with or without interest thereon or any 
other addition thereto, of subscriptions to a provident fund;
(18) “Proclamation of Emergency” means a Proclamation issued 
under clause (1) of article 352; 
(19) “public notification” means a notification in the Gazette of 
India, or, as the case may be, the Official Gazette of a State;
(20) “railway” does not include—
(a) a tramway wholly within a municipal area; or
(b) any other line of communication wholly situate in one State 
and declared by Parliament by law not to be a railway;
1[(21)* * * *]
2[(22) “Ruler” means the Prince, Chief or other person who, at any 
time before the commencement of the Constitution (Twenty-sixth 
Amendment) Act, 1971, was recognised by the President as the Ruler of 
an Indian State or any person who, at any time before such 
commencement, was recognised by the President as the successor of 
such Ruler;]
(23) “Schedule” means a Schedule to this Constitution;
(24) “Scheduled Castes” means such castes, races or tribes or 
parts of or groups within such castes, races or tribes as are deemed under 
article 341 to be Scheduled Castes for the purposes of this Constitution;
(25) “Scheduled Tribes” means such tribes or tribal communities 
or parts of or groups within such tribes or tribal communities as are 
deemed under article 342 to be Scheduled Tribes for the purposes of this 
Constitution;
______________________________________________
1. Cl. (21) omitted by the Constitution (Seventh Amendment) Act, 1956, s. 29 and Sch. 
(w.e.f. 1-11-1956).
2. Subs. by the Constitution (Twenty-sixth Amendment) Act, 1971, s. 4 (w.e.f. 28-12-1971).",,
train,constitution,190,What is the maximum amount of taxes a person can pay to the State or a local authority in a year?,"The maximum amount of taxes a person can pay to the State or a local authority in a year is 2,500 rupees.",159(2),"THE CONSTITUTION OF INDIA (Part XII.—Finance, Property, Contracts and Suits) 159 (2) The total amount payable in respect of any one person to the State or to any one municipality, district board, local board or other local authority in the State by way of taxes on professions, trades, callings and employments shall not exceed 1[two thousand and five hundred rupees] per annum.","THE CONSTITUTION OF  INDIA
(Part XII.—Finance, Property, Contracts and Suits) 
159
(2) The total amount payable in respect of any one person to the State or 
to any one municipality, district board, local board or other local authority in 
the State by way of taxes on professions, trades, callings and employments 
shall not exceed 1[two thousand and five hundred rupees] per annum. 
 2*          * *               *
(3) The power of the Legislature of a State to make laws as aforesaid 
with respect to taxes on professions, trades, callings and employments shall not 
be construed as limiting in any way the power of Parliament to make laws with 
respect to taxes on income accruing from or arising out of professions, trades, 
callings and employments.
277. Savings. —Any taxes, duties, cesses or fees which, immediately 
before the commencement of this Constitution, were being lawfully levied by 
the Government of any State or by any municipality or other local authority or 
body for the purposes of the State, municipality, district or other local area 
may, notwithstanding that those taxes, duties, cesses or fees are mentioned in 
the Union List, continue to be levied and to be applied to the same purposes 
until provision to the contrary is made by Parliament by law.
278. [Agreement with States in Part B of the First Schedule with regard 
to certain financial matters.].—Omitted by the Constitution (Seventh 
Amendment) Act, 1956, s. 29 and Sch.(w.e.f. 1-11-1956).
279. Calculation of “net proceeds”, etc. —(1) In the foregoing 
provisions of this Chapter, “net proceeds” means in relation to any tax or duty 
the proceeds thereof reduced by the cost of collection, and for the purposes of 
those provisions the net proceeds of any tax or duty, or of any part of any tax or 
duty, in or attributable to any area shall be ascertained and certified by the 
Comptroller and Auditor-General of India, whose certificate shall be final.
(2) Subject as aforesaid, and to any other express provision of this 
Chapter, a law made by Parliament or an order of the President may, in any 
case where under this Part the proceeds of any duty or tax are, or may be, 
assigned to any State, provide for the manner in which the proceeds are to be 
calculated, for the time from or at which and the manner in which any 
payments are to be made, for the making of adjustments between one financial 
year and another, and for any other incidental or ancillary matters.
______________________________________________
1. Subs. by the Constitution (Sixtieth Amendment) Act, 1988, s. 2, for ""two hundred and 
fifty rupees"" (w.e.f. 20-12-1988).
2. Proviso omitted by s.2, ibid. (w.e.f. 20-12-1988).",,
train,constitution,320,What changes were made to the sub-paragraph (4) of the Schedule?,"Sub-paragraph (4) of the Schedule had its wording changed. Specifically, for the part that said 'A Regional Council or District Council, as the case may be, may with the previous approval of the Governor make rules regulating', the wording was changed to 'the Governor may make rules regulating'. Additionally, a new clause was substituted for clause (a) in sub-paragraph (4).",Not explicitly identified,"In sub-paragraph (4)— (a) for the words “A Regional Council or District Council, as the case may be, may with the previous approval of the Governor make rules regulating”, the words “the Governor may make rules regulating” had been substituted;","THE CONSTITUTION OF  INDIA
(Sixth Schedule) 
289
(4) A Regional Council or District Council, as the case may be, may 
with the previous approval of the Governor make rules regulating —
(a) the constitution of village councils and courts and the 
powers to be exercised by them under this paragraph;
(b) the procedure to be followed by village councils or courts in 
the trial of suits and cases under sub-paragraph (1) of this paragraph;
(c) the procedure to be followed by the Regional or District 
Council or any court constituted by such Council in appeals and other 
proceedings under sub-paragraph (2) of this paragraph;
(d) the enforcement of decisions and orders of such councils 
and courts; 
(e) all other ancillary matters for the carrying out of the 
provisions of sub-paragraphs (1) and (2) of this paragraph.
1[(5) On and from such date as the President may, 2[after consulting the 
Government of the State concerned], by notification appoint in this behalf, this 
paragraph shall have effect in relation to such autonomous district or region as 
may be specified in the notification, as if—
(i) in sub-paragraph (1), for the words “between the parties all of 
whom belong to Scheduled Tribes within such areas, other than suits 
and cases to which the provisions of sub-paragraph (1) of paragraph 5 
of this Schedule apply,”, the words “not being suits and cases of the 
nature referred to in sub-paragraph (1) of paragraph (5) of this 
Schedule, which the Governor may specify in this behalf,” had been 
substituted;
(ii) sub-paragraphs (2) and (3) had been omitted;
(iii) in sub-paragraph (4)—
(a) for the words “A Regional Council or District 
Council, as the case may be, may with the previous approval of 
the Governor make rules regulating”, the words “the Governor 
may make rules regulating” had been substituted; and
(b) for clause ( a), the following clause had been 
substituted, namely:—
______________________________________________
1. Ins. by the Assam Reorganisation (Meghalaya) Act, 1969 (55 of 1969), s. 74 and 
Fourth Sch. (w.e.f. 2-4-1970).    
2. Subs. by the North-Eastern Areas (Reorganisation) Act, 1971 (81 of 1971), s. 71(i) 
and Eighth Sch., for certain words (w.e.f. 21-1-1972).",,
train,constitution,326,"What act and section of the North-Eastern Areas (Reorganisation) Act, 1971 (81 of 1971) made the substitution mentioned in the passage?","The North-Eastern Areas (Reorganisation) Act, 1971 (81 of 1971) made the substitution mentioned in the passage.","North-Eastern Areas (Reorganisation) Act, 1971 (81 of 1971), s. 71(i)","specified in paragraph 3 or paragraph 3A or paragraph 3B of this Schedule” shall be substituted.’. 1. Subs. by the North-Eastern Areas (Reorganisation) Act, 1971 (81 of 1971), s. 71(i) and Eighth Sch., for the heading (w.e.f. 21-1-1972).","THE CONSTITUTION OF  INDIA
(Sixth Schedule) 
295
Provided that no regulations may be made under this paragraph 
unless they are passed by a majority of not less than three-fourths of the 
total membership of the District Council:
Provided further that it shall not be competent under any such 
regulations to refuse the grant of a licence to a money-lender or a trader who 
has been carrying on business within the district since before the time of the 
making of such regulations.
(3) All regulations made under this paragraph shall be submitted 
forthwith to the Governor and, until assented to by him, shall have no 
effect.
                              *                                  *                                   *
11. Publication of laws, rules and regulations made under the 
Schedule.—All laws, rules and regulations made under this Schedule by a 
District Council or a Regional Council shall be published forthwith in the 
Official Gazette of the State and shall on such publication have the force of 
law. 
- 12. 1[Application of Acts of Parliament and of the 
Legislature of the State of Assam to autonomous districts and 
autonomous regions in the State of Assam]. — (1) Notwithstanding 
anything in this Constitution,—
______________________________________________
Paragraph 10 has been amended in its application to the State of Assam by the Sixth Schedule 
to the Constitution (Amendment) Act, 2003 (44 of 2003), s. 2 (w.e.f . 7-9-2003), so as to insert 
the following sub-paragraph after sub-paragraph (3), namely:—
""(4) Nothing in this paragraph shall apply to the Bodoland Territorial Council 
constituted under the proviso to sub-paragraph (3) of paragraph 2 of this Schedule."".
Paragraph 12 has been amended to its application to the State of Assam by the Sixth Schedule 
to the Constitution (Amendment) Act, 1995 (42 of 1995), s. 2 (w.e.f. 12-9-1995) as under,—
‘in paragraph 12, in sub-paragraph (1), for the words and figure “matters specified in 
paragraph 3 of this Schedule”, the words, figures and letter “matters specified in paragraph 3 
or paragraph 3A of this Schedule” shall be substituted.’.
Paragraph 12 has been amended in its application to the State of Assam by the Sixth 
Schedule to the Constitution (Amendment) Act, 2003 (44 of 2003), s. 2 (w.e.f . 7-9-2003), as 
under,—
‘in paragraph 12, in sub-paragraph (1), in clause (a), for the words, figures and letter 
“matters specified in paragraph 3 or paragraph 3A of this Schedule”, the words, figures and 
letters “matters specified in paragraph 3 or paragraph 3A or paragraph 3B of this Schedule” 
shall be substituted.’. 
1. Subs. by the North-Eastern Areas (Reorganisation) Act, 1971 (81 of 1971), s. 71(i) and Eighth 
Sch., for the heading (w.e.f. 21-1-1972).",,
train,constitution,334,What is the purpose of the Interim Executive Council formed by the Governor?,"The purpose of the Interim Executive Council is to provide adequate representation to the non-tribal communities in the Bodo Territorial Areas District in Assam, and to make efforts to hold the election to the Council within six months.",Not explicitly identified,Provided that Interim Council shall be for a period of six months during which endeavour to hold the election to the Council shall be made.,"THE CONSTITUTION OF  INDIA
(Sixth Schedule)
303
119. Transitional provisions. —(1) As soon as possible after the
commencement of this Constitution the Governor shall take steps for the 
constitution of a District Council for each autonomous district in the State 
under this Schedule and, until a District Council is so constituted for an 
autonomous district, the administration of such district shall be vested in the 
Governor and the following provisions shall apply to the administration of 
the areas within such district instead of the foregoing provisions of this 
Schedule, namely:— 
(a) no Act of Parliament or of the Legislature of the State shall
apply to any such area unless the Governor by public notification so 
directs; and the Governor in giving such a direction with respect to 
any Act may direct that the Act shall, in its application to the area or 
to any specified part thereof, have effect subject to such exceptions or 
modifications as he thinks fit; 
(b) the Governor may make regulations for the peace and good
government of any such area and any regulations so made may repeal 
or amend any Act of Parliament or of the Legislature of the State or 
any existing law which is for the time being applicable to such area. 
(2) Any direction given by the Governor under clause ( a) of
sub-paragraph (1) of this paragraph may be given so as to have retrospective 
effect. 
______________________________________________ 
1. Paragraph 19 has been amended in its application to the State of Assam by the
Sixth Sch. to the Constitution (Amendment) Act, 2003 (44 of 2003), s. 2
(w.e.f. 7-9-2003),  so as to insert the following sub-paragraph after  sub-paragraph 
(3), namely :—
‘(4) As soon as possible after the commencement of this Act and Interim
Executive Council for Bodoland Territorial Areas District in Assam shall be
formed by the Governor from amongst leaders of the Bodo movement, including 
the signatories to the Memorandum of Settlement, and shall provide adequate 
representation to the non-tribal communities in that area: 
Provided that Interim Council shall be for a period of six months during
which endeavour to hold the election to the Council shall be made. 
Explanation.—For the purposes of this sub-paragraph, the expression 
“Memorandum of Settlement” means the Memorandum signed on the 10th day of 
February, 2003 between Government of India, Government of Assam and Bodo
Liberation Tigers.’.",,
train,constitution,196,What is the condition for a law imposing a tax under clause (1) to take effect?,"A law imposing a tax under clause (1) shall have any effect unless it has, after having been reserved for the consideration of the President, received his assent.",-2,"The Legislature of a State may by law impose, or authorise the imposition of, any such tax as is mentioned in clause (1), but no such law shall have any effect unless it has, after having been reserved for the consideration of the President, received his assent;","THE CONSTITUTION OF  INDIA
(Part XII.—Finance, Property, Contracts and Suits) 
165
(whether produced by a Government or other persons) which is— 
(a) consumed by the Government of India, or sold to the 
Government of India for consumption by that Government; or
(b) consumed in the construction, maintenance or operation of any 
railway by the Government of India or a railway company operating that 
railway, or sold to that Government or any such railway company for 
consumption in the construction, maintenance or operation of any 
railway,
and any such law imposing, or authorising the imposition of, a tax on the sale 
of electricity shall secure that the price of electricity sold to the Government of 
India for consumption by that Government, or to any such railway company as 
aforesaid for consumption in the construction, maintenance or operation of any 
railway, shall be less by the amount of the tax than the price charged to other 
consumers of a substantial quantity of  electricity.
288. Exemption from taxation by States in respect of water or 
electricity in certain cases.—(1) Save in so far as the President may by order 
otherwise provide, no law of a State in force immediately before the 
commencement of this Constitution shall impose, or authorise the imposition 
of, a tax in respect of any water or electricity stored, generated, consumed, 
distributed or sold by any authority established by any existing law or any law 
made by Parliament for regulating or developing any inter-State river or 
river-valley.
Explanation.—The expression “law of a State in force” in this clause 
shall include a law of a State passed or made before the commencement of this 
Constitution and not previously repealed, notwithstanding that it or parts of it 
may not be then in operation either at all or in particular areas.
(2) The Legislature of a State may by law impose, or authorise the 
imposition of, any such tax as is mentioned in clause (1), but no such law shall 
have any effect unless it has, after having been reserved for the consideration of 
the President, received his assent; and if any such law provides for the fixation 
of the rates and other incidents of such tax by means of rules or orders to be 
made under the law by any authority, the law shall provide for the previous 
consent of the President being obtained to the making of any such rule or order.
289. Exemption of property and income of a State from Union 
taxation.—(1)  The property and income of a State shall be exempt from Union 
taxation.",,
train,constitution,210,What are the conditions under which a member of a Public Service Commission might be deemed to be guilty of misbehaviour?,A member of a Public Service Commission is deemed to be guilty of misbehaviour if they are or become in any way concerned or interested in any contract or agreement made by or on behalf of the Government of India or the Government of a State or participate in any way in the profit thereof or in any benefit or emolument arising therefrom otherwise than as a member and in common with the other members of an incorporated company.,318,"318. Power to make regulations as to conditions of service of members and staff of the Commission .—In the case of the Union Commission or a Joint Commission, the President and, in the case of a State Commission, the Governor1*** of the State may by regulations—","THE CONSTITUTION OF  INDIA
(Part XIV.—Services under the Union and the States)  
179
317. Removal and suspension of a member of a Public Service 
Commission.—(1) Subject to the provisions of clause (3), the Chairman  or 
any other member of a Public Service Commission shall  only be removed from 
his office by order of the President on the ground of misbehaviour after the 
Supreme Court, on reference being made to it by the President, has, on inquiry 
held in accordance with the procedure prescribed in that behalf under 
article 145, reported that the Chairman or such other member, as the case may  
be, ought  on any such ground to be removed. 
(2) The President, in the case of the  Union Commission or a Joint 
Commission, and the Governor 1*** in the case  of a State Commission, may 
suspend from office the Chairman  or any other member of the Commission in  
respect of whom a reference  has been made to the Supreme Court under   
clause (1) until the President has passed orders on receipt  of the report of the 
Supreme Court on such reference.
(3) Notwithstanding anything in clause (1), the President may by order 
remove from office the Chairman or any other member of a Public Service 
Commission if the Chairman or  such other member, as the case may be,—
(a) is adjudged an insolvent; or
(b) engages during his term of office in any paid employment outside 
the duties of his office; or
(c) is, in the opinion of the President, unfit to continue in office by 
reason of infirmity of mind or body.
(4) If the Chairman or any other member of  a Public Service 
Commission is or becomes in any way concerned or interested in any contract 
or agreement made by or on behalf of the Government of India or the  
Government of a State or participates in any way in the profit thereof or in any 
benefit or emolument arising therefrom otherwise than as a member and in 
common with  the other members of an incorporated company, he shall, for the 
purposes of clause (1), be deemed to be guilty of misbehaviour.
318. Power to make regulations as to conditions of service of 
members and staff of the Commission .—In the case of the Union 
Commission or a Joint Commission, the President and, in the case of a State 
Commission, the Governor1*** of the  State may by regulations—
______________________________________________
1. The words ""or Rajpramukh"" omitted by the Constitution (Seventh Amendment) 
Act, 1956, s. 29 and Sch. (w.e.f. 1-11-1956).",,
train,constitution,149,What is the purpose of the High Court's jurisdiction in relation to Union territories as per the Constitution?,"The High Court's jurisdiction in relation to Union territories continues to be exercised after the commencement of the Constitution (Seventh Amendment) Act, 1956, as per the provisions of article 214.",article 214,"6[(3) Subject to the provisions of this Constitution and to the provisions of any law of the appropriate Legislature made by virtue of powers conferred on that Legislature by or under this Constitution, every High Court exercising jurisdiction immediately before the commencement of the Constitution (Seventh Amendment) Act, 1956, in relation to any Union territory shall continue to exercise such jurisdiction in relation to that territory after such commencement. (4) Nothing in this article derogates from the power of Parliament to extend or exclude the jurisdiction of a High Court for a State to, or from, any Union territory or part thereof.]","THE CONSTITUTION OF  INDIA
(Part VIII.—The Union Territories) 
118
1[Provided further that whenever the body functioning as a Legislature 
for the Union territory of 2[Puducherry] is dissolved, or the functioning of that 
body as such Legislature remains suspended on account of any action taken 
under any such law as is referred to in clause (1) of article 239A, the President 
may, during the period of such dissolution or suspension, make regulations for 
the peace, progress and good government of that Union territory.]
(2) Any regulation so made may repeal or amend any Act made by 
Parliament or 3[any other law], which is for the time being applicable to the 
Union territory and, when promulgated by the President, shall have the same 
force and effect as an Act of Parliament which applies to that territory.]
241. High Courts for Union territories.— (1) Parliament may by law 
constitute a High Court for a 4[Union territory] or declare any court in any 
5[such territory] to be a High Court for all or any of the purposes of this 
Constitution. 
(2) The provisions of Chapter V of Part VI shall apply in relation to 
every High Court referred to in clause (1) as they apply in relation to a High 
Court referred to in article 214 subject to such modifications or exceptions as 
Parliament may by law provide. 
6[(3) Subject to the provisions of this Constitution and to the provisions 
of any law of the appropriate Legislature made by virtue of powers conferred 
on that Legislature by or under this Constitution, every High Court exercising 
jurisdiction immediately before the commencement of the Constitution 
(Seventh Amendment) Act, 1956, in relation to any Union territory shall 
continue to exercise such jurisdiction in relation to that territory after such 
commencement.
(4) Nothing in this article derogates from the power of Parliament to 
extend or exclude the jurisdiction of a High Court for a State to, or from, any 
Union territory or part thereof.]
242. [Coorg.].—Omitted by the Constitution (Seventh Amendment) Act, 
1956, s. 29 and Sch.(w.e.f. 1-11-1956).
______________________________________________
1. Ins. by the Constitution (Twenty-seventh Amendment) Act, 1971, s. 4 (w.e.f. 15-2-1972).
2. Subs. by the Pondicherry  (Alteration of Name) Act, 2006 (44 of 2006), s. 4, for 
""Pondicherry"" (w.e.f. 1-10-2006).
3. Subs. by the Constitution (Twenty-seventh Amendment) Act, 1971, s. 4, for ""any existing 
law"" (w.e.f. 15-2-1972).
4. Subs. by the Constitution (Seventh Amendment) Act, 1956, s. 29 and Sch., for  ""State 
specified in Part C of  the First Schedule"" (w.e.f. 1-11-1956).
5. Subs. by s. 29. and Sch., ibid., for ""such State"" (w.e.f. 1-11-1956).
6. Subs. by s. 29, and Sch., ibid., for  cls. (3) and (4) (w.e.f. 1-11-1956).",,
train,constitution,149,What action can the President take when the Legislature of Puducherry is dissolved?,"The President can make regulations for the peace, progress and good government of the Union territory during the period of such dissolution or suspension.",article 239A(1),"THE CONSTITUTION OF INDIA (Part VIII.—The Union Territories) 118 1[Provided further that whenever the body functioning as a Legislature for the Union territory of 2[Puducherry] is dissolved, or the functioning of that body as such Legislature remains suspended on account of any action taken under any such law as is referred to in clause (1) of article 239A, the President may, during the period of such dissolution or suspension, make regulations for the peace, progress and good government of that Union territory.]","THE CONSTITUTION OF  INDIA
(Part VIII.—The Union Territories) 
118
1[Provided further that whenever the body functioning as a Legislature 
for the Union territory of 2[Puducherry] is dissolved, or the functioning of that 
body as such Legislature remains suspended on account of any action taken 
under any such law as is referred to in clause (1) of article 239A, the President 
may, during the period of such dissolution or suspension, make regulations for 
the peace, progress and good government of that Union territory.]
(2) Any regulation so made may repeal or amend any Act made by 
Parliament or 3[any other law], which is for the time being applicable to the 
Union territory and, when promulgated by the President, shall have the same 
force and effect as an Act of Parliament which applies to that territory.]
241. High Courts for Union territories.— (1) Parliament may by law 
constitute a High Court for a 4[Union territory] or declare any court in any 
5[such territory] to be a High Court for all or any of the purposes of this 
Constitution. 
(2) The provisions of Chapter V of Part VI shall apply in relation to 
every High Court referred to in clause (1) as they apply in relation to a High 
Court referred to in article 214 subject to such modifications or exceptions as 
Parliament may by law provide. 
6[(3) Subject to the provisions of this Constitution and to the provisions 
of any law of the appropriate Legislature made by virtue of powers conferred 
on that Legislature by or under this Constitution, every High Court exercising 
jurisdiction immediately before the commencement of the Constitution 
(Seventh Amendment) Act, 1956, in relation to any Union territory shall 
continue to exercise such jurisdiction in relation to that territory after such 
commencement.
(4) Nothing in this article derogates from the power of Parliament to 
extend or exclude the jurisdiction of a High Court for a State to, or from, any 
Union territory or part thereof.]
242. [Coorg.].—Omitted by the Constitution (Seventh Amendment) Act, 
1956, s. 29 and Sch.(w.e.f. 1-11-1956).
______________________________________________
1. Ins. by the Constitution (Twenty-seventh Amendment) Act, 1971, s. 4 (w.e.f. 15-2-1972).
2. Subs. by the Pondicherry  (Alteration of Name) Act, 2006 (44 of 2006), s. 4, for 
""Pondicherry"" (w.e.f. 1-10-2006).
3. Subs. by the Constitution (Twenty-seventh Amendment) Act, 1971, s. 4, for ""any existing 
law"" (w.e.f. 15-2-1972).
4. Subs. by the Constitution (Seventh Amendment) Act, 1956, s. 29 and Sch., for  ""State 
specified in Part C of  the First Schedule"" (w.e.f. 1-11-1956).
5. Subs. by s. 29. and Sch., ibid., for ""such State"" (w.e.f. 1-11-1956).
6. Subs. by s. 29, and Sch., ibid., for  cls. (3) and (4) (w.e.f. 1-11-1956).",,
train,constitution,299,What is the rate of salary for the Comptroller and Auditor-General of India?,The rate of salary for the Comptroller and Auditor-General of India is four thousand rupees per mensem.,12(1),12. (1) There shall be paid to the Comptroller and Auditor-General of India a salary at the rate of *four thousand rupees per mensem.,"THE CONSTITUTION OF  INDIA
(Second Schedule) 
268
11. In this Part, unless the context otherwise requires,—
(a) the expression “Chief Justice” includes an acting Chief Justice, 
and a “Judge” includes an ad hoc Judge; 
(b) “actual service” includes— 
(i) time spent by a Judge on duty as a Judge or in the performance 
of such other functions as he may at the request of the President 
undertake to discharge;
(ii) vacations, excluding any time during which the Judge is absent 
on leave; and
(iii) joining time on transfer from a High Court to the Supreme 
Court or from one High Court to another. 
PART E
PROVISIONS AS TO THE COMPTROLLER AND AUDITOR-GENERAL OF INDIA 
12. (1) There shall be paid to the Comptroller and Auditor-General of 
India a salary at the rate of *four thousand rupees per mensem.
(2) The person who was holding office immediately before the 
commencement of this Constitution as Auditor-General of India and has 
become on such commencement the Comptroller and Auditor-General of India 
under article 377 shall in addition to the salary specified in sub-paragraph (1) of 
this paragraph be entitled to receive as special pay an amount equivalent to the 
difference between the salary so specified and the salary which he was drawing 
as Auditor-General of India immediately before such commencement.
(3) The rights in respect of leave of absence and pension and the other 
conditions of service of the Comptroller and Auditor-General of India shall be 
governed or shall continue to be governed, as the case may be, by the provisions 
which were applicable to the Auditor-General of India immediately before the 
commencement of this Constitution and all references in those provisions to the 
Governor-General shall be construed as references to the President.
______________________________________________
* The Comptroller and Auditor-General of India shall be paid a salary equal to 
the salary of the Judges of the Supreme Court vide s. 3 of the Comptroller and 
Auditor-General (Duties, Powers and Conditions of Service) Act, 1971 (56 of 
1971) .  The salary of Judges of the Supreme Court has been raised to two 
lakh fifty thousand rupees per mensem by the High Court and Supreme Court 
Judges (Salaries and Conditions of Service) Amendment Act, 2018 (10 of 2018), s. 6 
(w.e.f. 1-1-2016).",,
train,constitution,266,"What is the Governor's authority to make regulations for the peace, progress, and good government of the Tuensang district?","The Governor may make regulations for the peace, progress, and good government of the Tuensang district and any regulations so made may repeal or amend with retrospective effect, if necessary, any Act of Parliament or any other law which is for the time being applicable to that district.",(d),"The Governor may make regulations for the peace, progress and good government of the Tuensang district and any regulations so made may repeal or amend with retrospective effect, if necessary, any Act of Parliament or any other law which is for the time being applicable to that district;","THE CONSTITUTION OF  INDIA
(Part XXI.—Temporary, Transitional and Special Provisions)
235
(iv) the procedure and conduct of business of the regional council;
(v) the appointment  of officers and staff of the regional council 
and their conditions of services; and
(vi) any other matter in respect of which it is necessary to make 
rules for the constitution and proper functioning of the regional council.
(2) Notwithstanding anything in this Constitution, for a period of ten 
years from the date of the formation of the State of Nagaland or for such further 
period as the Governor may, on the recommendation of the regional council, by 
public notification specify in this behalf,—
(a) the administration of the Tuensang district shall be carried on by 
the Governor;
(b) where any money is provided by the Government of India to the 
Government of Nagaland to meet the requirements of the State of 
Nagaland as a whole, the Governor shall in his discretion arrange for an 
equitable allocation of that money between the Tuensang district and the 
rest of the State;
(c) no Act of the Legislature of Nagaland shall apply to Tuensang 
district unless the Governor, on the recommendation of the regional 
council, by public notification so directs and the Governor in giving such 
direction with respect to any such Act may direct that the Act shall in its 
application to the Tuensang district or any part thereof have effect 
subject to such exceptions or modifications as the Governor may specify 
on the recommendation of the regional council:
Provided that any direction given under this sub-clause may be 
given so as to have retrospective effect;
(d) the Governor may make regulations for the peace, progress and good 
government of the Tuensang district and any regulations so made may repeal 
or amend with retrospective effect, if necessary, any Act of Parliament or any 
other law which is for the time being applicable to that district;
(e) (i) one of the members representing the Tuensang district in the 
Legislative Assembly of Nagaland shall be appointed Minister for 
Tuensang affairs by the Governor on the advice of the Chief Minister 
and the Chief Minister in tendering his advice shall act on the 
recommendation of the majority of the members as aforesaid1;
______________________________________________
1. Paragraph 2 of the Constitution (Removal of Difficulties) Order No. X  provides 
(w.e.f. 1-12-1963) that article 371A of the Constitution of India shall have effect as if 
the following proviso were added to paragraph (i) of sub-clause  (e) of clause (2) 
thereof, namely:—
""Provided that the Governor may, on the advice of the Chief Minister, appoint 
any person as Minister for Tuensang affairs to act as such until such time as persons 
are chosen in accordance with law to fill the seats allocated to the Tuensang district, in 
the Legislative Assembly of Nagaland."".",,
train,constitution,264,What specific areas of law are exempt from the application of Parliament Acts in the State of Nagaland?,"Religious or social practices of the Nagas, Naga customary law and procedure, administration of civil and criminal justice involving decisions according to Naga customary law, and ownership and transfer of land and its resources are exempt from the application of Parliament Acts in the State of Nagaland.",Not explicitly identified,"and.—(1) Notwithstanding anything in this Constitution,— (a) no Act of Parliament in respect of— (i) religious or social practices of the Nagas; (ii) Naga customary law and procedure; (iii) administration of civil and criminal justice involving decisions according to Naga customary law; (iv) ownership and transfer of land and its resources, shall apply to the State of Nagaland unless the Legislative Assembly of Nagaland by a resolution so decides;","THE CONSTITUTION OF  INDIA
(Part XXI.—Temporary, Transitional and Special Provisions)
233
1[371. Special provision with respect to the States of  2***
Maharashtra and Gujarat.—3[(1)*             *          *               *                *]
(2) Notwithstanding anything in this Constitution, the President may by 
order made with respect to 4[the State of Maharashtra or Gujarat], provide for 
any special responsibility of the Governor for—
(a) the establishment of separate development boards for Vidarbha, 
Marathwada, 5[and the rest of Maharashtra or, as the case may be], 
Saurashtra, Kutch and the rest of Gujarat with the provision that a report 
on the working of  each of these boards will be placed each year before 
the State Legislative Assembly;
(b) the equitable allocation of funds for developmental expenditure 
over the said areas, subject to the requirements of the State as a whole; 
and
(c) an equitable arrangement providing  adequate facilities for 
technical education and vocational training, and adequate opportunities 
for employment in services under the control of the State Government, in 
respect of all the said areas, subject to the requirements of the State as a 
whole.]
6[371A. Special provision with respect to the State of Nagaland.—(1) 
Notwithstanding anything in this Constitution,—
(a) no Act of Parliament in respect of—
(i) religious or social practices of the Nagas;
(ii) Naga customary law and procedure;
(iii) administration of civil and criminal justice involving 
decisions according to Naga customary law;
(iv) ownership and transfer of land and its resources,
shall apply to the State of Nagaland unless the Legislative Assembly of   
Nagaland by a resolution so decides;
______________________________________________
1. Subs. by the Constitution (Seventh Amendment) Act, 1956, s. 22, for art. 371       
(w.e.f. 1-11-1956).
2. The words ""Andhra Pradesh"", omitted by the Constitution (Thirty-second Amendment) 
Act, 1973, s. 2 (w.e.f. 1-7-1974).
3. Cl. (1) omitted by s. 2, ibid. (w.e.f. 1-7-1974).
4. Subs. by the Bombay Reorganisation Act, 1960 (11 of 1960), s. 85, for ""the State of 
Bombay"" (w.e.f. 1-5-1960).
5. Subs. by s. 85,ibid., for ""the rest of Maharashtra"" (w.e.f. 1-5-1960).
6. Art. 371A ins. by the Constitution (Thirteenth Amendment) Act, 1962, s. 2 
(w.e.f. 1-12-1963).",,
train,constitution,343,What is the subject of Article 31 of the Seventh Schedule of the Indian Constitution?,"Article 31 deals with Posts and telegraphs; telephones, wireless, broadcasting and other like forms of communication.",Article 31,"31. Posts and telegraphs; telephones, wireless, broadcasting and other like forms of communication.","THE CONSTITUTION OF  INDIA
(Seventh Schedule) 
312
31. Posts and telegraphs; telephones, wireless, broadcasting and other like 
forms of communication. 
32. Property of the Union and the revenue therefrom, but as regards 
property situated in a State 1*** subject to legislation by the State, save in so 
far as Parliament by law otherwise provides.
2[33* *   * *                        *]
34. Courts of wards for the estates of Rulers of Indian States.
35. Public debt of the Union.
36. Currency, coinage and legal tender;  foreign exchange.
37. Foreign loans.
38. Reserve Bank of India.
39. Post Office Savings Bank.
40. Lotteries organised by the Government of India or the Government of 
a State. 
41. Trade and commerce with foreign countries; import and export across 
customs frontiers; definition of customs frontiers. 
42. Inter-State trade and commerce.
43. Incorporation, regulation and winding up of trading corporations, 
including banking, insurance and financial corporations, but not including 
co-operative societies.
44. Incorporation, regulation and winding up of corporations, whether 
trading or not, with objects not confined to one State, but not including 
universities. 
45. Banking.
46. Bills of exchange, cheques, promissory notes and other like 
instruments.
47. Insurance.
48. Stock exchanges and futures markets.
49. Patents, inventions and designs; copyright; trade-marks and merchandise 
marks.
______________________________________________
1. The words and letters ""specified in Part A or Part B of the First Schedule"" omitted by 
the Constitution (Seventh Amendment) Act, 1956, s. 29 and Sch. (w.e.f. 1-11-1956).
2.  Entry 33 omitted by s. 26, ibid. (w.e.f. 1-11-1956). ",,
train,constitution,287,"What year did the Punjab Reorganisation Act, 1966 add the territory?","The Punjab Reorganisation Act, 1966 added the territory in 1966.","Punjab Reorganisation Act, 1966 (31 of 1966), s. 7 (w.e.f. 1-11-1966)","5. Added by the Punjab Reorganisation Act, 1966 (31 of 1966), s. 7 (w.e.f. 1-11-1966).","THE CONSTITUTION OF  INDIA
(First Schedule)
         
Name Territories
 
256
1[10.] 2[Odisha] The territories which immediately before the 
commencement of this Constitution were either comprised 
in the Province of Orissa or were being administered as if 
they formed part of that Province. 
1[11.] Punjab The territories specified  in section 11 of the States 
Reorganisation Act, 1956 3[and the territories referred 
to in Part II of the First Schedule to the Acquired 
Territories (Merger) Act, 1960] 4[but excluding the 
territories referred to in Part II of the First Schedule to 
the Constitution (Ninth Amendment) Act, 1960] 5[and 
the territories specified in sub-section ( 1) of section 3, 
section 4 and sub-section ( 1) of section 5 of the Punjab 
Reorganisation Act, 1966.]
1[12.]
Rajasthan 
The territories specified in section 10 of the States 
Reorganisation Act, 1956 6[but excluding the territories 
specified in the First Schedule to the Rajasthan and 
Madhya Pradesh (Transfer of Territories) Act, 1959].
______________________________________________
1. Entries 8 to 14 renumbered as entries 9 to 15 by the Bombay Reorganisation Act, 
1960 (11 of 1960), s. 4 (w.e.f. 1-5-1960).
2. Subs. by the Orissa (Alteration of Name) Act, 2011 (15 of 2011), s. 6, for ""Orissa"" 
(w.e.f. 1-11-2011).
3. Ins. by the Acquired Territories (Merger) Act, 1960 (64 of 1960), s. 4 
(w.e.f. 17-1-1961).
4. Added by the Constitution (Ninth Amendment) Act, 1960, s. 3 (w.e.f. 17-1-1961).
5. Added by the Punjab Reorganisation Act, 1966 (31 of 1966), s. 7 (w.e.f. 1-11-1966).
6. Ins. by the Rajasthan and Madhya Pradesh (Transfer of Territories) Act, 1959
(47 of 1959), s. 4 (w.e.f. 1-10-1959).",,
train,constitution,311,What amendment inserted the proviso about the Bodoland Territorial Areas District?,"The Sixth Schedule to the Constitution (Amendment) Act, 2003 (44 of 2003), s. 2, inserted the proviso.","Sixth Schedule to the Constitution (Amendment) Act, 2003 (44 of 2003), s. 2","Paragraph 1 has been amended in its application to the State of Assam by the Sixth Schedule to the Constitution (Amendment) Act, 2003 (44 of 2003), s. 2, so as to insert the following proviso after sub-paragraph (2), namely :—","280
SIXTH SCHEDULE 
[Articles 244(2) and 275(1)]
Provisions as to the Administration of Tribal Areas in  1[the States of 
Assam, Meghalaya, Tripura and Mizoram]
21. Autonomous districts and autonomous regions.—(1) Subject to 
the provisions of this paragraph, the tribal areas in each item of3[4[Parts I, II 
and IIA] and in Part III] of the table appended to paragraph 20 of this 
Schedule shall be an autonomous district.
(2) If there are different Scheduled Tribes in an autonomous district, 
the Governor may, by public notification, divide the area or areas inhabited 
by them into autonomous regions.
(3) The Governor may, by public notification,—
(a) include any area in 3[any of the Parts] of the said table; 
(b) exclude any area from 3[any of the Parts] of the said table;
(c) create a new autonomous district;
(d) increase the area of any autonomous district;
(e) diminish the area of any autonomous district;
(f) unite two or more autonomous districts or parts thereof so 
as to form one autonomous district;
5[(ff) alter the name of any autonomous district];
(g) define the boundaries of any autonomous district:
______________________________________________
1. Subs. by the State of Mizoram Act, 1986 (34 of 1986), s. 39, for certain words 
(w.e.f. 20-2-1987).
2.  Paragraph 1 has been amended in its application to the State of Assam by the Sixth 
Schedule to the Constitution (Amendment) Act, 2003 (44 of 2003), s. 2, so as to 
insert the following proviso after sub-paragraph (2), namely :—
""Provided that nothing in this sub-paragraph shall apply to the Bodoland 
Territorial Areas District"" (w.e.f. 7-9-2003).
3. Subs. by the North-Eastern Areas (Reorganisation) Act, 1971 (81 of 1971), s. 71(i) 
and Eighth Sch., for ""Part A"" (w.e.f. 21-1-1972).  
4. Subs. by the Constitution (Forty-ninth Amendment) Act, 1984, s. 4, for ""Part I and 
II"" (w.e.f. 1-4-1985).
5. Ins. by the Assam Reorganisation (Meghalaya) Act, 1969 (55 of 1969), s. 74 and 
Fourth Sch. (w.e.f. 2-4-1970). ",,
train,constitution,304,How many seats are allocated to Telangana?,Telangana is allocated 7 seats.,Not explicitly identified,3[2. Telangana ................................ ................................ 7]," 
273
1[FOURTH SCHEDULE
[Articles 4(1) and 80(2)] 
Allocation of seats in the Council of States
To each State or Union territory specified in the first column of  the 
following table, there shall be allotted the number of seats specified in the 
second column thereof opposite to that State or that Union territory, as the case 
may be: 
TABLE
  1. Andhra Pradesh  ................................ ..........................2[11]
3[2. Telangana  ................................ ................................ 7]
4[3.] Assam ................................ ................................ ........ 7
4[4.] Bihar ................................ ................................ ..........5[16]
6[4[5.] Jharkhand ................................ ................................ 6]
7[8[4[6.] Goa ................................ ................................ ............1]]
9[8[4[7.] Gujarat ................................ ................................ 11]]
10[8[4[8.] Haryana ................................ ................................ 5]]
8[4[9.] Kerala ................................ ................................ ........ 9
______________________________________________
1. Fourth Schedule Subs. by the Constitution (Seventh Amendment) Act, 1956, s. 3(2), 
for ‘Fourth Schedule’ (w.e.f. 1-11-1956).
2.  Subs. by the Andhra Pradesh Reorganisation Act, 2014, s. 12, for “18” (w.e.f.  2-6-2014).
3.  Ins. by s. 12, ibid. (w.e.f.  2-6-2014).
4.  Entries 2 to 30 renumbered as entries 3 to 31 respectively by s. 12, ibid. (w.e.f.  2-6-2014).
5.  Subs. by the Bihar Reorganisation  Act, 2000 (30 of 2000), s. 7, for ""22"" (w.e.f. 15-11-2000).
6.  Ins. by s. 7, ibid. (w.e.f. 15-11-2000).
7.  Entries 4 to 26 renumbered as entries 5 to 27 respectively and entry “4 Goa….1” ins. 
by the Goa, Daman and Diu Reorganisation Act, 1987 (18 of 1987), s. 6(a) and (b) 
(w.e.f. 30-5-1987). 
8.  Entries 4 to 29 renumbered as entries 5 to 30 by  the Bihar Reorganisation  Act, 2000 
(30 of 2000), s. 7 (w.e.f. 15-11-2000).
9. Subs. by the Bombay Reorganisation Act, 1960 (11 of 1960), s. 6, for entry ""4""
(w.e.f.1-5-1960).
10. Ins. by the Punjab Reorganisation Act, 1966 (31 of 1966), s. 9 (w.e.f. 1-11-1966).",,
train,constitution,179,What happens if a law made by a State Legislature is found to be repugnant to an earlier law made by Parliament?,"If a law made by the Legislature of a State is found to be repugnant to the provisions of an earlier law made by Parliament, then, the law so made by the Legislature of such State shall, if it has been reserved for the consideration of the President and has received his assent, prevail in that State.",2,"Where a law made by the Legislature of a State 1*** with respect to one of the matters enumerated in the Concurrent List contains any provision repugnant to the provisions of an earlier law made by Parliament or an existing law with respect to that matter, then, the law so made by the Legislature of such State shall, if it has been reserved for the consideration of the President and has received his assent, prevail in that State:","THE CONSTITUTION OF  INDIA
(Part XI.—Relations between the Union and the States) 
148
(2) Any Act so passed by Parliament may be amended or repealed by an 
Act of Parliament passed or adopted in like manner but shall not, as respects 
any State to which it applies, be amended or repealed by an Act of the 
Legislature of that State.
253. Legislation for giving effect to international agreements .—
Notwithstanding anything in the foregoing provisions of this Chapter, 
Parliament has power to make any law for the whole or any part of the territory 
of India for implementing any treaty, agreement or convention with any other 
country or countries or any decision made at any international conference, 
association or other body.
254. Inconsistency between laws made by Parliament and laws made 
by the Legislatures of States .—(1) If any provision of a law made by the 
Legislature of a State is repugnant to any provision of a law made by 
Parliament which Parliament is competent to enact, or to any provision of an 
existing law with respect to one of the matters enumerated in the Concurrent 
List, then, subject to the provisions of clause (2), the law made by Parliament, 
whether passed before or after the law made by the Legislature of such State, 
or, as the case may be, the existing law, shall prevail and the law made by the 
Legislature of the State shall, to the extent of the repugnancy, be void.
(2) Where a law made by the Legislature of a State 1*** with respect to 
one of the matters enumerated in the Concurrent List contains any provision 
repugnant to the provisions of an earlier law made by Parliament or an existing 
law with respect to that matter, then, the law so made by the Legislature of such 
State shall, if it has been reserved for the consideration of the President and has 
received his assent, prevail in that State:
Provided that nothing in this clause shall prevent Parliament from 
enacting at any time any law with respect to the same matter including a law 
adding to, amending, varying or repealing the law so made by the Legislature 
of the State.
255. Requirements as to recommendations and previous sanctions to 
be regarded as matters of procedure only. —No Act of Parliament or of the 
Legislature of a State 1***, and no provision in any such Act, shall be invalid 
by reason only that some recommendation or previous sanction required by this 
Constitution was not given, if assent to that Act was given—
______________________________________________
1. The words and letters ""specified in Part A or Part B of  the First Schedule"" omitted by 
the Constitution (Seventh Amendment) Act, 1956, s. 29 and Sch. (w.e.f. 1-11-1956).",,
train,constitution,366,What Act is listed as 137 in the Ninth Schedule of the Indian Constitution?,"The Haryana Ceiling on Land Holdings (Amendment) Act, 1976 (Haryana Act 17 of 1976)",137,"137. The Haryana Ceiling on Land Holdings (Amendment) Act, 1976 (Haryana Act 17 of 1976).","THE CONSTITUTION OF  INDIA
(Ninth Schedule)
335
133. The Departmentalisation of Union Accounts (Transfer of Personnel) 
Act, 1976 (Central Act 59 of 1976).
134. The Assam Fixation of Ceiling on Land Holdings Act, 1956 (Assam 
Act I of 1957). 
135. The Bombay Tenancy and Agricultural Lands (Vidarbha Region) Act, 
1958 (Bombay Act XCIX of 1958).
136. The Gujarat Private Forests (Acquisition) Act, 1972 (Gujarat Act 14 
of 1973). 
137. The Haryana Ceiling on Land Holdings (Amendment) Act, 1976 
(Haryana Act 17 of 1976).
138. The Himachal Pradesh Tenancy and Land Reforms Act, 1972 
(Himachal Pradesh Act 8 of 1974).
139. The Himachal Pradesh Village Common Lands Vesting and 
Utilisation Act, 1974 (Himachal Pradesh Act 18 of 1974).
140. The Karnataka Land Reforms (Second Amendment and Miscellaneous 
Provisions) Act, 1974 (Karnataka Act 31 of 1974).
141. The Karnataka Land Reforms (Second Amendment) Act, 1976 
(Karnataka Act 27 of 1976).
142. The Kerala Prevention of Eviction Act, 1966 (Kerala Act 12 of 1966).
143. The Thiruppuvaram Payment (Abolition) Act, 1969 (Kerala Act 19 of 1969).
144. The Sreepadam Lands Enfranchisement Act, 1969 (Kerala Act 20 of 
1969).
145. The Sree Pandaravaka Lands (Vesting and Enfranchisement) Act, 
1971 (Kerala Act 20 of 1971).
146. The Kerala Private Forests (Vesting and Assignment) Act, 1971 
(Kerala Act 26 of 1971).
147. The Kerala Agricultural Workers Act, 1974 (Kerala Act 18 of 1974).
148. The Kerala Cashew Factories (Acquisition) Act, 1974 (Kerala Act 29 
of 1974).
149. The Kerala Chitties Act, 1975 (Kerala Act 23 of 1975).
150. The Kerala Scheduled Tribes (Restriction on Transfer of Lands and 
Restoration of Alienated Lands) Act, 1975 (Kerala Act 31 of 1975).",,
train,constitution,336,What Act amended the Sixth Schedule to the Constitution in 1988?,"The Sixth Schedule to the Constitution (Amendment) Act, 1988 (67 of 1988)","The Sixth Schedule to the Constitution (Amendment) Act, 1988 (67 of 1988)","7. Subs. by the Sixth Schedule to the Constitution (Amendment) Act, 1988 (67 of 1988), s. 2, for serial numbers 2 and 3 and the entries relating thereto (w.e.f. 16-12-1988).","THE CONSTITUTION OF  INDIA
(Sixth Schedule) 
305
TABLE 
PART  I
1. The North Cachar Hills District. 
2.  1[The Karbi Anglong District.] 
2[3.The Bodoland Territorial Areas District.]
 
PART II
3[1.  Khasi Hills District.
2.  Jaintia Hills District.] 
3.  The Garo Hills District.
4[PART IIA]
    Tripura Tribal Areas District] 
Part III
5*   *          *
6[1. The Chakma District.
7[2. The Mara District. 
3.  The Lai District.]]  8[20A. Dissolution of the Mizo District Council. —(1) Notwithstanding anything in this Schedule, the District Council of the Mizo District existing immediately before the prescribed date (hereinafter referred to as the Mizo District Council) shall stand dissolved and cease to exist.
______________________________________________
1. Subs. by the Government of Assam Notification No. TAD/R/115/74/47, 
dated 14-10-1976 for ""The Mikir Hills District"".
2. Ins. by the Sixth Schedule to the Constitution (Amendment) Act, 2003 
(44 of 2003), s. 2 (w.e.f. 7-9-2003).
3. Subs. by the Government of Meghalaya Notification No. DCA 31/72/11, 
dated the 14th June, 1973, Gazette of Meghalaya, Pt. VA, dated 23-6-1973, p. 200. 
4. Ins. by the Constitution (Forty-ninth Amendment) Act, 1984, s. 4 (w.e.f. 1-4-1985).
5. The words ""The Mizo District."" omitted by the Government of Union Territories 
(Amendment) Act, 1971 (83 of 1971), s. 13 (w.e.f. 16-2-1972).
6. Ins. by the Mizoram District Councils (Miscellaneous Provisions) Order, 1972,  
published in the Mizoram Gazette, 1972, dated the 5th May, 1972, Vol. I, Pt. II, 
p.17 (w.e.f. 29-4-1972).
7. Subs. by the Sixth Schedule to the Constitution (Amendment) Act, 1988              
(67 of 1988), s. 2, for serial numbers 2 and 3 and the entries relating thereto   
(w.e.f. 16-12-1988).
8. Subs. by the North-Eastern Areas (Recognisation) Act, 1971 (81 of 1971), s. 71(i) and 
Eight Sch. for paragraph 20 (w.e.f. 21-1-1972) and further subs. by the Government 
of Union Territory (Amendment) Act, 1971 (83 of 1971), s. 13 for paragraph 20A 
(w.e.f. 16-2-1972).",,
train,constitution,277,What is the maximum duration after the commencement of the Constitution that the President can make adaptations or modifications to any law?,The maximum duration is three years from the commencement of the Constitution.,3,Nothing in clause (2) shall be deemed— (a) to empower the President to make any adaptation or modification of any law after the expiration of 1[three years] from the commencement of this Constitution;,"THE CONSTITUTION OF  INDIA
(Part XXI.—Temporary, Transitional and Special Provisions)
246
(b) identification of posts or classes of posts under the State 
Government and in any body or organisation under the control of the 
State Government in the Hyderabad-Karnataka region and reservation of 
a proportion of such posts for persons who belong to that region by birth 
or by domicile and for appointment thereto by direct recruitment or by 
promotion or in any other manner as may be specified in the order.]
372. Continuance in force of existing laws and their adaptation.—(1) 
Notwithstanding the repeal by this Constitution of the enactments referred to in 
article 395 but subject to the other provisions of this Constitution, all the law in 
force in the territory of India immediately before the commencement of this 
Constitution shall continue in force therein until altered or repealed or amended 
by a competent Legislature or other competent authority.
(2) For the purpose of bringing the provisions of any law in force in the 
territory of India into accord with the provisions of this Constitution, the 
President may by order make such adaptations and modifications of such law, 
whether by way of repeal or amendment, as may be necessary or expedient, and 
provide that the law shall, as from such date as may be specified in the order, 
have effect subject to the adaptations and modifications so made, and any such 
adaptation or modification shall not be questioned in any court of law.
(3) Nothing in clause (2) shall be deemed—
(a) to empower the President to make any adaptation or 
modification of any law after the expiration of 1[three years] from the 
commencement of this Constitution; or
(b) to prevent any competent Legislature or other competent 
authority from repealing or amending any law adapted or modified by 
the President under the said clause.
______________________________________________
See the Adaptation of Laws Order, 1950, dated the 26th January, 1950, Gazette of 
India, Extraordinary, p. 449, as amended by notification No. S.R.O. 115, dated the 5th 
June, 1950, Gazette of India, Extraordinary, Part II, Section 3, p. 51, notification No. 
S.R.O. 870, dated the 4th November, 1950, Gazette of India, Extraordinary, Part II, 
Section 3, p. 903, notification No. S.R.O. 508, dated the 4th April, 1951, Gazette of 
India, Extraordinary, Part II, Section 3, p. 287, notification No. S.R.O. 1140B, dated 
the 2nd July, 1952, Gazette of India, Extraordinary, Part II, Section 3, p. 616/1, and the 
Adaptation of the Travancore-Cochin Land Acquisition Laws Order, 1952, dated the 
20th November, 1952, Gazette of India, Extraordinary, Part II, Section 3, p. 923.
1. Subs. by the Constitution (First Amendment) Act, 1951, s.12 for ""two years""
(w.e.f. 18-6-1951).",,
train,constitution,374,"What are the amendments made by the Constitution (Seventy-eighth Amendment) Act, 1995?","The Constitution (Seventy-eighth Amendment) Act, 1995 amended entries 258 to 284.","Constitution (Seventy-eighth Amendment) Act, 1995, s. 2 (w.e.f. 30-8-1995)","1. Entries 258 to 284 ins. by the Constitution (Seventy-eighth Amendment) Act, 1995, s. 2 (w.e.f. 30-8-1995).","THE CONSTITUTION OF  INDIA
(Ninth Schedule)
343
1[258. The Bihar Privileged Persons Homestead Tenancy Act, 1947 (Bihar 
Act 4 of 1948). 
259. The Bihar Consolidation of Holdings and Prevention of Fragmentation 
Act, 1956 (Bihar Act 22 of 1956). 
260. The Bihar Consolidation of Holdings and Prevention of Fragmentation 
(Amendment) Act, 1970 (Bihar Act 7 of 1970).
261. The Bihar Privileged Persons Homestead Tenancy (Amendment) Act, 
1970 (Bihar Act 9 of 1970). 
262. The Bihar Consolidation of Holdings and Prevention of Fragmentation 
(Amendment) Act, 1973 (Bihar Act 27 of 1975).
263. The Bihar Consolidation of Holdings and Prevention of Fragmentation 
(Amendment) Act, 1981 (Bihar Act 35 of 1982).
264. The Bihar Land Reforms (Fixation of Ceiling Area and Acquisition of 
Surplus Land) (Amendment) Act, 1987 (Bihar Act 21 of 1987).
265. The Bihar Privileged Persons Homestead Tenancy (Amendment) Act, 
1989 (Bihar Act 11 of 1989).
266. The Bihar Land Reforms (Amendment) Act, 1989 (Bihar Act 11 of 1990).
267. The Karnataka Scheduled Castes and Scheduled Tribes (Prohibition of 
Transfer of Certain Lands) (Amendment) Act, 1984 (Karnataka Act 3 of 1984).
268. The Kerala Land Reforms (Amendment) Act, 1989 (Kerala Act 16 of 1989).
269. The Kerala Land Reforms (Second Amendment) Act, 1989 (Kerala 
Act 2 of 1990).
270. The Orissa Land Reforms (Amendment) Act, 1989 (Orissa Act 9 of 
1990).
271. The Rajasthan Tenancy (Amendment) Act, 1979 (Rajasthan Act 16 of 1979).
272. The Rajasthan Colonisation (Amendment) Act, 1987 (Rajasthan Act 2 
of 1987).
273. The Rajasthan Colonisation (Amendment) Act, 1989 (Rajasthan Act 
12 of 1989).
______________________________________________
1. Entries 258 to 284 ins. by the Constitution (Seventy-eighth Amendment)  Act, 1995,    
s. 2 (w.e.f. 30-8-1995).",,
train,constitution,8,Who is responsible for advising the President?,The Council of Ministers is responsible for advising the President.,74. Council of Ministers to aid and advise President,74. Council of Ministers to aid and advise President,"Contents
ARTICLES
(v)
55. Manner of election of President.
56. Term of office of President.
57. Eligibility for re-election. 
58. Qualifications for election as President. 
59. Conditions of President’s office. 
60. Oath or affirmation by the President.
61. Procedure for impeachment of the President.
62. Time of holding election to fill vacancy in the office of President 
and the term of office of person elected to fill casual vacancy.
63. The Vice-President of India.
64. The Vice-President to be ex officio Chairman of the Council of 
States. 
65. The Vice-President to act as President or to discharge his 
functions during casual vacancies in the office, or during the 
absence, of President.
66. Election of Vice-President.
67. Term of office of Vice-President.
68. Time of holding election to fill vacancy in the office of Vice-President 
and the term of office of person elected to fill casual vacancy. 
69. Oath or affirmation by the Vice-President.
70. Discharge of President’s functions in other contingencies.
71. Matters relating to, or connected with, the election of a President 
or Vice-President.
72. Power of President to grant pardons, etc., and to suspend, remit 
or commute sentences in certain cases.
73. Extent of executive power of the Union.
Council of Ministers
74. Council of Ministers  to aid and advise President .
75. Other provisions as to Ministers.
The Attorney-General for India
76. Attorney-General for India.",,
train,constitution,156,What is the Governor's obligation when requested by the State Election Commission?,"The Governor of a State shall, when so requested by the State Election Commission, make available to the State Election Commission such staff as may be necessary for the discharge of the functions conferred on the State Election Commission by clause (1).","125(3) The Governor of a State shall, when so requested by the State Election Commission, make available to the State Election Commission such staff as may be necessary for the discharge of the functions conferred on the State Election Commission by clause (1).","THE CONSTITUTION OF INDIA (Part IX.—The Panchayats) 125 (3) The Governor of a State shall, when so requested by the State Election Commission, make available to the State Election Commission such staff as may be necessary for the discharge of the functions conferred on the State Election Commission by clause (1).","THE CONSTITUTION OF  INDIA
(Part IX.—The Panchayats)
125
(3) The Governor of a State shall, when so requested by the State 
Election Commission, make available to the State Election Commission such 
staff as may be necessary for the discharge of the functions conferred on the 
State Election Commission by clause (1). 
(4) Subject to the provisions of this Constitution, the Legislature of a 
State may, by law, make provision with respect to all matters relating to, or in 
connection with, elections to the Panchayats.
243L. Application to Union territories. —The provisions of this Part 
shall apply to the Union territories and shall, in their application to a Union 
territory, have effect as if the references to the Governor of a State were 
references to the Administrator of the Union territory appointed under article 
239 and references to the Legislature or the legislative Assembly of a State 
were references, in relation to a Union territory having a Legislative Assembly, 
to that Legislative Assembly:
Provided that the President may, by public notification, direct that the 
provisions of this Part shall apply to any Union territory or part thereof subject 
to such exceptions and modifications as he may specify in the notification.
243M.  Part not to apply to certain areas. —(1) Nothing in this Part 
shall apply to the Scheduled Areas referred to in clause (1), and the tribal areas 
referred to in clause (2), of article 244.
(2) Nothing in this Part shall apply to—
(a)  the States of Nagaland, Meghalaya and Mizoram;
(b) the hill areas in the State of Manipur for which District Councils 
exist under any law for the time being in force.
(3) Nothing in this Part—
(a) relating to Panchayats at the district level shall apply to the hill 
areas of the District of Darjeeling in the State of West Bengal for which 
Darjeeling Gorkha Hill Council exists under any law for the time being 
in force;
(b) shall be construed to affect the functions and powers of the 
Darjeeling Gorkha Hill Council constituted under such law.",,
train,constitution,11,What are the specific cases in which the Supreme Court has appellate jurisdiction over High Courts?,The Supreme Court has appellate jurisdiction over High Courts in certain cases.,132,132. Appellate jurisdiction of the Supreme Court in appeals from High Courts in certain cases.,"Contents
ARTICLES
(viii)
115. Supplementary, additional or excess grants.
116. Votes on account, votes of credit and exceptional grants. 
117. Special provisions as to financial Bills.
 Procedure Generally 
118. Rules of procedure. 
119. Regulation by law of procedure in Parliament in relation to 
financial business.
120. Language to be used in Parliament.
121. Restriction on discussion in Parliament.
122. Courts not to inquire into proceedings of Parliament. 
CHAPTER III. LEGISLATIVE  POWERS OF THE 
PRESIDENT
123. Power of President to promulgate Ordinances during recess of  
Parliament.
CHAPTER IV. THE UNION JUDICIARY
124. Establishment and constitution ofthe Supreme Court.
124A. National Judicial Appointments Commission.
124B. Functions of Commission.
124C. Power of Parliament to make law.
125. Salaries, etc., of Judges.
126. Appointment of acting Chief Justice.
127. Appointment of ad hoc Judges.
128. Attendance of retired Judges at sittings of the Supreme Court.
129. Supreme Court to be a court of record.
130. Seat of Supreme Court.
131. Original jurisdiction of the Supreme Court.
[131A. Exclusive jurisdiction of the Supreme Court in regard to questions 
as to constitutional validity of Central laws. Omitted.]
132. Appellate jurisdiction of the Supreme Court in appeals from 
High Courts in certain cases.
133. Appellate jurisdiction of the Supreme Court in appeals from 
High Courts in regard to civil matters.
134. Appellate jurisdiction of the Supreme Court in regard to criminal 
matters.",,
train,constitution,200,What happens to property that was in possession or under control of the Government of India or a State at the date of accrual?,"Any property which at the date when it would have so accrued to His Majesty or to the Ruler of an Indian State was in the possession or under the control of the Government of India or the Government of a State shall, according as the purposes for which it was then used or held were purposes of the Union or of a State, vest in the Union or in that State.",Article 169,"THE CONSTITUTION OF INDIA (Part XII.—Finance, Property, Contracts and Suits) 169 Provided that any property which at the date when it would have so accrued to His Majesty or to the Ruler of an Indian State was in the possession or under the control of the Government of India or the Government of a State shall, according as the purposes for which it was then used or held were purposes of the Union or of a State, vest in the Union or in that State.","THE CONSTITUTION OF  INDIA
(Part XII.—Finance, Property, Contracts and Suits) 
169
Provided that any property which at the date when it would have so 
accrued to His Majesty or to the Ruler of an Indian State was in the possession 
or under the control of the Government of India or the Government of a State 
shall, according as the purposes for which it was then used or held were 
purposes of the Union or of a State, vest in the Union or in that State.
Explanation.—In this article, the expressions “Ruler” and “Indian State” 
have the same meanings as in article 363.
1[297. Things of value within territorial waters or continental shelf 
and resources of the exclusive economic zone to vest in the Union.—(1) All 
lands, minerals and other things of value underlying the ocean within the 
territorial waters, or the continental shelf, or the exclusive economic zone, of 
India shall vest in the Union and be held for the purposes of the Union.
(2) All other resources of the exclusive economic zone of India shall also 
vest in the Union and be held for the purposes of the Union.
(3) The limits of the territorial waters, the continental shelf, the exclusive 
economic zone, and other maritime zones, of India shall be such as may be 
specified, from time to time, by or under any law made by Parliament.]
2[298. Power to carry on trade, etc. —The executive power of the 
Union and of each State shall extend to the carrying on of any trade or business 
and to the acquisition, holding and disposal of property and the making of 
contracts for any purpose:
Provided that—
(a) the said executive power of the Union shall, in so far as such 
trade or business or such purpose is not one with respect to which 
Parliament may make laws, be subject in each State to legislation by the 
State; and
(b) the said executive power of each State shall, in so far as such 
trade or business or such purpose is not one with respect to which the 
State Legislature may make laws, be subject to legislation by 
Parliament.]
______________________________________________
1. Subs. by the Constitution (Fortieth Amendment) Act, 1976, s. 2 (w.e.f. 27-5-1976).
2. Subs. by the Constitution (Seventh Amendment) Act, 1956, s. 20 (w.e.f. 1-11-1956).",,
train,constitution,225,What is the condition for the cessation of grants for the Anglo-Indian community?,The grants for the benefit of the Anglo-Indian community will cease after ten years from the commencement of the Constitution.,337. Special provision with respect to educational grants for the benefit of Anglo-Indian community.,"At the end of ten years from the commencement of this Constitution such grants, to the extent to which they are a special concession to the Anglo-Indian community, shall cease:","THE CONSTITUTION OF  INDIA
(Part XVI.—Special Provisions Relating to Certain Classes) 
194
1[Provided that nothing in this article shall prevent in making of any 
provision in favour of the members of the Scheduled Castes and the Scheduled 
Tribes for relaxation in qualifying marks in any examination or lowering the 
standards of evaluation, for reservation in matters or promotion to any class or 
classes of services or posts in connection with the affairs of the Union or of a State.]
336. Special provision for Anglo-Indian community in certain 
services.—(1) During the first two years after the commencement of this 
Constitution, appointments of members of the Anglo-Indian community to posts 
in the railway, customs, postal and telegraph services of the Union shall be made 
on the same basis as immediately before the fifteenth day of August, 1947. 
During every succeeding period of two years, the number of posts 
reserved for the members of the said community in the said services shall, as 
nearly as possible, be less by ten per cent. than the numbers so reserved during 
the immediately preceding period of two years:
Provided that at the end of ten years from the commencement of this 
Constitution all such reservations shall cease.
(2) Nothing in clause (1) shall bar the appointment of members of the 
Anglo-Indian community to posts other than, or in addition to, those reserved 
for the community under that clause if such members are found qualified for 
appointment on merit as compared with the members of other communities.
337. Special provision with respect to educational grants for the 
benefit of Anglo-Indian community. —During the first three financial years 
after the commencement of this Constitution, the same grants, if any, shall be 
made by the Union and by each State 2*** for the benefit of the Anglo-Indian 
community in respect of education as were made in the financial year ending 
on the thirty-first day of March, 1948.
During every succeeding period of three years the grants may be less by 
ten per cent. than those for the immediately preceding period of three years:
Provided that at the end of ten years from the commencement of this 
Constitution such grants, to the extent to which they are a special concession to 
the Anglo-Indian community, shall cease:
Provided further that no educational institution shall be entitled to 
receive any grant under this article unless at least forty per cent. of the annual 
admissions therein are made available to members of communities other than 
the Anglo-Indian community.
______________________________________________
1. Ins. by the Constitution (Eighty-second Amendment) Act, 2000, s. 2 (w.e.f. 8-9-2000).
2. The words and letters  ""specified in Part A or  Part B of the First Schedule"" omitted by     
the Constitution (Seventh Amendment) Act, 1956, s. 29 and Sch. (w.e.f. 1-11-1956).",,
train,constitution,103,What is the role of the Council of Ministers in relation to the Governor?,"The Council of Ministers, led by the Chief Minister, aids and advises the Governor in exercising his functions, except in matters where the Governor is required to act in his discretion. The validity of anything done by the Governor in such matters is not subject to judicial review.",163,"Council of Ministers to aid and advise Governor.—(1) There shall be a Council of Ministers with the Chief Minister at the head to aid and advise the Governor in the exercise of his functions, except in so far as he is by or under this Constitution required to exercise his functions or any of them in his discretion.","THE CONSTITUTION OF  INDIA
(Part VI.—The States) 
72
160. Discharge of the functions of the Governor in certain 
contingencies.—The President may make such provision as he thinks fit for the 
discharge of the functions of the Governor of a State in any contingency not 
provided for in this Chapter.
161. Power of Governor to grant pardons, etc., and to suspend, remit 
or commute sentences in certain cases.—The Governor of a State shall have 
the power to grant pardons, reprieves, respites or remissions of punishment or 
to suspend, remit or commute the sentence of any person convicted of any 
offence against any law relating to a matter to which the executive power of the 
State extends. 
162. Extent of executive power of State .—Subject to the provisions of 
this Constitution, the executive power of a State shall extend to the matters with 
respect to which the Legislature of the State has power to make laws:
Provided that in any matter with respect to which the Legislature of a 
State and Parliament have power to make laws, the executive power of the 
State shall be subject to, and limited by, the executive power expressly 
conferred by this Constitution or by any law made by Parliament upon the 
Union or authorities thereof.
Council of Ministers
163.  Council of Ministers to aid and advise Governor.—(1) There shall 
be a Council of Ministers with the Chief Minister at the head to aid and advise the 
Governor in the exercise of his functions, except in so far as he is by or under this 
Constitution required to exercise his functions or any of them in his discretion.
(2) If any question arises whether any matter is or is not a matter as 
respects which the Governor is by or under this Constitution required to act in 
his discretion, the decision of the Governor in his discretion shall be final, and 
the validity of anything done by the Governor shall not be called in question on 
the ground that he ought or ought not to have acted in his discretion.
(3) The question whether any, and if so what, advice was tendered by 
Ministers to the Governor shall not be inquired into in any court.
164. Other provisions as to Ministers .—(1) The Chief Minister shall 
be appointed by the Governor and the other Ministers shall be appointed by the 
Governor on the advice of the Chief Minister, and the Ministers shall hold 
office during the pleasure of the Governor:",,
train,constitution,42,What is the main protection against arrest and detention in certain cases?,"No person who is arrested shall be detained in custody without being informed, as soon as may be, of the grounds for such arrest nor shall he be denied the right to consult, and to be defended by, a legal practitioner of his choice.",22. Protection against arrest and detention in certain cases.,"22. Protection against arrest and detention in certain cases. —(1) No person who is arrested shall be detained in custody without being informed, as soon as may be, of the grounds for such arrest nor shall he be denied the right to consult, and to be defended by, a legal practitioner of his choice.","THE CONSTITUTION OF  INDIA
(Part III.—Fundamental Rights)
11
(6) Nothing in sub-clause (g) of the said clause shall affect the operation 
of any existing law in so far as it imposes, or prevent the State from making 
any law imposing, in the interests of the general public, reasonable restrictions 
on the exercise of the right conferred by the said sub-clause, and, in particular, 
1[nothing in the said sub-clause shall affect the operation of any existing law in 
so far as it relates to, or prevent the State from making any law relating to,—
(i) the professional or technical qualifications necessary for practising 
any profession or carrying on any occupation, trade or business; or
(ii) the carrying on by the State, or by a corporation owned or 
controlled by the State, of any trade, business, industry or service, 
whether to the exclusion, complete or partial, of citizens or otherwise.]
20. Protection in respect of conviction for offences. —(1) No person 
shall be convicted of any offence except for violation of a law in force at the 
time of the commission of the Act charged as an offence, nor be subjected to a 
penalty greater than that which might have been inflicted under the law in force 
at the time of the commission of the offence.
(2) No person shall be prosecuted and punished for the same offence 
more than once.
(3) No person accused of any offence shall be compelled to be a witness 
against himself.
21. Protection of life and personal liberty. —No person shall be 
deprived of his life or personal liberty except according to procedure 
established by law.
2[21A. Right to education. —The State shall provide free and 
compulsory education to all children of the age of six to fourteen years in such 
manner as the State may,  by law,  determine.]
22. Protection against arrest and detention in certain cases. —(1) No 
person who is arrested shall be detained in custody without being informed, as 
soon as may be, of the grounds for such arrest nor shall he be denied the right 
to consult, and to be defended by, a legal practitioner of his choice.
______________________________________________
1.  Subs. by the Constitution (First Amendment) Act, 1951, s. 3, for certain words 
(w.e.f. 18-6-1951).
2 Ins. by the Constitution (Eighty-sixth Amendment) Act, 2002, s. 2 (w.e.f. 1-4-2010).",,
train,constitution,123,What does the annual financial statement include?,"The annual financial statement includes the estimated receipts and expenditure of the State for that year, and it shows separately the sums required to meet expenditure described by this Constitution as expenditure charged upon the Consolidated Fund of the State and the sums required to meet other expenditure proposed to be made from the Consolidated Fund of the State, distinguishing expenditure on revenue account from other expenditure.",202,"The Governor shall in respect of every financial year cause to be laid before the House or Houses of the Legislature of the State a statement of the estimated receipts and expenditure of the State for that year, in this Part referred to as the “annual financial statement”. (2) The estimates of expenditure embodied in the annual financial statement shall show separately— (a) the sums required to meet expenditure described by this Constitution as expenditure charged upon the Consolidated Fund of the State; and (b) the sums required to meet other expenditure proposed to be made from the Consolidated Fund of the State, and shall distinguish expenditure on revenue account from other expenditure.","THE CONSTITUTION OF  INDIA
(Part VI.—The States) 
92
or Houses with or without amendment, it shall be presented again to the 
President for his consideration. 
Procedure in Financial Matters
202. Annual financial statement.—(1) The Governor shall in respect of 
every financial year cause to be laid before the House or Houses of the 
Legislature of the State a statement of the estimated receipts and expenditure of 
the State for that year, in this Part referred to as the “annual financial 
statement”.
(2) The estimates of expenditure embodied in the annual financial 
statement shall show separately—
(a) the sums required to meet expenditure described by this 
Constitution as expenditure charged upon the Consolidated Fund of the 
State; and 
(b) the sums required to meet other expenditure proposed to be made 
from the Consolidated Fund  of the State, 
and shall distinguish expenditure on revenue account from other expenditure. 
(3) The following expenditure shall be expenditure charged on the 
Consolidated Fund of each State—
(a) the emoluments and allowances of the Governor and other 
expenditure relating to his office;
(b) the salaries and allowances of the Speaker and the Deputy 
Speaker of the Legislative Assembly and, in the case of a State having a 
Legislative Council, also of the Chairman and the Deputy Chairman of 
the Legislative Council;
(c) debt charges for which the State is liable including interest, 
sinking fund charges and redemption charges, and other expenditure 
relating to the raising of loans and the service and redemption of debt;
(d) expenditure in respect of the salaries and allowances of Judges of 
any High Court;
(e) any sums required to satisfy any judgment, decree or award of any 
court or arbitral tribunal;
(f) any other expenditure declared by this Constitution, or by the 
Legislature of the State by law, to be so charged.
203. Procedure in Legislature with respect to estimates .—(1) So 
much of the estimates as relates to expenditure charged upon the Consolidated 
Fund of a State shall not be submitted to the vote of the Legislative Assembly, ",,
train,constitution,361,What Act was enacted in 1960 to abolish zamindari and biswadi in Uttar Pradesh?,"The Kumaun and Uttarakhand Zamindari Abolition and Land Reforms Act, 1960 (Uttar Pradesh Act XVII of 1960)","57. The Kumaun and Uttarakhand Zamindari Abolition and Land Reforms Act, 1960 (Uttar Pradesh Act XVII of 1960)","57. The Kumaun and Uttarakhand Zamindari Abolition and Land Reforms Act, 1960 (Uttar Pradesh Act XVII of 1960)","THE CONSTITUTION OF  INDIA
(Ninth Schedule)
330
52. The Orissa Land Reforms Act, 1960 (Orissa Act XVI of 1960).
53. The Orissa Merged Territories (Village Offices Abolition) Act, 1963 
(Orissa Act X of 1963). 
54. The Punjab Security of Land Tenures Act, 1953 (Punjab Act X of 1953).
55. The Rajasthan Tenancy Act, 1955 (Rajasthan Act III of 1955).
56. The Rajasthan Zamindari and Biswedari Abolition Act, 1959 
(Rajasthan Act VIII of 1959).
57. The Kumaun and Uttarakhand Zamindari Abolition and Land Reforms 
Act, 1960 (Uttar Pradesh Act XVII of 1960).
58. The Uttar Pradesh Imposition of Ceiling on Land Holdings Act, 1960 
(Uttar Pradesh Act I of 1961).
59. The West Bengal Estates Acquisition Act, 1953 (West Bengal Act I of 1954).
60. The West Bengal Land Reforms Act, 1955 (West Bengal Act X of 1956).  
61. The Delhi Land Reforms Act, 1954 (Delhi Act VIII of 1954). 
62. The Delhi Land Holdings (Ceiling) Act, 1960 (Central Act 24 of 1960).
63. The Manipur Land Revenue and Land Reforms Act, 1960 
(Central Act 33 of 1960).
64. The Tripura Land Revenue and Land Reforms Act, 1960 
(Central Act 43 of 1960).
1[65. The Kerala Land Reforms (Amendment) Act, 1969 
(Kerala Act 35 of 1969).
66. The Kerala Land Reforms (Amendment) Act, 1971 
(Kerala Act 25 of 1971).]
2[67. The Andhra Pradesh Land Reforms (Ceiling on Agricultural 
Holdings) Act, 1973 (Andhra Pradesh Act 1 of 1973).
68. The Bihar Land Reforms (Fixation of Ceiling Area and Acquisition of 
Surplus Land) (Amendment) Act, 1972 (Bihar Act I of 1973).
______________________________________________
1. Entries 65 and 66 ins. by the Constitution (Twenty-ninth Amendment) Act, 1972, s. 2 
(w.e.f. 9-6-1972).
2. Entries 67 and 86 ins.. by the Constitution (Thirty-fourth Amendment) Act, 1974, s. 2 
(w.e.f. 7-9-1974).",,
train,constitution,361,"What year did the Constitution (Thirty-fourth Amendment) Act, 1974 make an amendment to the Andhra Pradesh Land Reforms (Ceiling on Agricultural Holdings) Act, 1973?","The Constitution (Thirty-fourth Amendment) Act, 1974 made an amendment to the Andhra Pradesh Land Reforms (Ceiling on Agricultural Holdings) Act, 1973.",Not explicitly identified,"68. The Bihar Land Reforms (Fixation of Ceiling Area and Acquisition of Surplus Land) (Amendment) Act, 1972 (Bihar Act I of 1973).","THE CONSTITUTION OF  INDIA
(Ninth Schedule)
330
52. The Orissa Land Reforms Act, 1960 (Orissa Act XVI of 1960).
53. The Orissa Merged Territories (Village Offices Abolition) Act, 1963 
(Orissa Act X of 1963). 
54. The Punjab Security of Land Tenures Act, 1953 (Punjab Act X of 1953).
55. The Rajasthan Tenancy Act, 1955 (Rajasthan Act III of 1955).
56. The Rajasthan Zamindari and Biswedari Abolition Act, 1959 
(Rajasthan Act VIII of 1959).
57. The Kumaun and Uttarakhand Zamindari Abolition and Land Reforms 
Act, 1960 (Uttar Pradesh Act XVII of 1960).
58. The Uttar Pradesh Imposition of Ceiling on Land Holdings Act, 1960 
(Uttar Pradesh Act I of 1961).
59. The West Bengal Estates Acquisition Act, 1953 (West Bengal Act I of 1954).
60. The West Bengal Land Reforms Act, 1955 (West Bengal Act X of 1956).  
61. The Delhi Land Reforms Act, 1954 (Delhi Act VIII of 1954). 
62. The Delhi Land Holdings (Ceiling) Act, 1960 (Central Act 24 of 1960).
63. The Manipur Land Revenue and Land Reforms Act, 1960 
(Central Act 33 of 1960).
64. The Tripura Land Revenue and Land Reforms Act, 1960 
(Central Act 43 of 1960).
1[65. The Kerala Land Reforms (Amendment) Act, 1969 
(Kerala Act 35 of 1969).
66. The Kerala Land Reforms (Amendment) Act, 1971 
(Kerala Act 25 of 1971).]
2[67. The Andhra Pradesh Land Reforms (Ceiling on Agricultural 
Holdings) Act, 1973 (Andhra Pradesh Act 1 of 1973).
68. The Bihar Land Reforms (Fixation of Ceiling Area and Acquisition of 
Surplus Land) (Amendment) Act, 1972 (Bihar Act I of 1973).
______________________________________________
1. Entries 65 and 66 ins. by the Constitution (Twenty-ninth Amendment) Act, 1972, s. 2 
(w.e.f. 9-6-1972).
2. Entries 67 and 86 ins.. by the Constitution (Thirty-fourth Amendment) Act, 1974, s. 2 
(w.e.f. 7-9-1974).",,
train,constitution,117,What are the conditions under which a person can be disqualified from being a member of a State's Legislative Assembly or Legislative Council?,"A person can be disqualified for being a member of the Legislative Assembly or Legislative Council of a State if they hold any office of profit under the Government of India or the Government of any State specified in the First Schedule, other than an office declared by the Legislature of the State by law not to disqualify its holder (Article 86, 1(a)).","Article 86, 1(a)","THE CONSTITUTION OF INDIA (Part VI.—The States) 86 191. Disqualifications for membership .—(1) A person shall be disqualified for being chosen as, and for being, a member of the Legislative Assembly or Legislative Council of a State— 1[(a) if he holds any office of profit under the Government of India or the Government of any State specified in the First Schedule, other than an office declared by the Legislature of the State by law not to disqualify its holder;]","THE CONSTITUTION OF  INDIA
(Part VI.—The States) 
86
191. Disqualifications for membership .—(1) A person shall be 
disqualified for being chosen as, and for being, a member of the Legislative 
Assembly or Legislative Council of a State—
1[(a) if he holds any office of profit under the Government of India or 
the Government of any State specified in the First Schedule, other than 
an office declared by the Legislature of the State by law not to disqualify 
its holder;]
(b) if he is of unsound mind and stands so declared by a competent 
court; 
(c) if he is an undischarged insolvent;
(d) if he is not a citizen of India, or has voluntarily acquired the 
citizenship of a foreign State, or is under any acknowledgment of 
allegiance or adherence to a foreign State;
(e) if he is so disqualified by or under any law made by Parliament. 
2[Explanation.—For the purposes of this clause], a person shall not be 
deemed to hold an office of profit under the Government of India or the 
Government of any State specified in the First Schedule by reason only that he 
is a Minister either for the Union or for such State.
3[(2) A person shall be disqualified for being a member of the 
Legislative Assembly or Legislative Council of a State if he is so disqualified 
under the Tenth Schedule.]
4[192. Decision on questions as to disqualifications of members.—(1) 
If any question arises as to whether a member of a House of the Legislature of a 
State has become subject to any of the disqualifications mentioned in clause (1) 
of article 191, the question shall be referred for the decision of the Governor 
and his decision shall be final.
______________________________________________
1. Subs. by the Constitution (Forty-second Amendment) Act, 1976, s. 32 to read as ""(a) if 
he holds any such office of profit under the Government of India or the Government of 
any State specified in the First Schedule as is declared by Parliament by law to 
disqualify its holder"" (date not notified). This amendment was omitted by the 
Constitution (Forty-fourth Amendment) Act, 1978, s. 45 (w.e.f. 20-6-1979).
2. Subs. by the Constitution (Fifty-second Amendment) Act, 1985, s. 5, for ""(2) For the 
purposes of this article"" (w.e.f. 1-3-1985).
3. Ins. by s. 5,ibid. (w.e.f. 1-3-1985).
4. Subs. by the Constitution (Forty-second Amendment) Act, 1976, s. 33, for art. 192
(w.e.f. 3-1-1977) and further subs. by the Constitution (Forty-fourth Amendment) 
Act, 1978, s. 25, for art. 192 (w.e.f. 20-6-1979).",,
train,constitution,279,What happens to judgments and orders of the Federal Court before the Constitution's commencement?,Judgments and orders of the Federal Court delivered or made before the commencement of this Constitution shall have the same force and effect as if they had been delivered or made by the Supreme Court.,-2,"All suits, appeals and proceedings, civil or criminal, pending in the Federal Court at the commencement of this Constitution shall stand removed to the Supreme Court, and the Supreme Court shall have jurisdiction to hear and determine the same, and the judgments and orders of the Federal Court delivered or made before the commencement of this Constitution shall have the same force and effect as if they had been delivered or made by the Supreme Court.","THE CONSTITUTION OF  INDIA
(Part XXI.—Temporary, Transitional and Special Provisions)
248
373. Power of President to make order in respect of persons under 
preventive detention in certain cases.—Until provision is made by Parliament 
under clause (7) of article 22, or until the expiration of one year from the 
commencement of this Constitution, whichever  is earlier, the said  article shall 
have effect as if for any reference to Parliament in clauses (4) and (7) thereof 
there were substituted a reference to the President and for any reference to any 
law made by Parliament in those clauses there were substituted a reference to 
an order made by the President.
374. Provisions as to Judges of the Federal Court and proceedings 
pending in the Federal Court or before His Majesty in Council. —(1) The 
Judges of the Federal Court holding office immediately before the 
commencement of this Constitution shall, unless they have elected otherwise, 
become on such commencement the Judges of the Supreme Court and shall 
thereupon be entitled to such salaries and allowances and to such rights in 
respect of leave of absence and pension as are provided for under article 125 in 
respect of the Judges of the Supreme Court.
(2) All suits, appeals and proceedings, civil or criminal, pending in the 
Federal Court at the commencement of this Constitution shall stand removed to 
the Supreme Court, and the Supreme Court shall have jurisdiction to hear and 
determine the same, and the judgments and  orders of the Federal Court delivered 
or made before the  commencement of this Constitution shall have the same force 
and effect as if they had been delivered or made by the Supreme Court.
(3) Nothing in this Constitution shall operate to invalidate the exercise of 
jurisdiction by His Majesty in Council to dispose of appeals and petitions from, 
or in respect of, any judgment, decree or order of any court within the territory 
of India in so far as the exercise of such jurisdiction is authorised by law, and 
any order of His Majesty in Council made on any such appeal or petition after 
the commencement of this Constitution shall for all purposes have effect as if it 
were an order or decree made by the Supreme Court in the exercise of the  
jurisdiction conferred on such Court by this Constitution.
(4) On and from the commencement of this Constitution the jurisdiction of 
the authority functioning as the Privy Council in a State specified in Part B of the 
First Schedule to entertain and dispose of appeals and petitions from or in respect 
of any judgment, decree or order of any court within that State shall cease, and all 
appeals and other proceedings pending before the said authority at such 
commencement shall be transferred to, and disposed of by, the Supreme Court.
(5) Further provision may be made by Parliament by law to give effect to 
the provisions of this article.",,
train,constitution,187,What year was the amendment that removed the reference to Odisha enacted?,The amendment that removed the reference to Odisha was enacted in 2000.,Not explicitly identified,"vied and collected by the Union and may be distributed between the Union and the States. ].—Omitted by the Constitution (Eightieth Amendment) Act, 2000, s. 4.","THE CONSTITUTION OF  INDIA
(Part XII.—Finance, Property, Contracts and Suits) 
156
(2) Such percentage, as may be prescribed, of the net proceeds of any 
such tax or duty in any financial year shall not form part of the Consolidated 
Fund of India, but shall be assigned to the States within which that tax or duty 
is leviable in that year, and shall be distributed among those States in such 
manner and from such time as may be prescribed in the manner provided in 
clause (3).
(3) In this article, ""prescribed"" means, —
(i) until a Finance Commission has been constituted, prescribed by 
the President by order, and
(ii) after a Finance Commission has been constituted, prescribed by 
the President by order after considering the recommendations of the  
Finance Commission.]
271. Surcharge on certain duties and taxes for purposes of the 
Union.—Notwithstanding anything in articles 269 and 270, Parliament may at 
any time increase any of the duties or taxes referred to in those articles 1[except 
the goods and services tax under article 246A,] by a surcharge for purposes of 
the Union and the whole proceeds of any such surcharge shall form part of the 
Consolidated Fund of India.
[272. Taxes which are levied and collected by the Union and may be 
distributed between the Union and the States. ].—Omitted by the Constitution
(Eightieth Amendment) Act, 2000, s. 4. (w.e.f. 9-6-2000).
273. Grants in lieu of export duty on jute and jute products. —(1) 
There shall be charged on the Consolidated Fund of India in each year as 
grants-in-aid of the revenues of the States of Assam, Bihar, 2[Odisha] and West 
Bengal, in lieu of assignment of any share of the net proceeds in each year of 
export duty on jute and jute products to those States, such sums as may be 
prescribed.
(2) The sums so prescribed shall continue to be charged on the 
Consolidated Fund of India so long as any export duty on jute or jute products 
continues to be levied by the Government of India or until the expiration of ten 
years from the commencement of this Constitution whichever is earlier.
______________________________________________
1. Ins. by the Constitution (One Hundred and First Amendment) Act, 2016, s. 11 
(w.e.f. 16-9-2016). 
2. Subs. by the Orissa (Alteration  of Name) Act, 2011 (15 of 2011), s. 5, for ""Orissa"" 
(w.e.f. 1-11-2011).",,
train,constitution,165,What is the purpose of the District Planning Committee's development plan?,The purpose of the District Planning Committee's development plan is to be forwarded to the Government of the State.,Not explicitly identified,"specify. (4) The Chairperson of every District Planning Committee shall forward the development plan, as recommended by such Committee, to the Government of the State.","THE CONSTITUTION OF  INDIA
(Part IXA.—The Municipalities)
134
(a) the composition of the District Planning Committees;
(b) the manner in which the seats in such Committees shall be 
filled:
Provided that not less than four-fifths of the total number of 
members of such Committee shall be elected by, and from amongst, the 
elected members of the Panchayat at the district level and of the 
Municipalities in the district in proportion to the ratio between the 
population of the rural areas and of the urban areas in the district;
(c) the functions relating to district planning which may be 
assigned to such Committees; 
(d)  the manner in which the Chairpersons of such  Committees 
shall be chosen.
(3) Every District Planning Committee shall, in preparing the draft 
development plan,—
 (a)  have regard to—
(i) matters of common interest between the Panchayats and 
the Municipalities including spatial planning, sharing of water and 
other physical and natural resources, the integrated development 
of infrastructure and environmental conservation;
(ii) the extent and type of available resources whether 
financial or otherwise;
(b) consult such institutions and organisations as the Governor  
may, by order, specify.
(4) The Chairperson of every District Planning Committee shall forward 
the development plan, as recommended by such Committee, to the Government 
of the State.
243ZE. Committee for Metropolitan planning. —(1) There shall be 
constituted in every Metropolitan area a Metropolitan Planning Committee to 
prepare a draft development plan for the Metropolitan area as a whole.
(2) The Legislature of a State may, by law, make provision with respect to—
(a) the composition of the Metropolitan Planning Committees;
(b) the manner in which the seats in such Committees shall be filled:",,
train,constitution,166,What is the minimum percentage of members in a Metropolitan Planning Committee that must be elected by and from amongst the elected members of the Municipalities and Chairpersons of the Panchayats?,"Not less than two-thirds of the members of such Committee shall be elected by, and from amongst, the elected members of the Municipalities and Chairpersons of the Panchayats in the Metropolitan area in proportion to the ratio between the population of the Municipalities and of the Panchayats in that area.",Article 243ZA(1)(a),"THE CONSTITUTION OF INDIA (Part IXA.—The Municipalities) 135 Provided that not less than two-thirds of the members of such Committee shall be elected by, and from amongst, the elected members of the Municipalities and Chairpersons of the Panchayats in the Metropolitan area in proportion to the ratio between the population of the Municipalities and of the Panchayats in that area;","THE CONSTITUTION OF  INDIA
(Part IXA.—The Municipalities)
135
Provided that not less than two-thirds of the members of such 
Committee shall be elected by, and from amongst, the elected members 
of the Municipalities and Chairpersons of the Panchayats in the 
Metropolitan area in proportion to the ratio between the population of 
the Municipalities and of the Panchayats in that area;
(c) the representation in such Committees of the Government of 
India and the Government of the State and of such organisations and 
institutions as may be deemed necessary for carrying out the functions 
assigned to such Committees; 
(d) the functions relating to planning and coordination for the 
Metropolitan area which may be assigned to such Committees;
(e) the manner in which the Chairpersons of such Committees 
shall be chosen. 
(3) Every Metropolitan Planning Committee shall, in preparing the draft 
development plan,— 
(a) have regard to—
(i) the plans prepared by the Municipalities and the 
Panchayats in the Metropolitan area;
(ii) matters of common interest between the Municipalities 
and the Panchayats, including coordinated  spatial planning of the 
area, sharing of water and other physical and natural resources, 
the integrated development of infrastructure and environmental 
conservation;
(iii) the overall objectives and priorities set by the 
Government of India and the Government of the State;
(iv) the extent and nature of investments likely to be made 
in the Metropolitan area by agencies of the Government of India 
and of the Government of the State and other available resources 
whether financial or otherwise;
(b) consult such institutions and organisations as the Governor 
may, by order, specify.
(4) The Chairperson of every Metropolitan Planning Committee shall 
forward the development plan, as recommended by such Committee, to the 
Government of the State.  ",,
train,constitution,271,What does the passage mention about the President's authority to abolish the Administrative Tribunal?,"The passage states that if the President is satisfied that the continued existence of the Administrative Tribunal is not necessary, the President may by order abolish the Administrative Tribunal and make such provisions in such order as he may deem fit for the transfer and disposal of cases pending before the Tribunal immediately before such abolition.",Not explicitly identified,"(8) If the President is satisfied that the continued existence of the Administrative Tribunal is not necessary, the President may by order abolish the Administrative Tribunal and make such provisions in such order as he may deem fit for the transfer and disposal of cases pending before the Tribunal immediately before such abolition.","THE CONSTITUTION OF  INDIA
(Part XXI.—Temporary, Transitional and Special Provisions)
240
(5) The Order of the Administrative Tribunal finally disposing of any 
case shall become effective upon its confirmation by the State Government or 
on the expiry of three months from the date on which the order is made, 
whichever is earlier:
Provided that the State Government may, by special order made in 
writing and for reasons to be specified therein, modify or annul any order of the 
Administrative Tribunal before it becomes effective and in such a case, the 
order of the Administrative Tribunal shall have effect only in such modified 
form or be of no effect, as the case may be.
(6) Every special order made by the State Government under the proviso 
to clause (5) shall be laid, as soon as may be after it is made, before both 
Houses of the State Legislature.
(7) The High Court for the State shall not have any powers of 
superintendence over the Administrative Tribunal and no court (other than the 
Supreme Court) or tribunal shall exercise any jurisdiction, power or authority in 
respect of any matter subject to the jurisdiction, power or authority of, or in 
relation to, the Administrative Tribunal.
(8) If the President is satisfied that the continued existence of the 
Administrative Tribunal is not necessary, the President may by order abolish 
the Administrative Tribunal and make such provisions in such order as he may 
deem fit for the transfer and disposal of cases pending before the Tribunal 
immediately before such abolition.
(9) Notwithstanding any judgment, decree or order of any court, tribunal 
or other authority,—
(a) no appointment, posting, promotion or transfer of any person—
(i) made before the 1st day of November, 1956, to any post 
under the Government of, or any local authority within, the State 
of Hyderabad as it existed before that date; or
(ii) made before the commencement of the Constitution 
(Thirty-second Amendment) Act, 1973, to any post under the 
Government of, or any local or other authority within, the State of 
Andhra Pradesh; and
(b) no action taken or thing done by or before any person referred to 
in sub-clause (a),
______________________________________________
In P. Sambamurthy and  Others Vs. State of Andhra Pradesh and Others (1987) 
1 S.C.C. 362, the Supreme Court declared cl. (5) of art. 371D along with the proviso to 
be unconstitutional  and vo id. ",,
train,constitution,360,"What is the year of enactment for the Mysore Tenancy Act, 1952?","The Mysore Tenancy Act, 1952 (Mysore Act XIII of 1952) was enacted in 1952.",Mysore Act XIII of 1952,"47. The Mysore Tenancy Act, 1952 (Mysore Act XIII of 1952).","THE CONSTITUTION OF  INDIA
(Ninth Schedule)
329
33. The Gujarat Surviving Alienations Abolition Act, 1963 (Gujarat Act 
XXXIII of 1963), except in so far as this Act relates to an alienation referred to 
in sub-clause (d) of clause (3) of section 2 thereof.
34. The Maharashtra Agricultural Lands (Ceiling on Holdings) Act, 1961 
(Maharashtra Act XXVII of 1961).
35. The Hyderabad Tenancy and Agricultural Lands (Re-enactment, Validation 
and Further Amendment) Act, 1961 (Maharashtra Act XLV of 1961).
36. The Hyderabad Tenancy and Agricultural Lands Act, 1950 
(Hyderabad Act XXI of 1950).
37. The Jenmikaram Payment (Abolition) Act, 1960 (Kerala Act III of 1961).
38. The Kerala Land Tax Act, 1961 (Kerala Act XIII of 1961).
39. The Kerala Land Reforms Act, 1963 (Kerala Act I of 1964).  
40. The Madhya Pradesh Land Revenue Code, 1959 (Madhya Pradesh 
Act XX of 1959). 
41. The Madhya Pradesh Ceiling on Agricultural Holdings Act, 1960 
(Madhya Pradesh Act XX of 1960).
42. The Madras Cultivating Tenants Protection Act, 1955 
(Madras Act XXV of 1955).
43. The Madras Cultivating Tenants (Payment of Fair Rent) Act, 1956 
(Madras Act XXIV of 1956).
44. The Madras Occupants of Kudiyiruppu (Protection from Eviction) 
Act, 1961 (Madras Act XXXVIII of 1961).
45. The Madras Public Trusts (Regulation of Administration of 
Agricultural Lands) Act, 1961 (Madras Act LVII of 1961).
46. The Madras Land Reforms (Fixation of Ceiling on Land) Act, 1961 
(Madras Act LVIII of 1961).
47. The Mysore  Tenancy Act, 1952 (Mysore Act XIII of 1952).
48. The Coorg Tenants Act, 1957 (Mysore Act XIV of 1957).
49. The Mysore Village Offices Abolition Act, 1961 (Mysore Act XIV of 1961).
50. The Hyderabad Tenancy and Agricultural Lands (Validation) Act, 1961 
(Mysore Act XXXVI of 1961).
51. The Mysore Land Reforms Act, 1961 (Mysore Act X of 1962).",,
train,constitution,124,What is the final decision on whether an amendment is inadmissible under article 204?,The decision of the person presiding as to whether an amendment is inadmissible under this clause shall be final.,article 204,"varying the amount or altering the destination of any grant so made or of varying the amount of any expenditure charged on the Consolidated Fund of the State, and the decision of the person presiding as to whether an amendment is inadmissible under this clause shall be final.","THE CONSTITUTION OF  INDIA
(Part VI.—The States) 
93
but nothing in this clause shall be construed as preventing the discussion in the 
Legislature of any of those estimates.
(2) So much of the said estimates as relates to other expenditure shall be 
submitted in the form of demands for grants to the Legislative Assembly, and 
the Legislative Assembly shall have power to assent, or to refuse to  assent, to 
any demand, or to assent to any demand subject to a reduction of the amount 
specified therein.
(3) No demand for a grant shall be made except on the recommendation 
of the Governor. 
204. Appropriation Bills.—(1) As soon as may be after the grants under 
article 203 have been made by the Assembly, there shall be introduced a Bill to 
provide for the appropriation out of the Consolidated Fund of the State of all 
moneys required to meet—
(a) the grants so made by the Assembly; and 
(b) the expenditure charged on the Consolidated Fund of the State but 
not exceeding in any case the amount shown in the statement previously 
laid before the House or Houses.
(2) No amendment shall be proposed to any such Bill in the House or 
either House of the Legislature of the State which will have the effect of 
varying the amount or altering the destination of any grant so made or of 
varying the amount of any expenditure charged on the Consolidated Fund of 
the State, and the decision of the person presiding as to whether an amendment 
is inadmissible under this clause shall be final.
(3) Subject to the provisions of articles 205 and 206, no money shall be 
withdrawn from the Consolidated Fund of the State except under appropriation 
made by law passed in accordance with the provisions of this article.
205. Supplementary, additional or excess grants.— (1) The Governor 
shall—
(a) if the amount authorised by any law made in accordance with the 
provisions of article 204 to be expended for a particular service for the 
current financial year is found to be insufficient for the purposes of that 
year or when a need has arisen during the current financial year for 
supplementary or additional expenditure upon some new service not 
contemplated in the annual financial statement for that year; or",,
train,constitution,194,What amendment removed the term 'Rajpramukh' from the constitution?,"The Constitution (Seventh Amendment) Act, 1956 removed the term 'Rajpramukh'.",Article/Section 29 and Sch. (w.e.f. 1-11-1956),"The words ""or Rajpramukh"" omitted by the Constitution (Seventh Amendment) Act, 1956, s. 29 and Sch. (w.e.f. 1-11-1956).","THE CONSTITUTION OF  INDIA
(Part XII.—Finance, Property, Contracts and Suits) 
163
281. Recommendations of the Finance Commission .—The President 
shall cause every recommendation made by the Finance Commission under the 
provisions of this Constitution together with an explanatory memorandum as to 
the action taken thereon to be laid before each House of Parliament.
Miscellaneous Financial Provisions 
282. Expenditure defrayable by the Union or a State out of its 
revenues.—The Union or a State may make any grants for any public purpose, 
notwithstanding that the purpose is not one with respect to which Parliament or 
the Legislature of the State, as the case may be, may make laws. 
283. Custody, etc., of Consolidated Funds, Contingency Funds and 
moneys credited to the public accounts. —(1) The custody of the 
Consolidated Fund of India and the Contingency Fund of India, the payment of 
moneys into such Funds, the withdrawal of moneys therefrom, the custody of 
public moneys other than those credited to such Funds received by or on behalf 
of the Government of India, their payment into the public account of India and 
the withdrawal of moneys from such account and all other matters connected 
with or ancillary to matters aforesaid shall be regulated by law made by 
Parliament, and, until provision in that behalf is so made, shall be regulated by 
rules made by the President. 
(2) The custody of the Consolidated Fund of a State and the 
Contingency Fund of a State, the payment of moneys into such Funds, the 
withdrawal of moneys therefrom, the custody of public moneys other than 
those credited to such Funds received by or on behalf of the Government of the 
State, their payment into the public account of the State and the withdrawal of 
moneys from such account and all other matters connected with or ancillary to 
matters aforesaid shall be regulated by law made by the Legislature of the 
State, and, until provision in that behalf is so made, shall be regulated by rules 
made by the Governor 1*** of the State.
284. Custody of suitors' deposits and other moneys received by 
public servants and courts.—All moneys received by or deposited with—
(a) any officer employed in connection with the affairs of the 
Union or of a State in his capacity as such, other than revenues or 
public moneys raised or received by the Government of India or the 
Government of the State, as the case may be; or
(b) any court within the territory of India to the credit of any 
cause, matter, account or persons,
______________________________________________
1. The words ""or Rajpramukh"" omitted by the Constitution (Seventh Amendment) 
Act, 1956, s. 29 and Sch. (w.e.f. 1-11-1956).",,
train,constitution,122,What is the final decision regarding whether a Money Bill is a Money Bill?,The final decision regarding whether a Money Bill is a Money Bill is made by the Speaker of the Legislative Assembly of the State.,Not explicitly identified,The decision of the Speaker of the Legislative Assembly of such State thereon shall be final.,"THE CONSTITUTION OF  INDIA
(Part VI.—The States) 
91
a State which has a Legislative Council is a Money Bill or not, the decision of 
the Speaker of the Legislative Assembly of such State thereon shall be final.
(4) There shall be endorsed on every Money Bill when it is transmitted 
to the Legislative Council under article 198, and when it is presented to the 
Governor for assent under article 200, the certificate of the Speaker of the 
Legislative Assembly signed by him that it is a Money Bill.
200. Assent to Bills. —When a Bill has been passed by the Legislative 
Assembly of a State or, in the case of a State having a Legislative Council, has 
been passed by both Houses of the Legislature of the State, it shall be presented 
to the Governor and the Governor shall declare either that he assents to the Bill 
or that he withholds assent therefrom or that he reserves the Bill for the 
consideration of the President: 
Provided that the Governor may, as soon as possible after the 
presentation to him of the Bill for assent, return the Bill if it is not a Money Bill 
together with a message requesting that the House or Houses will reconsider 
the Bill or any specified provisions thereof and, in particular, will consider the 
desirability of introducing any such amendments as he may recommend in his 
message and, when a Bill is so returned, the House or Houses shall reconsider 
the Bill accordingly, and if the Bill is passed again by the House or Houses 
with or without amendment and presented to the Governor for assent, the 
Governor shall not withhold assent therefrom:
Provided further that the Governor shall not assent to, but shall reserve 
for the consideration of the President, any Bill which in the opinion of the 
Governor would, if it became law, so derogate from the powers of the High 
Court as to endanger the position which that Court is by this Constitution 
designed to fill.
201. Bills reserved for consideration .—When a Bill is reserved by a 
Governor for the consideration of the President, the President shall declare 
either that he assents to the Bill or that he withholds assent therefrom:
Provided that, where the Bill is not a Money Bill, the President may 
direct the Governor to return the Bill to the House or, as the case may be, the 
Houses of the Legislature of the State together with such a message as is 
mentioned in the first proviso to article 200 and, when a Bill is so returned, the 
House or Houses shall reconsider it accordingly within a period of six months 
from the date of receipt of such message and, if it is again passed by the House ",,
train,constitution,182,What is the purpose of an inter-State Council established by the President?,"The purpose of an inter-State Council established by the President is to inquire into and advise upon disputes between States, investigate and discuss subjects of common interest among States and the Union, and make recommendations for better coordination of policy and action.",Not explicitly identified,"Provisions with respect to an inter-State Council.—If at any time it appears to the President that the public interests would be served by the establishment of a Council charged with the duty of— (a) inquiring into and advising upon disputes which may have arisen between States; (b) investigating and discussing subjects in which some or all of the States, or the Union and one or more of the States, have a common interest; or (c) making recommendations upon any such subject and, in particular, recommendations for the better co-ordination of policy and action with respect to that subject, it shall be lawful for the President by order to establish such a Council, and to define the nature of the duties to be performed by it and its organisation and procedure.","THE CONSTITUTION OF  INDIA
(Part XI.—Relations between the Union and the States) 
151
261. Public acts, records and judicial proceedings.—(1) Full faith and 
credit shall be given throughout the territory of India to public acts, records and 
judicial proceedings of the Union and of every State.
(2) The manner in which and the conditions under which the acts, 
records and proceedings referred to in clause (1) shall be proved and the effect 
thereof determined shall be as provided by law made by Parliament.
(3) Final judgments or orders delivered or passed by civil courts in any 
part of the territory of India shall be capable of execution anywhere within that 
territory according to law. 
Disputes relating to Waters
262. Adjudication of disputes relating to waters of inter-State rivers 
or river valleys. —(1) Parliament may by law provide for the adjudication of 
any dispute or complaint with respect to the use, distribution or control of the 
waters of, or in, any inter-State river or river valley. 
(2) Notwithstanding anything in this Constitution, Parliament may by 
law provide that neither the Supreme Court nor any other court shall exercise 
jurisdiction in respect of any such dispute or complaint as is referred to in 
clause (1).
Co-ordination between States
263. Provisions with respect to an inter-State Council.—If at any time 
it appears to the President that the public interests would be served by the 
establishment of a Council charged with the duty of— 
(a) inquiring into and advising upon disputes which may have 
arisen between States;
(b) investigating and discussing subjects in which some or all of 
the States, or the Union and one or more of  the States, have a common 
interest; or 
(c) making recommendations upon any such subject and, in 
particular, recommendations for the better co-ordination of policy and 
action with respect to that subject, 
it shall be lawful for the President by order to establish such a Council, and to 
define the nature of the duties to be performed by it and its organisation and 
procedure.",,
train,constitution,379,What is the purpose of the rules made by the Chairman or the Speaker of a House under the Constitution?,"The rules made by the Chairman or the Speaker of a House under the Constitution are to give effect to the provisions of this Schedule, and in particular, and without prejudice to the generality of the foregoing, such rules may provide for the maintenance of registers or other records as to the political parties to which different members of the House belong.",8. Rules.,"8. Rules.—(1) Subject to the provisions of sub-paragraph (2) of this paragraph, the Chairman or the Speaker of a House may make rules for giving effect to the provisions of this Schedule, and in particular, and without prejudice to the generality of the foregoing, such rules may provide for— (a) the maintenance of registers or other records as to the political parties, if any, to which different members of the House belong;","THE CONSTITUTION OF  INDIA
(Tenth Schedule)
348
*7. Bar of jurisdiction of courts.— Notwithstanding anything in this 
Constitution, no court shall have any jurisdiction in respect of any matter 
connected with the disqualification of a member of a House under this Schedule.
8. Rules.—(1) Subject to the provisions of sub-paragraph (2) of this 
paragraph, the Chairman or the Speaker of a House may make rules for giving 
effect to the provisions of this Schedule, and in particular, and without 
prejudice to the generality of the foregoing, such rules may provide for—
(a) the maintenance of registers or other records as to the political 
parties, if any, to which different members of the House belong;
(b) the report which the leader of a legislature party in relation to a 
member of a House shall furnish with regard to any condonation of the 
nature referred to in clause ( b) of sub-paragraph (1) of paragraph 2 in 
respect of such member, the time within which and the authority to 
whom such report shall be furnished; 
(c) the reports which a political party shall furnish with regard to 
admission to such political party of any members of the House and the 
officer of the House to whom such reports shall be furnished; and
(d) the procedure for deciding any question referred to in 
sub-paragraph (1) of paragraph 6 including the procedure for any inquiry 
which may be made for the purpose of deciding such question.
(2) The rules made by the Chairman or the Speaker of a House under 
sub-paragraph (1) of this paragraph shall be laid as soon as may be after they 
are made before the House for a total period of thirty days which may be 
comprised in one session or in two or more successive sessions and shall take 
effect upon the expiry of the said period of thirty days unless they are sooner 
approved with or without modifications or disapproved by the House and 
where they are so approved, they shall take effect on such approval in the form 
in which they were laid or in such modified form, as the case may be, and 
where they are so disapproved, they shall be of no effect.
(3) The Chairman or the Speaker of a House may, without prejudice to 
the provisions of article 105 or, as the case may be, article 194, and to any other 
power which he may have under this Constitution direct that any wilful 
contravention by any person of the rules made under this paragraph may be 
dealt with in the same manner as a breach of privilege of the House.]
______________________________________________
* Paragraph 7 declared  invalid for want of ratification in accordance with the proviso to clause (2) of 
article 368 as per majority opinion in Kihoto Hollohon Vs. Zachilhu and Others A.I.R. 1993 
SC 412.",,
train,constitution,357,"What year did the Constitution (Ninety-second Amendment) Act, 2003, make changes to the Eighth Schedule?","The Constitution (Ninety-second Amendment) Act, 2003, made changes to the Eighth Schedule.","Article 18(1) of the Constitution (Ninety-second Amendment) Act, 2003","Ins. by the Constitution (Ninety-second Amendment) Act, 2003, s. 2 (w.e.f. 7-1-2004).","THE CONSTITUTION OF  INDIA
(Eighth Schedule)
326
1[18.  Santhali.]
2[3[19.] Sindhi.]
4[20.] Tamil.
4[21.] Telugu.
           4[22.]  Urdu.   
______________________________________________
1. Ins. by the Constitution (Ninety-second Amendment) Act, 2003, s. 2 (w.e.f. 7-1-2004).
2. Added by the Constitution (Twenty-first Amendment) Act, 1967, s. 2 (w.e.f. 10-4-1967).  
3. Entry 15 renumbered as entry 19 by the Constitution (Ninety-second Amendment) 
Act, 2003, s. 2 (w.e.f. 7-1-2004).
4. Entries 16 to 18 renumbered as entries 20 to 22 by s. 2, ibid. (w.e.f. 7-1-2004).",,
train,constitution,310,What is the purpose of the order made under sub-paragraph (1) of paragraph 279(c)?,"The order made under sub-paragraph (1) of paragraph 279(c) declares any territory not previously included in any State to be, or to form part of, a Scheduled Area.",279(c),"THE CONSTITUTION OF INDIA (Fifth Schedule) 279 (c) on any alteration of the boundaries of a State or on the admission into the Union or the establishment of a new State, declare any territory not previously included in any State to be, or to form part of, a Scheduled Area;","THE CONSTITUTION OF  INDIA
(Fifth Schedule) 
279
(c) on any alteration of the boundaries of a State or on the 
admission into the Union or the establishment of a new State, declare 
any territory not previously included in any State to be, or to form part 
of, a Scheduled Area;
1[(d) rescind, in relation to any State or States, any order or orders 
made under this paragraph, and in consultation with the Governor of the 
State concerned, make fresh orders redefining the areas which are to be 
Scheduled Areas;]
and any such order may contain such incidental and consequential provisions as 
appear to the President to be necessary and proper, but save as aforesaid, the 
order made under sub-paragraph (1) of this paragraph shall not be varied by 
any subsequent order. 
PART D
AMENDMENT OF THE SCHEDULE
7. Amendment of the Schedule.—(1) Parliament may from time to time 
by law amend by way of addition, variation or repeal any of the provisions of 
this Schedule and, when the Schedule is so amended, any reference to this 
Schedule in this Constitution shall be construed as a reference to such Schedule 
as so amended.
(2) No such law as is mentioned in sub-paragraph (1) of this paragraph 
shall be deemed to be an amendment of this Constitution for the purposes of 
article 368.
 
______________________________________________
1. Ins. by the Fifth Schedule to the Constitution (Amendment) Act, 1976 (101 of 1976), 
s. 2 (w.e.f. 7-9-1976).",,
train,constitution,332,What changes were made to Paragraph 16 in the States of Tripura and Mizoram?,"Paragraph 16 has been amended in its application to the States of Tripura and Mizoram by the Sixth Schedule to the Constitution (Amendment) Act, 1988 (67 of 1988).","Sixth Schedule to the Constitution (Amendment) Act, 1988 (67 of 1988)","Paragraph 16 has been amended in its application to the States of Tripura and Mizoram by the Sixth Schedule to the Constitution (Amendment) Act, 1988 (67 of 1988)","THE CONSTITUTION OF  INDIA
(Sixth Schedule) 
301
116. Dissolution of a District or a Regional Council. — 2[(1)] The 
Governor may on the recommendation of a Commission appointed under 
paragraph 14 of this Schedule by public notification order the dissolution of 
a District or a Regional Council, and— 
(a) direct that a fresh general election shall be held 
immediately for the reconstitution of the Council; or
(b) subject to the previous approval of the Legislature of the 
State assume the administration of the area under the authority of 
such Council himself or place the administration of such area under 
the Commission appointed under the said paragraph or any other 
body considered suitable by him for a period not exceeding twelve 
months:
Provided that when an order under clause ( a) of this paragraph has 
been made, the Governor may take the action referred to in clause (b) of this 
paragraph with regard to the administration of the area in question pending 
the reconstitution of the Council on fresh general election:
Provided further that no action shall be taken under clause ( b) of this 
paragraph without giving the District or the Regional Council, as the case 
may be, an opportunity of placing its views before the Legislature of the 
State.
______________________________________________
1. Paragraph 16 has been amended in its application to the States of Tripura and 
Mizoram by the Sixth Schedule to the Constitution (Amendment) Act, 1988 
(67 of 1988)  s. 2 (w.e.f. 16-12-1988), as under,—
‘(a) in sub-paragraph (1), the words “subject to the previous approval of the 
Legislature of the State” occurring in clause ( b), and the second proviso shall be 
omitted;
(b) for sub-paragraph (3), the following sub-paragraph shall be substituted, 
namely:—
“(3) Every order made under sub-paragraph (1) or sub-paragraph (2) of 
this paragraph, along with the reasons therefor shall be laid before the 
Legislature of the State.”.’.
2. Paragraph 16 renumbered as sub-paragraph (1) thereof by the Assam 
Reorganisation (Meghalaya) Act, 1969 (55 of 1969), s. 74 and Fourth Sch. 
(w.e.f. 2-4-1970).     ",,
train,constitution,399,What is the full name of the first legal claim mentioned in the passage?,Chhit Nalgram Sitalkuchi Patgarm,Not explicitly identified,43. (i) Chhit Nalgram Sitalkuchi Patgarm 66 49.5,"THE CONSTITUTION OF  INDIA
(Appendix I) 
368
1 2 3 4 5      6 
43. (i) Chhit Nalgram Sitalkuchi Patgarm 66 49.5
 (ii) Chhit Nalgram 
(Fragment)
Sitalkuchi Patgarm 66  
44. (i) Batrigachh Dinhata Kaliganj 81 577.37
 (ii) Batrigachh 
(Fragment)
Dinhata Kaliganj 81  
 (iii) Batrigachh 
(Fragment)
Dinhata Phulbari 9  
45. (i) Karala Dinhata Phulbari 9 269.91
(ii) Karala (fragment) Dinhata Phulbari 9
(iii) Karala (fragment) Dinhata Phulbari 8
46. (i) Sipprasad Mustati Dinhata Phulbari 8 373.2
(ii) Sipprasad Mustati 
(Fragment)
Dinhata Phulbari 6
47. (i) Dakshin 
Masaldanga
Dinhata Bhurungamari 6 571.38
 (ii) Dakshin 
Masaldanga 
(Fragment)
Dinhata Bhurungamari 6  
(iii) Dakshin 
Masaldanga 
(Fragment)
Dinhata Bhurungamari 6
(iv) Dakshin 
Masaldanga 
(Fragment)
Dinhata Bhurungamari 6
(v) Dakshin 
Masaldanga 
(Fragment)
Dinhata Bhurungamari 6
(vi) Dakshin 
Masaldanga 
(Fragment)
Dinhata Bhurungamari 6",,
train,constitution,109,"How many members of the Legislative Assembly of the State are elected under sub-clauses (a), (b), and (c) of clause (3)?","As nearly as may be, one-third shall be elected by the members of the Legislative Assembly of the State from amongst persons who are not members of the Assembly.",Not explicitly identified,"as nearly as may be, one-third shall be elected by the members of the Legislative Assembly of the State from amongst persons who are not members of the Assembly;","THE CONSTITUTION OF  INDIA
(Part VI.—The States) 
78
171. Composition of the Legislative Councils. —(1) The total number 
of members in the Legislative Council of a State having such a Council shall 
not exceed 1[one-third] of the total number of members in the Legislative 
Assembly of that State:
Provided that the total number of members in the Legislative Council of 
a State shall in no case be less than forty. 
(2) Until Parliament by law otherwise provides, the composition of the 
Legislative Council of a State shall be as provided in clause (3).
(3) Of the total number of members of the Legislative Council of a 
State— 
(a) as nearly as may be, one-third shall be elected by electorates 
consisting of members of municipalities, district boards and such other 
local authorities in the State as Parliament may by law specify;
(b) as nearly as may be, one-twelfth shall be elected by electorates 
consisting of persons residing in the State who have been for at least 
three years graduates of any university in the territory of India or have 
been for at least three years in possession of qualifications prescribed by 
or under any law made by Parliament as equivalent to that of a graduate 
of any such university; 
(c) as nearly as may be, one-twelfth shall be elected by electorates 
consisting of persons who have been for at least three years engaged in 
teaching in such educational institutions within the State, not lower in 
standard than that of a secondary school, as may be prescribed by or 
under any law made by Parliament;
(d) as nearly as may be, one-third shall be elected by the members of 
the Legislative Assembly of the State from amongst persons who are not 
members of the Assembly;
(e) the remainder shall be nominated by the Governor in accordance 
with the provisions of clause (5).
(4) The members to be elected under sub-clauses ( a), ( b) and ( c) of 
clause (3) shall be chosen in such territorial constituencies as may be prescribed 
______________________________________________
1. Subs. by the Constitution (Seventh Amendment) Act, 1956, s. 10, for ""one-fourth"" 
(w.e.f. 1-11-1956).",,
train,constitution,148,What territories are covered by the regulations made by the President under Article 240?,"The territories covered by the regulations made by the President under Article 240 are the Andaman and Nicobar Islands, Lakshadweep, Dadra and Nagar Haveli and Daman and Diu.",Article 240,"240. Power of President to make regulations for certain Union territories.—(1) The President may make regulations for the peace, progress and good government of the Union territory of— (a) the Andaman and Nicobar Islands;","THE CONSTITUTION OF  INDIA
(Part VIII.—The Union Territories) 
117
territory made after complying with the provisions in that behalf contained in 
any such law as is referred to in clause (1) of article 239A, it shall be void.]
1(4)*                        *                             *                              * 
2[240.  Power of President to make regulations for certain Union 
territories.—(1) The President may make regulations for the peace, progress 
and good government of the Union territory of— 
 (a) the Andaman and Nicobar Islands; 
3[(b) Lakshadweep;]
4[(c) Dadra and Nagar Haveli and Daman and Diu;]
5[(d)  **** ;] 
6[(e) 7[Puducherry ];] 
8(f) * * * 
9(g) * * *
10[Provided that when any body is created under article 239A to function 
as a Legislature for the Union territory of 7[Puducherry], the President shall not 
make any regulation for the peace, progress and good government of that 
Union territory with effect from the date appointed for the first meeting of the 
Legislature:]
______________________________________________
1. Clause (4) ins. by the Constitution (Thirty-eighth Amendment) Act, 1975, s. 4 (with 
retrospective effect). This amendment was omitted by the Constitution (Forty-fourth 
Amendment) Act, 1978, s. 32 (w.e.f. 20-6-1979).
2. Subs. by the Constitution (Seventh Amendment) Act, 1956, s. 17, for art. 240 (w.e.f. 1-11-
1956).
3. Subs. by the Laccadive, Minicoy and Amindivi Islands (Alteration of Name) Act, 1973 
(34 of 1973), s. 4, for entry (b) (w.e.f. 1-11-1973).
4. Subs. by the Dadra and Nagar Haveli and Daman and Diu (Merger of Union territories) Act, 
2019 (44 of 2019) s. 4(i) (w.e.f. 26-1-2020) for entry (c) which was ins. by the Constitution 
(Tenth Amendment) Act, 1961, s.3 (w.e.f. 11-8-1961).
5. Omitted by the Dadra and Nagar Haveli and Daman and Diu (Merger of Union territories) 
Act, 2019 (44 of 2019) s. 4(ii) (w.e.f. 26-1-2020).
6. Ins. by the Constitution (Fourteenth Amendment) Act, 1962, s. 5 (w.e.f. 16-8-1962).
7. Subs. by the Pondicherry  (Alteration of Name) Act, 2006 (44 of 2006), s. 4 for 
""Pondicherry"" (w.e.f. 1-10-2006).
8. The entry (f) relating to Mizoram omitted by the State of Mizoram Act, 1986 
(34 of 1986), s. 39 (w.e.f. 20-2-1987).
9. The entry (g) relating to Arunachal Pradesh omitted by the State of Arunachal Pradesh 
Act, 1986 (69 of 1986), s. 42 (w.e.f. 20-2-1987).
10. Ins. by the Constitution (Fourteenth Amendment) Act, 1962, s. 5 (w.e.f. 28-12-1962).",,
train,constitution,77,What are the conditions under which a person can be disqualified from being a member of either House of Parliament?,"A person can be disqualified for being a member of either House of Parliament if they hold any office of profit under the Government of India or the Government of any State, other than an office declared by Parliament by law not to disqualify its holder (Article 46(1)(a))",Article 46(1)(a),"THE CONSTITUTION OF INDIA (Part V.—The Union) 46 102. Disqualifications for membership .—(1) A person shall be disqualified for being chosen as, and for being, a member of either House of Parliament— 1[(a) if he holds any office of profit under the Government of India or the Government of any State, other than an office declared by Parliament by law not to disqualify its holder;]","THE CONSTITUTION OF  INDIA
(Part V.—The Union)
46
102. Disqualifications for membership .—(1) A person shall be 
disqualified for being chosen as, and for being, a member of either House of 
Parliament— 
1[(a)  if he holds any office of profit under the Government of India 
or the Government of any State, other than an office declared by 
Parliament by law not to disqualify its holder;]
(b) if he is of unsound mind and stands so declared by a competent 
court;
(c) if he is an undischarged insolvent;
(d) if he is not a citizen of India, or has voluntarily acquired the 
citizenship of a foreign State, or is under any acknowledgment of 
allegiance or adherence to a foreign State;
(e) if he is so disqualified by or under any law made by Parliament. 
2[Explanation.—For the purposes of this clause] a person shall not be 
deemed to hold an office of profit under the Government of India or the 
Government of any State by reason only that he is a Minister either for the 
Union or for such State.
3[(2) A person shall be disqualified for being a member of either House 
of Parliament if he is so disqualified under the Tenth Schedule.]
4[103. Decision on questions as to disqualifications of members .—
(1) If any question arises as to whether a member of either House of Parliament 
has become subject to any of the disqualifications mentioned in clause (1) of 
article 102, the question shall be referred for the decision of the President and 
his decision shall be final.
______________________________________________
1. Subs. by the Constitution (Forty-second Amendment) Act, 1976, s. 19 to read as ""(a) if
he holds any such office of profit under the Government of India or the Government of 
any State as is declared by Parliament by law to disqualify its holder"" (date not 
notified). This amendment was omitted by the Constitution (Forty-fourth Amendment) 
Act, 1978, s. 45 (w.e.f. 20-6-1979).
2. Subs. by the Constitution (Fifty-second Amendment) Act, 1985, s. 3, for ""(2) for the 
purposes of this art."" (w.e.f. 1-3-1985).
3. Ins. by s. 3, ibid. (w.e.f. 1-3-1985).
4. Subs. by the Constitution (Forty-second Amendment) Act, 1976, s. 20, for art. 103
(w.e.f. 3-1-1977) and further subs. by the Constitution (Forty-fourth Amendment) 
Act, 1978, s. 14, for art. 103 (w.e.f. 20-6-1979).",,
train,constitution,161,What is the maximum duration a Municipality can continue after its dissolution?,A Municipality constituted upon the dissolution of a Municipality before the expiration of its duration can continue only for the remainder of the period for which the dissolved Municipality would have continued under clause (1) had it not been so dissolved.,Not explicitly identified,A Municipality constituted upon the dissolution of a Municipality before the expiration of its duration shall continue only for the remainder of the period for which the dissolved Municipality would have continued under clause (1) had it not been so dissolved.,"THE CONSTITUTION OF  INDIA
(Part IXA.—The Municipalities)
130
(3) Not less than one-third (including the number of seats reserved for 
women belonging to the Scheduled Castes and the Scheduled Tribes) of the 
total number of seats to be filled by direct election in every Municipality shall 
be reserved for women and such seats may be allotted by rotation to different 
constituencies in a Municipality.
(4) The offices of Chairpersons in the Municipalities shall be reserved 
for the Scheduled Castes, the Scheduled Tribes and women in such manner as 
the Legislature of a State may, by law, provide. 
(5) The reservation of seats under clauses (1) and (2) and the reservation of 
offices of Chairpersons (other than the reservation for women) under clause (4) 
shall cease to have effect on the expiration of the period specified in article 334.
(6) Nothing in this Part shall prevent the Legislature of a State from 
making any provision for reservation of seats in any Municipality or offices of 
Chairpersons in the Municipalities in favour of backward class of citizens.
243U. Duration of Municipalities, etc.—(1) Every Municipality, unless 
sooner dissolved under any law for the time being in force, shall continue for 
five years from the date appointed for its first meeting and no longer:
Provided that a Municipality shall be given a reasonable opportunity of 
being heard before its dissolution.
(2) No amendment of any law for the time being in force shall have the 
effect of causing dissolution of a Municipality at any level, which is 
functioning immediately before such amendment, till the expiration of its 
duration specified in clause (1).
(3) An election to constitute a Municipality shall be completed,—
(a) before the expiry of its duration specified in clause (1);
(b) before the expiration of a period of six months from the date of its 
dissolution:
Provided that where the remainder of the period for which the dissolved 
Municipality would have continued is less than six months, it shall not be 
necessary to hold any election under this clause for constituting the 
Municipality for such period.
(4) A Municipality constituted upon the dissolution of a Municipality 
before the expiration of its duration shall continue only for the remainder of the 
period for which the dissolved Municipality would have continued under 
clause (1) had it not been so dissolved.",,
train,constitution,82,What is the purpose of the certificate endorsed on every Money Bill?,The certificate endorsed on every Money Bill is signed by the Speaker of the House of the People.,"(3) If any question arises whether a Bill is a Money Bill or not, the decision of the Speaker of the House of the People thereon shall be final. (4) There shall be endorsed on every Money Bill when it is transmitted to the Council of States under article 109, and when it is presented to the President for assent under article 111, the certificate of the Speaker of the House of the People signed by him that it is a Money Bill.","There shall be endorsed on every Money Bill when it is transmitted to the Council of States under article 109, and when it is presented to the President for assent under article 111, the certificate of the Speaker of the House of the People signed by him that it is a Money Bill.","THE CONSTITUTION OF  INDIA
(Part V.—The Union)
51
(f) the receipt of money on account of the Consolidated Fund of India 
or the public account of India or the custody or issue of such money or 
the audit of the accounts of the Union or of a State; or 
(g) any matter incidental to any of the matters specified in  
sub-clauses ( a) to (f).
(2) A Bill shall not be deemed to be a Money Bill by reason only that it 
provides for the imposition of fines or other pecuniary penalties, or for the 
demand or payment of fees for licences or fees for services rendered, or by 
reason that it provides for the imposition, abolition, remission, alteration or 
regulation of any tax by any local authority or body for local purposes.
(3) If any question arises whether a Bill is a Money Bill or not, the 
decision of the Speaker of the House of the People thereon shall be final.
(4) There shall be endorsed on every Money Bill when it is transmitted 
to the Council of States under article 109, and when it is presented to the 
President for assent under article 111, the certificate of the Speaker of the 
House of the People signed by him that it is a Money Bill.
111. Assent to Bills.—When a Bill has been passed by the Houses of 
Parliament, it shall be presented to the President, and the President shall declare 
either that he assents to the Bill, or that he withholds assent therefrom: 
Provided that the President may, as soon as possible after the 
presentation to him of a Bill for assent, return the Bill if it is not a Money Bill 
to the Houses with a message requesting that they will reconsider the Bill or 
any specified provisions thereof and, in particular, will consider the desirability 
of introducing any such amendments as he may recommend in his message, 
and when a Bill is so returned, the Houses shall reconsider the Bill accordingly, 
and if the Bill is passed again by the Houses with or without amendment and 
presented to the President for assent, the President shall not withhold assent 
therefrom.
Procedure in Financial Matters
112. Annual financial statement.—(1) The President shall in respect of 
every financial year cause to be laid before both the Houses of Parliament a 
statement of the estimated receipts and expenditure of the Government of India 
for that year, in this Part referred to as the ""annual financial statement''.
(2) The estimates of expenditure embodied in the annual financial 
statement shall show separately— ",,
train,constitution,6,What is the purpose of Article 30 in the Constitution?,Article 30 protects the right of minorities to establish and administer educational institutions.,Article 30,30. Right of minorities to establish and administer educational institutions.,"Contents
ARTICLES
(iii)
 Cultural and Educational Rights
29. Protection of interests of minorities.
30. Right of minorities to establish and administer educational 
institutions.
[31. Compulsory acquisition of property —Omitted.]
 Saving of Certain Laws
31A. Saving of Laws providing for acquisition of estates, etc.
31B. Validation of certain Acts and Regulations. 
31C. Saving of laws giving effect to certain directive principles.
[31D. Saving of laws in respect of anti-national activities. —Omitted.]
 Right to Constitutional Remedies
 32. Remedies for enforcement of rights conferred by this Part.
[32A. Constitutional validity of State laws not to be considered in 
proceedings under article 32.—Omitted.]
33. Power of Parliament to modify the rights conferred by this Part 
in their application to Forces, etc.
 34. Restriction on rights conferred by this Part while martial law is 
in force in any area.
35. Legislation to give effect to the provisions of this Part.
PART IV
DIRECTIVE PRINCIPLES OF STATE POLICY
36. Definition.
37. Application of the principles contained in this Part.
38. State to secure a social order for the promotion of welfare of the 
people.
39. Certain principles of policy to be followed by the State.
39A. Equal justice and free legal aid.",,
train,consumer_protection,32,What are the conditions under which a product manufacturer is not liable for harm caused to a consumer?,A product manufacturer is not liable if the product was purchased by an employer for use at the workplace and the product manufacturer had provided warnings or instructions to such employer (a).,Not explicitly identified,"urer shall not be liable, if— (a) the product was purchased by an employer for use at the workplace and the product manufacturer had provided warnings or instructions to such employer;","32 THE GAZETTE OF INDIA EXTRAORDINARY [P ART II—
(2) A product manufacturer shall be liable in a product liability action even if he proves
that he was not negligent or fraudulent in making the express warranty of a product.
85. A product service provider shall be liable in a product liability action, if—
(a) the service provided by him was faulty or imperfect or deficient or inadequate
in quality, nature or manner of performance which is required to be provided by or
under any law for the time being in force, or pursuant to any contract or otherwise; or
(b) there was an act of omission or commission or negligence or conscious
withholding any information which caused harm; or
(c) the service provider did not issue adequate instructions or warnings to
prevent any harm; or
(d) the service did not conform to express warranty or the terms and conditions
of the contract.
86. A product seller who is not a product manufacturer shall be liable in a product
liability action, if—
(a) he has exercised substantial control over the designing, testing,
manufacturing, packaging or labelling of a product that caused harm; or
(b) he has altered or modified the product and such alteration or modification
was the substantial factor in causing the harm; or
(c) he has made an express warranty of a product independent of any express
warranty made by a manufacturer and such product failed to conform to the express
warranty made by the product seller which caused the harm; or
(d) the product has been sold by him and the identity of product manufacturer
of such product is not known, or if known, the service of notice or process or warrant
cannot be effected on him or he is not subject to the law which is in force in India or the
order, if any, passed or to be passed cannot be enforced against him; or
(e) he failed to exercise reasonable care in assembling, inspecting or maintaining
such product or he did not pass on the warnings or instructions of the product
manufacturer regarding the dangers involved or proper usage of the product while
selling such product and such failure was the proximate cause of the harm.
87. (1) A product liability action cannot be brought against the product seller if, at the
time of harm, the product was misused, altered, or modified.
(2) In any product liability action based on the failure to provide adequate warnings or
instructions, the product manufacturer shall not be liable, if—
(a) the product was purchased by an employer for use at the workplace and the
product manufacturer had provided warnings or instructions to such employer;
(b) the product was sold as a component or material to be used in another
product and necessary warnings or instructions were given by the product manufacturer
to the purchaser of such component or material, but the harm was caused to the
complainant by use of the end product in which such component or material was
used;
(c) the product was one which was legally meant to be used or dispensed only
by or under the supervision of an expert or a class of experts and the product
manufacturer had employed reasonable means to give the warnings or instructions for
usage of such product to such expert or class of experts; or
(d) the complainant, while using such product, was under the influence of alcohol
or any prescription drug which had not been prescribed by a medical practitioner.
Liability of
product
service
provider.
Liability of
product sellers.
Exceptions to
product
liability
action.",,
train,consumer_protection,32,What conditions allow a consumer to bring a product liability action against a product seller?,"A consumer can bring a product liability action against a product seller if the product was not misused, altered, or modified at the time of harm, or if the product failed to conform to an express warranty made by the product seller which caused the harm.",Not explicitly identified,"A product liability action cannot be brought against the product seller if, at the time of harm, the product was misused, altered, or modified.","32 THE GAZETTE OF INDIA EXTRAORDINARY [P ART II—
(2) A product manufacturer shall be liable in a product liability action even if he proves
that he was not negligent or fraudulent in making the express warranty of a product.
85. A product service provider shall be liable in a product liability action, if—
(a) the service provided by him was faulty or imperfect or deficient or inadequate
in quality, nature or manner of performance which is required to be provided by or
under any law for the time being in force, or pursuant to any contract or otherwise; or
(b) there was an act of omission or commission or negligence or conscious
withholding any information which caused harm; or
(c) the service provider did not issue adequate instructions or warnings to
prevent any harm; or
(d) the service did not conform to express warranty or the terms and conditions
of the contract.
86. A product seller who is not a product manufacturer shall be liable in a product
liability action, if—
(a) he has exercised substantial control over the designing, testing,
manufacturing, packaging or labelling of a product that caused harm; or
(b) he has altered or modified the product and such alteration or modification
was the substantial factor in causing the harm; or
(c) he has made an express warranty of a product independent of any express
warranty made by a manufacturer and such product failed to conform to the express
warranty made by the product seller which caused the harm; or
(d) the product has been sold by him and the identity of product manufacturer
of such product is not known, or if known, the service of notice or process or warrant
cannot be effected on him or he is not subject to the law which is in force in India or the
order, if any, passed or to be passed cannot be enforced against him; or
(e) he failed to exercise reasonable care in assembling, inspecting or maintaining
such product or he did not pass on the warnings or instructions of the product
manufacturer regarding the dangers involved or proper usage of the product while
selling such product and such failure was the proximate cause of the harm.
87. (1) A product liability action cannot be brought against the product seller if, at the
time of harm, the product was misused, altered, or modified.
(2) In any product liability action based on the failure to provide adequate warnings or
instructions, the product manufacturer shall not be liable, if—
(a) the product was purchased by an employer for use at the workplace and the
product manufacturer had provided warnings or instructions to such employer;
(b) the product was sold as a component or material to be used in another
product and necessary warnings or instructions were given by the product manufacturer
to the purchaser of such component or material, but the harm was caused to the
complainant by use of the end product in which such component or material was
used;
(c) the product was one which was legally meant to be used or dispensed only
by or under the supervision of an expert or a class of experts and the product
manufacturer had employed reasonable means to give the warnings or instructions for
usage of such product to such expert or class of experts; or
(d) the complainant, while using such product, was under the influence of alcohol
or any prescription drug which had not been prescribed by a medical practitioner.
Liability of
product
service
provider.
Liability of
product sellers.
Exceptions to
product
liability
action.",,
train,consumer_protection,32,Under what conditions can a product manufacturer be exempt from liability?,A product manufacturer can be exempt from liability if the product was purchased by an employer for use at the workplace and the product manufacturer had provided warnings or instructions to such employer (a).,Not explicitly identified,"urer shall not be liable, if— (a) the product was purchased by an employer for use at the workplace and the product manufacturer had provided warnings or instructions to such employer;","32 THE GAZETTE OF INDIA EXTRAORDINARY [P ART II—
(2) A product manufacturer shall be liable in a product liability action even if he proves
that he was not negligent or fraudulent in making the express warranty of a product.
85. A product service provider shall be liable in a product liability action, if—
(a) the service provided by him was faulty or imperfect or deficient or inadequate
in quality, nature or manner of performance which is required to be provided by or
under any law for the time being in force, or pursuant to any contract or otherwise; or
(b) there was an act of omission or commission or negligence or conscious
withholding any information which caused harm; or
(c) the service provider did not issue adequate instructions or warnings to
prevent any harm; or
(d) the service did not conform to express warranty or the terms and conditions
of the contract.
86. A product seller who is not a product manufacturer shall be liable in a product
liability action, if—
(a) he has exercised substantial control over the designing, testing,
manufacturing, packaging or labelling of a product that caused harm; or
(b) he has altered or modified the product and such alteration or modification
was the substantial factor in causing the harm; or
(c) he has made an express warranty of a product independent of any express
warranty made by a manufacturer and such product failed to conform to the express
warranty made by the product seller which caused the harm; or
(d) the product has been sold by him and the identity of product manufacturer
of such product is not known, or if known, the service of notice or process or warrant
cannot be effected on him or he is not subject to the law which is in force in India or the
order, if any, passed or to be passed cannot be enforced against him; or
(e) he failed to exercise reasonable care in assembling, inspecting or maintaining
such product or he did not pass on the warnings or instructions of the product
manufacturer regarding the dangers involved or proper usage of the product while
selling such product and such failure was the proximate cause of the harm.
87. (1) A product liability action cannot be brought against the product seller if, at the
time of harm, the product was misused, altered, or modified.
(2) In any product liability action based on the failure to provide adequate warnings or
instructions, the product manufacturer shall not be liable, if—
(a) the product was purchased by an employer for use at the workplace and the
product manufacturer had provided warnings or instructions to such employer;
(b) the product was sold as a component or material to be used in another
product and necessary warnings or instructions were given by the product manufacturer
to the purchaser of such component or material, but the harm was caused to the
complainant by use of the end product in which such component or material was
used;
(c) the product was one which was legally meant to be used or dispensed only
by or under the supervision of an expert or a class of experts and the product
manufacturer had employed reasonable means to give the warnings or instructions for
usage of such product to such expert or class of experts; or
(d) the complainant, while using such product, was under the influence of alcohol
or any prescription drug which had not been prescribed by a medical practitioner.
Liability of
product
service
provider.
Liability of
product sellers.
Exceptions to
product
liability
action.",,
train,consumer_protection,19,What is the time frame within which the District Commission must report the findings of the laboratory analysis?,The District Commission must report its findings within a period of forty-five days of the receipt of the reference or within such extended period as may be granted by it.,Not explicitly identified,The District Commission within a period of forty-five days of the receipt of the reference or within such extended period as may be granted by it;,"SEC. 1] THE GAZETTE OF INDIA EXTRAORDINARY 19
matter for mediation, and in such case, the provisions of Chapter V, relating to mediation,
shall apply.
38. (1) The District Commission shall, on admission of a complaint, or in respect of
cases referred for mediation on failure of settlement by mediation, proceed with such
complaint.
(2) Where the complaint relates to any goods, the District Commission shall,—
(a) refer a copy of the admitted complaint, within twenty-one days from the date
of its admission to the opposite party mentioned in the complaint directing him to give
his version of the case within a period of thirty days or such extended period not
exceeding fifteen days as may be granted by it;
(b) if the opposite party on receipt of a complaint referred to him under clause (a)
denies or disputes the allegations contained in the complaint, or omits or fails to take
any action to represent his case within the time given by the District Commission,
proceed to settle the consumer dispute in the manner specified in clauses (c) to (g);
(c) if the complaint alleges a defect in the goods which cannot be determined
without proper analysis or test of the goods, obtain a sample of the goods from the
complainant, seal it and authenticate it in the manner as may be prescribed and refer
the sample so sealed to the appropriate laboratory along with a direction that such
laboratory to make an analysis or test, whichever may be necessary, with a view to
finding out whether such goods suffer from any defect alleged in the complaint or
from any other defect and to report its findings thereon to the District Commission
within a period of forty-five days of the receipt of the reference or within such extended
period as may be granted by it;
(d) before any sample of the goods is referred to any appropriate laboratory
under clause (c), require the complainant to deposit to the credit of the Commission
such fees as may be specified, for payment to the appropriate laboratory for carrying
out the necessary analysis or test in relation to the goods in question;
(e) remit the amount deposited to its credit under clause (d) to the appropriate
laboratory to enable it to carry out the analysis or test mentioned in clause (c) and on
receipt of the report from the appropriate laboratory, it shall forward a copy of the
report along with such remarks as it may feel appropriate to the opposite party;
(f) if any of the parties disputes the correctness of the findings of the appropriate
laboratory, or disputes the correctness of the methods of analysis or test adopted by
the appropriate laboratory, require the opposite party or the complainant to submit in
writing his objections with regard to the report made by the appropriate laboratory;
(g) give a reasonable opportunity to the complainant as well as the opposite
party of being heard as to the correctness or otherwise of the report made by the
appropriate laboratory and also as to the objection made in relation thereto under
clause (f) and issue an appropriate order under section 39.
(3) The District Commission shall, if the complaint admitted by it under sub-section (2)
of section 36 relates to goods in respect of which the procedure specified in sub-section (2)
cannot be followed, or if the complaint relates to any services,—
(a) refer a copy of such complaint to the opposite party directing him to give his
version of the case within a period of thirty days or such extended period not exceeding
fifteen days as may be granted by the District Commission;
(b) if the opposite party, on receipt of a copy of the complaint, referred to him
under clause ( a) denies or disputes the allegations contained in the complaint, or
omits or fails to take any action to represent his case within the time given by the
District Commission, it shall proceed to settle the consumer dispute—
Procedure on
admission of
complaint.",,
train,consumer_protection,19,What is the procedure for the District Commission when a complaint relates to goods?,"When a complaint relates to any goods, the District Commission shall refer a copy of the admitted complaint, within twenty-one days from the date of its admission, to the opposite party mentioned in the complaint, directing him to give his version of the case within a period of thirty days or such extended period not exceeding fifteen days as may be granted by it.",38. (1),"38. (1) The District Commission shall, on admission of a complaint, or in respect of cases referred for mediation on failure of settlement by mediation, proceed with such complaint. (2) Where the complaint relates to any goods, the District Commission shall,— (a) refer a copy of the admitted complaint, within twenty-one days from the date of its admission to the opposite party mentioned in the complaint directing him to give his version of the case within a period of thirty days or such extended period not exceeding fifteen days as may be granted by it;","SEC. 1] THE GAZETTE OF INDIA EXTRAORDINARY 19
matter for mediation, and in such case, the provisions of Chapter V, relating to mediation,
shall apply.
38. (1) The District Commission shall, on admission of a complaint, or in respect of
cases referred for mediation on failure of settlement by mediation, proceed with such
complaint.
(2) Where the complaint relates to any goods, the District Commission shall,—
(a) refer a copy of the admitted complaint, within twenty-one days from the date
of its admission to the opposite party mentioned in the complaint directing him to give
his version of the case within a period of thirty days or such extended period not
exceeding fifteen days as may be granted by it;
(b) if the opposite party on receipt of a complaint referred to him under clause (a)
denies or disputes the allegations contained in the complaint, or omits or fails to take
any action to represent his case within the time given by the District Commission,
proceed to settle the consumer dispute in the manner specified in clauses (c) to (g);
(c) if the complaint alleges a defect in the goods which cannot be determined
without proper analysis or test of the goods, obtain a sample of the goods from the
complainant, seal it and authenticate it in the manner as may be prescribed and refer
the sample so sealed to the appropriate laboratory along with a direction that such
laboratory to make an analysis or test, whichever may be necessary, with a view to
finding out whether such goods suffer from any defect alleged in the complaint or
from any other defect and to report its findings thereon to the District Commission
within a period of forty-five days of the receipt of the reference or within such extended
period as may be granted by it;
(d) before any sample of the goods is referred to any appropriate laboratory
under clause (c), require the complainant to deposit to the credit of the Commission
such fees as may be specified, for payment to the appropriate laboratory for carrying
out the necessary analysis or test in relation to the goods in question;
(e) remit the amount deposited to its credit under clause (d) to the appropriate
laboratory to enable it to carry out the analysis or test mentioned in clause (c) and on
receipt of the report from the appropriate laboratory, it shall forward a copy of the
report along with such remarks as it may feel appropriate to the opposite party;
(f) if any of the parties disputes the correctness of the findings of the appropriate
laboratory, or disputes the correctness of the methods of analysis or test adopted by
the appropriate laboratory, require the opposite party or the complainant to submit in
writing his objections with regard to the report made by the appropriate laboratory;
(g) give a reasonable opportunity to the complainant as well as the opposite
party of being heard as to the correctness or otherwise of the report made by the
appropriate laboratory and also as to the objection made in relation thereto under
clause (f) and issue an appropriate order under section 39.
(3) The District Commission shall, if the complaint admitted by it under sub-section (2)
of section 36 relates to goods in respect of which the procedure specified in sub-section (2)
cannot be followed, or if the complaint relates to any services,—
(a) refer a copy of such complaint to the opposite party directing him to give his
version of the case within a period of thirty days or such extended period not exceeding
fifteen days as may be granted by the District Commission;
(b) if the opposite party, on receipt of a copy of the complaint, referred to him
under clause ( a) denies or disputes the allegations contained in the complaint, or
omits or fails to take any action to represent his case within the time given by the
District Commission, it shall proceed to settle the consumer dispute—
Procedure on
admission of
complaint.",,
train,consumer_protection,19,What is the purpose of clause (g) in the passage?,Clause (g) requires a reasonable opportunity for the complainant and the opposite party to be heard regarding the correctness or otherwise of the report made by the appropriate laboratory and also regarding any objections made in relation to the report.,Not explicitly identified,give a reasonable opportunity to the complainant as well as the opposite party of being heard as to the correctness or otherwise of the report made by the appropriate laboratory and also as to the objection made in relation thereto under clause (f) and issue an appropriate order under section 39.,"SEC. 1] THE GAZETTE OF INDIA EXTRAORDINARY 19
matter for mediation, and in such case, the provisions of Chapter V, relating to mediation,
shall apply.
38. (1) The District Commission shall, on admission of a complaint, or in respect of
cases referred for mediation on failure of settlement by mediation, proceed with such
complaint.
(2) Where the complaint relates to any goods, the District Commission shall,—
(a) refer a copy of the admitted complaint, within twenty-one days from the date
of its admission to the opposite party mentioned in the complaint directing him to give
his version of the case within a period of thirty days or such extended period not
exceeding fifteen days as may be granted by it;
(b) if the opposite party on receipt of a complaint referred to him under clause (a)
denies or disputes the allegations contained in the complaint, or omits or fails to take
any action to represent his case within the time given by the District Commission,
proceed to settle the consumer dispute in the manner specified in clauses (c) to (g);
(c) if the complaint alleges a defect in the goods which cannot be determined
without proper analysis or test of the goods, obtain a sample of the goods from the
complainant, seal it and authenticate it in the manner as may be prescribed and refer
the sample so sealed to the appropriate laboratory along with a direction that such
laboratory to make an analysis or test, whichever may be necessary, with a view to
finding out whether such goods suffer from any defect alleged in the complaint or
from any other defect and to report its findings thereon to the District Commission
within a period of forty-five days of the receipt of the reference or within such extended
period as may be granted by it;
(d) before any sample of the goods is referred to any appropriate laboratory
under clause (c), require the complainant to deposit to the credit of the Commission
such fees as may be specified, for payment to the appropriate laboratory for carrying
out the necessary analysis or test in relation to the goods in question;
(e) remit the amount deposited to its credit under clause (d) to the appropriate
laboratory to enable it to carry out the analysis or test mentioned in clause (c) and on
receipt of the report from the appropriate laboratory, it shall forward a copy of the
report along with such remarks as it may feel appropriate to the opposite party;
(f) if any of the parties disputes the correctness of the findings of the appropriate
laboratory, or disputes the correctness of the methods of analysis or test adopted by
the appropriate laboratory, require the opposite party or the complainant to submit in
writing his objections with regard to the report made by the appropriate laboratory;
(g) give a reasonable opportunity to the complainant as well as the opposite
party of being heard as to the correctness or otherwise of the report made by the
appropriate laboratory and also as to the objection made in relation thereto under
clause (f) and issue an appropriate order under section 39.
(3) The District Commission shall, if the complaint admitted by it under sub-section (2)
of section 36 relates to goods in respect of which the procedure specified in sub-section (2)
cannot be followed, or if the complaint relates to any services,—
(a) refer a copy of such complaint to the opposite party directing him to give his
version of the case within a period of thirty days or such extended period not exceeding
fifteen days as may be granted by the District Commission;
(b) if the opposite party, on receipt of a copy of the complaint, referred to him
under clause ( a) denies or disputes the allegations contained in the complaint, or
omits or fails to take any action to represent his case within the time given by the
District Commission, it shall proceed to settle the consumer dispute—
Procedure on
admission of
complaint.",,
train,consumer_protection,19,What is the maximum time frame given for the District Commission to report findings after receiving the sample?,The District Commission has forty-five days to report findings after receiving the sample.,Not explicitly identified,within a period of forty-five days of the receipt of the reference or within such extended period as may be granted by it;,"SEC. 1] THE GAZETTE OF INDIA EXTRAORDINARY 19
matter for mediation, and in such case, the provisions of Chapter V, relating to mediation,
shall apply.
38. (1) The District Commission shall, on admission of a complaint, or in respect of
cases referred for mediation on failure of settlement by mediation, proceed with such
complaint.
(2) Where the complaint relates to any goods, the District Commission shall,—
(a) refer a copy of the admitted complaint, within twenty-one days from the date
of its admission to the opposite party mentioned in the complaint directing him to give
his version of the case within a period of thirty days or such extended period not
exceeding fifteen days as may be granted by it;
(b) if the opposite party on receipt of a complaint referred to him under clause (a)
denies or disputes the allegations contained in the complaint, or omits or fails to take
any action to represent his case within the time given by the District Commission,
proceed to settle the consumer dispute in the manner specified in clauses (c) to (g);
(c) if the complaint alleges a defect in the goods which cannot be determined
without proper analysis or test of the goods, obtain a sample of the goods from the
complainant, seal it and authenticate it in the manner as may be prescribed and refer
the sample so sealed to the appropriate laboratory along with a direction that such
laboratory to make an analysis or test, whichever may be necessary, with a view to
finding out whether such goods suffer from any defect alleged in the complaint or
from any other defect and to report its findings thereon to the District Commission
within a period of forty-five days of the receipt of the reference or within such extended
period as may be granted by it;
(d) before any sample of the goods is referred to any appropriate laboratory
under clause (c), require the complainant to deposit to the credit of the Commission
such fees as may be specified, for payment to the appropriate laboratory for carrying
out the necessary analysis or test in relation to the goods in question;
(e) remit the amount deposited to its credit under clause (d) to the appropriate
laboratory to enable it to carry out the analysis or test mentioned in clause (c) and on
receipt of the report from the appropriate laboratory, it shall forward a copy of the
report along with such remarks as it may feel appropriate to the opposite party;
(f) if any of the parties disputes the correctness of the findings of the appropriate
laboratory, or disputes the correctness of the methods of analysis or test adopted by
the appropriate laboratory, require the opposite party or the complainant to submit in
writing his objections with regard to the report made by the appropriate laboratory;
(g) give a reasonable opportunity to the complainant as well as the opposite
party of being heard as to the correctness or otherwise of the report made by the
appropriate laboratory and also as to the objection made in relation thereto under
clause (f) and issue an appropriate order under section 39.
(3) The District Commission shall, if the complaint admitted by it under sub-section (2)
of section 36 relates to goods in respect of which the procedure specified in sub-section (2)
cannot be followed, or if the complaint relates to any services,—
(a) refer a copy of such complaint to the opposite party directing him to give his
version of the case within a period of thirty days or such extended period not exceeding
fifteen days as may be granted by the District Commission;
(b) if the opposite party, on receipt of a copy of the complaint, referred to him
under clause ( a) denies or disputes the allegations contained in the complaint, or
omits or fails to take any action to represent his case within the time given by the
District Commission, it shall proceed to settle the consumer dispute—
Procedure on
admission of
complaint.",,
train,consumer_protection,19,What happens if a consumer disputes the allegations in their complaint?,"If a consumer disputes the allegations in their complaint, the consumer protection body will proceed to settle the consumer dispute.",Not explicitly identified,"plaint, referred to him under clause ( a) denies or disputes the allegations contained in the complaint, or omits or fails to take any action to represent his case within the time given by the District Commission, it shall proceed to settle the consumer dispute— Procedure on admission of complaint.","SEC. 1] THE GAZETTE OF INDIA EXTRAORDINARY 19
matter for mediation, and in such case, the provisions of Chapter V, relating to mediation,
shall apply.
38. (1) The District Commission shall, on admission of a complaint, or in respect of
cases referred for mediation on failure of settlement by mediation, proceed with such
complaint.
(2) Where the complaint relates to any goods, the District Commission shall,—
(a) refer a copy of the admitted complaint, within twenty-one days from the date
of its admission to the opposite party mentioned in the complaint directing him to give
his version of the case within a period of thirty days or such extended period not
exceeding fifteen days as may be granted by it;
(b) if the opposite party on receipt of a complaint referred to him under clause (a)
denies or disputes the allegations contained in the complaint, or omits or fails to take
any action to represent his case within the time given by the District Commission,
proceed to settle the consumer dispute in the manner specified in clauses (c) to (g);
(c) if the complaint alleges a defect in the goods which cannot be determined
without proper analysis or test of the goods, obtain a sample of the goods from the
complainant, seal it and authenticate it in the manner as may be prescribed and refer
the sample so sealed to the appropriate laboratory along with a direction that such
laboratory to make an analysis or test, whichever may be necessary, with a view to
finding out whether such goods suffer from any defect alleged in the complaint or
from any other defect and to report its findings thereon to the District Commission
within a period of forty-five days of the receipt of the reference or within such extended
period as may be granted by it;
(d) before any sample of the goods is referred to any appropriate laboratory
under clause (c), require the complainant to deposit to the credit of the Commission
such fees as may be specified, for payment to the appropriate laboratory for carrying
out the necessary analysis or test in relation to the goods in question;
(e) remit the amount deposited to its credit under clause (d) to the appropriate
laboratory to enable it to carry out the analysis or test mentioned in clause (c) and on
receipt of the report from the appropriate laboratory, it shall forward a copy of the
report along with such remarks as it may feel appropriate to the opposite party;
(f) if any of the parties disputes the correctness of the findings of the appropriate
laboratory, or disputes the correctness of the methods of analysis or test adopted by
the appropriate laboratory, require the opposite party or the complainant to submit in
writing his objections with regard to the report made by the appropriate laboratory;
(g) give a reasonable opportunity to the complainant as well as the opposite
party of being heard as to the correctness or otherwise of the report made by the
appropriate laboratory and also as to the objection made in relation thereto under
clause (f) and issue an appropriate order under section 39.
(3) The District Commission shall, if the complaint admitted by it under sub-section (2)
of section 36 relates to goods in respect of which the procedure specified in sub-section (2)
cannot be followed, or if the complaint relates to any services,—
(a) refer a copy of such complaint to the opposite party directing him to give his
version of the case within a period of thirty days or such extended period not exceeding
fifteen days as may be granted by the District Commission;
(b) if the opposite party, on receipt of a copy of the complaint, referred to him
under clause ( a) denies or disputes the allegations contained in the complaint, or
omits or fails to take any action to represent his case within the time given by the
District Commission, it shall proceed to settle the consumer dispute—
Procedure on
admission of
complaint.",,
train,consumer_protection,23,What are the responsibilities of the State Government regarding the State Commission?,The State Government shall determine the nature and categories of the officers and other employees required to assist the State Commission in the discharge of its functions and provide the Commission with such officers and other employees as it may think fit.,46. (1) The State Government shall determine the nature and categories of the officers and other employees required to assist the State Commission in the discharge of its functions and provide the Commission with such officers and other employees as it may think fit.,46. (1) The State Government shall determine the nature and categories of the officers and other employees required to assist the State Commission in the discharge of its functions and provide the Commission with such officers and other employees as it may think fit.,"SEC. 1] THE GAZETTE OF INDIA EXTRAORDINARY 23
43. The Central Government may, by notification, make rules to provide for the
qualification for appointment, method of recruitment, procedure of appointment, term of
office, resignation and removal of the President and members of the State Commission.
44. The State Government may, by notification, make rules to provide for salaries and
allowances and other terms and conditions of service of the President and members of the
State Commission.
45. Any person appointed as President or, as the case may be, a member of the State
Commission immediately before the commencement of this Act shall hold office as such, as
President or member, as the case may be, till the completion of his term.
46. (1) The State Government shall determine the nature and categories of the officers
and other employees required to assist the State Commission in the discharge of its functions
and provide the Commission with such officers and other employees as it may think fit.
(2) The officers and other employees of the State Commission shall discharge their
functions under the general superintendence of the President.
(3) The salaries and allowances payable to and the other terms and conditions of
service of, the officers and other employees of the State Commission shall be such as may be
prescribed.
47. (1) Subject to the other provisions of this Act, the State Commission shall have
jurisdiction—
(a) to entertain—
(i) complaints where the value of the goods or services paid as
consideration, exceeds rupees one crore, but does not exceed rupees ten crore:
Provided that where the Central Government deems it necessary so to do,
it may prescribe such other value, as it deems fit;
(ii) complaints against unfair contracts, where the value of goods or
services paid as consideration does not exceed ten crore rupees;
(iii) appeals against the orders of any District Commission within the
State; and
(b) to call for the records and pass appropriate orders in any consumer dispute
which is pending before or has been decided by any District Commission within the
State, where it appears to the State Commission that such District Commission has
exercised a jurisdiction not vested in it by law, or has failed to exercise a jurisdiction so
vested or has acted in exercise of its jurisdiction illegally or with material irregularity.
(2) The jurisdiction, powers and authority of the State Commission may be exercised
by Benches thereof, and a Bench may be constituted by the President with one or more
members as the President may deem fit:
Provided that the senior-most member shall preside over the Bench.
(3) Where the members of a Bench differ in opinion on any point, the points shall be
decided according to the opinion of the majority, if there is a majority, but if the members are
equally divided, they shall state the point or points on which they differ, and make a reference
to the President who shall either hear the point or points himself or refer the case for hearing
on such point or points by one or more of the other members and such point or points shall
Qualifications,
etc., of
President and
members of
State
Commission.
Salaries,
allowances and
other terms
and conditions
of service of
President and
members of
State
Commission.
Transitional
provision.
Officers and
employees of
State
Commission.
Jurisdiction of
State
Commission.",,
train,consumer_protection,23,Who presides over the Bench when members differ in opinion?,The senior-most member presides over the Bench when members differ in opinion.,Provided that the senior-most member shall preside over the Bench.,"nd authority of the State Commission may be exercised by Benches thereof, and a Bench may be constituted by the President with one or more members as the President may deem fit: Provided that the senior-most member shall preside over the Bench.","SEC. 1] THE GAZETTE OF INDIA EXTRAORDINARY 23
43. The Central Government may, by notification, make rules to provide for the
qualification for appointment, method of recruitment, procedure of appointment, term of
office, resignation and removal of the President and members of the State Commission.
44. The State Government may, by notification, make rules to provide for salaries and
allowances and other terms and conditions of service of the President and members of the
State Commission.
45. Any person appointed as President or, as the case may be, a member of the State
Commission immediately before the commencement of this Act shall hold office as such, as
President or member, as the case may be, till the completion of his term.
46. (1) The State Government shall determine the nature and categories of the officers
and other employees required to assist the State Commission in the discharge of its functions
and provide the Commission with such officers and other employees as it may think fit.
(2) The officers and other employees of the State Commission shall discharge their
functions under the general superintendence of the President.
(3) The salaries and allowances payable to and the other terms and conditions of
service of, the officers and other employees of the State Commission shall be such as may be
prescribed.
47. (1) Subject to the other provisions of this Act, the State Commission shall have
jurisdiction—
(a) to entertain—
(i) complaints where the value of the goods or services paid as
consideration, exceeds rupees one crore, but does not exceed rupees ten crore:
Provided that where the Central Government deems it necessary so to do,
it may prescribe such other value, as it deems fit;
(ii) complaints against unfair contracts, where the value of goods or
services paid as consideration does not exceed ten crore rupees;
(iii) appeals against the orders of any District Commission within the
State; and
(b) to call for the records and pass appropriate orders in any consumer dispute
which is pending before or has been decided by any District Commission within the
State, where it appears to the State Commission that such District Commission has
exercised a jurisdiction not vested in it by law, or has failed to exercise a jurisdiction so
vested or has acted in exercise of its jurisdiction illegally or with material irregularity.
(2) The jurisdiction, powers and authority of the State Commission may be exercised
by Benches thereof, and a Bench may be constituted by the President with one or more
members as the President may deem fit:
Provided that the senior-most member shall preside over the Bench.
(3) Where the members of a Bench differ in opinion on any point, the points shall be
decided according to the opinion of the majority, if there is a majority, but if the members are
equally divided, they shall state the point or points on which they differ, and make a reference
to the President who shall either hear the point or points himself or refer the case for hearing
on such point or points by one or more of the other members and such point or points shall
Qualifications,
etc., of
President and
members of
State
Commission.
Salaries,
allowances and
other terms
and conditions
of service of
President and
members of
State
Commission.
Transitional
provision.
Officers and
employees of
State
Commission.
Jurisdiction of
State
Commission.",,
train,consumer_protection,23,What are the rules that the State Government can make regarding the State Commission?,The State Government can make rules to provide for the salaries and allowances and other terms and conditions of service of the President and members of the State Commission.,44,"The State Government may, by notification, make rules to provide for salaries and allowances and other terms and conditions of service of the President and members of the State Commission.","SEC. 1] THE GAZETTE OF INDIA EXTRAORDINARY 23
43. The Central Government may, by notification, make rules to provide for the
qualification for appointment, method of recruitment, procedure of appointment, term of
office, resignation and removal of the President and members of the State Commission.
44. The State Government may, by notification, make rules to provide for salaries and
allowances and other terms and conditions of service of the President and members of the
State Commission.
45. Any person appointed as President or, as the case may be, a member of the State
Commission immediately before the commencement of this Act shall hold office as such, as
President or member, as the case may be, till the completion of his term.
46. (1) The State Government shall determine the nature and categories of the officers
and other employees required to assist the State Commission in the discharge of its functions
and provide the Commission with such officers and other employees as it may think fit.
(2) The officers and other employees of the State Commission shall discharge their
functions under the general superintendence of the President.
(3) The salaries and allowances payable to and the other terms and conditions of
service of, the officers and other employees of the State Commission shall be such as may be
prescribed.
47. (1) Subject to the other provisions of this Act, the State Commission shall have
jurisdiction—
(a) to entertain—
(i) complaints where the value of the goods or services paid as
consideration, exceeds rupees one crore, but does not exceed rupees ten crore:
Provided that where the Central Government deems it necessary so to do,
it may prescribe such other value, as it deems fit;
(ii) complaints against unfair contracts, where the value of goods or
services paid as consideration does not exceed ten crore rupees;
(iii) appeals against the orders of any District Commission within the
State; and
(b) to call for the records and pass appropriate orders in any consumer dispute
which is pending before or has been decided by any District Commission within the
State, where it appears to the State Commission that such District Commission has
exercised a jurisdiction not vested in it by law, or has failed to exercise a jurisdiction so
vested or has acted in exercise of its jurisdiction illegally or with material irregularity.
(2) The jurisdiction, powers and authority of the State Commission may be exercised
by Benches thereof, and a Bench may be constituted by the President with one or more
members as the President may deem fit:
Provided that the senior-most member shall preside over the Bench.
(3) Where the members of a Bench differ in opinion on any point, the points shall be
decided according to the opinion of the majority, if there is a majority, but if the members are
equally divided, they shall state the point or points on which they differ, and make a reference
to the President who shall either hear the point or points himself or refer the case for hearing
on such point or points by one or more of the other members and such point or points shall
Qualifications,
etc., of
President and
members of
State
Commission.
Salaries,
allowances and
other terms
and conditions
of service of
President and
members of
State
Commission.
Transitional
provision.
Officers and
employees of
State
Commission.
Jurisdiction of
State
Commission.",,
train,consumer_protection,23,Who presides over the Bench when there is a disagreement among the members?,The senior-most member shall preside over the Bench.,Provided that the senior-most member shall preside over the Bench.,"nd authority of the State Commission may be exercised by Benches thereof, and a Bench may be constituted by the President with one or more members as the President may deem fit: Provided that the senior-most member shall preside over the Bench.","SEC. 1] THE GAZETTE OF INDIA EXTRAORDINARY 23
43. The Central Government may, by notification, make rules to provide for the
qualification for appointment, method of recruitment, procedure of appointment, term of
office, resignation and removal of the President and members of the State Commission.
44. The State Government may, by notification, make rules to provide for salaries and
allowances and other terms and conditions of service of the President and members of the
State Commission.
45. Any person appointed as President or, as the case may be, a member of the State
Commission immediately before the commencement of this Act shall hold office as such, as
President or member, as the case may be, till the completion of his term.
46. (1) The State Government shall determine the nature and categories of the officers
and other employees required to assist the State Commission in the discharge of its functions
and provide the Commission with such officers and other employees as it may think fit.
(2) The officers and other employees of the State Commission shall discharge their
functions under the general superintendence of the President.
(3) The salaries and allowances payable to and the other terms and conditions of
service of, the officers and other employees of the State Commission shall be such as may be
prescribed.
47. (1) Subject to the other provisions of this Act, the State Commission shall have
jurisdiction—
(a) to entertain—
(i) complaints where the value of the goods or services paid as
consideration, exceeds rupees one crore, but does not exceed rupees ten crore:
Provided that where the Central Government deems it necessary so to do,
it may prescribe such other value, as it deems fit;
(ii) complaints against unfair contracts, where the value of goods or
services paid as consideration does not exceed ten crore rupees;
(iii) appeals against the orders of any District Commission within the
State; and
(b) to call for the records and pass appropriate orders in any consumer dispute
which is pending before or has been decided by any District Commission within the
State, where it appears to the State Commission that such District Commission has
exercised a jurisdiction not vested in it by law, or has failed to exercise a jurisdiction so
vested or has acted in exercise of its jurisdiction illegally or with material irregularity.
(2) The jurisdiction, powers and authority of the State Commission may be exercised
by Benches thereof, and a Bench may be constituted by the President with one or more
members as the President may deem fit:
Provided that the senior-most member shall preside over the Bench.
(3) Where the members of a Bench differ in opinion on any point, the points shall be
decided according to the opinion of the majority, if there is a majority, but if the members are
equally divided, they shall state the point or points on which they differ, and make a reference
to the President who shall either hear the point or points himself or refer the case for hearing
on such point or points by one or more of the other members and such point or points shall
Qualifications,
etc., of
President and
members of
State
Commission.
Salaries,
allowances and
other terms
and conditions
of service of
President and
members of
State
Commission.
Transitional
provision.
Officers and
employees of
State
Commission.
Jurisdiction of
State
Commission.",,
train,consumer_protection,23,What are the rules that the Central Government can make regarding the State Commission?,"The Central Government can make rules to provide for the qualification for appointment, method of recruitment, procedure of appointment, term of office, resignation and removal of the President and members of the State Commission.",SEC. 1],"SEC. 1] THE GAZETTE OF INDIA EXTRAORDINARY 23 43. The Central Government may, by notification, make rules to provide for the qualification for appointment, method of recruitment, procedure of appointment, term of office, resignation and removal of the President and members of the State Commission.","SEC. 1] THE GAZETTE OF INDIA EXTRAORDINARY 23
43. The Central Government may, by notification, make rules to provide for the
qualification for appointment, method of recruitment, procedure of appointment, term of
office, resignation and removal of the President and members of the State Commission.
44. The State Government may, by notification, make rules to provide for salaries and
allowances and other terms and conditions of service of the President and members of the
State Commission.
45. Any person appointed as President or, as the case may be, a member of the State
Commission immediately before the commencement of this Act shall hold office as such, as
President or member, as the case may be, till the completion of his term.
46. (1) The State Government shall determine the nature and categories of the officers
and other employees required to assist the State Commission in the discharge of its functions
and provide the Commission with such officers and other employees as it may think fit.
(2) The officers and other employees of the State Commission shall discharge their
functions under the general superintendence of the President.
(3) The salaries and allowances payable to and the other terms and conditions of
service of, the officers and other employees of the State Commission shall be such as may be
prescribed.
47. (1) Subject to the other provisions of this Act, the State Commission shall have
jurisdiction—
(a) to entertain—
(i) complaints where the value of the goods or services paid as
consideration, exceeds rupees one crore, but does not exceed rupees ten crore:
Provided that where the Central Government deems it necessary so to do,
it may prescribe such other value, as it deems fit;
(ii) complaints against unfair contracts, where the value of goods or
services paid as consideration does not exceed ten crore rupees;
(iii) appeals against the orders of any District Commission within the
State; and
(b) to call for the records and pass appropriate orders in any consumer dispute
which is pending before or has been decided by any District Commission within the
State, where it appears to the State Commission that such District Commission has
exercised a jurisdiction not vested in it by law, or has failed to exercise a jurisdiction so
vested or has acted in exercise of its jurisdiction illegally or with material irregularity.
(2) The jurisdiction, powers and authority of the State Commission may be exercised
by Benches thereof, and a Bench may be constituted by the President with one or more
members as the President may deem fit:
Provided that the senior-most member shall preside over the Bench.
(3) Where the members of a Bench differ in opinion on any point, the points shall be
decided according to the opinion of the majority, if there is a majority, but if the members are
equally divided, they shall state the point or points on which they differ, and make a reference
to the President who shall either hear the point or points himself or refer the case for hearing
on such point or points by one or more of the other members and such point or points shall
Qualifications,
etc., of
President and
members of
State
Commission.
Salaries,
allowances and
other terms
and conditions
of service of
President and
members of
State
Commission.
Transitional
provision.
Officers and
employees of
State
Commission.
Jurisdiction of
State
Commission.",,
train,consumer_protection,23,Who presides over the Bench when there is a disagreement among its members?,The senior-most member shall preside over the Bench.,Provided that the senior-most member shall preside over the Bench.,"nd authority of the State Commission may be exercised by Benches thereof, and a Bench may be constituted by the President with one or more members as the President may deem fit: Provided that the senior-most member shall preside over the Bench.","SEC. 1] THE GAZETTE OF INDIA EXTRAORDINARY 23
43. The Central Government may, by notification, make rules to provide for the
qualification for appointment, method of recruitment, procedure of appointment, term of
office, resignation and removal of the President and members of the State Commission.
44. The State Government may, by notification, make rules to provide for salaries and
allowances and other terms and conditions of service of the President and members of the
State Commission.
45. Any person appointed as President or, as the case may be, a member of the State
Commission immediately before the commencement of this Act shall hold office as such, as
President or member, as the case may be, till the completion of his term.
46. (1) The State Government shall determine the nature and categories of the officers
and other employees required to assist the State Commission in the discharge of its functions
and provide the Commission with such officers and other employees as it may think fit.
(2) The officers and other employees of the State Commission shall discharge their
functions under the general superintendence of the President.
(3) The salaries and allowances payable to and the other terms and conditions of
service of, the officers and other employees of the State Commission shall be such as may be
prescribed.
47. (1) Subject to the other provisions of this Act, the State Commission shall have
jurisdiction—
(a) to entertain—
(i) complaints where the value of the goods or services paid as
consideration, exceeds rupees one crore, but does not exceed rupees ten crore:
Provided that where the Central Government deems it necessary so to do,
it may prescribe such other value, as it deems fit;
(ii) complaints against unfair contracts, where the value of goods or
services paid as consideration does not exceed ten crore rupees;
(iii) appeals against the orders of any District Commission within the
State; and
(b) to call for the records and pass appropriate orders in any consumer dispute
which is pending before or has been decided by any District Commission within the
State, where it appears to the State Commission that such District Commission has
exercised a jurisdiction not vested in it by law, or has failed to exercise a jurisdiction so
vested or has acted in exercise of its jurisdiction illegally or with material irregularity.
(2) The jurisdiction, powers and authority of the State Commission may be exercised
by Benches thereof, and a Bench may be constituted by the President with one or more
members as the President may deem fit:
Provided that the senior-most member shall preside over the Bench.
(3) Where the members of a Bench differ in opinion on any point, the points shall be
decided according to the opinion of the majority, if there is a majority, but if the members are
equally divided, they shall state the point or points on which they differ, and make a reference
to the President who shall either hear the point or points himself or refer the case for hearing
on such point or points by one or more of the other members and such point or points shall
Qualifications,
etc., of
President and
members of
State
Commission.
Salaries,
allowances and
other terms
and conditions
of service of
President and
members of
State
Commission.
Transitional
provision.
Officers and
employees of
State
Commission.
Jurisdiction of
State
Commission.",,
train,consumer_protection,37,What does the passage mention about the Central Government's role in making rules?,"The passage mentions that the Central Government may frame model rules in respect of all or any of the matters with respect to which the State Government may make rules under section 102, and where any such model rules have been framed, they shall apply to the State until the rules in respect of that matter is made by the State Government.",section 102,"The State Governments may, by notification, make rules for carrying out the provisions of this Act: Provided that the Central Government may, frame model rules in respect of all or any of the matters with respect to which the State Government may make rules under this section, and where any such model rules have been framed in respect of any such matter, they shall apply to the State until the rules in respect of that matter is made by the State Government and while making any such rules, so far as is practicable, they shall conform to such model rules.","SEC. 1] THE GAZETTE OF INDIA EXTRAORDINARY 37
(y) the form and manner of filing appeal to the National Commission, and the
manner of depositing fifty per cent. of the amount before filing appeal, under
sub-section (1) of section 51;
(z) the number of members of the National Commission under clause ( b) of
section 54;
 (za) the qualifications, appointment, term of office, salaries and allowances,
resignation, removal and other terms and conditions of service of the President and
members of the National Commission under sub-section (1) of section 55;
(zb) the salaries and allowances payable to, and other terms and conditions of
service of, the officers and other employees of the National Commission under
sub-section (3) of section 57;
(zc) the other value of goods and services in respect of which the National
Commission shall have jurisdiction under the proviso to sub-clause (i) of clause (a) of
sub-section (1) of section 58;
(zd) the manner of depositing fifty per cent. of the amount under the second
proviso to section 67;
(ze) the form in which the National Commission and the State Commission shall
furnish information to the Central Government under sub-section (4) of section 70;
(zf) the persons in the consumer mediation cell under sub-section ( 3) of
section 74;
(zg) the measures to be taken by the Central Government to prevent unfair trade
practices in e-commerce, direct selling under section 94;
(zh) the amount for compounding offences under sub-section (1) of section 96;
(zi) the fund to which the penalty and amount collected shall be credited under
section 97; and
(zj) any other matter which is to be, or may be, prescribed, or in respect of which
provisions are to be, or may be, made by rules.
102. (1) The State Governments may, by notification, make rules for carrying out the
provisions of this Act:
Provided that the Central Government may, frame model rules in respect of all or any of
the matters with respect to which the State Government may make rules under this section,
and where any such model rules have been framed in respect of any such matter, they shall
apply to the State until the rules in respect of that matter is made by the State Government
and while making any such rules, so far as is practicable, they shall conform to such model
rules.
(2) In particular, and without prejudice to the generality of the foregoing power, such
rules may provide for all or any of the following matters, namely:—
(a) the other class or classes of persons including public utility entities under
clause (19) of section 2;
(b) the contest, lottery, game of chance or skill which are to be exempted under
item (b) of sub-clause (iii) of clause (47) of section 2;
(c) the number of other official or non-official members of the State Council
under clause (b) of sub-section (2) of section 6;
(d) the time and place of meeting of the State Council and the procedure for the
transaction of its business under sub-section ( 4) of section 6;
(e) the number of other official and non-official members of District Council
under clause (b) of sub-section (2) of section 8;
(f) the time and place of meeting of the District Council and procedure for the
transaction of its business under sub-section ( 4) of section 8;
Power of
State
Government
to make rules.",,
train,consumer_protection,7,What does the term 'spurious goods' refer to in the context of consumer protection?,Spurious goods are such goods which are falsely claimed to be genuine.,43,"rge or under a contract of personal service; (43) ""spurious goods"" means such goods which are falsely claimed to be genuine;","SEC. 1] THE GAZETTE OF INDIA EXTRAORDINARY 7
(ii) a service provider,
but does not include—
(a) a seller of immovable property, unless such person is engaged in the
sale of constructed house or in the construction of homes or flats;
(b) a provider of professional services in any transaction in which, the
sale or use of a product is only incidental thereto, but furnishing of opinion, skill
or services being the essence of such transaction;
(c) a person who—
(I) acts only in a financial capacity with respect to the sale of the
product;
(II) is not a manufacturer, wholesaler, distributor, retailer, direct seller
or an electronic service provider;
(III) leases a product, without having a reasonable opportunity to
inspect and discover defects in the product, under a lease arrangement in
which the selection, possession, maintenance, and operation of the
product are controlled by a person other than the lessor;
(38) ""product service provider"", in relation to a product, means a person who
provides any service in respect of such product;
(39) ""regulations"" means the regulations made by the National Commission, or
as the case may be, the Central Authority;
(40) ""Regulator"" means a body or any authority established under any other
law for the time being in force;
(41) ""restrictive trade practice"" means a trade practice which tends to bring
about manipulation of price or its conditions of delivery or to affect flow of supplies in
the market relating to goods or services in such a manner as to impose on the consumers
unjustified costs or restrictions and shall include—
(i) delay beyond the period agreed to by a trader in supply of such goods
or in providing the services which has led or is likely to lead to rise in the price;
(ii) any trade practice which requires a consumer to buy, hire or avail of
any goods or, as the case may be, services as condition precedent for buying,
hiring or availing of other goods or services;
(42) ""service"" means service of any description which is made available to
potential users and includes, but not limited to, the provision of facilities in connection
with banking, financing, insurance, transport, processing, supply of electrical or other
energy, telecom, boarding or lodging or both, housing construction, entertainment,
amusement or the purveying of news or other information, but does not include the
rendering of any service free of charge or under a contract of personal service;
(43) ""spurious goods"" means such goods which are falsely claimed to be
genuine;
(44) ""State Commission"" means a State Consumer Disputes Redressal
Commission established under sub-section (1) of section 42;
(45) ""trader"", in relation to any goods, means a person who sells or distributes
any goods for sale and includes the manufacturer thereof, and where such goods are
sold or distributed in package form, includes the packer thereof;
(46) ""unfair contract"" means a contract between a manufacturer or trader or
service provider on one hand, and a consumer on the other, having such terms which",,
train,consumer_protection,7,What types of service providers are excluded from the definition of 'product service provider'?,"A service provider is excluded from the definition of 'product service provider' if they are a seller of immovable property, a provider of professional services in transactions where the sale or use of a product is only incidental, or a person who acts only in a financial capacity with respect to the sale of the product, is not a manufacturer, wholesaler, distributor, retailer, direct seller, or an electronic service provider, or leases a product without having a reasonable opportunity to inspect and discover defects in the product.",Not explicitly identified,"A service provider, but does not include— (a) a seller of immovable property, unless such person is engaged in the sale of constructed house or in the construction of homes or flats; (b) a provider of professional services in any transaction in which, the sale or use of a product is only incidental thereto, but furnishing of opinion, skill or services being the essence of such transaction;","SEC. 1] THE GAZETTE OF INDIA EXTRAORDINARY 7
(ii) a service provider,
but does not include—
(a) a seller of immovable property, unless such person is engaged in the
sale of constructed house or in the construction of homes or flats;
(b) a provider of professional services in any transaction in which, the
sale or use of a product is only incidental thereto, but furnishing of opinion, skill
or services being the essence of such transaction;
(c) a person who—
(I) acts only in a financial capacity with respect to the sale of the
product;
(II) is not a manufacturer, wholesaler, distributor, retailer, direct seller
or an electronic service provider;
(III) leases a product, without having a reasonable opportunity to
inspect and discover defects in the product, under a lease arrangement in
which the selection, possession, maintenance, and operation of the
product are controlled by a person other than the lessor;
(38) ""product service provider"", in relation to a product, means a person who
provides any service in respect of such product;
(39) ""regulations"" means the regulations made by the National Commission, or
as the case may be, the Central Authority;
(40) ""Regulator"" means a body or any authority established under any other
law for the time being in force;
(41) ""restrictive trade practice"" means a trade practice which tends to bring
about manipulation of price or its conditions of delivery or to affect flow of supplies in
the market relating to goods or services in such a manner as to impose on the consumers
unjustified costs or restrictions and shall include—
(i) delay beyond the period agreed to by a trader in supply of such goods
or in providing the services which has led or is likely to lead to rise in the price;
(ii) any trade practice which requires a consumer to buy, hire or avail of
any goods or, as the case may be, services as condition precedent for buying,
hiring or availing of other goods or services;
(42) ""service"" means service of any description which is made available to
potential users and includes, but not limited to, the provision of facilities in connection
with banking, financing, insurance, transport, processing, supply of electrical or other
energy, telecom, boarding or lodging or both, housing construction, entertainment,
amusement or the purveying of news or other information, but does not include the
rendering of any service free of charge or under a contract of personal service;
(43) ""spurious goods"" means such goods which are falsely claimed to be
genuine;
(44) ""State Commission"" means a State Consumer Disputes Redressal
Commission established under sub-section (1) of section 42;
(45) ""trader"", in relation to any goods, means a person who sells or distributes
any goods for sale and includes the manufacturer thereof, and where such goods are
sold or distributed in package form, includes the packer thereof;
(46) ""unfair contract"" means a contract between a manufacturer or trader or
service provider on one hand, and a consumer on the other, having such terms which",,
train,consumer_protection,7,What does the term 'spurious goods' refer to?,Spurious goods are such goods which are falsely claimed to be genuine.,43,"rge or under a contract of personal service; (43) ""spurious goods"" means such goods which are falsely claimed to be genuine;","SEC. 1] THE GAZETTE OF INDIA EXTRAORDINARY 7
(ii) a service provider,
but does not include—
(a) a seller of immovable property, unless such person is engaged in the
sale of constructed house or in the construction of homes or flats;
(b) a provider of professional services in any transaction in which, the
sale or use of a product is only incidental thereto, but furnishing of opinion, skill
or services being the essence of such transaction;
(c) a person who—
(I) acts only in a financial capacity with respect to the sale of the
product;
(II) is not a manufacturer, wholesaler, distributor, retailer, direct seller
or an electronic service provider;
(III) leases a product, without having a reasonable opportunity to
inspect and discover defects in the product, under a lease arrangement in
which the selection, possession, maintenance, and operation of the
product are controlled by a person other than the lessor;
(38) ""product service provider"", in relation to a product, means a person who
provides any service in respect of such product;
(39) ""regulations"" means the regulations made by the National Commission, or
as the case may be, the Central Authority;
(40) ""Regulator"" means a body or any authority established under any other
law for the time being in force;
(41) ""restrictive trade practice"" means a trade practice which tends to bring
about manipulation of price or its conditions of delivery or to affect flow of supplies in
the market relating to goods or services in such a manner as to impose on the consumers
unjustified costs or restrictions and shall include—
(i) delay beyond the period agreed to by a trader in supply of such goods
or in providing the services which has led or is likely to lead to rise in the price;
(ii) any trade practice which requires a consumer to buy, hire or avail of
any goods or, as the case may be, services as condition precedent for buying,
hiring or availing of other goods or services;
(42) ""service"" means service of any description which is made available to
potential users and includes, but not limited to, the provision of facilities in connection
with banking, financing, insurance, transport, processing, supply of electrical or other
energy, telecom, boarding or lodging or both, housing construction, entertainment,
amusement or the purveying of news or other information, but does not include the
rendering of any service free of charge or under a contract of personal service;
(43) ""spurious goods"" means such goods which are falsely claimed to be
genuine;
(44) ""State Commission"" means a State Consumer Disputes Redressal
Commission established under sub-section (1) of section 42;
(45) ""trader"", in relation to any goods, means a person who sells or distributes
any goods for sale and includes the manufacturer thereof, and where such goods are
sold or distributed in package form, includes the packer thereof;
(46) ""unfair contract"" means a contract between a manufacturer or trader or
service provider on one hand, and a consumer on the other, having such terms which",,
train,consumer_protection,27,Who presides over the National Commission in the absence of its President?,The senior-most person amongst such members presides over the National Commission in the absence of its President.,64,"or where the number of such members is more than one, the senior-most person amongst such members, shall preside over the National Commission in the absence of President of that Commission.","SEC. 1] THE GAZETTE OF INDIA EXTRAORDINARY 27
60. The National Commission shall have the power to review any of the order passed
by it if there is an error apparent on the face of the record, either of its own motion or on an
application made by any of the parties within thirty days of such order.
61. Where an order is passed by the National Commission ex parte, the aggrieved
party may make an application to the Commission for setting aside such order.
62. On the application of the complainant or of its own motion, the National Commission
may, at any stage of the proceeding, in the interest of justice, transfer any complaint pending
before the District Commission of one State to a District Commission of another State or
before one State Commission to another State Commission.
63. When the office of President of the National Commission is vacant or a person
occupying such office is, by reason of absence or otherwise, unable to perform the duties of
his office, these shall be performed by the senior-most member of the National Commission:
Provided that where a retired Judge of a High Court or a person who has been a
Judicial Member is a member of the National Commission, such member or where the number
of such members is more than one, the senior-most person amongst such members, shall
preside over the National Commission in the absence of President of that Commission.
64. No act or proceeding of the District Commission, the State Commission or the
National Commission shall be invalid by reason only of the existence of any vacancy amongst
its members or any defect in the constitution thereof.
65. (1) All notices, required by this Act to be served, shall be served by delivering or
transmitting a copy thereof by registered post acknowledgment due addressed to opposite
party against whom complaint is made or to the complainant by speed post or by such
courier service, approved by the District Commission, the State Commission or the National
Commission, as the case may be, or by any other mode of transmission of documents
including electronic means.
(2) Without prejudice to the provisions contained in sub-section (1), the notice required
by this Act may be served on an electronic service provider at the address provided by it on
the electronic platform from where it provides its services as such and for this purpose, the
electronic service provider shall designate a nodal officer to accept and process such notices.
(3) When an acknowledgment or any other receipt purporting to be signed by the
opposite party or his agent or, as the case may be, by the complainant is received by the
District Commission, the State Commission or the National Commission, as the case may be,
or postal article containing the notice is received back by such District Commission, State
Commission or the National Commission, with an endorsement purporting to have been
made by a postal employee or by any person authorised by the courier service to the effect
that the opposite party or his agent or complainant had refused to take delivery of the postal
article containing the notice or had refused to accept the notice by any other means specified
in sub-section (1) when tendered or transmitted to him, the District Commission or the State
Commission or the National Commission, as the case may be, shall declare that the notice
has been duly served on the opposite party or to the complainant, as the case may be:
Provided that where the notice was properly addressed, pre-paid and duly sent by
registered post acknowledgment due, a declaration referred to in this sub-section shall be
made notwithstanding the fact that the acknowledgment has been lost or misplaced, or for
any other reason, has not been received by the District Commission, the State Commission
or the National Commission, as the case may be, within thirty days from the date of issue of
notice.
Review by
National
Commission in
certain cases.
Power to set
aside ex parte
orders.
Transfer of
cases.
Vacancy in
office of
President of
National
Commission.
Vacancies or
defects in
appointment
not to
invalidate
orders.
Service of
notice, etc.",,
train,consumer_protection,27,What is the time frame within which an aggrieved party can apply to the National Commission to set aside an order?,An aggrieved party can apply to the National Commission to set aside an order within thirty days of such order.,61,"61. Where an order is passed by the National Commission ex parte, the aggrieved party may make an application to the Commission for setting aside such order.","SEC. 1] THE GAZETTE OF INDIA EXTRAORDINARY 27
60. The National Commission shall have the power to review any of the order passed
by it if there is an error apparent on the face of the record, either of its own motion or on an
application made by any of the parties within thirty days of such order.
61. Where an order is passed by the National Commission ex parte, the aggrieved
party may make an application to the Commission for setting aside such order.
62. On the application of the complainant or of its own motion, the National Commission
may, at any stage of the proceeding, in the interest of justice, transfer any complaint pending
before the District Commission of one State to a District Commission of another State or
before one State Commission to another State Commission.
63. When the office of President of the National Commission is vacant or a person
occupying such office is, by reason of absence or otherwise, unable to perform the duties of
his office, these shall be performed by the senior-most member of the National Commission:
Provided that where a retired Judge of a High Court or a person who has been a
Judicial Member is a member of the National Commission, such member or where the number
of such members is more than one, the senior-most person amongst such members, shall
preside over the National Commission in the absence of President of that Commission.
64. No act or proceeding of the District Commission, the State Commission or the
National Commission shall be invalid by reason only of the existence of any vacancy amongst
its members or any defect in the constitution thereof.
65. (1) All notices, required by this Act to be served, shall be served by delivering or
transmitting a copy thereof by registered post acknowledgment due addressed to opposite
party against whom complaint is made or to the complainant by speed post or by such
courier service, approved by the District Commission, the State Commission or the National
Commission, as the case may be, or by any other mode of transmission of documents
including electronic means.
(2) Without prejudice to the provisions contained in sub-section (1), the notice required
by this Act may be served on an electronic service provider at the address provided by it on
the electronic platform from where it provides its services as such and for this purpose, the
electronic service provider shall designate a nodal officer to accept and process such notices.
(3) When an acknowledgment or any other receipt purporting to be signed by the
opposite party or his agent or, as the case may be, by the complainant is received by the
District Commission, the State Commission or the National Commission, as the case may be,
or postal article containing the notice is received back by such District Commission, State
Commission or the National Commission, with an endorsement purporting to have been
made by a postal employee or by any person authorised by the courier service to the effect
that the opposite party or his agent or complainant had refused to take delivery of the postal
article containing the notice or had refused to accept the notice by any other means specified
in sub-section (1) when tendered or transmitted to him, the District Commission or the State
Commission or the National Commission, as the case may be, shall declare that the notice
has been duly served on the opposite party or to the complainant, as the case may be:
Provided that where the notice was properly addressed, pre-paid and duly sent by
registered post acknowledgment due, a declaration referred to in this sub-section shall be
made notwithstanding the fact that the acknowledgment has been lost or misplaced, or for
any other reason, has not been received by the District Commission, the State Commission
or the National Commission, as the case may be, within thirty days from the date of issue of
notice.
Review by
National
Commission in
certain cases.
Power to set
aside ex parte
orders.
Transfer of
cases.
Vacancy in
office of
President of
National
Commission.
Vacancies or
defects in
appointment
not to
invalidate
orders.
Service of
notice, etc.",,
train,consumer_protection,27,What is the timeframe within which the acknowledgment must be received by the relevant commission?,"The acknowledgment must be received by the District Commission, the State Commission or the National Commission within thirty days from the date of issue of notice.",Not explicitly identified,"hall be made notwithstanding the fact that the acknowledgment has been lost or misplaced, or for any other reason, has not been received by the District Commission, the State Commission or the National Commission, as the case may be, within thirty days from the date of issue of notice.","SEC. 1] THE GAZETTE OF INDIA EXTRAORDINARY 27
60. The National Commission shall have the power to review any of the order passed
by it if there is an error apparent on the face of the record, either of its own motion or on an
application made by any of the parties within thirty days of such order.
61. Where an order is passed by the National Commission ex parte, the aggrieved
party may make an application to the Commission for setting aside such order.
62. On the application of the complainant or of its own motion, the National Commission
may, at any stage of the proceeding, in the interest of justice, transfer any complaint pending
before the District Commission of one State to a District Commission of another State or
before one State Commission to another State Commission.
63. When the office of President of the National Commission is vacant or a person
occupying such office is, by reason of absence or otherwise, unable to perform the duties of
his office, these shall be performed by the senior-most member of the National Commission:
Provided that where a retired Judge of a High Court or a person who has been a
Judicial Member is a member of the National Commission, such member or where the number
of such members is more than one, the senior-most person amongst such members, shall
preside over the National Commission in the absence of President of that Commission.
64. No act or proceeding of the District Commission, the State Commission or the
National Commission shall be invalid by reason only of the existence of any vacancy amongst
its members or any defect in the constitution thereof.
65. (1) All notices, required by this Act to be served, shall be served by delivering or
transmitting a copy thereof by registered post acknowledgment due addressed to opposite
party against whom complaint is made or to the complainant by speed post or by such
courier service, approved by the District Commission, the State Commission or the National
Commission, as the case may be, or by any other mode of transmission of documents
including electronic means.
(2) Without prejudice to the provisions contained in sub-section (1), the notice required
by this Act may be served on an electronic service provider at the address provided by it on
the electronic platform from where it provides its services as such and for this purpose, the
electronic service provider shall designate a nodal officer to accept and process such notices.
(3) When an acknowledgment or any other receipt purporting to be signed by the
opposite party or his agent or, as the case may be, by the complainant is received by the
District Commission, the State Commission or the National Commission, as the case may be,
or postal article containing the notice is received back by such District Commission, State
Commission or the National Commission, with an endorsement purporting to have been
made by a postal employee or by any person authorised by the courier service to the effect
that the opposite party or his agent or complainant had refused to take delivery of the postal
article containing the notice or had refused to accept the notice by any other means specified
in sub-section (1) when tendered or transmitted to him, the District Commission or the State
Commission or the National Commission, as the case may be, shall declare that the notice
has been duly served on the opposite party or to the complainant, as the case may be:
Provided that where the notice was properly addressed, pre-paid and duly sent by
registered post acknowledgment due, a declaration referred to in this sub-section shall be
made notwithstanding the fact that the acknowledgment has been lost or misplaced, or for
any other reason, has not been received by the District Commission, the State Commission
or the National Commission, as the case may be, within thirty days from the date of issue of
notice.
Review by
National
Commission in
certain cases.
Power to set
aside ex parte
orders.
Transfer of
cases.
Vacancy in
office of
President of
National
Commission.
Vacancies or
defects in
appointment
not to
invalidate
orders.
Service of
notice, etc.",,
train,consumer_protection,27,What is the timeframe within which the acknowledgment must be received by the relevant commissions?,"The acknowledgment must be received by the District Commission, the State Commission or the National Commission within thirty days from the date of issue of notice.",Not explicitly identified,"hall be made notwithstanding the fact that the acknowledgment has been lost or misplaced, or for any other reason, has not been received by the District Commission, the State Commission or the National Commission, as the case may be, within thirty days from the date of issue of notice.","SEC. 1] THE GAZETTE OF INDIA EXTRAORDINARY 27
60. The National Commission shall have the power to review any of the order passed
by it if there is an error apparent on the face of the record, either of its own motion or on an
application made by any of the parties within thirty days of such order.
61. Where an order is passed by the National Commission ex parte, the aggrieved
party may make an application to the Commission for setting aside such order.
62. On the application of the complainant or of its own motion, the National Commission
may, at any stage of the proceeding, in the interest of justice, transfer any complaint pending
before the District Commission of one State to a District Commission of another State or
before one State Commission to another State Commission.
63. When the office of President of the National Commission is vacant or a person
occupying such office is, by reason of absence or otherwise, unable to perform the duties of
his office, these shall be performed by the senior-most member of the National Commission:
Provided that where a retired Judge of a High Court or a person who has been a
Judicial Member is a member of the National Commission, such member or where the number
of such members is more than one, the senior-most person amongst such members, shall
preside over the National Commission in the absence of President of that Commission.
64. No act or proceeding of the District Commission, the State Commission or the
National Commission shall be invalid by reason only of the existence of any vacancy amongst
its members or any defect in the constitution thereof.
65. (1) All notices, required by this Act to be served, shall be served by delivering or
transmitting a copy thereof by registered post acknowledgment due addressed to opposite
party against whom complaint is made or to the complainant by speed post or by such
courier service, approved by the District Commission, the State Commission or the National
Commission, as the case may be, or by any other mode of transmission of documents
including electronic means.
(2) Without prejudice to the provisions contained in sub-section (1), the notice required
by this Act may be served on an electronic service provider at the address provided by it on
the electronic platform from where it provides its services as such and for this purpose, the
electronic service provider shall designate a nodal officer to accept and process such notices.
(3) When an acknowledgment or any other receipt purporting to be signed by the
opposite party or his agent or, as the case may be, by the complainant is received by the
District Commission, the State Commission or the National Commission, as the case may be,
or postal article containing the notice is received back by such District Commission, State
Commission or the National Commission, with an endorsement purporting to have been
made by a postal employee or by any person authorised by the courier service to the effect
that the opposite party or his agent or complainant had refused to take delivery of the postal
article containing the notice or had refused to accept the notice by any other means specified
in sub-section (1) when tendered or transmitted to him, the District Commission or the State
Commission or the National Commission, as the case may be, shall declare that the notice
has been duly served on the opposite party or to the complainant, as the case may be:
Provided that where the notice was properly addressed, pre-paid and duly sent by
registered post acknowledgment due, a declaration referred to in this sub-section shall be
made notwithstanding the fact that the acknowledgment has been lost or misplaced, or for
any other reason, has not been received by the District Commission, the State Commission
or the National Commission, as the case may be, within thirty days from the date of issue of
notice.
Review by
National
Commission in
certain cases.
Power to set
aside ex parte
orders.
Transfer of
cases.
Vacancy in
office of
President of
National
Commission.
Vacancies or
defects in
appointment
not to
invalidate
orders.
Service of
notice, etc.",,
train,consumer_protection,18,What is the purpose of a 'recognised consumer association' as mentioned in the passage?,The purpose of a 'recognised consumer association' is to provide the benefit of all consumers interested.,Not explicitly identified,"r for the benefit of, all consumers so interested;","18 THE GAZETTE OF INDIA EXTRAORDINARY [P ART II—
(3) The District Commission shall ordinarily function in the district headquarters and
may perform its functions at such other place in the district, as the State Government may, in
consultation with the State Commission, notify in the Official Gazette from time to time.
35. (1) A complaint, in relation to any goods sold or delivered or agreed to be sold or
delivered or any service provided or agreed to be provided, may be filed with a District
Commission by—
(a) the consumer,—
(i) to whom such goods are sold or delivered or agreed to be sold or
delivered or such service is provided or agreed to be provided; or
(ii) who alleges unfair trade practice in respect of such goods or service;
(b) any recognised consumer association, whether the consumer to whom such
goods are sold or delivered or agreed to be sold or delivered or such service is provided
or agreed to be provided, or who alleges unfair trade practice in respect of such goods
or service, is a member of such association or not;
(c) one or more consumers, where there are numerous consumers having the
same interest, with the permission of the District Commission, on behalf of, or for the
benefit of, all consumers so interested; or
(d) the Central Government, the Central Authority or the State Government, as
the case may be:
Provided that the complaint under this sub-section may be filed electronically in such
manner as may be prescribed.
Explanation. —For the purposes of this sub-section, ""recognised consumer
association"" means any voluntary consumer association registered under any law for the
time being in force.
(2) Every complaint filed under sub-section (1) shall be accompanied with such fee
and payable in such manner, including electronic form, as may be prescribed.
36. (1) Every proceeding before the District Commission shall be conducted by the
President of that Commission and atleast one member thereof, sitting together:
Provided that where a member, for any reason, is unable to conduct a proceeding till it
is completed, the President and the other member shall continue the proceeding from the
stage at which it was last heard by the previous member.
(2) On receipt of a complaint made under section 35, the District Commission may, by
order, admit the complaint for being proceeded with or reject the same:
Provided that a complaint shall not be rejected under this section unless an opportunity
of being heard has been given to the complainant:
Provided further that the admissibility of the complaint shall ordinarily be decided
within twenty-one days from the date on which the complaint was filed.
(3) Where the District Commission does not decide the issue of admissibility of the
complaint within the period so specified, it shall be deemed to have been admitted.
37. (1) At the first hearing of the complaint after its admission, or at any later stage, if
it appears to the District Commission that there exists elements of a settlement which may be
acceptable to the parties, except in such cases as may be prescribed, it may direct the parties
to give in writing, within five days, consent to have their dispute settled by mediation in
accordance with the provisions of Chapter V .
(2) Where the parties agree for settlement by mediation and give their consent in
writing, the District Commission shall, within five days of receipt of such consent, refer the
Manner in
which
complaint
shall be made.
Proceedings
before
District
Commission.
Reference to
mediation.",,
train,consumer_protection,18,What is the timeframe within which the District Commission must decide on the admissibility of a complaint?,The District Commission must decide on the admissibility of the complaint within twenty-one days from the date on which the complaint was filed.,3,Provided further that the admissibility of the complaint shall ordinarily be decided within twenty-one days from the date on which the complaint was filed.,"18 THE GAZETTE OF INDIA EXTRAORDINARY [P ART II—
(3) The District Commission shall ordinarily function in the district headquarters and
may perform its functions at such other place in the district, as the State Government may, in
consultation with the State Commission, notify in the Official Gazette from time to time.
35. (1) A complaint, in relation to any goods sold or delivered or agreed to be sold or
delivered or any service provided or agreed to be provided, may be filed with a District
Commission by—
(a) the consumer,—
(i) to whom such goods are sold or delivered or agreed to be sold or
delivered or such service is provided or agreed to be provided; or
(ii) who alleges unfair trade practice in respect of such goods or service;
(b) any recognised consumer association, whether the consumer to whom such
goods are sold or delivered or agreed to be sold or delivered or such service is provided
or agreed to be provided, or who alleges unfair trade practice in respect of such goods
or service, is a member of such association or not;
(c) one or more consumers, where there are numerous consumers having the
same interest, with the permission of the District Commission, on behalf of, or for the
benefit of, all consumers so interested; or
(d) the Central Government, the Central Authority or the State Government, as
the case may be:
Provided that the complaint under this sub-section may be filed electronically in such
manner as may be prescribed.
Explanation. —For the purposes of this sub-section, ""recognised consumer
association"" means any voluntary consumer association registered under any law for the
time being in force.
(2) Every complaint filed under sub-section (1) shall be accompanied with such fee
and payable in such manner, including electronic form, as may be prescribed.
36. (1) Every proceeding before the District Commission shall be conducted by the
President of that Commission and atleast one member thereof, sitting together:
Provided that where a member, for any reason, is unable to conduct a proceeding till it
is completed, the President and the other member shall continue the proceeding from the
stage at which it was last heard by the previous member.
(2) On receipt of a complaint made under section 35, the District Commission may, by
order, admit the complaint for being proceeded with or reject the same:
Provided that a complaint shall not be rejected under this section unless an opportunity
of being heard has been given to the complainant:
Provided further that the admissibility of the complaint shall ordinarily be decided
within twenty-one days from the date on which the complaint was filed.
(3) Where the District Commission does not decide the issue of admissibility of the
complaint within the period so specified, it shall be deemed to have been admitted.
37. (1) At the first hearing of the complaint after its admission, or at any later stage, if
it appears to the District Commission that there exists elements of a settlement which may be
acceptable to the parties, except in such cases as may be prescribed, it may direct the parties
to give in writing, within five days, consent to have their dispute settled by mediation in
accordance with the provisions of Chapter V .
(2) Where the parties agree for settlement by mediation and give their consent in
writing, the District Commission shall, within five days of receipt of such consent, refer the
Manner in
which
complaint
shall be made.
Proceedings
before
District
Commission.
Reference to
mediation.",,
train,consumer_protection,18,What is the purpose of the 'recognised consumer association' mentioned in the passage?,The purpose of the 'recognised consumer association' is to provide benefits to all consumers interested.,Not explicitly identified,"r for the benefit of, all consumers so interested;","18 THE GAZETTE OF INDIA EXTRAORDINARY [P ART II—
(3) The District Commission shall ordinarily function in the district headquarters and
may perform its functions at such other place in the district, as the State Government may, in
consultation with the State Commission, notify in the Official Gazette from time to time.
35. (1) A complaint, in relation to any goods sold or delivered or agreed to be sold or
delivered or any service provided or agreed to be provided, may be filed with a District
Commission by—
(a) the consumer,—
(i) to whom such goods are sold or delivered or agreed to be sold or
delivered or such service is provided or agreed to be provided; or
(ii) who alleges unfair trade practice in respect of such goods or service;
(b) any recognised consumer association, whether the consumer to whom such
goods are sold or delivered or agreed to be sold or delivered or such service is provided
or agreed to be provided, or who alleges unfair trade practice in respect of such goods
or service, is a member of such association or not;
(c) one or more consumers, where there are numerous consumers having the
same interest, with the permission of the District Commission, on behalf of, or for the
benefit of, all consumers so interested; or
(d) the Central Government, the Central Authority or the State Government, as
the case may be:
Provided that the complaint under this sub-section may be filed electronically in such
manner as may be prescribed.
Explanation. —For the purposes of this sub-section, ""recognised consumer
association"" means any voluntary consumer association registered under any law for the
time being in force.
(2) Every complaint filed under sub-section (1) shall be accompanied with such fee
and payable in such manner, including electronic form, as may be prescribed.
36. (1) Every proceeding before the District Commission shall be conducted by the
President of that Commission and atleast one member thereof, sitting together:
Provided that where a member, for any reason, is unable to conduct a proceeding till it
is completed, the President and the other member shall continue the proceeding from the
stage at which it was last heard by the previous member.
(2) On receipt of a complaint made under section 35, the District Commission may, by
order, admit the complaint for being proceeded with or reject the same:
Provided that a complaint shall not be rejected under this section unless an opportunity
of being heard has been given to the complainant:
Provided further that the admissibility of the complaint shall ordinarily be decided
within twenty-one days from the date on which the complaint was filed.
(3) Where the District Commission does not decide the issue of admissibility of the
complaint within the period so specified, it shall be deemed to have been admitted.
37. (1) At the first hearing of the complaint after its admission, or at any later stage, if
it appears to the District Commission that there exists elements of a settlement which may be
acceptable to the parties, except in such cases as may be prescribed, it may direct the parties
to give in writing, within five days, consent to have their dispute settled by mediation in
accordance with the provisions of Chapter V .
(2) Where the parties agree for settlement by mediation and give their consent in
writing, the District Commission shall, within five days of receipt of such consent, refer the
Manner in
which
complaint
shall be made.
Proceedings
before
District
Commission.
Reference to
mediation.",,
train,consumer_protection,8,What type of representation is prohibited by the passage?,"Making a representation in a form that purports to be a warranty or guarantee of a product or of any goods or services, or a promise to replace, maintain or repair an article or any part thereof or to repeat or continue a service until it has achieved a specified result is prohibited.",Not explicitly identified,"of such defence shall lie on the person raising such defence; (h) makes to the public a representation in a form that purports to be— (A) a warranty or guarantee of a product or of any goods or services; or (B) a promise to replace, maintain or repair an article or any part thereof or to repeat or continue a service until it has achieved a specified result,","8 THE GAZETTE OF INDIA EXTRAORDINARY [P ART II—
cause significant change in the rights of such consumer, including the following,
namely:—
(i) requiring manifestly excessive security deposits to be given by a
consumer for the performance of contractual obligations; or
(ii) imposing any penalty on the consumer, for the breach of contract
thereof which is wholly disproportionate to the loss occurred due to such breach
to the other party to the contract; or
(iii) refusing to accept early repayment of debts on payment of applicable
penalty; or
(iv) entitling a party to the contract to terminate such contract unilaterally,
without reasonable cause; or
(v) permitting or has the effect of permitting one party to assign the contract
to the detriment of the other party who is a consumer, without his consent; or
(vi) imposing on the consumer any unreasonable charge, obligation or
condition which puts such consumer to disadvantage;
(47) ""unfair trade practice"" means a trade practice which, for the purpose of
promoting the sale, use or supply of any goods or for the provision of any service,
adopts any unfair method or unfair or deceptive practice including any of the following
practices, namely:—
(i) making any statement, whether orally or in writing or by visible
representation including by means of electronic record, which—
(a) falsely represents that the goods are of a particular standard,
quality, quantity, grade, composition, style or model;
(b) falsely represents that the services are of a particular standard,
quality or grade;
(c) falsely represents any re-built, second-hand, renovated,
reconditioned or old goods as new goods;
(d) represents that the goods or services have sponsorship, approval,
performance, characteristics, accessories, uses or benefits which such
goods or services do not have;
(e) represents that the seller or the supplier has a sponsorship or
approval or affiliation which such seller or supplier does not have;
(f) makes a false or misleading representation concerning the need
for, or the usefulness of, any goods or services;
(g) gives to the public any warranty or guarantee of the performance,
efficacy or length of life of a product or of any goods that is not based on
an adequate or proper test thereof:
Provided that where a defence is raised to the effect that such
warranty or guarantee is based on adequate or proper test, the burden of
proof of such defence shall lie on the person raising such defence;
(h) makes to the public a representation in a form that purports to
be—
(A) a warranty or guarantee of a product or of any goods or
services; or
(B) a promise to replace, maintain or repair an article or any
part thereof or to repeat or continue a service until it has achieved a
specified result,",,
train,consumer_protection,8,What type of representation is prohibited under the law?,"Making a representation in a form that purports to be a warranty or guarantee of a product or of any goods or services, or a promise to replace, maintain or repair an article or any part thereof or to repeat or continue a service until it has achieved a specified result is prohibited.",Not explicitly identified,"of such defence shall lie on the person raising such defence; (h) makes to the public a representation in a form that purports to be— (A) a warranty or guarantee of a product or of any goods or services; or (B) a promise to replace, maintain or repair an article or any part thereof or to repeat or continue a service until it has achieved a specified result","8 THE GAZETTE OF INDIA EXTRAORDINARY [P ART II—
cause significant change in the rights of such consumer, including the following,
namely:—
(i) requiring manifestly excessive security deposits to be given by a
consumer for the performance of contractual obligations; or
(ii) imposing any penalty on the consumer, for the breach of contract
thereof which is wholly disproportionate to the loss occurred due to such breach
to the other party to the contract; or
(iii) refusing to accept early repayment of debts on payment of applicable
penalty; or
(iv) entitling a party to the contract to terminate such contract unilaterally,
without reasonable cause; or
(v) permitting or has the effect of permitting one party to assign the contract
to the detriment of the other party who is a consumer, without his consent; or
(vi) imposing on the consumer any unreasonable charge, obligation or
condition which puts such consumer to disadvantage;
(47) ""unfair trade practice"" means a trade practice which, for the purpose of
promoting the sale, use or supply of any goods or for the provision of any service,
adopts any unfair method or unfair or deceptive practice including any of the following
practices, namely:—
(i) making any statement, whether orally or in writing or by visible
representation including by means of electronic record, which—
(a) falsely represents that the goods are of a particular standard,
quality, quantity, grade, composition, style or model;
(b) falsely represents that the services are of a particular standard,
quality or grade;
(c) falsely represents any re-built, second-hand, renovated,
reconditioned or old goods as new goods;
(d) represents that the goods or services have sponsorship, approval,
performance, characteristics, accessories, uses or benefits which such
goods or services do not have;
(e) represents that the seller or the supplier has a sponsorship or
approval or affiliation which such seller or supplier does not have;
(f) makes a false or misleading representation concerning the need
for, or the usefulness of, any goods or services;
(g) gives to the public any warranty or guarantee of the performance,
efficacy or length of life of a product or of any goods that is not based on
an adequate or proper test thereof:
Provided that where a defence is raised to the effect that such
warranty or guarantee is based on adequate or proper test, the burden of
proof of such defence shall lie on the person raising such defence;
(h) makes to the public a representation in a form that purports to
be—
(A) a warranty or guarantee of a product or of any goods or
services; or
(B) a promise to replace, maintain or repair an article or any
part thereof or to repeat or continue a service until it has achieved a
specified result,",,
train,consumer_protection,8,What does the passage define as false representations regarding goods and services?,"The passage defines false representations as statements that falsely represent the goods or services in various ways, such as their standard, quality, grade, characteristics, or benefits, or falsely claim sponsorship, approval, or affiliation.",Not explicitly identified,"ly:— (i) making any statement, whether orally or in writing or by visible representation including by means of electronic record, which— (a) falsely represents that the goods are of a particular standard, quality, quantity, grade, composition, style or model;","8 THE GAZETTE OF INDIA EXTRAORDINARY [P ART II—
cause significant change in the rights of such consumer, including the following,
namely:—
(i) requiring manifestly excessive security deposits to be given by a
consumer for the performance of contractual obligations; or
(ii) imposing any penalty on the consumer, for the breach of contract
thereof which is wholly disproportionate to the loss occurred due to such breach
to the other party to the contract; or
(iii) refusing to accept early repayment of debts on payment of applicable
penalty; or
(iv) entitling a party to the contract to terminate such contract unilaterally,
without reasonable cause; or
(v) permitting or has the effect of permitting one party to assign the contract
to the detriment of the other party who is a consumer, without his consent; or
(vi) imposing on the consumer any unreasonable charge, obligation or
condition which puts such consumer to disadvantage;
(47) ""unfair trade practice"" means a trade practice which, for the purpose of
promoting the sale, use or supply of any goods or for the provision of any service,
adopts any unfair method or unfair or deceptive practice including any of the following
practices, namely:—
(i) making any statement, whether orally or in writing or by visible
representation including by means of electronic record, which—
(a) falsely represents that the goods are of a particular standard,
quality, quantity, grade, composition, style or model;
(b) falsely represents that the services are of a particular standard,
quality or grade;
(c) falsely represents any re-built, second-hand, renovated,
reconditioned or old goods as new goods;
(d) represents that the goods or services have sponsorship, approval,
performance, characteristics, accessories, uses or benefits which such
goods or services do not have;
(e) represents that the seller or the supplier has a sponsorship or
approval or affiliation which such seller or supplier does not have;
(f) makes a false or misleading representation concerning the need
for, or the usefulness of, any goods or services;
(g) gives to the public any warranty or guarantee of the performance,
efficacy or length of life of a product or of any goods that is not based on
an adequate or proper test thereof:
Provided that where a defence is raised to the effect that such
warranty or guarantee is based on adequate or proper test, the burden of
proof of such defence shall lie on the person raising such defence;
(h) makes to the public a representation in a form that purports to
be—
(A) a warranty or guarantee of a product or of any goods or
services; or
(B) a promise to replace, maintain or repair an article or any
part thereof or to repeat or continue a service until it has achieved a
specified result,",,
train,consumer_protection,29,"What are the penalties for non-compliance with orders issued by the District Commission, State Commission, and National Commission?",Penalties for non-compliance of order,Not explicitly identified,"ement of orders of District Commission, State Commission and National Commission. Penalty for non- compliance of order.","SEC. 1] THE GAZETTE OF INDIA EXTRAORDINARY 29
(d) overseeing the functioning of the State Commission or the District
Commission either by way of inspection or by any other means, as the National
Commission may like to order from time to time, to ensure that the objects and purposes
of the Act are best served and the standards set by the National Commission are
implemented without interfering with their quasi-judicial freedom.
(2) There shall be a monitoring cell to be constituted by the President of the National
Commission to oversee the functioning of the State Commissions from the administrative
point of view.
(3) The State Commission shall have administrative control over all the District
Commissions within its jurisdiction in all matters referred to in sub-section (1).
(4) The National Commission and the State Commissions shall furnish to the Central
Government periodically or as and when required, any information including the pendency
of cases in such form and manner as may be prescribed.
(5) The State Commission shall furnish, periodically or as and when required to the
State Government any information including pendency of cases in such form and manner as
may be prescribed.
71. Every order made by a District Commission, State Commission or the National
Commission shall be enforced by it in the same manner as if it were a decree made by a Court
in a suit before it and the provisions of Order XXI of the First Schedule to the Code of Civil
Procedure, 1908 shall, as far as may be, applicable, subject to the modification that every
reference therein to the decree shall be construed as reference to the order made under this
Act.
72. (1) Whoever fails to comply with any order made by the District Commission or the
State Commission or the National Commission, as the case may be, shall be punishable with
imprisonment for a term which shall not be less than one month, but which may extend to
three years, or with fine, which shall not be less than twenty-five thousand rupees, but
which may extend to one lakh rupees, or with both.
(2) Notwithstanding anything contained in the Code of Criminal Procedure, 1973, the
District Commission, the State Commission or the National Commission, as the case may be,
shall have the power of a Judicial Magistrate of first class for the trial of offences under
sub-section (1), and on conferment of such powers, the District Commission or the State
Commission or the National Commission, as the case may be, shall be deemed to be a Judicial
Magistrate of first class for the purposes of the Code of Criminal Procedure, 1973.
(3) Save as otherwise provided, the offences under sub-section ( 1) shall be tried
summarily by the District Commission or the State Commission or the National Commission,
as the case may be.
73. (1) Notwithstanding anything contained in the Code of Criminal Procedure, 1973,
where an order is passed under sub-section ( 1) of section 72, an appeal shall lie, both on
facts and on law from—
(a) the order made by the District Commission to the State Commission;
(b) the order made by the State Commission to the National Commission; and
(c) the order made by the National Commission to the Supreme Court.
 (2) Except as provided in sub-section (1), no appeal shall lie before any court, from
any order of a District Commission or a State Commission or the National Commission, as the
case may be.
(3) Every appeal under this section shall be preferred within a period of thirty days
from the date of order of a District Commission or a State Commission or the National
Commission, as the case may be:
Enforcement
of orders of
District
Commission,
State
Commission
and National
Commission.
Penalty for
non-
compliance of
order.
Appeal against
order passed
under section 72.
5 of 1908.
2 of 1974.
2 of 1974.",,
train,consumer_protection,29,"What is the jurisdiction of the District Commission, State Commission, and National Commission under the Code of Criminal Procedure, 1973?","The District Commission, State Commission, and National Commission are deemed to be a Judicial Magistrate of first class for the purposes of the Code of Criminal Procedure, 1973.",Not explicitly identified,"sion or the State Commission or the National Commission, as the case may be, shall be deemed to be a Judicial Magistrate of first class for the purposes of the Code of Criminal Procedure, 1973.","SEC. 1] THE GAZETTE OF INDIA EXTRAORDINARY 29
(d) overseeing the functioning of the State Commission or the District
Commission either by way of inspection or by any other means, as the National
Commission may like to order from time to time, to ensure that the objects and purposes
of the Act are best served and the standards set by the National Commission are
implemented without interfering with their quasi-judicial freedom.
(2) There shall be a monitoring cell to be constituted by the President of the National
Commission to oversee the functioning of the State Commissions from the administrative
point of view.
(3) The State Commission shall have administrative control over all the District
Commissions within its jurisdiction in all matters referred to in sub-section (1).
(4) The National Commission and the State Commissions shall furnish to the Central
Government periodically or as and when required, any information including the pendency
of cases in such form and manner as may be prescribed.
(5) The State Commission shall furnish, periodically or as and when required to the
State Government any information including pendency of cases in such form and manner as
may be prescribed.
71. Every order made by a District Commission, State Commission or the National
Commission shall be enforced by it in the same manner as if it were a decree made by a Court
in a suit before it and the provisions of Order XXI of the First Schedule to the Code of Civil
Procedure, 1908 shall, as far as may be, applicable, subject to the modification that every
reference therein to the decree shall be construed as reference to the order made under this
Act.
72. (1) Whoever fails to comply with any order made by the District Commission or the
State Commission or the National Commission, as the case may be, shall be punishable with
imprisonment for a term which shall not be less than one month, but which may extend to
three years, or with fine, which shall not be less than twenty-five thousand rupees, but
which may extend to one lakh rupees, or with both.
(2) Notwithstanding anything contained in the Code of Criminal Procedure, 1973, the
District Commission, the State Commission or the National Commission, as the case may be,
shall have the power of a Judicial Magistrate of first class for the trial of offences under
sub-section (1), and on conferment of such powers, the District Commission or the State
Commission or the National Commission, as the case may be, shall be deemed to be a Judicial
Magistrate of first class for the purposes of the Code of Criminal Procedure, 1973.
(3) Save as otherwise provided, the offences under sub-section ( 1) shall be tried
summarily by the District Commission or the State Commission or the National Commission,
as the case may be.
73. (1) Notwithstanding anything contained in the Code of Criminal Procedure, 1973,
where an order is passed under sub-section ( 1) of section 72, an appeal shall lie, both on
facts and on law from—
(a) the order made by the District Commission to the State Commission;
(b) the order made by the State Commission to the National Commission; and
(c) the order made by the National Commission to the Supreme Court.
 (2) Except as provided in sub-section (1), no appeal shall lie before any court, from
any order of a District Commission or a State Commission or the National Commission, as the
case may be.
(3) Every appeal under this section shall be preferred within a period of thirty days
from the date of order of a District Commission or a State Commission or the National
Commission, as the case may be:
Enforcement
of orders of
District
Commission,
State
Commission
and National
Commission.
Penalty for
non-
compliance of
order.
Appeal against
order passed
under section 72.
5 of 1908.
2 of 1974.
2 of 1974.",,
train,consumer_protection,29,What is the role of the monitoring cell constituted by the President of the National Commission?,The monitoring cell is to oversee the functioning of the State Commissions from the administrative point of view.,SEC. 1],"SEC. 1] THE GAZETTE OF INDIA EXTRAORDINARY 29 (d) overseeing the functioning of the State Commission or the District Commission either by way of inspection or by any other means, as the National Commission may like to order from time to time, to ensure that the objects and purposes of the Act are best served and the standards set by the National Commission are implemented without interfering with their quasi-judicial freedom. (2) There shall be a monitoring cell to be constituted by the President of the National Commission to oversee the functioning of the State Commissions from the administrative point of view.","SEC. 1] THE GAZETTE OF INDIA EXTRAORDINARY 29
(d) overseeing the functioning of the State Commission or the District
Commission either by way of inspection or by any other means, as the National
Commission may like to order from time to time, to ensure that the objects and purposes
of the Act are best served and the standards set by the National Commission are
implemented without interfering with their quasi-judicial freedom.
(2) There shall be a monitoring cell to be constituted by the President of the National
Commission to oversee the functioning of the State Commissions from the administrative
point of view.
(3) The State Commission shall have administrative control over all the District
Commissions within its jurisdiction in all matters referred to in sub-section (1).
(4) The National Commission and the State Commissions shall furnish to the Central
Government periodically or as and when required, any information including the pendency
of cases in such form and manner as may be prescribed.
(5) The State Commission shall furnish, periodically or as and when required to the
State Government any information including pendency of cases in such form and manner as
may be prescribed.
71. Every order made by a District Commission, State Commission or the National
Commission shall be enforced by it in the same manner as if it were a decree made by a Court
in a suit before it and the provisions of Order XXI of the First Schedule to the Code of Civil
Procedure, 1908 shall, as far as may be, applicable, subject to the modification that every
reference therein to the decree shall be construed as reference to the order made under this
Act.
72. (1) Whoever fails to comply with any order made by the District Commission or the
State Commission or the National Commission, as the case may be, shall be punishable with
imprisonment for a term which shall not be less than one month, but which may extend to
three years, or with fine, which shall not be less than twenty-five thousand rupees, but
which may extend to one lakh rupees, or with both.
(2) Notwithstanding anything contained in the Code of Criminal Procedure, 1973, the
District Commission, the State Commission or the National Commission, as the case may be,
shall have the power of a Judicial Magistrate of first class for the trial of offences under
sub-section (1), and on conferment of such powers, the District Commission or the State
Commission or the National Commission, as the case may be, shall be deemed to be a Judicial
Magistrate of first class for the purposes of the Code of Criminal Procedure, 1973.
(3) Save as otherwise provided, the offences under sub-section ( 1) shall be tried
summarily by the District Commission or the State Commission or the National Commission,
as the case may be.
73. (1) Notwithstanding anything contained in the Code of Criminal Procedure, 1973,
where an order is passed under sub-section ( 1) of section 72, an appeal shall lie, both on
facts and on law from—
(a) the order made by the District Commission to the State Commission;
(b) the order made by the State Commission to the National Commission; and
(c) the order made by the National Commission to the Supreme Court.
 (2) Except as provided in sub-section (1), no appeal shall lie before any court, from
any order of a District Commission or a State Commission or the National Commission, as the
case may be.
(3) Every appeal under this section shall be preferred within a period of thirty days
from the date of order of a District Commission or a State Commission or the National
Commission, as the case may be:
Enforcement
of orders of
District
Commission,
State
Commission
and National
Commission.
Penalty for
non-
compliance of
order.
Appeal against
order passed
under section 72.
5 of 1908.
2 of 1974.
2 of 1974.",,
train,consumer_protection,29,"What is the jurisdiction of the District Commission, State Commission, or National Commission under the Code of Criminal Procedure, 1973?","The jurisdiction of the District Commission, State Commission, or National Commission under the Code of Criminal Procedure, 1973 is that they are deemed to be a Judicial Magistrate of first class for the purposes of the Code of Criminal Procedure, 1973.",Not explicitly identified,"sion or the State Commission or the National Commission, as the case may be, shall be deemed to be a Judicial Magistrate of first class for the purposes of the Code of Criminal Procedure, 1973.","SEC. 1] THE GAZETTE OF INDIA EXTRAORDINARY 29
(d) overseeing the functioning of the State Commission or the District
Commission either by way of inspection or by any other means, as the National
Commission may like to order from time to time, to ensure that the objects and purposes
of the Act are best served and the standards set by the National Commission are
implemented without interfering with their quasi-judicial freedom.
(2) There shall be a monitoring cell to be constituted by the President of the National
Commission to oversee the functioning of the State Commissions from the administrative
point of view.
(3) The State Commission shall have administrative control over all the District
Commissions within its jurisdiction in all matters referred to in sub-section (1).
(4) The National Commission and the State Commissions shall furnish to the Central
Government periodically or as and when required, any information including the pendency
of cases in such form and manner as may be prescribed.
(5) The State Commission shall furnish, periodically or as and when required to the
State Government any information including pendency of cases in such form and manner as
may be prescribed.
71. Every order made by a District Commission, State Commission or the National
Commission shall be enforced by it in the same manner as if it were a decree made by a Court
in a suit before it and the provisions of Order XXI of the First Schedule to the Code of Civil
Procedure, 1908 shall, as far as may be, applicable, subject to the modification that every
reference therein to the decree shall be construed as reference to the order made under this
Act.
72. (1) Whoever fails to comply with any order made by the District Commission or the
State Commission or the National Commission, as the case may be, shall be punishable with
imprisonment for a term which shall not be less than one month, but which may extend to
three years, or with fine, which shall not be less than twenty-five thousand rupees, but
which may extend to one lakh rupees, or with both.
(2) Notwithstanding anything contained in the Code of Criminal Procedure, 1973, the
District Commission, the State Commission or the National Commission, as the case may be,
shall have the power of a Judicial Magistrate of first class for the trial of offences under
sub-section (1), and on conferment of such powers, the District Commission or the State
Commission or the National Commission, as the case may be, shall be deemed to be a Judicial
Magistrate of first class for the purposes of the Code of Criminal Procedure, 1973.
(3) Save as otherwise provided, the offences under sub-section ( 1) shall be tried
summarily by the District Commission or the State Commission or the National Commission,
as the case may be.
73. (1) Notwithstanding anything contained in the Code of Criminal Procedure, 1973,
where an order is passed under sub-section ( 1) of section 72, an appeal shall lie, both on
facts and on law from—
(a) the order made by the District Commission to the State Commission;
(b) the order made by the State Commission to the National Commission; and
(c) the order made by the National Commission to the Supreme Court.
 (2) Except as provided in sub-section (1), no appeal shall lie before any court, from
any order of a District Commission or a State Commission or the National Commission, as the
case may be.
(3) Every appeal under this section shall be preferred within a period of thirty days
from the date of order of a District Commission or a State Commission or the National
Commission, as the case may be:
Enforcement
of orders of
District
Commission,
State
Commission
and National
Commission.
Penalty for
non-
compliance of
order.
Appeal against
order passed
under section 72.
5 of 1908.
2 of 1974.
2 of 1974.",,
train,consumer_protection,25,What is the maximum age limit for the President of the National Commission?,The maximum age limit for the President of the National Commission is 70 years.,Not explicitly identified,the age of seventy years;,"SEC. 1] THE GAZETTE OF INDIA EXTRAORDINARY 25
Provided that nothing in this sub-section shall be deemed to take away or abridge the
power of the National Commission to hear, for reasons to be recorded in writing, the appeal
on any other substantial question of law, if it is satisfied that the case involves such question
of law.
(5) An appeal may lie to the National Commission under this section from an order
passed ex parte by the State Commission.
52. An appeal filed before the State Commission or the National Commission, as the
case may be, shall be heard as expeditiously as possible and every endeavour shall be made
to dispose of the appeal within a period of ninety days from the date of its admission:
Provided that no adjournment shall ordinarily be granted by the State Commission or
the National Commission, as the case may be, unless sufficient cause is shown and the
reasons for grant of adjournment have been recorded in writing by such Commission:
Provided further that the State Commission or the National Commission, as the case
may be, shall make such orders as to the costs occasioned by the adjournment, as may be
specified by regulations:
Provided also that in the event of an appeal being disposed of after the period so
specified, the State Commission or the National Commission, as the case may be, shall
record in writing the reasons for the same at the time of disposing of the said appeal.
53. (1) The Central Government shall, by notification, establish a National Consumer
Disputes Redressal Commission, to be known as the National Commission.
(2) The National Commission shall ordinarily function at the National Capital Region
and perform its functions at such other places as the Central Government may in consultation
with the National Commission notify in the Official Gazette:
Provided that the Central Government may, by notification, establish regional Benches
of the National Commission, at such places, as it deems fit.
54. The National Commission shall consist of—
(a) a President; and
(b) not less than four and not more than such number of members as may be
prescribed.
55. ( 1) The Central Government may, by notification, make rules to provide for
qualifications, appointment, term of office, salaries and allowances, resignation, removal
and other terms and conditions of service of the President and members of the National
Commission:
Provided that the President and members of the National Commission shall hold office
for such term as specified in the rules made by the Central Government but not exceeding
five years from the date on which he enters upon his office and shall be eligible for
re-appointment:
Provided further that no President or members shall hold office as such after he has
attained such age as specified in the rules made by the Central Government which shall not
exceed,—
(a) in the case of the President, the age of seventy years;
(b) in the case of any other member, the age of sixty-seven years.
(2) Neither the salary and allowances nor the other terms and conditions of service of
President and members of the National Commission shall be varied to his disadvantage after
his appointment.
Hearing of
appeal.
Establishment
of National
Consumer
Disputes
Redressal
Commission.
Composition
of National
Commission.
Qualifications,
etc., of
President and
members of
National
Commission.",,
train,consumer_protection,25,What is the maximum time limit for disposing of an appeal filed before the State Commission or the National Commission?,Every endeavour shall be made to dispose of the appeal within a period of ninety days from the date of its admission.,52,"52. An appeal filed before the State Commission or the National Commission, as the case may be, shall be heard as expeditiously as possible and every endeavour shall be made to dispose of the appeal within a period of ninety days from the date of its admission:","SEC. 1] THE GAZETTE OF INDIA EXTRAORDINARY 25
Provided that nothing in this sub-section shall be deemed to take away or abridge the
power of the National Commission to hear, for reasons to be recorded in writing, the appeal
on any other substantial question of law, if it is satisfied that the case involves such question
of law.
(5) An appeal may lie to the National Commission under this section from an order
passed ex parte by the State Commission.
52. An appeal filed before the State Commission or the National Commission, as the
case may be, shall be heard as expeditiously as possible and every endeavour shall be made
to dispose of the appeal within a period of ninety days from the date of its admission:
Provided that no adjournment shall ordinarily be granted by the State Commission or
the National Commission, as the case may be, unless sufficient cause is shown and the
reasons for grant of adjournment have been recorded in writing by such Commission:
Provided further that the State Commission or the National Commission, as the case
may be, shall make such orders as to the costs occasioned by the adjournment, as may be
specified by regulations:
Provided also that in the event of an appeal being disposed of after the period so
specified, the State Commission or the National Commission, as the case may be, shall
record in writing the reasons for the same at the time of disposing of the said appeal.
53. (1) The Central Government shall, by notification, establish a National Consumer
Disputes Redressal Commission, to be known as the National Commission.
(2) The National Commission shall ordinarily function at the National Capital Region
and perform its functions at such other places as the Central Government may in consultation
with the National Commission notify in the Official Gazette:
Provided that the Central Government may, by notification, establish regional Benches
of the National Commission, at such places, as it deems fit.
54. The National Commission shall consist of—
(a) a President; and
(b) not less than four and not more than such number of members as may be
prescribed.
55. ( 1) The Central Government may, by notification, make rules to provide for
qualifications, appointment, term of office, salaries and allowances, resignation, removal
and other terms and conditions of service of the President and members of the National
Commission:
Provided that the President and members of the National Commission shall hold office
for such term as specified in the rules made by the Central Government but not exceeding
five years from the date on which he enters upon his office and shall be eligible for
re-appointment:
Provided further that no President or members shall hold office as such after he has
attained such age as specified in the rules made by the Central Government which shall not
exceed,—
(a) in the case of the President, the age of seventy years;
(b) in the case of any other member, the age of sixty-seven years.
(2) Neither the salary and allowances nor the other terms and conditions of service of
President and members of the National Commission shall be varied to his disadvantage after
his appointment.
Hearing of
appeal.
Establishment
of National
Consumer
Disputes
Redressal
Commission.
Composition
of National
Commission.
Qualifications,
etc., of
President and
members of
National
Commission.",,
train,consumer_protection,25,What is the purpose of the National Commission established by the Central Government?,"The purpose of the National Commission is to establish a National Consumer Disputes Redressal Commission, to be known as the National Commission, by notification.",53(1),"53. (1) The Central Government shall, by notification, establish a National Consumer Disputes Redressal Commission, to be known as the National Commission.","SEC. 1] THE GAZETTE OF INDIA EXTRAORDINARY 25
Provided that nothing in this sub-section shall be deemed to take away or abridge the
power of the National Commission to hear, for reasons to be recorded in writing, the appeal
on any other substantial question of law, if it is satisfied that the case involves such question
of law.
(5) An appeal may lie to the National Commission under this section from an order
passed ex parte by the State Commission.
52. An appeal filed before the State Commission or the National Commission, as the
case may be, shall be heard as expeditiously as possible and every endeavour shall be made
to dispose of the appeal within a period of ninety days from the date of its admission:
Provided that no adjournment shall ordinarily be granted by the State Commission or
the National Commission, as the case may be, unless sufficient cause is shown and the
reasons for grant of adjournment have been recorded in writing by such Commission:
Provided further that the State Commission or the National Commission, as the case
may be, shall make such orders as to the costs occasioned by the adjournment, as may be
specified by regulations:
Provided also that in the event of an appeal being disposed of after the period so
specified, the State Commission or the National Commission, as the case may be, shall
record in writing the reasons for the same at the time of disposing of the said appeal.
53. (1) The Central Government shall, by notification, establish a National Consumer
Disputes Redressal Commission, to be known as the National Commission.
(2) The National Commission shall ordinarily function at the National Capital Region
and perform its functions at such other places as the Central Government may in consultation
with the National Commission notify in the Official Gazette:
Provided that the Central Government may, by notification, establish regional Benches
of the National Commission, at such places, as it deems fit.
54. The National Commission shall consist of—
(a) a President; and
(b) not less than four and not more than such number of members as may be
prescribed.
55. ( 1) The Central Government may, by notification, make rules to provide for
qualifications, appointment, term of office, salaries and allowances, resignation, removal
and other terms and conditions of service of the President and members of the National
Commission:
Provided that the President and members of the National Commission shall hold office
for such term as specified in the rules made by the Central Government but not exceeding
five years from the date on which he enters upon his office and shall be eligible for
re-appointment:
Provided further that no President or members shall hold office as such after he has
attained such age as specified in the rules made by the Central Government which shall not
exceed,—
(a) in the case of the President, the age of seventy years;
(b) in the case of any other member, the age of sixty-seven years.
(2) Neither the salary and allowances nor the other terms and conditions of service of
President and members of the National Commission shall be varied to his disadvantage after
his appointment.
Hearing of
appeal.
Establishment
of National
Consumer
Disputes
Redressal
Commission.
Composition
of National
Commission.
Qualifications,
etc., of
President and
members of
National
Commission.",,
train,consumer_protection,6,What does the term 'person' include under the consumer protection law?,"A person includes an individual, a firm whether registered or not, a Hindu undivided family, a co-operative society, an association of persons whether registered under the Societies Registration Act, 1860 or not, any corporation, company or a body of individuals whether incorporated or not, and any artificial juridical person, not falling within any of the preceding sub-clauses.",31,"31) ""person"" includes— (i) an individual; (ii) a firm whether registered or not; (iii) a Hindu undivided family; (iv) a co-operative society; (v) an association of persons whether registered under the Societies Registration Act, 1860 or not; (vi) any corporation, company or a body of individuals whether incorporated or not; (vii) any artificial juridical person, not falling within any of the preceding sub-clauses;","6 THE GAZETTE OF INDIA EXTRAORDINARY [P ART II—
(30) ""notification"" means a notification published in the Official Gazette and the
term ""notify"" shall be construed accordingly;
(31) ""person"" includes—
(i) an individual;
(ii) a firm whether registered or not;
(iii) a Hindu undivided family;
(iv) a co-operative society;
(v) an association of persons whether registered under the Societies
Registration Act, 1860 or not;
(vi) any corporation, company or a body of individuals whether
incorporated or not;
(vii) any artificial juridical person, not falling within any of the preceding
sub-clauses;
(32) ""prescribed"" means prescribed by rules made by the Central Government,
or, as the case may be, the State Government;
(33) ""product"" means any article or goods or substance or raw material or any
extended cycle of such product, which may be in gaseous, liquid, or solid state
possessing intrinsic value which is capable of delivery either as wholly assembled or
as a component part and is produced for introduction to trade or commerce, but does
not include human tissues, blood, blood products and organs;
(34) ""product liability"" means the responsibility of a product manufacturer or
product seller, of any product or service, to compensate for any harm caused to a
consumer by such defective product manufactured or sold or by deficiency in services
relating thereto;
(35) ""product liability action"" means a complaint filed by a person before a
District Commission or State Commission or National Commission, as the case may be,
for claiming compensation for the harm caused to him;
(36) ""product manufacturer"" means a person who—
(i) makes any product or parts thereof; or
(ii) assembles parts thereof made by others; or
(iii) puts or causes to be put his own mark on any products made by any
other person; or
(iv) makes a product and sells, distributes, leases, installs, prepares,
packages, labels, markets, repairs, maintains such product or is otherwise involved
in placing such product for commercial purpose; or
(v) designs, produces, fabricates, constructs or re-manufactures any
product before its sale; or
(vi) being a product seller of a product, is also a manufacturer of such
product;
(37) ""product seller"", in relation to a product, means a person who, in the course
of business, imports, sells, distributes, leases, installs, prepares, packages, labels,
markets, repairs, maintains, or otherwise is involved in placing such product for
commercial purpose and includes—
(i) a manufacturer who is also a product seller; or
21 of 1860.",,
train,consumer_protection,16,What is the maximum time frame within which a person can file an appeal against an order of the Central Authority?,A person aggrieved by any order passed by the Central Authority under sections 20 and 21 may file an appeal to the National Commission within a period of thirty days from the date of receipt of such order.,24,24. A person aggrieved by any order passed by the Central Authority under sections 20 and 21 may file an appeal to the National Commission within a period of thirty days from the date of receipt of such order.,"16 THE GAZETTE OF INDIA EXTRAORDINARY [P ART II—
23. The Central Government may, if it considers necessary, by notification, designate
any statutory authority or body to exercise the powers and perform the functions of the
Central Authority referred to in section 10.
24. A person aggrieved by any order passed by the Central Authority under
sections 20 and 21 may file an appeal to the National Commission within a period of thirty
days from the date of receipt of such order.
25. The Central Government may, after due appropriation made by Parliament by law in
this behalf, make to the Central Authority grants of such sums of money as that Government
may think fit for being utilised for the purposes of this Act.
26. (1) The Central Authority shall maintain proper accounts and other relevant records
and prepare an annual statement of accounts in such form and manner as may be prescribed
in consultation with the Comptroller and Auditor-General of India.
(2) The accounts of the Central Authority shall be audited by the Comptroller and
Auditor-General of India at such intervals as may be specified by him and any expenditure
incurred in connection with such audit shall be payable by the Central Authority to the
Comptroller and Auditor-General of India.
(3) The Comptroller and Auditor-General of India or any other person appointed by
him in connection with the audit of the accounts of the Central Authority shall have the same
rights, privileges and authority in connection with such audit as the Comptroller and
Auditor-General of India generally has, in connection with the audit of the Government
accounts and, in particular, shall have the right to demand the production of  books, accounts,
connected vouchers and other documents and papers and to inspect any of the offices of
the Central Authority.
(4) The accounts of the Central Authority as certified by the Comptroller and
Auditor-General of India or any other person appointed by him in this behalf together with
the audit report thereon shall be forwarded annually to the Central Government which shall
cause the same to be laid before each House of Parliament.
27. (1) The Central Authority shall prepare once in every year, in such form, manner
and at such time as may be prescribed, an annual report giving full account of its activities
during the previous year and such other reports and returns, as may be directed, and copies
of such report and returns shall be forwarded to the Central Government.
(2) A copy of the annual report received under sub-section (1) shall be laid, as soon as
may be after it is received, before each House of Parliament.
CHAPTER IV
CONSUMER DISPUTES REDRESSAL COMMISSION
28. (1) The State Government shall, by notification, establish a District Consumer
Disputes Redressal Commission, to be known as the District Commission, in each district of
the State:
Provided that the State Government may, if it deems fit, establish more than one
District Commission in a district.
(2) Each District Commission shall consist of—
(a) a President; and
(b) not less than two and not more than such number of members as may be
prescribed, in consultation with the Central Government.
Designation
of any
statutory
authority or
body to
function as
Central
Authority.
Appeal.
Grants by
Central
Government.
Accounts and
audit.
Furnishing of
annual
reports, etc.
Establishment
of District
Consumer
Disputes
Redressal
Commission.",,
train,consumer_protection,16,What is the purpose of forwarding copies of the report and returns to the Central Government?,Copies of such report and returns shall be forwarded to the Central Government.,Not explicitly identified,copies of such report and returns shall be forwarded to the Central Government.,"16 THE GAZETTE OF INDIA EXTRAORDINARY [P ART II—
23. The Central Government may, if it considers necessary, by notification, designate
any statutory authority or body to exercise the powers and perform the functions of the
Central Authority referred to in section 10.
24. A person aggrieved by any order passed by the Central Authority under
sections 20 and 21 may file an appeal to the National Commission within a period of thirty
days from the date of receipt of such order.
25. The Central Government may, after due appropriation made by Parliament by law in
this behalf, make to the Central Authority grants of such sums of money as that Government
may think fit for being utilised for the purposes of this Act.
26. (1) The Central Authority shall maintain proper accounts and other relevant records
and prepare an annual statement of accounts in such form and manner as may be prescribed
in consultation with the Comptroller and Auditor-General of India.
(2) The accounts of the Central Authority shall be audited by the Comptroller and
Auditor-General of India at such intervals as may be specified by him and any expenditure
incurred in connection with such audit shall be payable by the Central Authority to the
Comptroller and Auditor-General of India.
(3) The Comptroller and Auditor-General of India or any other person appointed by
him in connection with the audit of the accounts of the Central Authority shall have the same
rights, privileges and authority in connection with such audit as the Comptroller and
Auditor-General of India generally has, in connection with the audit of the Government
accounts and, in particular, shall have the right to demand the production of  books, accounts,
connected vouchers and other documents and papers and to inspect any of the offices of
the Central Authority.
(4) The accounts of the Central Authority as certified by the Comptroller and
Auditor-General of India or any other person appointed by him in this behalf together with
the audit report thereon shall be forwarded annually to the Central Government which shall
cause the same to be laid before each House of Parliament.
27. (1) The Central Authority shall prepare once in every year, in such form, manner
and at such time as may be prescribed, an annual report giving full account of its activities
during the previous year and such other reports and returns, as may be directed, and copies
of such report and returns shall be forwarded to the Central Government.
(2) A copy of the annual report received under sub-section (1) shall be laid, as soon as
may be after it is received, before each House of Parliament.
CHAPTER IV
CONSUMER DISPUTES REDRESSAL COMMISSION
28. (1) The State Government shall, by notification, establish a District Consumer
Disputes Redressal Commission, to be known as the District Commission, in each district of
the State:
Provided that the State Government may, if it deems fit, establish more than one
District Commission in a district.
(2) Each District Commission shall consist of—
(a) a President; and
(b) not less than two and not more than such number of members as may be
prescribed, in consultation with the Central Government.
Designation
of any
statutory
authority or
body to
function as
Central
Authority.
Appeal.
Grants by
Central
Government.
Accounts and
audit.
Furnishing of
annual
reports, etc.
Establishment
of District
Consumer
Disputes
Redressal
Commission.",,
train,consumer_protection,16,What is the purpose of the Central Authority as described in the passage?,The Central Authority shall maintain proper accounts and other relevant records and prepare an annual statement of accounts in such form and manner as may be prescribed in consultation with the Comptroller and Auditor-General of India.,26. (1),26. (1) The Central Authority shall maintain proper accounts and other relevant records and prepare an annual statement of accounts in such form and manner as may be prescribed in consultation with the Comptroller and Auditor-General of India.,"16 THE GAZETTE OF INDIA EXTRAORDINARY [P ART II—
23. The Central Government may, if it considers necessary, by notification, designate
any statutory authority or body to exercise the powers and perform the functions of the
Central Authority referred to in section 10.
24. A person aggrieved by any order passed by the Central Authority under
sections 20 and 21 may file an appeal to the National Commission within a period of thirty
days from the date of receipt of such order.
25. The Central Government may, after due appropriation made by Parliament by law in
this behalf, make to the Central Authority grants of such sums of money as that Government
may think fit for being utilised for the purposes of this Act.
26. (1) The Central Authority shall maintain proper accounts and other relevant records
and prepare an annual statement of accounts in such form and manner as may be prescribed
in consultation with the Comptroller and Auditor-General of India.
(2) The accounts of the Central Authority shall be audited by the Comptroller and
Auditor-General of India at such intervals as may be specified by him and any expenditure
incurred in connection with such audit shall be payable by the Central Authority to the
Comptroller and Auditor-General of India.
(3) The Comptroller and Auditor-General of India or any other person appointed by
him in connection with the audit of the accounts of the Central Authority shall have the same
rights, privileges and authority in connection with such audit as the Comptroller and
Auditor-General of India generally has, in connection with the audit of the Government
accounts and, in particular, shall have the right to demand the production of  books, accounts,
connected vouchers and other documents and papers and to inspect any of the offices of
the Central Authority.
(4) The accounts of the Central Authority as certified by the Comptroller and
Auditor-General of India or any other person appointed by him in this behalf together with
the audit report thereon shall be forwarded annually to the Central Government which shall
cause the same to be laid before each House of Parliament.
27. (1) The Central Authority shall prepare once in every year, in such form, manner
and at such time as may be prescribed, an annual report giving full account of its activities
during the previous year and such other reports and returns, as may be directed, and copies
of such report and returns shall be forwarded to the Central Government.
(2) A copy of the annual report received under sub-section (1) shall be laid, as soon as
may be after it is received, before each House of Parliament.
CHAPTER IV
CONSUMER DISPUTES REDRESSAL COMMISSION
28. (1) The State Government shall, by notification, establish a District Consumer
Disputes Redressal Commission, to be known as the District Commission, in each district of
the State:
Provided that the State Government may, if it deems fit, establish more than one
District Commission in a district.
(2) Each District Commission shall consist of—
(a) a President; and
(b) not less than two and not more than such number of members as may be
prescribed, in consultation with the Central Government.
Designation
of any
statutory
authority or
body to
function as
Central
Authority.
Appeal.
Grants by
Central
Government.
Accounts and
audit.
Furnishing of
annual
reports, etc.
Establishment
of District
Consumer
Disputes
Redressal
Commission.",,
train,consumer_protection,12,What is the purpose of not invalidating proceedings of the Central Authority?,The purpose is to not invalidate proceedings of the Central Authority.,Not explicitly identified,"ncy, etc., not to invalidate proceedings of Central Authority.","12 THE GAZETTE OF INDIA EXTRAORDINARY [P ART II—
(3) The headquarters of the Central Authority shall be at such place in the National
Capital Region of Delhi, and it shall have regional and other offices in any other place in
India as the Central Government may decide.
11. The Central Government may, by notification, make rules to provide for the
qualifications for appointment, method of recruitment, procedure for appointment, term of
office, salaries and allowances, resignation, removal and other terms and conditions of the
service of the Chief Commissioner and Commissioners of the Central Authority.
12. No act or proceeding of the Central Authority shall be invalid merely by reason of—
(a) any vacancy in, or any defect in the constitution of, the Central Authority; or
(b) any defect in the appointment of a person acting as the Chief Commissioner
or as a Commissioner; or
(c) any irregularity in the procedure of the Central Authority not affecting the
merits of the case.
13. (1) The Central Government shall provide the Central Authority such number of
officers and other employees as it considers necessary for the efficient performance of its
functions under this Act.
(2) The salaries and allowances payable to, and the other terms and conditions of
service of, the officers and other employees of the Central Authority appointed under this
Act shall be such as may be prescribed.
(3) The Central Authority may engage, in accordance with the procedure specified by
regulations, such number of experts and professionals of integrity and ability, who have
special knowledge and experience in the areas of consumer rights and welfare, consumer
policy, law, medicine, food safety, health, engineering, product safety, commerce, economics,
public affairs or administration, as it deems necessary to assist it in the discharge of its
functions under this Act.
14. (1) The Central Authority shall regulate the procedure for transaction of its business
and allocation of its business amongst the Chief Commissioner and Commissioners as may
be specified by regulations.
(2) The Chief Commissioner shall have the powers of general superintendence, direction
and control in respect of all administrative matters of the Central Authority:
Provided that the Chief Commissioner may delegate such of his powers relating to
administrative matters of the Central Authority, as he may think fit, to any Commissioner
(including Commissioner of a regional office) or any other officer of the Central Authority.
15. (1) The Central Authority shall have an Investigation Wing headed by a Director-
General for the purpose of conducting inquiry or investigation under this Act as may be
directed by the Central Authority.
(2) The Central Government may appoint a Director-General and such number of
Additional Director-General, Director, Joint Director, Deputy Director and Assistant Director,
from amongst persons who have experience in investigation and possess such qualifications,
in such manner, as may be prescribed.
(3) Every Additional Director-General, Director, Joint Director, Deputy Director and
Assistant Director shall exercise his powers, and discharge his functions, subject to the
general control, supervision and direction of the Director-General.
(4) The Director-General may delegate all or any of his powers to the Additional
Director-General or Director, Joint Director or Deputy Director or Assistant Director, as the
case may be, while conducting inquiries or investigations under this Act.
Qualifications,
method of
recruitment,
etc., of Chief
Commissioner
and
Commissioners.
Vacancy, etc.,
not to
invalidate
proceedings
of Central
Authority.
Appointment
of officers,
experts,
professionals
and other
employees of
Central
Authority.
Procedure of
Central
Authority.
Investigation
Wing.",,
train,consumer_protection,12,What is the purpose of the Central Government's rules regarding the qualifications and terms of service for the Central Authority?,"The Central Government may, by notification, make rules to provide for the qualifications for appointment, method of recruitment, procedure for appointment, term of office, salaries and allowances, resignation, removal and other terms and conditions of the service of the Chief Commissioner and Commissioners of the Central Authority.",11,"11. The Central Government may, by notification, make rules to provide for the qualifications for appointment, method of recruitment, procedure for appointment, term of office, salaries and allowances, resignation, removal and other terms and conditions of the service of the Chief Commissioner and Commissioners of the Central Authority.","12 THE GAZETTE OF INDIA EXTRAORDINARY [P ART II—
(3) The headquarters of the Central Authority shall be at such place in the National
Capital Region of Delhi, and it shall have regional and other offices in any other place in
India as the Central Government may decide.
11. The Central Government may, by notification, make rules to provide for the
qualifications for appointment, method of recruitment, procedure for appointment, term of
office, salaries and allowances, resignation, removal and other terms and conditions of the
service of the Chief Commissioner and Commissioners of the Central Authority.
12. No act or proceeding of the Central Authority shall be invalid merely by reason of—
(a) any vacancy in, or any defect in the constitution of, the Central Authority; or
(b) any defect in the appointment of a person acting as the Chief Commissioner
or as a Commissioner; or
(c) any irregularity in the procedure of the Central Authority not affecting the
merits of the case.
13. (1) The Central Government shall provide the Central Authority such number of
officers and other employees as it considers necessary for the efficient performance of its
functions under this Act.
(2) The salaries and allowances payable to, and the other terms and conditions of
service of, the officers and other employees of the Central Authority appointed under this
Act shall be such as may be prescribed.
(3) The Central Authority may engage, in accordance with the procedure specified by
regulations, such number of experts and professionals of integrity and ability, who have
special knowledge and experience in the areas of consumer rights and welfare, consumer
policy, law, medicine, food safety, health, engineering, product safety, commerce, economics,
public affairs or administration, as it deems necessary to assist it in the discharge of its
functions under this Act.
14. (1) The Central Authority shall regulate the procedure for transaction of its business
and allocation of its business amongst the Chief Commissioner and Commissioners as may
be specified by regulations.
(2) The Chief Commissioner shall have the powers of general superintendence, direction
and control in respect of all administrative matters of the Central Authority:
Provided that the Chief Commissioner may delegate such of his powers relating to
administrative matters of the Central Authority, as he may think fit, to any Commissioner
(including Commissioner of a regional office) or any other officer of the Central Authority.
15. (1) The Central Authority shall have an Investigation Wing headed by a Director-
General for the purpose of conducting inquiry or investigation under this Act as may be
directed by the Central Authority.
(2) The Central Government may appoint a Director-General and such number of
Additional Director-General, Director, Joint Director, Deputy Director and Assistant Director,
from amongst persons who have experience in investigation and possess such qualifications,
in such manner, as may be prescribed.
(3) Every Additional Director-General, Director, Joint Director, Deputy Director and
Assistant Director shall exercise his powers, and discharge his functions, subject to the
general control, supervision and direction of the Director-General.
(4) The Director-General may delegate all or any of his powers to the Additional
Director-General or Director, Joint Director or Deputy Director or Assistant Director, as the
case may be, while conducting inquiries or investigations under this Act.
Qualifications,
method of
recruitment,
etc., of Chief
Commissioner
and
Commissioners.
Vacancy, etc.,
not to
invalidate
proceedings
of Central
Authority.
Appointment
of officers,
experts,
professionals
and other
employees of
Central
Authority.
Procedure of
Central
Authority.
Investigation
Wing.",,
train,consumer_protection,12,Who can appoint a Director-General and additional officers for the Investigation Wing?,"The Central Government can appoint a Director-General and such number of Additional Director-General, Director, Joint Director, Deputy Director and Assistant Director.",15. (2),"The Central Government may appoint a Director-General and such number of Additional Director-General, Director, Joint Director, Deputy Director and Assistant Director, from amongst persons who have experience in investigation and possess such qualifications, in such manner, as may be prescribed.","12 THE GAZETTE OF INDIA EXTRAORDINARY [P ART II—
(3) The headquarters of the Central Authority shall be at such place in the National
Capital Region of Delhi, and it shall have regional and other offices in any other place in
India as the Central Government may decide.
11. The Central Government may, by notification, make rules to provide for the
qualifications for appointment, method of recruitment, procedure for appointment, term of
office, salaries and allowances, resignation, removal and other terms and conditions of the
service of the Chief Commissioner and Commissioners of the Central Authority.
12. No act or proceeding of the Central Authority shall be invalid merely by reason of—
(a) any vacancy in, or any defect in the constitution of, the Central Authority; or
(b) any defect in the appointment of a person acting as the Chief Commissioner
or as a Commissioner; or
(c) any irregularity in the procedure of the Central Authority not affecting the
merits of the case.
13. (1) The Central Government shall provide the Central Authority such number of
officers and other employees as it considers necessary for the efficient performance of its
functions under this Act.
(2) The salaries and allowances payable to, and the other terms and conditions of
service of, the officers and other employees of the Central Authority appointed under this
Act shall be such as may be prescribed.
(3) The Central Authority may engage, in accordance with the procedure specified by
regulations, such number of experts and professionals of integrity and ability, who have
special knowledge and experience in the areas of consumer rights and welfare, consumer
policy, law, medicine, food safety, health, engineering, product safety, commerce, economics,
public affairs or administration, as it deems necessary to assist it in the discharge of its
functions under this Act.
14. (1) The Central Authority shall regulate the procedure for transaction of its business
and allocation of its business amongst the Chief Commissioner and Commissioners as may
be specified by regulations.
(2) The Chief Commissioner shall have the powers of general superintendence, direction
and control in respect of all administrative matters of the Central Authority:
Provided that the Chief Commissioner may delegate such of his powers relating to
administrative matters of the Central Authority, as he may think fit, to any Commissioner
(including Commissioner of a regional office) or any other officer of the Central Authority.
15. (1) The Central Authority shall have an Investigation Wing headed by a Director-
General for the purpose of conducting inquiry or investigation under this Act as may be
directed by the Central Authority.
(2) The Central Government may appoint a Director-General and such number of
Additional Director-General, Director, Joint Director, Deputy Director and Assistant Director,
from amongst persons who have experience in investigation and possess such qualifications,
in such manner, as may be prescribed.
(3) Every Additional Director-General, Director, Joint Director, Deputy Director and
Assistant Director shall exercise his powers, and discharge his functions, subject to the
general control, supervision and direction of the Director-General.
(4) The Director-General may delegate all or any of his powers to the Additional
Director-General or Director, Joint Director or Deputy Director or Assistant Director, as the
case may be, while conducting inquiries or investigations under this Act.
Qualifications,
method of
recruitment,
etc., of Chief
Commissioner
and
Commissioners.
Vacancy, etc.,
not to
invalidate
proceedings
of Central
Authority.
Appointment
of officers,
experts,
professionals
and other
employees of
Central
Authority.
Procedure of
Central
Authority.
Investigation
Wing.",,
train,consumer_protection,12,What are the powers that the Chief Commissioner can delegate to the Commissioners?,"The Chief Commissioner may delegate such of his powers relating to administrative matters of the Central Authority, as he may think fit, to a",14(2),"The Chief Commissioner shall have the powers of general superintendence, direction and control in respect of all administrative matters of the Central Authority: Provided that the Chief Commissioner may delegate such of his powers relating to administrative matters of the Central Authority, as he may think fit, to a","12 THE GAZETTE OF INDIA EXTRAORDINARY [P ART II—
(3) The headquarters of the Central Authority shall be at such place in the National
Capital Region of Delhi, and it shall have regional and other offices in any other place in
India as the Central Government may decide.
11. The Central Government may, by notification, make rules to provide for the
qualifications for appointment, method of recruitment, procedure for appointment, term of
office, salaries and allowances, resignation, removal and other terms and conditions of the
service of the Chief Commissioner and Commissioners of the Central Authority.
12. No act or proceeding of the Central Authority shall be invalid merely by reason of—
(a) any vacancy in, or any defect in the constitution of, the Central Authority; or
(b) any defect in the appointment of a person acting as the Chief Commissioner
or as a Commissioner; or
(c) any irregularity in the procedure of the Central Authority not affecting the
merits of the case.
13. (1) The Central Government shall provide the Central Authority such number of
officers and other employees as it considers necessary for the efficient performance of its
functions under this Act.
(2) The salaries and allowances payable to, and the other terms and conditions of
service of, the officers and other employees of the Central Authority appointed under this
Act shall be such as may be prescribed.
(3) The Central Authority may engage, in accordance with the procedure specified by
regulations, such number of experts and professionals of integrity and ability, who have
special knowledge and experience in the areas of consumer rights and welfare, consumer
policy, law, medicine, food safety, health, engineering, product safety, commerce, economics,
public affairs or administration, as it deems necessary to assist it in the discharge of its
functions under this Act.
14. (1) The Central Authority shall regulate the procedure for transaction of its business
and allocation of its business amongst the Chief Commissioner and Commissioners as may
be specified by regulations.
(2) The Chief Commissioner shall have the powers of general superintendence, direction
and control in respect of all administrative matters of the Central Authority:
Provided that the Chief Commissioner may delegate such of his powers relating to
administrative matters of the Central Authority, as he may think fit, to any Commissioner
(including Commissioner of a regional office) or any other officer of the Central Authority.
15. (1) The Central Authority shall have an Investigation Wing headed by a Director-
General for the purpose of conducting inquiry or investigation under this Act as may be
directed by the Central Authority.
(2) The Central Government may appoint a Director-General and such number of
Additional Director-General, Director, Joint Director, Deputy Director and Assistant Director,
from amongst persons who have experience in investigation and possess such qualifications,
in such manner, as may be prescribed.
(3) Every Additional Director-General, Director, Joint Director, Deputy Director and
Assistant Director shall exercise his powers, and discharge his functions, subject to the
general control, supervision and direction of the Director-General.
(4) The Director-General may delegate all or any of his powers to the Additional
Director-General or Director, Joint Director or Deputy Director or Assistant Director, as the
case may be, while conducting inquiries or investigations under this Act.
Qualifications,
method of
recruitment,
etc., of Chief
Commissioner
and
Commissioners.
Vacancy, etc.,
not to
invalidate
proceedings
of Central
Authority.
Appointment
of officers,
experts,
professionals
and other
employees of
Central
Authority.
Procedure of
Central
Authority.
Investigation
Wing.",,
train,consumer_protection,12,What is the purpose of the Central Authority's headquarters?,The headquarters of the Central Authority shall be at such place in the National Capital Region of Delhi.,Article 12,"THE GAZETTE OF INDIA EXTRAORDINARY [P ART II— (3) The headquarters of the Central Authority shall be at such place in the National Capital Region of Delhi, and it shall have regional and other offices in any other place in India as the Central Government may decide.","12 THE GAZETTE OF INDIA EXTRAORDINARY [P ART II—
(3) The headquarters of the Central Authority shall be at such place in the National
Capital Region of Delhi, and it shall have regional and other offices in any other place in
India as the Central Government may decide.
11. The Central Government may, by notification, make rules to provide for the
qualifications for appointment, method of recruitment, procedure for appointment, term of
office, salaries and allowances, resignation, removal and other terms and conditions of the
service of the Chief Commissioner and Commissioners of the Central Authority.
12. No act or proceeding of the Central Authority shall be invalid merely by reason of—
(a) any vacancy in, or any defect in the constitution of, the Central Authority; or
(b) any defect in the appointment of a person acting as the Chief Commissioner
or as a Commissioner; or
(c) any irregularity in the procedure of the Central Authority not affecting the
merits of the case.
13. (1) The Central Government shall provide the Central Authority such number of
officers and other employees as it considers necessary for the efficient performance of its
functions under this Act.
(2) The salaries and allowances payable to, and the other terms and conditions of
service of, the officers and other employees of the Central Authority appointed under this
Act shall be such as may be prescribed.
(3) The Central Authority may engage, in accordance with the procedure specified by
regulations, such number of experts and professionals of integrity and ability, who have
special knowledge and experience in the areas of consumer rights and welfare, consumer
policy, law, medicine, food safety, health, engineering, product safety, commerce, economics,
public affairs or administration, as it deems necessary to assist it in the discharge of its
functions under this Act.
14. (1) The Central Authority shall regulate the procedure for transaction of its business
and allocation of its business amongst the Chief Commissioner and Commissioners as may
be specified by regulations.
(2) The Chief Commissioner shall have the powers of general superintendence, direction
and control in respect of all administrative matters of the Central Authority:
Provided that the Chief Commissioner may delegate such of his powers relating to
administrative matters of the Central Authority, as he may think fit, to any Commissioner
(including Commissioner of a regional office) or any other officer of the Central Authority.
15. (1) The Central Authority shall have an Investigation Wing headed by a Director-
General for the purpose of conducting inquiry or investigation under this Act as may be
directed by the Central Authority.
(2) The Central Government may appoint a Director-General and such number of
Additional Director-General, Director, Joint Director, Deputy Director and Assistant Director,
from amongst persons who have experience in investigation and possess such qualifications,
in such manner, as may be prescribed.
(3) Every Additional Director-General, Director, Joint Director, Deputy Director and
Assistant Director shall exercise his powers, and discharge his functions, subject to the
general control, supervision and direction of the Director-General.
(4) The Director-General may delegate all or any of his powers to the Additional
Director-General or Director, Joint Director or Deputy Director or Assistant Director, as the
case may be, while conducting inquiries or investigations under this Act.
Qualifications,
method of
recruitment,
etc., of Chief
Commissioner
and
Commissioners.
Vacancy, etc.,
not to
invalidate
proceedings
of Central
Authority.
Appointment
of officers,
experts,
professionals
and other
employees of
Central
Authority.
Procedure of
Central
Authority.
Investigation
Wing.",,
train,consumer_protection,28,What is the condition for a person to have their appeal by a National Commission order entertained by the Supreme Court?,A person who is required to pay any amount in terms of an order of the National Commission shall have their appeal entertained by the Supreme Court if they have deposited fifty per cent. of that amount in the manner as may be prescribed.,Not explicitly identified,in that period: Provided further that no appeal by a person who is required to pay any amount in terms of an order of the National Commission shall be entertained by the Supreme Court unless that person has deposited fifty per cent. of that amount in the manner as may be prescribed.,"28 THE GAZETTE OF INDIA EXTRAORDINARY [P ART II—
(4) All notices required to be served on an opposite party or to complainant, as the
case may be, shall be deemed to be sufficiently served, if addressed in the case of the
opposite party, to the place where business or profession is carried on, and in case of the
complainant, the place where such person actually and voluntarily resides.
66. Where the National Commission or the State Commission, as the case may be, on
an application by a complainant or otherwise, is of the opinion that it involves the larger
interest of consumers, it may direct any individual or organisation or expert to assist the
National Commission or the State Commission, as the case may be.
67. Any person, aggrieved by an order made by the National Commission in exercise
of its powers conferred by sub-clause (i) or (ii) of clause (a) of sub-section (1) of section 58,
may prefer an appeal against such order to the Supreme Court within a period of thirty days
from the date of the order:
Provided that the Supreme Court may entertain an appeal after the expiry of the said
period of thirty days if it is satisfied that there was sufficient cause for not filing it within that
period:
Provided further that no appeal by a person who is required to pay any amount in
terms of an order of the National Commission shall be entertained by the Supreme Court
unless that person has deposited fifty per cent. of that amount in the manner as may be
prescribed.
68. Every order of a District Commission or the State Commission or the National
Commission, as the case may be, shall, if no appeal has been preferred against such order
under the provisions of this Act, be final.
69. (1) The District Commission, the State Commission or the National Commission
shall not admit a complaint unless it is filed within two years from the date on which the
cause of action has arisen.
(2) Notwithstanding anything contained in sub-section ( 1), a complaint may be
entertained after the period specified in sub-section ( 1), if the complainant satisfies the
District Commission, the State Commission or the National Commission, as the case may be,
that he had sufficient cause for not filing the complaint within such period:
Provided that no such complaint shall be entertained unless the District Commission
or the State Commission or the National Commission, as the case may be, records its reasons
for condoning such delay.
70. (1) The National Commission shall have the authority to lay down such adequate
standards in consultation with the Central Government from time to time, for better protection
of the interests of consumers and for that purpose, shall have administrative control over all
the State Commissions in the following matters, namely:—
(a) monitoring performance of the State Commissions in terms of their disposal
by calling for periodical returns regarding the institution, disposal and pendency of
cases;
(b) investigating into any allegations against the President and members of a
State Commission and submitting inquiry report to the State Government concerned
along with copy endorsed to the Central Government for necessary action;
(c) issuance of instructions regarding adoption of uniform procedure in the
hearing of matters, prior service of copies of documents produced by one party to the
opposite parties, furnishing of  english translation of judgments written in any language,
speedy grant of copies of documents;
Experts to
assist
National
Commission
or State
Commission.
Appeal against
order of
National
Commission.
Finality of
orders.
Limitation
period.
Administrative
control.",,
train,consumer_protection,28,Who can be directed by the National Commission to assist them in cases involving the larger interest of consumers?,Any individual or organisation or expert,66,"Where the National Commission or the State Commission, as the case may be, on an application by a complainant or otherwise, is of the opinion that it involves the larger interest of consumers, it may direct any individual or organisation or expert to assist the National Commission or the State Commission, as the case may be.","28 THE GAZETTE OF INDIA EXTRAORDINARY [P ART II—
(4) All notices required to be served on an opposite party or to complainant, as the
case may be, shall be deemed to be sufficiently served, if addressed in the case of the
opposite party, to the place where business or profession is carried on, and in case of the
complainant, the place where such person actually and voluntarily resides.
66. Where the National Commission or the State Commission, as the case may be, on
an application by a complainant or otherwise, is of the opinion that it involves the larger
interest of consumers, it may direct any individual or organisation or expert to assist the
National Commission or the State Commission, as the case may be.
67. Any person, aggrieved by an order made by the National Commission in exercise
of its powers conferred by sub-clause (i) or (ii) of clause (a) of sub-section (1) of section 58,
may prefer an appeal against such order to the Supreme Court within a period of thirty days
from the date of the order:
Provided that the Supreme Court may entertain an appeal after the expiry of the said
period of thirty days if it is satisfied that there was sufficient cause for not filing it within that
period:
Provided further that no appeal by a person who is required to pay any amount in
terms of an order of the National Commission shall be entertained by the Supreme Court
unless that person has deposited fifty per cent. of that amount in the manner as may be
prescribed.
68. Every order of a District Commission or the State Commission or the National
Commission, as the case may be, shall, if no appeal has been preferred against such order
under the provisions of this Act, be final.
69. (1) The District Commission, the State Commission or the National Commission
shall not admit a complaint unless it is filed within two years from the date on which the
cause of action has arisen.
(2) Notwithstanding anything contained in sub-section ( 1), a complaint may be
entertained after the period specified in sub-section ( 1), if the complainant satisfies the
District Commission, the State Commission or the National Commission, as the case may be,
that he had sufficient cause for not filing the complaint within such period:
Provided that no such complaint shall be entertained unless the District Commission
or the State Commission or the National Commission, as the case may be, records its reasons
for condoning such delay.
70. (1) The National Commission shall have the authority to lay down such adequate
standards in consultation with the Central Government from time to time, for better protection
of the interests of consumers and for that purpose, shall have administrative control over all
the State Commissions in the following matters, namely:—
(a) monitoring performance of the State Commissions in terms of their disposal
by calling for periodical returns regarding the institution, disposal and pendency of
cases;
(b) investigating into any allegations against the President and members of a
State Commission and submitting inquiry report to the State Government concerned
along with copy endorsed to the Central Government for necessary action;
(c) issuance of instructions regarding adoption of uniform procedure in the
hearing of matters, prior service of copies of documents produced by one party to the
opposite parties, furnishing of  english translation of judgments written in any language,
speedy grant of copies of documents;
Experts to
assist
National
Commission
or State
Commission.
Appeal against
order of
National
Commission.
Finality of
orders.
Limitation
period.
Administrative
control.",,
train,consumer_protection,28,Who can assist the National Commission or the State Commission if they deem it necessary for the larger interest of consumers?,"Any individual or organisation or expert can assist the National Commission or the State Commission, as the case may be.",66,"66. Where the National Commission or the State Commission, as the case may be, on an application by a complainant or otherwise, is of the opinion that it involves the larger interest of consumers, it may direct any individual or organisation or expert to assist the National Commission or the State Commission, as the case may be.","28 THE GAZETTE OF INDIA EXTRAORDINARY [P ART II—
(4) All notices required to be served on an opposite party or to complainant, as the
case may be, shall be deemed to be sufficiently served, if addressed in the case of the
opposite party, to the place where business or profession is carried on, and in case of the
complainant, the place where such person actually and voluntarily resides.
66. Where the National Commission or the State Commission, as the case may be, on
an application by a complainant or otherwise, is of the opinion that it involves the larger
interest of consumers, it may direct any individual or organisation or expert to assist the
National Commission or the State Commission, as the case may be.
67. Any person, aggrieved by an order made by the National Commission in exercise
of its powers conferred by sub-clause (i) or (ii) of clause (a) of sub-section (1) of section 58,
may prefer an appeal against such order to the Supreme Court within a period of thirty days
from the date of the order:
Provided that the Supreme Court may entertain an appeal after the expiry of the said
period of thirty days if it is satisfied that there was sufficient cause for not filing it within that
period:
Provided further that no appeal by a person who is required to pay any amount in
terms of an order of the National Commission shall be entertained by the Supreme Court
unless that person has deposited fifty per cent. of that amount in the manner as may be
prescribed.
68. Every order of a District Commission or the State Commission or the National
Commission, as the case may be, shall, if no appeal has been preferred against such order
under the provisions of this Act, be final.
69. (1) The District Commission, the State Commission or the National Commission
shall not admit a complaint unless it is filed within two years from the date on which the
cause of action has arisen.
(2) Notwithstanding anything contained in sub-section ( 1), a complaint may be
entertained after the period specified in sub-section ( 1), if the complainant satisfies the
District Commission, the State Commission or the National Commission, as the case may be,
that he had sufficient cause for not filing the complaint within such period:
Provided that no such complaint shall be entertained unless the District Commission
or the State Commission or the National Commission, as the case may be, records its reasons
for condoning such delay.
70. (1) The National Commission shall have the authority to lay down such adequate
standards in consultation with the Central Government from time to time, for better protection
of the interests of consumers and for that purpose, shall have administrative control over all
the State Commissions in the following matters, namely:—
(a) monitoring performance of the State Commissions in terms of their disposal
by calling for periodical returns regarding the institution, disposal and pendency of
cases;
(b) investigating into any allegations against the President and members of a
State Commission and submitting inquiry report to the State Government concerned
along with copy endorsed to the Central Government for necessary action;
(c) issuance of instructions regarding adoption of uniform procedure in the
hearing of matters, prior service of copies of documents produced by one party to the
opposite parties, furnishing of  english translation of judgments written in any language,
speedy grant of copies of documents;
Experts to
assist
National
Commission
or State
Commission.
Appeal against
order of
National
Commission.
Finality of
orders.
Limitation
period.
Administrative
control.",,
train,consumer_protection,28,What is the condition for appealing an order made by the National Commission?,A person who is required to pay any amount in terms of an order of the National Commission shall not have their appeal entertained by the Supreme Court unless that person has deposited fifty per cent. of that amount in the manner as may be prescribed.,Not explicitly identified,in that period: Provided further that no appeal by a person who is required to pay any amount in terms of an order of the National Commission shall be entertained by the Supreme Court unless that person has deposited fifty per cent. of that amount in the manner as may be prescribed.,"28 THE GAZETTE OF INDIA EXTRAORDINARY [P ART II—
(4) All notices required to be served on an opposite party or to complainant, as the
case may be, shall be deemed to be sufficiently served, if addressed in the case of the
opposite party, to the place where business or profession is carried on, and in case of the
complainant, the place where such person actually and voluntarily resides.
66. Where the National Commission or the State Commission, as the case may be, on
an application by a complainant or otherwise, is of the opinion that it involves the larger
interest of consumers, it may direct any individual or organisation or expert to assist the
National Commission or the State Commission, as the case may be.
67. Any person, aggrieved by an order made by the National Commission in exercise
of its powers conferred by sub-clause (i) or (ii) of clause (a) of sub-section (1) of section 58,
may prefer an appeal against such order to the Supreme Court within a period of thirty days
from the date of the order:
Provided that the Supreme Court may entertain an appeal after the expiry of the said
period of thirty days if it is satisfied that there was sufficient cause for not filing it within that
period:
Provided further that no appeal by a person who is required to pay any amount in
terms of an order of the National Commission shall be entertained by the Supreme Court
unless that person has deposited fifty per cent. of that amount in the manner as may be
prescribed.
68. Every order of a District Commission or the State Commission or the National
Commission, as the case may be, shall, if no appeal has been preferred against such order
under the provisions of this Act, be final.
69. (1) The District Commission, the State Commission or the National Commission
shall not admit a complaint unless it is filed within two years from the date on which the
cause of action has arisen.
(2) Notwithstanding anything contained in sub-section ( 1), a complaint may be
entertained after the period specified in sub-section ( 1), if the complainant satisfies the
District Commission, the State Commission or the National Commission, as the case may be,
that he had sufficient cause for not filing the complaint within such period:
Provided that no such complaint shall be entertained unless the District Commission
or the State Commission or the National Commission, as the case may be, records its reasons
for condoning such delay.
70. (1) The National Commission shall have the authority to lay down such adequate
standards in consultation with the Central Government from time to time, for better protection
of the interests of consumers and for that purpose, shall have administrative control over all
the State Commissions in the following matters, namely:—
(a) monitoring performance of the State Commissions in terms of their disposal
by calling for periodical returns regarding the institution, disposal and pendency of
cases;
(b) investigating into any allegations against the President and members of a
State Commission and submitting inquiry report to the State Government concerned
along with copy endorsed to the Central Government for necessary action;
(c) issuance of instructions regarding adoption of uniform procedure in the
hearing of matters, prior service of copies of documents produced by one party to the
opposite parties, furnishing of  english translation of judgments written in any language,
speedy grant of copies of documents;
Experts to
assist
National
Commission
or State
Commission.
Appeal against
order of
National
Commission.
Finality of
orders.
Limitation
period.
Administrative
control.",,
train,consumer_protection,28,What is the National Commission's authority regarding the State Commissions?,"The National Commission has the authority to lay down adequate standards for better protection of consumer interests and has administrative control over all State Commissions in matters such as monitoring their performance, investigating allegations against their members, and issuing instructions regarding uniform procedures in hearings.","(1) The National Commission shall have the authority to lay down such adequate standards in consultation with the Central Government from time to time, for better protection of the interests of consumers and for that purpose, shall have administrative control over all the State Commissions in the following matters, namely:—","The National Commission shall have the authority to lay down such adequate standards in consultation with the Central Government from time to time, for better protection of the interests of consumers and for that purpose, shall have administrative control over all the State Commissions in the following matters, namely:","28 THE GAZETTE OF INDIA EXTRAORDINARY [P ART II—
(4) All notices required to be served on an opposite party or to complainant, as the
case may be, shall be deemed to be sufficiently served, if addressed in the case of the
opposite party, to the place where business or profession is carried on, and in case of the
complainant, the place where such person actually and voluntarily resides.
66. Where the National Commission or the State Commission, as the case may be, on
an application by a complainant or otherwise, is of the opinion that it involves the larger
interest of consumers, it may direct any individual or organisation or expert to assist the
National Commission or the State Commission, as the case may be.
67. Any person, aggrieved by an order made by the National Commission in exercise
of its powers conferred by sub-clause (i) or (ii) of clause (a) of sub-section (1) of section 58,
may prefer an appeal against such order to the Supreme Court within a period of thirty days
from the date of the order:
Provided that the Supreme Court may entertain an appeal after the expiry of the said
period of thirty days if it is satisfied that there was sufficient cause for not filing it within that
period:
Provided further that no appeal by a person who is required to pay any amount in
terms of an order of the National Commission shall be entertained by the Supreme Court
unless that person has deposited fifty per cent. of that amount in the manner as may be
prescribed.
68. Every order of a District Commission or the State Commission or the National
Commission, as the case may be, shall, if no appeal has been preferred against such order
under the provisions of this Act, be final.
69. (1) The District Commission, the State Commission or the National Commission
shall not admit a complaint unless it is filed within two years from the date on which the
cause of action has arisen.
(2) Notwithstanding anything contained in sub-section ( 1), a complaint may be
entertained after the period specified in sub-section ( 1), if the complainant satisfies the
District Commission, the State Commission or the National Commission, as the case may be,
that he had sufficient cause for not filing the complaint within such period:
Provided that no such complaint shall be entertained unless the District Commission
or the State Commission or the National Commission, as the case may be, records its reasons
for condoning such delay.
70. (1) The National Commission shall have the authority to lay down such adequate
standards in consultation with the Central Government from time to time, for better protection
of the interests of consumers and for that purpose, shall have administrative control over all
the State Commissions in the following matters, namely:—
(a) monitoring performance of the State Commissions in terms of their disposal
by calling for periodical returns regarding the institution, disposal and pendency of
cases;
(b) investigating into any allegations against the President and members of a
State Commission and submitting inquiry report to the State Government concerned
along with copy endorsed to the Central Government for necessary action;
(c) issuance of instructions regarding adoption of uniform procedure in the
hearing of matters, prior service of copies of documents produced by one party to the
opposite parties, furnishing of  english translation of judgments written in any language,
speedy grant of copies of documents;
Experts to
assist
National
Commission
or State
Commission.
Appeal against
order of
National
Commission.
Finality of
orders.
Limitation
period.
Administrative
control.",,
train,consumer_protection,10,What is the purpose of the Central Council under the Consumer Protection Act?,The purpose of the Central Council is to render advice on promotion and protection of the consumers' rights under this Act.,Not explicitly identified,The objects of the Central Council shall be to render advice on promotion and protection of the consumers' rights under this Act.,"10 THE GAZETTE OF INDIA EXTRAORDINARY [P ART II—
Explanation.—For the purpose of this sub-clause, the participants of a scheme shall
be deemed to have been informed of the final results of the scheme where such results are
within a reasonable time published, prominently in the same newspaper in which the scheme
was originally advertised;
(iv) permitting the sale or supply of goods intended to be used, or are of
a kind likely to be used by consumers, knowing or having reason to believe that
the goods do not comply with the standards prescribed by the competent
authority relating to performance, composition, contents, design, constructions,
finishing or packaging as are necessary to prevent or reduce the risk of injury to
the person using the goods;
(v) permitting the hoarding or destruction of goods, or refusal to sell the
goods or to make them available for sale or to provide any service, if such
hoarding or destruction or refusal raises or tends to raise or is intended to raise,
the cost of those or other similar goods or services;
(vi) manufacturing of spurious goods or offering such goods for sale or
adopting deceptive practices in the provision of services;
(vii) not issuing bill or cash memo or receipt for the goods sold or services
rendered in such manner as may be prescribed;
(viii) refusing, after selling goods or rendering services, to take back or
withdraw defective goods or to withdraw or discontinue deficient services and
to refund the consideration thereof, if paid, within the period stipulated in the
bill or cash memo or receipt or in the absence of such stipulation, within a period
of thirty days;
(ix) disclosing to other person any personal information given in
confidence by the consumer unless such disclosure is made in accordance with
the provisions of any law for the time being in force.
CHAPTER II
CONSUMER PROTECTION COUNCILS
3. (1) The Central Government shall, by notification, establish with effect from such
date as it may specify in that notification, the Central Consumer Protection Council to be
known as the Central Council.
(2) The Central Council shall be an advisory council and consist of the following
members, namely:—
(a) the Minister-in-charge of the Department of Consumer Affairs in the Central
Government, who shall be the Chairperson; and
(b) such number of other official or non-official members representing such
interests as may be prescribed.
4. (1) The Central Council shall meet as and when necessary, but at least one meeting
of the Council shall be held every year.
(2) The Central Council shall meet at such time and place as the Chairperson may think
fit and shall observe such procedure in regard to the transaction of its business as may be
prescribed.
5. The objects of the Central Council shall be to render advice on promotion and
protection of the consumers' rights under this Act.
Central
Consumer
Protection
Council.
Procedure for
meetings of
Central
Council.
Objects of
Central
Council.",,
train,consumer_protection,10,What is the maximum time frame within which a consumer can request a refund for goods sold or services rendered?,"The maximum time frame within which a consumer can request a refund for goods sold or services rendered is within thirty days, unless specified in the bill or cash memo or receipt, in which case it is within the period stipulated in the bill or cash memo or receipt.",Not explicitly identified,"ll or cash memo or receipt for the goods sold or services rendered in such manner as may be prescribed; (viii) refusing, after selling goods or rendering services, to take back or withdraw defective goods or to withdraw or discontinue deficient services and to refund the consideration thereof, if paid, within the period stipulated in the bill or cash memo or receipt or in the absence of such stipulation, within a period of thirty days;","10 THE GAZETTE OF INDIA EXTRAORDINARY [P ART II—
Explanation.—For the purpose of this sub-clause, the participants of a scheme shall
be deemed to have been informed of the final results of the scheme where such results are
within a reasonable time published, prominently in the same newspaper in which the scheme
was originally advertised;
(iv) permitting the sale or supply of goods intended to be used, or are of
a kind likely to be used by consumers, knowing or having reason to believe that
the goods do not comply with the standards prescribed by the competent
authority relating to performance, composition, contents, design, constructions,
finishing or packaging as are necessary to prevent or reduce the risk of injury to
the person using the goods;
(v) permitting the hoarding or destruction of goods, or refusal to sell the
goods or to make them available for sale or to provide any service, if such
hoarding or destruction or refusal raises or tends to raise or is intended to raise,
the cost of those or other similar goods or services;
(vi) manufacturing of spurious goods or offering such goods for sale or
adopting deceptive practices in the provision of services;
(vii) not issuing bill or cash memo or receipt for the goods sold or services
rendered in such manner as may be prescribed;
(viii) refusing, after selling goods or rendering services, to take back or
withdraw defective goods or to withdraw or discontinue deficient services and
to refund the consideration thereof, if paid, within the period stipulated in the
bill or cash memo or receipt or in the absence of such stipulation, within a period
of thirty days;
(ix) disclosing to other person any personal information given in
confidence by the consumer unless such disclosure is made in accordance with
the provisions of any law for the time being in force.
CHAPTER II
CONSUMER PROTECTION COUNCILS
3. (1) The Central Government shall, by notification, establish with effect from such
date as it may specify in that notification, the Central Consumer Protection Council to be
known as the Central Council.
(2) The Central Council shall be an advisory council and consist of the following
members, namely:—
(a) the Minister-in-charge of the Department of Consumer Affairs in the Central
Government, who shall be the Chairperson; and
(b) such number of other official or non-official members representing such
interests as may be prescribed.
4. (1) The Central Council shall meet as and when necessary, but at least one meeting
of the Council shall be held every year.
(2) The Central Council shall meet at such time and place as the Chairperson may think
fit and shall observe such procedure in regard to the transaction of its business as may be
prescribed.
5. The objects of the Central Council shall be to render advice on promotion and
protection of the consumers' rights under this Act.
Central
Consumer
Protection
Council.
Procedure for
meetings of
Central
Council.
Objects of
Central
Council.",,
train,consumer_protection,10,What is the condition for participants to be deemed informed of the final results of a scheme?,"The participants of a scheme shall be deemed to have been informed of the final results of the scheme where such results are within a reasonable time published, prominently in the same newspaper in which the scheme was originally advertised.",Not explicitly identified,"THE GAZETTE OF INDIA EXTRAORDINARY [P ART II— Explanation.—For the purpose of this sub-clause, the participants of a scheme shall be deemed to have been informed of the final results of the scheme where such results are within a reasonable time published, prominently in the same newspaper in which the scheme was originally advertised;","10 THE GAZETTE OF INDIA EXTRAORDINARY [P ART II—
Explanation.—For the purpose of this sub-clause, the participants of a scheme shall
be deemed to have been informed of the final results of the scheme where such results are
within a reasonable time published, prominently in the same newspaper in which the scheme
was originally advertised;
(iv) permitting the sale or supply of goods intended to be used, or are of
a kind likely to be used by consumers, knowing or having reason to believe that
the goods do not comply with the standards prescribed by the competent
authority relating to performance, composition, contents, design, constructions,
finishing or packaging as are necessary to prevent or reduce the risk of injury to
the person using the goods;
(v) permitting the hoarding or destruction of goods, or refusal to sell the
goods or to make them available for sale or to provide any service, if such
hoarding or destruction or refusal raises or tends to raise or is intended to raise,
the cost of those or other similar goods or services;
(vi) manufacturing of spurious goods or offering such goods for sale or
adopting deceptive practices in the provision of services;
(vii) not issuing bill or cash memo or receipt for the goods sold or services
rendered in such manner as may be prescribed;
(viii) refusing, after selling goods or rendering services, to take back or
withdraw defective goods or to withdraw or discontinue deficient services and
to refund the consideration thereof, if paid, within the period stipulated in the
bill or cash memo or receipt or in the absence of such stipulation, within a period
of thirty days;
(ix) disclosing to other person any personal information given in
confidence by the consumer unless such disclosure is made in accordance with
the provisions of any law for the time being in force.
CHAPTER II
CONSUMER PROTECTION COUNCILS
3. (1) The Central Government shall, by notification, establish with effect from such
date as it may specify in that notification, the Central Consumer Protection Council to be
known as the Central Council.
(2) The Central Council shall be an advisory council and consist of the following
members, namely:—
(a) the Minister-in-charge of the Department of Consumer Affairs in the Central
Government, who shall be the Chairperson; and
(b) such number of other official or non-official members representing such
interests as may be prescribed.
4. (1) The Central Council shall meet as and when necessary, but at least one meeting
of the Council shall be held every year.
(2) The Central Council shall meet at such time and place as the Chairperson may think
fit and shall observe such procedure in regard to the transaction of its business as may be
prescribed.
5. The objects of the Central Council shall be to render advice on promotion and
protection of the consumers' rights under this Act.
Central
Consumer
Protection
Council.
Procedure for
meetings of
Central
Council.
Objects of
Central
Council.",,
train,consumer_protection,10,What is the maximum time frame for a consumer to receive a refund for goods sold if no stipulation is provided in the bill or cash memo or receipt?,The maximum time frame for a consumer to receive a refund for goods sold is within thirty days.,Not explicitly identified,"refusing, after selling goods or rendering services, to take back or withdraw defective goods or to withdraw or discontinue deficient services and to refund the consideration thereof, if paid, within the period stipulated in the bill or cash memo or receipt or in the absence of such stipulation, within a period of thirty days;","10 THE GAZETTE OF INDIA EXTRAORDINARY [P ART II—
Explanation.—For the purpose of this sub-clause, the participants of a scheme shall
be deemed to have been informed of the final results of the scheme where such results are
within a reasonable time published, prominently in the same newspaper in which the scheme
was originally advertised;
(iv) permitting the sale or supply of goods intended to be used, or are of
a kind likely to be used by consumers, knowing or having reason to believe that
the goods do not comply with the standards prescribed by the competent
authority relating to performance, composition, contents, design, constructions,
finishing or packaging as are necessary to prevent or reduce the risk of injury to
the person using the goods;
(v) permitting the hoarding or destruction of goods, or refusal to sell the
goods or to make them available for sale or to provide any service, if such
hoarding or destruction or refusal raises or tends to raise or is intended to raise,
the cost of those or other similar goods or services;
(vi) manufacturing of spurious goods or offering such goods for sale or
adopting deceptive practices in the provision of services;
(vii) not issuing bill or cash memo or receipt for the goods sold or services
rendered in such manner as may be prescribed;
(viii) refusing, after selling goods or rendering services, to take back or
withdraw defective goods or to withdraw or discontinue deficient services and
to refund the consideration thereof, if paid, within the period stipulated in the
bill or cash memo or receipt or in the absence of such stipulation, within a period
of thirty days;
(ix) disclosing to other person any personal information given in
confidence by the consumer unless such disclosure is made in accordance with
the provisions of any law for the time being in force.
CHAPTER II
CONSUMER PROTECTION COUNCILS
3. (1) The Central Government shall, by notification, establish with effect from such
date as it may specify in that notification, the Central Consumer Protection Council to be
known as the Central Council.
(2) The Central Council shall be an advisory council and consist of the following
members, namely:—
(a) the Minister-in-charge of the Department of Consumer Affairs in the Central
Government, who shall be the Chairperson; and
(b) such number of other official or non-official members representing such
interests as may be prescribed.
4. (1) The Central Council shall meet as and when necessary, but at least one meeting
of the Council shall be held every year.
(2) The Central Council shall meet at such time and place as the Chairperson may think
fit and shall observe such procedure in regard to the transaction of its business as may be
prescribed.
5. The objects of the Central Council shall be to render advice on promotion and
protection of the consumers' rights under this Act.
Central
Consumer
Protection
Council.
Procedure for
meetings of
Central
Council.
Objects of
Central
Council.",,
train,consumer_protection,10,What is the maximum time frame for refunding the consideration paid for goods or services if no stipulation is made in the bill or cash memo or receipt?,The maximum time frame for refunding the consideration paid for goods or services is within a period of thirty days.,Not explicitly identified,"refusing, after selling goods or rendering services, to take back or withdraw defective goods or to withdraw or discontinue deficient services and to refund the consideration thereof, if paid, within the period stipulated in the bill or cash memo or receipt or in the absence of such stipulation, within a period of thirty days;","10 THE GAZETTE OF INDIA EXTRAORDINARY [P ART II—
Explanation.—For the purpose of this sub-clause, the participants of a scheme shall
be deemed to have been informed of the final results of the scheme where such results are
within a reasonable time published, prominently in the same newspaper in which the scheme
was originally advertised;
(iv) permitting the sale or supply of goods intended to be used, or are of
a kind likely to be used by consumers, knowing or having reason to believe that
the goods do not comply with the standards prescribed by the competent
authority relating to performance, composition, contents, design, constructions,
finishing or packaging as are necessary to prevent or reduce the risk of injury to
the person using the goods;
(v) permitting the hoarding or destruction of goods, or refusal to sell the
goods or to make them available for sale or to provide any service, if such
hoarding or destruction or refusal raises or tends to raise or is intended to raise,
the cost of those or other similar goods or services;
(vi) manufacturing of spurious goods or offering such goods for sale or
adopting deceptive practices in the provision of services;
(vii) not issuing bill or cash memo or receipt for the goods sold or services
rendered in such manner as may be prescribed;
(viii) refusing, after selling goods or rendering services, to take back or
withdraw defective goods or to withdraw or discontinue deficient services and
to refund the consideration thereof, if paid, within the period stipulated in the
bill or cash memo or receipt or in the absence of such stipulation, within a period
of thirty days;
(ix) disclosing to other person any personal information given in
confidence by the consumer unless such disclosure is made in accordance with
the provisions of any law for the time being in force.
CHAPTER II
CONSUMER PROTECTION COUNCILS
3. (1) The Central Government shall, by notification, establish with effect from such
date as it may specify in that notification, the Central Consumer Protection Council to be
known as the Central Council.
(2) The Central Council shall be an advisory council and consist of the following
members, namely:—
(a) the Minister-in-charge of the Department of Consumer Affairs in the Central
Government, who shall be the Chairperson; and
(b) such number of other official or non-official members representing such
interests as may be prescribed.
4. (1) The Central Council shall meet as and when necessary, but at least one meeting
of the Council shall be held every year.
(2) The Central Council shall meet at such time and place as the Chairperson may think
fit and shall observe such procedure in regard to the transaction of its business as may be
prescribed.
5. The objects of the Central Council shall be to render advice on promotion and
protection of the consumers' rights under this Act.
Central
Consumer
Protection
Council.
Procedure for
meetings of
Central
Council.
Objects of
Central
Council.",,
train,consumer_protection,30,What is the duty of the mediator as stated in the passage?,"The duty of the mediator is to disclose— (a) any personal, professional or financial interest in the outcome of the consumer dispute; (b) the circumstances which may give rise to a justifiable doubt as to his independence or impartiality; and (c) such other facts as may be specified by regulations.",77,"77. It shall be the duty of the mediator to disclose— (a) any personal, professional or financial interest in the outcome of the consumer dispute; (b) the circumstances which may give rise to a justifiable doubt as to his independence or impartiality; and (c) such other facts as may be specified by regulations.","30 THE GAZETTE OF INDIA EXTRAORDINARY [P ART II—
Provided that the State Commission or the National Commission or the Supreme Court,
as the case may be, may entertain an appeal after the expiry of the said period of thirty days,
if it is satisfied that the appellant had sufficient cause for not preferring the appeal within the
said period of thirty days.
CHAPTER V
MEDIATION
74. (1) The State Government shall establish, by notification, a consumer mediation
cell to be attached to each of the District Commissions and the State Commissions of that
State.
(2) The Central Government shall establish, by notification, a consumer mediation cell
to be attached to the National Commission and each of the regional Benches.
(3) A consumer mediation cell shall consist of such persons as may be prescribed.
(4) Every consumer mediation cell shall maintain—
(a) a list of empanelled mediators;
(b) a list of cases handled by the cell;
(c) record of proceeding; and
(d) any other information as may be specified by regulations.
(5) Every consumer mediation cell shall submit a quarterly report to the District
Commission, State Commission or the National Commission to which it is attached, in the
manner specified by regulations.
75. (1) For the purpose of mediation, the National Commission or the State Commission
or the District Commission, as the case may be, shall prepare a panel of the mediators to be
maintained by the consumer mediation cell attached to it, on the recommendation of a
selection committee consisting of the President and a member of that Commission.
(2) The qualifications and experience required for empanelment as mediator, the
procedure for empanelment, the manner of training empanelled mediators, the fee payable to
empanelled mediator, the terms and conditions for empanelment, the code of conduct for
empanelled mediators, the grounds on which, and the manner in which, empanelled mediators
shall be removed or empanelment shall be cancelled and other matters relating thereto, shall
be such as may be specified by regulations.
(3) The panel of mediators prepared under sub-section (1) shall be valid for a period of
five years, and the empanelled mediators shall be eligible to be considered for re-empanelment
for another term, subject to such conditions as may be specified by regulations.
76. The District Commission, the State Commission or the National Commission shall,
while nominating any person from the panel of mediators referred to in section 75, consider
his suitability for resolving the consumer dispute involved.
77. It shall be the duty of the mediator to disclose—
(a) any personal, professional or financial interest in the outcome of the consumer
dispute;
(b) the circumstances which may give rise to a justifiable doubt as to his
independence or impartiality;  and
(c) such other facts as may be specified by regulations.
78. Where the District Commission or the State Commission or the National
Commission, as the case may be, is satisfied, on the information furnished by the mediator or
on the information received from any other person including parties to the complaint and
after hearing the mediator, it shall replace such mediator by another mediator.
Establishment
of consumer
mediation
cell.
Empanelment
of mediators.
Nomination of
mediators
from panel.
Duty of
mediator to
disclose
certain facts.
Replacement
of mediator
in certain
cases.",,
train,consumer_protection,30,"What is the duty of the mediator regarding personal, professional, or financial interests?","The mediator shall disclose any personal, professional or financial interest in the outcome of the consumer dispute.",77,"77. It shall be the duty of the mediator to disclose— (a) any personal, professional or financial interest in the outcome of the consumer dispute; (b) the circumstances which may give rise to a justifiable doubt as to his independence or impartiality; and (c) such other facts as may be specified by regulations.","30 THE GAZETTE OF INDIA EXTRAORDINARY [P ART II—
Provided that the State Commission or the National Commission or the Supreme Court,
as the case may be, may entertain an appeal after the expiry of the said period of thirty days,
if it is satisfied that the appellant had sufficient cause for not preferring the appeal within the
said period of thirty days.
CHAPTER V
MEDIATION
74. (1) The State Government shall establish, by notification, a consumer mediation
cell to be attached to each of the District Commissions and the State Commissions of that
State.
(2) The Central Government shall establish, by notification, a consumer mediation cell
to be attached to the National Commission and each of the regional Benches.
(3) A consumer mediation cell shall consist of such persons as may be prescribed.
(4) Every consumer mediation cell shall maintain—
(a) a list of empanelled mediators;
(b) a list of cases handled by the cell;
(c) record of proceeding; and
(d) any other information as may be specified by regulations.
(5) Every consumer mediation cell shall submit a quarterly report to the District
Commission, State Commission or the National Commission to which it is attached, in the
manner specified by regulations.
75. (1) For the purpose of mediation, the National Commission or the State Commission
or the District Commission, as the case may be, shall prepare a panel of the mediators to be
maintained by the consumer mediation cell attached to it, on the recommendation of a
selection committee consisting of the President and a member of that Commission.
(2) The qualifications and experience required for empanelment as mediator, the
procedure for empanelment, the manner of training empanelled mediators, the fee payable to
empanelled mediator, the terms and conditions for empanelment, the code of conduct for
empanelled mediators, the grounds on which, and the manner in which, empanelled mediators
shall be removed or empanelment shall be cancelled and other matters relating thereto, shall
be such as may be specified by regulations.
(3) The panel of mediators prepared under sub-section (1) shall be valid for a period of
five years, and the empanelled mediators shall be eligible to be considered for re-empanelment
for another term, subject to such conditions as may be specified by regulations.
76. The District Commission, the State Commission or the National Commission shall,
while nominating any person from the panel of mediators referred to in section 75, consider
his suitability for resolving the consumer dispute involved.
77. It shall be the duty of the mediator to disclose—
(a) any personal, professional or financial interest in the outcome of the consumer
dispute;
(b) the circumstances which may give rise to a justifiable doubt as to his
independence or impartiality;  and
(c) such other facts as may be specified by regulations.
78. Where the District Commission or the State Commission or the National
Commission, as the case may be, is satisfied, on the information furnished by the mediator or
on the information received from any other person including parties to the complaint and
after hearing the mediator, it shall replace such mediator by another mediator.
Establishment
of consumer
mediation
cell.
Empanelment
of mediators.
Nomination of
mediators
from panel.
Duty of
mediator to
disclose
certain facts.
Replacement
of mediator
in certain
cases.",,
train,consumer_protection,30,What is the validity period of the panel of mediators?,The panel of mediators prepared under sub-section (1) shall be valid for a period of five years.,75(2),"The panel of mediators prepared under sub-section (1) shall be valid for a period of five years, and the empanelled mediators shall be eligible to be considered for re-empanelment for another term, subject to such conditions as may be specified by regulations.","30 THE GAZETTE OF INDIA EXTRAORDINARY [P ART II—
Provided that the State Commission or the National Commission or the Supreme Court,
as the case may be, may entertain an appeal after the expiry of the said period of thirty days,
if it is satisfied that the appellant had sufficient cause for not preferring the appeal within the
said period of thirty days.
CHAPTER V
MEDIATION
74. (1) The State Government shall establish, by notification, a consumer mediation
cell to be attached to each of the District Commissions and the State Commissions of that
State.
(2) The Central Government shall establish, by notification, a consumer mediation cell
to be attached to the National Commission and each of the regional Benches.
(3) A consumer mediation cell shall consist of such persons as may be prescribed.
(4) Every consumer mediation cell shall maintain—
(a) a list of empanelled mediators;
(b) a list of cases handled by the cell;
(c) record of proceeding; and
(d) any other information as may be specified by regulations.
(5) Every consumer mediation cell shall submit a quarterly report to the District
Commission, State Commission or the National Commission to which it is attached, in the
manner specified by regulations.
75. (1) For the purpose of mediation, the National Commission or the State Commission
or the District Commission, as the case may be, shall prepare a panel of the mediators to be
maintained by the consumer mediation cell attached to it, on the recommendation of a
selection committee consisting of the President and a member of that Commission.
(2) The qualifications and experience required for empanelment as mediator, the
procedure for empanelment, the manner of training empanelled mediators, the fee payable to
empanelled mediator, the terms and conditions for empanelment, the code of conduct for
empanelled mediators, the grounds on which, and the manner in which, empanelled mediators
shall be removed or empanelment shall be cancelled and other matters relating thereto, shall
be such as may be specified by regulations.
(3) The panel of mediators prepared under sub-section (1) shall be valid for a period of
five years, and the empanelled mediators shall be eligible to be considered for re-empanelment
for another term, subject to such conditions as may be specified by regulations.
76. The District Commission, the State Commission or the National Commission shall,
while nominating any person from the panel of mediators referred to in section 75, consider
his suitability for resolving the consumer dispute involved.
77. It shall be the duty of the mediator to disclose—
(a) any personal, professional or financial interest in the outcome of the consumer
dispute;
(b) the circumstances which may give rise to a justifiable doubt as to his
independence or impartiality;  and
(c) such other facts as may be specified by regulations.
78. Where the District Commission or the State Commission or the National
Commission, as the case may be, is satisfied, on the information furnished by the mediator or
on the information received from any other person including parties to the complaint and
after hearing the mediator, it shall replace such mediator by another mediator.
Establishment
of consumer
mediation
cell.
Empanelment
of mediators.
Nomination of
mediators
from panel.
Duty of
mediator to
disclose
certain facts.
Replacement
of mediator
in certain
cases.",,
train,consumer_protection,15,What is the purpose of the Central Authority's opportunity to be heard?,The Central Authority shall give the person an opportunity of being heard before an order under this section is passed.,Not explicitly identified,The Central Authority shall give the person an opportunity of being heard before an order under this section is passed.,"SEC. 1] THE GAZETTE OF INDIA EXTRAORDINARY 15
Provided that the Central Authority may, for every subsequent contravention, prohibit
such endorser from making endorsement in respect of any product or service for a period
which may extend to three years.
(4) Where the Central Authority is satisfied after investigation that any person is
found to publish, or is a party to the publication of, a misleading advertisement, it may
impose on such person a penalty which may extend to ten lakh rupees.
(5) No endorser shall be liable to a penalty under sub-sections ( 2) and (3) if he has
exercised due diligence to verify the veracity of the claims made in the advertisement regarding
the product or service being endorsed by him.
(6) No person shall be liable to such penalty if he proves that he had published or
arranged for the publication of such advertisement in the ordinary course of his business:
Provided that no such defence shall be available to such person if he had previous
knowledge of the order passed by the Central Authority for withdrawal or modification of
such advertisement.
(7) While determining the penalty under this section, regard shall be had to the
following, namely:—
(a) the population and the area impacted or affected by such offence;
(b) the frequency and duration of such offence;
(c) the vulnerability of the class of persons likely to be adversely affected by
such offence; and
(d) the gross revenue from the sales effected by virtue of such offence.
(8) The Central Authority shall give the person an opportunity of being heard before
an order under this section is passed.
22. (1) For the purpose of conducting an investigation after preliminary inquiry under
sub-section (1) of section 19, the Director-General or any other officer authorised by him in
this behalf, or the District Collector, as the case may be, may, if he has any reason to believe
that any person has violated any consumer rights or committed unfair trade practice or
causes any false or misleading advertisement to be made, shall,—
(a) enter at any reasonable time into any such premises and search for any
document or record or article or any other form of evidence and seize such document,
record, article or such evidence;
(b) make a note or an inventory of such record or article; or
(c) require any person to produce any record, register or other document or
article.
(2) The provisions of the Code of Criminal Procedure, 1973, relating to search and
seizure shall apply, as far as may be, for search and seizure under this Act.
(3) Every document, record or article seized under clause ( a) of sub-section ( 1) or
produced under clause (c) of that sub-section shall be returned to the person, from whom
they were seized or who produced the same, within a period of twenty days of the date of
such seizure or production, as the case may be, after copies thereof or extracts therefrom
certified by that person, in such manner as may be prescribed, have been taken.
(4) Where any article seized under sub-section ( 1) are subject to speedy or natural
decay, the Director-General or such other officer may dispose of the article in such manner as
may be prescribed.
(5) In the case of articles other than the articles referred to in sub-section (4), provisions
contained in clause ( c) of sub-section ( 2) of section 38 shall mutatis mutandis apply in
relation to analysis or tests.
Search and
seizure.
2 of 1974.",,
train,consumer_protection,15,What is the maximum penalty that can be imposed on a person found to publish a misleading advertisement?,The maximum penalty that can be imposed on a person found to publish a misleading advertisement is ten lakh rupees.,SEC. 1(4),"Where the Central Authority is satisfied after investigation that any person is found to publish, or is a party to the publication of, a misleading advertisement, it may impose on such person a penalty which may extend to ten lakh rupees.","SEC. 1] THE GAZETTE OF INDIA EXTRAORDINARY 15
Provided that the Central Authority may, for every subsequent contravention, prohibit
such endorser from making endorsement in respect of any product or service for a period
which may extend to three years.
(4) Where the Central Authority is satisfied after investigation that any person is
found to publish, or is a party to the publication of, a misleading advertisement, it may
impose on such person a penalty which may extend to ten lakh rupees.
(5) No endorser shall be liable to a penalty under sub-sections ( 2) and (3) if he has
exercised due diligence to verify the veracity of the claims made in the advertisement regarding
the product or service being endorsed by him.
(6) No person shall be liable to such penalty if he proves that he had published or
arranged for the publication of such advertisement in the ordinary course of his business:
Provided that no such defence shall be available to such person if he had previous
knowledge of the order passed by the Central Authority for withdrawal or modification of
such advertisement.
(7) While determining the penalty under this section, regard shall be had to the
following, namely:—
(a) the population and the area impacted or affected by such offence;
(b) the frequency and duration of such offence;
(c) the vulnerability of the class of persons likely to be adversely affected by
such offence; and
(d) the gross revenue from the sales effected by virtue of such offence.
(8) The Central Authority shall give the person an opportunity of being heard before
an order under this section is passed.
22. (1) For the purpose of conducting an investigation after preliminary inquiry under
sub-section (1) of section 19, the Director-General or any other officer authorised by him in
this behalf, or the District Collector, as the case may be, may, if he has any reason to believe
that any person has violated any consumer rights or committed unfair trade practice or
causes any false or misleading advertisement to be made, shall,—
(a) enter at any reasonable time into any such premises and search for any
document or record or article or any other form of evidence and seize such document,
record, article or such evidence;
(b) make a note or an inventory of such record or article; or
(c) require any person to produce any record, register or other document or
article.
(2) The provisions of the Code of Criminal Procedure, 1973, relating to search and
seizure shall apply, as far as may be, for search and seizure under this Act.
(3) Every document, record or article seized under clause ( a) of sub-section ( 1) or
produced under clause (c) of that sub-section shall be returned to the person, from whom
they were seized or who produced the same, within a period of twenty days of the date of
such seizure or production, as the case may be, after copies thereof or extracts therefrom
certified by that person, in such manner as may be prescribed, have been taken.
(4) Where any article seized under sub-section ( 1) are subject to speedy or natural
decay, the Director-General or such other officer may dispose of the article in such manner as
may be prescribed.
(5) In the case of articles other than the articles referred to in sub-section (4), provisions
contained in clause ( c) of sub-section ( 2) of section 38 shall mutatis mutandis apply in
relation to analysis or tests.
Search and
seizure.
2 of 1974.",,
train,consumer_protection,15,What must the Central Authority do before passing an order under section 22?,The Central Authority shall give the person an opportunity of being heard before an order under this section is passed.,section 22,The Central Authority shall give the person an opportunity of being heard before an order under this section is passed.,"SEC. 1] THE GAZETTE OF INDIA EXTRAORDINARY 15
Provided that the Central Authority may, for every subsequent contravention, prohibit
such endorser from making endorsement in respect of any product or service for a period
which may extend to three years.
(4) Where the Central Authority is satisfied after investigation that any person is
found to publish, or is a party to the publication of, a misleading advertisement, it may
impose on such person a penalty which may extend to ten lakh rupees.
(5) No endorser shall be liable to a penalty under sub-sections ( 2) and (3) if he has
exercised due diligence to verify the veracity of the claims made in the advertisement regarding
the product or service being endorsed by him.
(6) No person shall be liable to such penalty if he proves that he had published or
arranged for the publication of such advertisement in the ordinary course of his business:
Provided that no such defence shall be available to such person if he had previous
knowledge of the order passed by the Central Authority for withdrawal or modification of
such advertisement.
(7) While determining the penalty under this section, regard shall be had to the
following, namely:—
(a) the population and the area impacted or affected by such offence;
(b) the frequency and duration of such offence;
(c) the vulnerability of the class of persons likely to be adversely affected by
such offence; and
(d) the gross revenue from the sales effected by virtue of such offence.
(8) The Central Authority shall give the person an opportunity of being heard before
an order under this section is passed.
22. (1) For the purpose of conducting an investigation after preliminary inquiry under
sub-section (1) of section 19, the Director-General or any other officer authorised by him in
this behalf, or the District Collector, as the case may be, may, if he has any reason to believe
that any person has violated any consumer rights or committed unfair trade practice or
causes any false or misleading advertisement to be made, shall,—
(a) enter at any reasonable time into any such premises and search for any
document or record or article or any other form of evidence and seize such document,
record, article or such evidence;
(b) make a note or an inventory of such record or article; or
(c) require any person to produce any record, register or other document or
article.
(2) The provisions of the Code of Criminal Procedure, 1973, relating to search and
seizure shall apply, as far as may be, for search and seizure under this Act.
(3) Every document, record or article seized under clause ( a) of sub-section ( 1) or
produced under clause (c) of that sub-section shall be returned to the person, from whom
they were seized or who produced the same, within a period of twenty days of the date of
such seizure or production, as the case may be, after copies thereof or extracts therefrom
certified by that person, in such manner as may be prescribed, have been taken.
(4) Where any article seized under sub-section ( 1) are subject to speedy or natural
decay, the Director-General or such other officer may dispose of the article in such manner as
may be prescribed.
(5) In the case of articles other than the articles referred to in sub-section (4), provisions
contained in clause ( c) of sub-section ( 2) of section 38 shall mutatis mutandis apply in
relation to analysis or tests.
Search and
seizure.
2 of 1974.",,
train,consumer_protection,3,What are the conditions under which a claim for product liability can be made?,"A claim for product liability action lies against the product manufacturer, product seller or product service provider, as the case may be.",vii,"a claim for product liability action lies against the product manufacturer, product seller or product service provider, as the case may be;","SEC. 1] THE GAZETTE OF INDIA EXTRAORDINARY 3
(b) displayed on the goods or any package containing such goods; or
(c) displayed on the price list exhibited by him by or under any law
for the time being in force; or
(d) agreed between the parties;
(v) the goods, which are hazardous to life and safety when used, are being
offered for sale to the public—
(a) in contravention of standards relating to safety of such goods
as required to be complied with, by or under any law for the time being in
force;
(b) where the trader knows that the goods so offered are unsafe to
the public;
(vi) the services which are hazardous or likely to be hazardous to life and
safety of the public when used, are being offered by a person who provides any
service and who knows it to be injurious to life and safety;
(vii) a claim for product liability action lies against the product
manufacturer, product seller or product service provider, as the case may be;
(7) ""consumer"" means any person who—
(i) buys any goods for a consideration which has been paid or promised
or partly paid and partly promised, or under any system of deferred payment
and includes any user of such goods other than the person who buys such
goods for consideration paid or promised or partly paid or partly promised, or
under any system of deferred payment, when such use is made with the approval
of such person, but does not include a person who obtains such goods for
resale or for any commercial purpose; or
(ii) hires or avails of any service for a consideration which has been paid
or promised or partly paid and partly promised, or under any system of deferred
payment and includes any beneficiary of such service other than the person
who hires or avails of the services for consideration paid or promised, or partly
paid and partly promised, or under any system of deferred payment, when such
services are availed of with the approval of the first mentioned person, but does
not include a person who avails of such service for any commercial purpose.
Explanation.—For the purposes of this clause,—
(a) the expression ""commercial purpose"" does not include use by a
person of goods bought and used by him exclusively for the purpose of
earning his livelihood, by means of self-employment;
(b) the expressions ""buys any goods"" and ""hires or avails any
services"" includes offline or online transactions through electronic means
or by teleshopping or direct selling or multi-level marketing;
(8) ""consumer dispute"" means a dispute where the person against whom a
complaint has been made, denies or disputes the allegations contained in the complaint;
(9) ""consumer rights"" includes,—
(i) the right to be protected against the marketing of goods, products or
services which are hazardous to life and property;
(ii) the right to be informed about the quality, quantity, potency, purity,
standard and price of goods, products or services, as the case may be, so as to
protect the consumer against unfair trade practices;",,
train,consumer_protection,3,What is the condition under which a claim for product liability can be made?,"A claim for product liability action lies against the product manufacturer, product seller or product service provider, as the case may be.",vii,"a claim for product liability action lies against the product manufacturer, product seller or product service provider, as the case may be;","SEC. 1] THE GAZETTE OF INDIA EXTRAORDINARY 3
(b) displayed on the goods or any package containing such goods; or
(c) displayed on the price list exhibited by him by or under any law
for the time being in force; or
(d) agreed between the parties;
(v) the goods, which are hazardous to life and safety when used, are being
offered for sale to the public—
(a) in contravention of standards relating to safety of such goods
as required to be complied with, by or under any law for the time being in
force;
(b) where the trader knows that the goods so offered are unsafe to
the public;
(vi) the services which are hazardous or likely to be hazardous to life and
safety of the public when used, are being offered by a person who provides any
service and who knows it to be injurious to life and safety;
(vii) a claim for product liability action lies against the product
manufacturer, product seller or product service provider, as the case may be;
(7) ""consumer"" means any person who—
(i) buys any goods for a consideration which has been paid or promised
or partly paid and partly promised, or under any system of deferred payment
and includes any user of such goods other than the person who buys such
goods for consideration paid or promised or partly paid or partly promised, or
under any system of deferred payment, when such use is made with the approval
of such person, but does not include a person who obtains such goods for
resale or for any commercial purpose; or
(ii) hires or avails of any service for a consideration which has been paid
or promised or partly paid and partly promised, or under any system of deferred
payment and includes any beneficiary of such service other than the person
who hires or avails of the services for consideration paid or promised, or partly
paid and partly promised, or under any system of deferred payment, when such
services are availed of with the approval of the first mentioned person, but does
not include a person who avails of such service for any commercial purpose.
Explanation.—For the purposes of this clause,—
(a) the expression ""commercial purpose"" does not include use by a
person of goods bought and used by him exclusively for the purpose of
earning his livelihood, by means of self-employment;
(b) the expressions ""buys any goods"" and ""hires or avails any
services"" includes offline or online transactions through electronic means
or by teleshopping or direct selling or multi-level marketing;
(8) ""consumer dispute"" means a dispute where the person against whom a
complaint has been made, denies or disputes the allegations contained in the complaint;
(9) ""consumer rights"" includes,—
(i) the right to be protected against the marketing of goods, products or
services which are hazardous to life and property;
(ii) the right to be informed about the quality, quantity, potency, purity,
standard and price of goods, products or services, as the case may be, so as to
protect the consumer against unfair trade practices;",,
train,consumer_protection,22,What are the requirements for the establishment of regional benches of the State Commission?,"The State Government may, by notification, establish regional benches of the State Commission, at such places, as it deems fit.",section 80. 42(3),"The State Government may, by notification, establish regional benches of the State Commission, at such places, as it deems fit.","22 THE GAZETTE OF INDIA EXTRAORDINARY [P ART II—
(l) to issue corrective advertisement to neutralise the effect of misleading
advertisement at the cost of the opposite party responsible for issuing such misleading
advertisement;
(m) to provide for adequate costs to parties; and
(n) to cease and desist from issuing any misleading advertisement.
(2) Any amount obtained under sub-section ( 1) shall be credited to such fund and
utilised in such manner as may be prescribed.
(3) In any proceeding conducted by the President and a member and if they differ on
any point or points, they shall state the point or points on which they differ and refer the
same to another member for hearing on such point or points and the opinion of the majority
shall be the order of the District Commission:
Provided that the other member shall give his opinion on such point or points referred
to him within a period of one month from the date of such reference.
(4) Every order made by the District Commission under sub-section (1) shall be signed
by the President and the member who conducted the proceeding:
Provided that where the order is made as per majority opinion under sub-section (3),
such order shall also be signed by the other member.
40. The District Commission shall have the power to review any of the order passed
by it if there is an error apparent on the face of the record, either of its own motion or on an
application made by any of the parties within thirty days of such order.
41. Any person aggrieved by an order made by the District Commission may prefer an
appeal against such order to the State Commission on the grounds of facts or law within a
period of forty-five days from the date of the order, in such form and manner, as may be
prescribed:
Provided that the State Commission may entertain an appeal after the expiry of the said
period of forty-five days, if it is satisfied that there was sufficient cause for not filing it within
that period:
Provided further that no appeal by a person, who is required to pay any amount in
terms of an order of the District Commission, shall be entertained by the State Commission
unless the appellant has deposited fifty per cent. of that amount in the manner as may be
prescribed:
Provided also that no appeal shall lie from any order passed under sub-section (1) of
section 81 by the District Commission pursuant to a settlement by mediation under
section 80.
42. ( 1) The State Government shall, by notification, establish a State Consumer
Disputes Redressal Commission, to be known as the State Commission, in the State.
(2) The State Commission shall ordinarily function at the State capital and perform its
functions at such other places as the State Government may in consultation with the State
Commission notify in the Official Gazette:
Provided that the State Government may, by notification, establish regional benches
of the State Commission, at such places, as it deems fit.
(3) Each State Commission shall consist of—
(a) a President; and
(b) not less than four or not more than such number of members as may be
prescribed in consultation with the Central Government.
Review by
District
Commission
in certain
cases.
Appeal
against order
of District
Commission.
Establishment
of State
Consumer
Disputes
Redressal
Commission.",,
train,consumer_protection,9,What does the passage define as 'materially misleading' in the context of consumer protection?,"The passage defines 'materially misleading' as a situation where a purported warranty, guarantee, or promise is misleading to the public concerning the price at which a product or like products or goods or services have been or are, ordinarily sold or provided.",SEC. 1],"SEC. 1] THE GAZETTE OF INDIA EXTRAORDINARY 9 if such purported warranty or guarantee or promise is materially misleading or if there is no reasonable prospect that such warranty, guarantee or promise will be carried out;","SEC. 1] THE GAZETTE OF INDIA EXTRAORDINARY 9
if such purported warranty or guarantee or promise is materially misleading or if there
is no reasonable prospect that such warranty, guarantee or promise will be carried out;
(i) materially misleads the public concerning the price at which a product or like
products or goods or services, have been or are, ordinarily sold or provided, and, for
this purpose, a representation as to price shall be deemed to refer to the price at which
the product or goods or services has or have been sold by sellers or provided by
suppliers generally in the relevant market unless it is clearly specified to be the price at
which the product has been sold or services have been provided by the person by
whom or on whose behalf the representation is made;
(j) gives false or misleading facts disparaging the goods, services or trade of
another person.
Explanation.— For the purposes of this sub-clause, a statement that is,—
(A) expressed on an article offered or displayed for sale, or on its wrapper or
container; or
(B) expressed on anything attached to, inserted in, or accompanying, an article
offered or displayed for sale, or on anything on which the article is mounted for
display or sale; or
(C) contained in or on anything that is sold, sent, delivered, transmitted or in
any other manner whatsoever made available to a member of the public,
shall be deemed to be a statement made to the public by, and only by, the person who had
caused the statement to be so expressed, made or contained;
(ii) permitting the publication of any advertisement, whether in any
newspaper or otherwise, including by way of electronic record, for the sale or
supply at a bargain price of goods or services that are not intended to be offered
for sale or supply at the bargain price, or for a period that is, and in quantities
that are, reasonable, having regard to the nature of the market in which the
business is carried on, the nature and size of business, and the nature of the
advertisement.
Explanation.—For the purpose of this sub-clause, ""bargain price"" means,—
(A) a price that is stated in any advertisement to be a bargain price,
by reference to an ordinary price or otherwise; or
(B) a price that a person who reads, hears or sees the advertisement,
would reasonably understand to be a bargain price having regard to the
prices at which the product advertised or like products are ordinarily sold;
(iii) permitting—
(a) the offering of gifts, prizes or other items with the intention of
not providing them as offered or creating impression that something is
being given or offered free of charge when it is fully or partly covered by
the amount charged, in the transaction as a whole;
(b) the conduct of any contest, lottery, game of chance or skill, for
the purpose of promoting, directly or indirectly, the sale, use or supply of
any product or any business interest, except such contest, lottery, game
of chance or skill as may be prescribed;
(c) withholding from the participants of any scheme offering gifts,
prizes or other items free of charge on its closure, the information about
final results of the scheme.",,
train,consumer_protection,9,What are some examples of conduct prohibited by the passage?,"The passage prohibits the offering of gifts, prizes, or other items with the intention of not providing them as offered or creating an impression that something is being given or offered free of charge when it is fully or partly covered by the amount charged, in the transaction as a whole.",Not explicitly identified,"products are ordinarily sold; (iii) permitting— (a) the offering of gifts, prizes or other items with the intention of not providing them as offered or creating impression that something is being given or offered free of charge when it is fully or partly covered by the amount charged, in the transaction as a whole;","SEC. 1] THE GAZETTE OF INDIA EXTRAORDINARY 9
if such purported warranty or guarantee or promise is materially misleading or if there
is no reasonable prospect that such warranty, guarantee or promise will be carried out;
(i) materially misleads the public concerning the price at which a product or like
products or goods or services, have been or are, ordinarily sold or provided, and, for
this purpose, a representation as to price shall be deemed to refer to the price at which
the product or goods or services has or have been sold by sellers or provided by
suppliers generally in the relevant market unless it is clearly specified to be the price at
which the product has been sold or services have been provided by the person by
whom or on whose behalf the representation is made;
(j) gives false or misleading facts disparaging the goods, services or trade of
another person.
Explanation.— For the purposes of this sub-clause, a statement that is,—
(A) expressed on an article offered or displayed for sale, or on its wrapper or
container; or
(B) expressed on anything attached to, inserted in, or accompanying, an article
offered or displayed for sale, or on anything on which the article is mounted for
display or sale; or
(C) contained in or on anything that is sold, sent, delivered, transmitted or in
any other manner whatsoever made available to a member of the public,
shall be deemed to be a statement made to the public by, and only by, the person who had
caused the statement to be so expressed, made or contained;
(ii) permitting the publication of any advertisement, whether in any
newspaper or otherwise, including by way of electronic record, for the sale or
supply at a bargain price of goods or services that are not intended to be offered
for sale or supply at the bargain price, or for a period that is, and in quantities
that are, reasonable, having regard to the nature of the market in which the
business is carried on, the nature and size of business, and the nature of the
advertisement.
Explanation.—For the purpose of this sub-clause, ""bargain price"" means,—
(A) a price that is stated in any advertisement to be a bargain price,
by reference to an ordinary price or otherwise; or
(B) a price that a person who reads, hears or sees the advertisement,
would reasonably understand to be a bargain price having regard to the
prices at which the product advertised or like products are ordinarily sold;
(iii) permitting—
(a) the offering of gifts, prizes or other items with the intention of
not providing them as offered or creating impression that something is
being given or offered free of charge when it is fully or partly covered by
the amount charged, in the transaction as a whole;
(b) the conduct of any contest, lottery, game of chance or skill, for
the purpose of promoting, directly or indirectly, the sale, use or supply of
any product or any business interest, except such contest, lottery, game
of chance or skill as may be prescribed;
(c) withholding from the participants of any scheme offering gifts,
prizes or other items free of charge on its closure, the information about
final results of the scheme.",,
train,consumer_protection,9,What does the passage define as a 'materially misleading' representation?,"A representation is considered materially misleading if it leads the public to believe that a product or like products or goods or services have been or are, ordinarily sold or provided at a price different from the actual price at which they have been sold by sellers or provided by suppliers generally in the relevant market.",Not explicitly identified,"SEC. 1] THE GAZETTE OF INDIA EXTRAORDINARY 9 if such purported warranty or guarantee or promise is materially misleading or if there is no reasonable prospect that such warranty, guarantee or promise will be carried out;","SEC. 1] THE GAZETTE OF INDIA EXTRAORDINARY 9
if such purported warranty or guarantee or promise is materially misleading or if there
is no reasonable prospect that such warranty, guarantee or promise will be carried out;
(i) materially misleads the public concerning the price at which a product or like
products or goods or services, have been or are, ordinarily sold or provided, and, for
this purpose, a representation as to price shall be deemed to refer to the price at which
the product or goods or services has or have been sold by sellers or provided by
suppliers generally in the relevant market unless it is clearly specified to be the price at
which the product has been sold or services have been provided by the person by
whom or on whose behalf the representation is made;
(j) gives false or misleading facts disparaging the goods, services or trade of
another person.
Explanation.— For the purposes of this sub-clause, a statement that is,—
(A) expressed on an article offered or displayed for sale, or on its wrapper or
container; or
(B) expressed on anything attached to, inserted in, or accompanying, an article
offered or displayed for sale, or on anything on which the article is mounted for
display or sale; or
(C) contained in or on anything that is sold, sent, delivered, transmitted or in
any other manner whatsoever made available to a member of the public,
shall be deemed to be a statement made to the public by, and only by, the person who had
caused the statement to be so expressed, made or contained;
(ii) permitting the publication of any advertisement, whether in any
newspaper or otherwise, including by way of electronic record, for the sale or
supply at a bargain price of goods or services that are not intended to be offered
for sale or supply at the bargain price, or for a period that is, and in quantities
that are, reasonable, having regard to the nature of the market in which the
business is carried on, the nature and size of business, and the nature of the
advertisement.
Explanation.—For the purpose of this sub-clause, ""bargain price"" means,—
(A) a price that is stated in any advertisement to be a bargain price,
by reference to an ordinary price or otherwise; or
(B) a price that a person who reads, hears or sees the advertisement,
would reasonably understand to be a bargain price having regard to the
prices at which the product advertised or like products are ordinarily sold;
(iii) permitting—
(a) the offering of gifts, prizes or other items with the intention of
not providing them as offered or creating impression that something is
being given or offered free of charge when it is fully or partly covered by
the amount charged, in the transaction as a whole;
(b) the conduct of any contest, lottery, game of chance or skill, for
the purpose of promoting, directly or indirectly, the sale, use or supply of
any product or any business interest, except such contest, lottery, game
of chance or skill as may be prescribed;
(c) withholding from the participants of any scheme offering gifts,
prizes or other items free of charge on its closure, the information about
final results of the scheme.",,
train,consumer_protection,9,What does the passage define as a 'statement made to the public'?,"A statement made to the public is deemed to be by, and only by, the person who had caused the statement to be so expressed, made or contained.",Not explicitly identified,"A statement made to the public by, and only by, the person who had caused the statement to be so expressed, made or contained;","SEC. 1] THE GAZETTE OF INDIA EXTRAORDINARY 9
if such purported warranty or guarantee or promise is materially misleading or if there
is no reasonable prospect that such warranty, guarantee or promise will be carried out;
(i) materially misleads the public concerning the price at which a product or like
products or goods or services, have been or are, ordinarily sold or provided, and, for
this purpose, a representation as to price shall be deemed to refer to the price at which
the product or goods or services has or have been sold by sellers or provided by
suppliers generally in the relevant market unless it is clearly specified to be the price at
which the product has been sold or services have been provided by the person by
whom or on whose behalf the representation is made;
(j) gives false or misleading facts disparaging the goods, services or trade of
another person.
Explanation.— For the purposes of this sub-clause, a statement that is,—
(A) expressed on an article offered or displayed for sale, or on its wrapper or
container; or
(B) expressed on anything attached to, inserted in, or accompanying, an article
offered or displayed for sale, or on anything on which the article is mounted for
display or sale; or
(C) contained in or on anything that is sold, sent, delivered, transmitted or in
any other manner whatsoever made available to a member of the public,
shall be deemed to be a statement made to the public by, and only by, the person who had
caused the statement to be so expressed, made or contained;
(ii) permitting the publication of any advertisement, whether in any
newspaper or otherwise, including by way of electronic record, for the sale or
supply at a bargain price of goods or services that are not intended to be offered
for sale or supply at the bargain price, or for a period that is, and in quantities
that are, reasonable, having regard to the nature of the market in which the
business is carried on, the nature and size of business, and the nature of the
advertisement.
Explanation.—For the purpose of this sub-clause, ""bargain price"" means,—
(A) a price that is stated in any advertisement to be a bargain price,
by reference to an ordinary price or otherwise; or
(B) a price that a person who reads, hears or sees the advertisement,
would reasonably understand to be a bargain price having regard to the
prices at which the product advertised or like products are ordinarily sold;
(iii) permitting—
(a) the offering of gifts, prizes or other items with the intention of
not providing them as offered or creating impression that something is
being given or offered free of charge when it is fully or partly covered by
the amount charged, in the transaction as a whole;
(b) the conduct of any contest, lottery, game of chance or skill, for
the purpose of promoting, directly or indirectly, the sale, use or supply of
any product or any business interest, except such contest, lottery, game
of chance or skill as may be prescribed;
(c) withholding from the participants of any scheme offering gifts,
prizes or other items free of charge on its closure, the information about
final results of the scheme.",,
train,consumer_protection,9,What are some examples of conduct prohibited by the regulations?,"The regulations prohibit the offering of gifts, prizes, or other items with the intention of not providing them as offered or creating an impression that something is being given or offered free of charge when it is fully or partly covered by the amount charged, in the transaction as a whole.",Not explicitly identified,"products are ordinarily sold; (iii) permitting— (a) the offering of gifts, prizes or other items with the intention of not providing them as offered or creating impression that something is being given or offered free of charge when it is fully or partly covered by the amount charged, in the transaction as a whole;","SEC. 1] THE GAZETTE OF INDIA EXTRAORDINARY 9
if such purported warranty or guarantee or promise is materially misleading or if there
is no reasonable prospect that such warranty, guarantee or promise will be carried out;
(i) materially misleads the public concerning the price at which a product or like
products or goods or services, have been or are, ordinarily sold or provided, and, for
this purpose, a representation as to price shall be deemed to refer to the price at which
the product or goods or services has or have been sold by sellers or provided by
suppliers generally in the relevant market unless it is clearly specified to be the price at
which the product has been sold or services have been provided by the person by
whom or on whose behalf the representation is made;
(j) gives false or misleading facts disparaging the goods, services or trade of
another person.
Explanation.— For the purposes of this sub-clause, a statement that is,—
(A) expressed on an article offered or displayed for sale, or on its wrapper or
container; or
(B) expressed on anything attached to, inserted in, or accompanying, an article
offered or displayed for sale, or on anything on which the article is mounted for
display or sale; or
(C) contained in or on anything that is sold, sent, delivered, transmitted or in
any other manner whatsoever made available to a member of the public,
shall be deemed to be a statement made to the public by, and only by, the person who had
caused the statement to be so expressed, made or contained;
(ii) permitting the publication of any advertisement, whether in any
newspaper or otherwise, including by way of electronic record, for the sale or
supply at a bargain price of goods or services that are not intended to be offered
for sale or supply at the bargain price, or for a period that is, and in quantities
that are, reasonable, having regard to the nature of the market in which the
business is carried on, the nature and size of business, and the nature of the
advertisement.
Explanation.—For the purpose of this sub-clause, ""bargain price"" means,—
(A) a price that is stated in any advertisement to be a bargain price,
by reference to an ordinary price or otherwise; or
(B) a price that a person who reads, hears or sees the advertisement,
would reasonably understand to be a bargain price having regard to the
prices at which the product advertised or like products are ordinarily sold;
(iii) permitting—
(a) the offering of gifts, prizes or other items with the intention of
not providing them as offered or creating impression that something is
being given or offered free of charge when it is fully or partly covered by
the amount charged, in the transaction as a whole;
(b) the conduct of any contest, lottery, game of chance or skill, for
the purpose of promoting, directly or indirectly, the sale, use or supply of
any product or any business interest, except such contest, lottery, game
of chance or skill as may be prescribed;
(c) withholding from the participants of any scheme offering gifts,
prizes or other items free of charge on its closure, the information about
final results of the scheme.",,
train,consumer_protection,9,What is considered a material misrepresentation under the passage?,A representation as to price shall be deemed to refer to the price at which the product or goods or services has or have been sold by sellers or provided by suppliers generally in the relevant market unless it is clearly specified to be the price at which the product has been sold or services have been provided by the person by whom or on whose behalf the representation is made.,SEC. 1],"SEC. 1] THE GAZETTE OF INDIA EXTRAORDINARY 9 if such purported warranty or guarantee or promise is materially misleading or if there is no reasonable prospect that such warranty, guarantee or promise will be carried out;","SEC. 1] THE GAZETTE OF INDIA EXTRAORDINARY 9
if such purported warranty or guarantee or promise is materially misleading or if there
is no reasonable prospect that such warranty, guarantee or promise will be carried out;
(i) materially misleads the public concerning the price at which a product or like
products or goods or services, have been or are, ordinarily sold or provided, and, for
this purpose, a representation as to price shall be deemed to refer to the price at which
the product or goods or services has or have been sold by sellers or provided by
suppliers generally in the relevant market unless it is clearly specified to be the price at
which the product has been sold or services have been provided by the person by
whom or on whose behalf the representation is made;
(j) gives false or misleading facts disparaging the goods, services or trade of
another person.
Explanation.— For the purposes of this sub-clause, a statement that is,—
(A) expressed on an article offered or displayed for sale, or on its wrapper or
container; or
(B) expressed on anything attached to, inserted in, or accompanying, an article
offered or displayed for sale, or on anything on which the article is mounted for
display or sale; or
(C) contained in or on anything that is sold, sent, delivered, transmitted or in
any other manner whatsoever made available to a member of the public,
shall be deemed to be a statement made to the public by, and only by, the person who had
caused the statement to be so expressed, made or contained;
(ii) permitting the publication of any advertisement, whether in any
newspaper or otherwise, including by way of electronic record, for the sale or
supply at a bargain price of goods or services that are not intended to be offered
for sale or supply at the bargain price, or for a period that is, and in quantities
that are, reasonable, having regard to the nature of the market in which the
business is carried on, the nature and size of business, and the nature of the
advertisement.
Explanation.—For the purpose of this sub-clause, ""bargain price"" means,—
(A) a price that is stated in any advertisement to be a bargain price,
by reference to an ordinary price or otherwise; or
(B) a price that a person who reads, hears or sees the advertisement,
would reasonably understand to be a bargain price having regard to the
prices at which the product advertised or like products are ordinarily sold;
(iii) permitting—
(a) the offering of gifts, prizes or other items with the intention of
not providing them as offered or creating impression that something is
being given or offered free of charge when it is fully or partly covered by
the amount charged, in the transaction as a whole;
(b) the conduct of any contest, lottery, game of chance or skill, for
the purpose of promoting, directly or indirectly, the sale, use or supply of
any product or any business interest, except such contest, lottery, game
of chance or skill as may be prescribed;
(c) withholding from the participants of any scheme offering gifts,
prizes or other items free of charge on its closure, the information about
final results of the scheme.",,
train,consumer_protection,39,What is the purpose of the provision made in the Official Gazette?,"The purpose of the provision made in the Official Gazette is to make such provisions not inconsistent with the provisions of the Consumer Protection Act, 1986 as appear to the Central Authority to be necessary or expedient for removing the difficulty.",Not explicitly identified,"r in the Official Gazette, make such provisions not inconsistent with the provisions of this Act as appear to it to be necessary or expedient for removing the difficulty:","SEC. 1] THE GAZETTE OF INDIA EXTRAORDINARY 39
(f) the conditions for re-empanelment of mediators for another term under
sub-section (3) of section 75;
(g) the other facts to be disclosed by mediators under clause (c) of section 77;
(h) the time within which, and the manner in which, mediation may be conducted
under sub-section (3) of section 79; and
(i) such other matter for which provision is to be, or may be, made by regulation.
104. (1) The Central Authority may, with the previous approval of the Central
Government, by notification, make regulations not inconsistent with this Act, for the purpose
of giving effect to the provisions of this Act.
(2) In particular, and without prejudice to the generality of the foregoing power, such
regulations may provide for all or any of the following matters, namely:—
(a) the procedure for engaging experts and professionals and the number of
such experts and professionals under sub-section ( 3) of section 13;
(b) the procedure for transaction of business and the allocation of business of
the Chief Commissioner and Commissioner under sub-section (1) of section 14;
(c) the form, manner and time within which, inquiries or investigation made by
the Director-General shall be submitted to the Central Authority under sub-section (5)
of section 15; and
(d) such other matter for which provision is to be, or may be, made by regulation.
105. (1) Every rule and every regulation made under this Act shall be laid, as soon as
may be after it is made, before each House of Parliament, while it is in session, for a total
period of thirty days which may be comprised in one session or in two or more successive
sessions, and if, before the expiry of the session immediately following the session or the
successive sessions aforesaid, both Houses agree in making any modification in the rule or
regulation or both Houses agree that the rule or regulation shall thereafter have effect only
in such modified form or be of no effect, as the case may be; so, however, that any such
modification or annulment shall be without prejudice to the validity of anything previously
done under that rule or regulation.
(2) Every rule made by a State Government under this Act shall be laid as soon as may
be after it is made, before the State Legislature.
106. If any difficulty arises in giving effect to the provisions of this Act, the Central
Government may, by order in the Official Gazette, make such provisions not inconsistent
with the provisions of this Act as appear to it to be necessary or expedient for removing the
difficulty:
 Provided that no such order shall be made after the expiry of a period of two years
from the commencement of this Act.
107. (1) The Consumer Protection Act, 1986 is hereby repealed.
(2) Notwithstanding such repeal, anything done or any action taken or purported to
have been done or taken under the Act hereby repealed shall, in so far as it is not inconsistent
with the provisions of this Act, be deemed to have been done or taken under the corresponding
provisions of this Act.
Power of
Central
Authority to
make
regulations.
Rules and
regulations to
be laid before
each House of
Parliament.
Power to
remove
difficulties.
Repeal and
savings.
68 of 1986.",,
train,consumer_protection,39,What is the purpose of the power granted to the Central Authority?,The power of Central Authority to make regulations is granted for the purpose of removing difficulties.,68 of 1986,Power of Central Authority to make regulations. Rules and regulations to be laid before each House of Parliament. Power to remove difficulties.,"SEC. 1] THE GAZETTE OF INDIA EXTRAORDINARY 39
(f) the conditions for re-empanelment of mediators for another term under
sub-section (3) of section 75;
(g) the other facts to be disclosed by mediators under clause (c) of section 77;
(h) the time within which, and the manner in which, mediation may be conducted
under sub-section (3) of section 79; and
(i) such other matter for which provision is to be, or may be, made by regulation.
104. (1) The Central Authority may, with the previous approval of the Central
Government, by notification, make regulations not inconsistent with this Act, for the purpose
of giving effect to the provisions of this Act.
(2) In particular, and without prejudice to the generality of the foregoing power, such
regulations may provide for all or any of the following matters, namely:—
(a) the procedure for engaging experts and professionals and the number of
such experts and professionals under sub-section ( 3) of section 13;
(b) the procedure for transaction of business and the allocation of business of
the Chief Commissioner and Commissioner under sub-section (1) of section 14;
(c) the form, manner and time within which, inquiries or investigation made by
the Director-General shall be submitted to the Central Authority under sub-section (5)
of section 15; and
(d) such other matter for which provision is to be, or may be, made by regulation.
105. (1) Every rule and every regulation made under this Act shall be laid, as soon as
may be after it is made, before each House of Parliament, while it is in session, for a total
period of thirty days which may be comprised in one session or in two or more successive
sessions, and if, before the expiry of the session immediately following the session or the
successive sessions aforesaid, both Houses agree in making any modification in the rule or
regulation or both Houses agree that the rule or regulation shall thereafter have effect only
in such modified form or be of no effect, as the case may be; so, however, that any such
modification or annulment shall be without prejudice to the validity of anything previously
done under that rule or regulation.
(2) Every rule made by a State Government under this Act shall be laid as soon as may
be after it is made, before the State Legislature.
106. If any difficulty arises in giving effect to the provisions of this Act, the Central
Government may, by order in the Official Gazette, make such provisions not inconsistent
with the provisions of this Act as appear to it to be necessary or expedient for removing the
difficulty:
 Provided that no such order shall be made after the expiry of a period of two years
from the commencement of this Act.
107. (1) The Consumer Protection Act, 1986 is hereby repealed.
(2) Notwithstanding such repeal, anything done or any action taken or purported to
have been done or taken under the Act hereby repealed shall, in so far as it is not inconsistent
with the provisions of this Act, be deemed to have been done or taken under the corresponding
provisions of this Act.
Power of
Central
Authority to
make
regulations.
Rules and
regulations to
be laid before
each House of
Parliament.
Power to
remove
difficulties.
Repeal and
savings.
68 of 1986.",,
train,consumer_protection,20,What is the maximum time frame within which a complaint should be decided by the District Commission?,Every complaint shall be disposed of as expeditiously as possible and endeavour shall be made to decide the complaint within a period of three months from the date of receipt of notice by opposite party where the complaint does not require analysis or testing of commodities and within five months if it requires analysis or testing of commodities.,Not explicitly identified,Every complaint shall be disposed of as expeditiously as possible and endeavour shall be made to decide the complaint within a period of three months from the date of receipt of notice by opposite party where the complaint does not require analysis or testing of commodities and within five months if it requires analysis or testing of commodities:,"20 THE GAZETTE OF INDIA EXTRAORDINARY [P ART II—
(i) on the basis of evidence brought to its notice by the complainant and
the opposite party, if the opposite party denies or disputes the allegations
contained in the complaint, or
(ii) ex parte  on the basis of evidence brought to its notice by the
complainant, where the opposite party omits or fails to take any action to represent
his case within the time given by the Commission;
(c) decide the complaint on merits if the complainant fails to appear on the date
of hearing.
(4) For the purposes of sub-sections ( 2) and ( 3), the District Commission may, by
order, require an electronic service provider to provide such information, documents or
records, as may be specified in that order.
(5) No proceedings complying with the procedure laid down in sub-sections (1) and
(2) shall be called in question in any court on the ground that the principles of natural justice
have not been complied with.
(6) Every complaint shall be heard by the District Commission on the basis of affidavit
and documentary evidence placed on record:
Provided that where an application is made for hearing or for examination of parties in
person or through video conferencing, the District Commission may, on sufficient cause
being shown, and after recording its reasons in writing, allow the same.
(7) Every complaint shall be disposed of as expeditiously as possible and endeavour
shall be made to decide the complaint within a period of three months from the date of receipt
of notice by opposite party where the complaint does not require analysis or testing of
commodities and within five months if it requires analysis or testing of commodities:
Provided that no adjournment shall ordinarily be granted by the District Commission
unless sufficient cause is shown and the reasons for grant of adjournment have been recorded
in writing by the Commission:
Provided further that the District Commission shall make such orders as to the costs
occasioned by the adjournment as may be specified by regulations:
Provided also that in the event of a complaint being disposed of after the period so
specified, the District Commission shall record in writing, the reasons for the same at the time
of disposing of the said complaint.
(8) Where during the pendency of any proceeding before the District Commission, if
it appears necessary, it may pass such interim order as is just and proper in the facts and
circumstances of the case.
(9) For the purposes of this section, the District Commission shall have the same
powers as are vested in a civil court under the Code of Civil Procedure, 1908 while trying a
suit in respect of the following matters, namely:—
(a) the summoning and enforcing the attendance of any defendant or witness
and examining the witness on oath;
(b) requiring the discovery and production of any document or other material
object as evidence;
(c) receiving of evidence on affidavits;
(d) the requisitioning of the report of the concerned analysis or test from the
appropriate laboratory or from any other relevant source;
(e) issuing of commissions for the examination of any witness, or document;
and
5 of 1908.",,
train,consumer_protection,20,"What are the powers granted to the District Commission under the Code of Civil Procedure, 1908?","The District Commission has the same powers as are vested in a civil court under the Code of Civil Procedure, 1908 while trying a suit in respect of the following matters: summoning and enforcing the attendance of any defendant or witness and examining the witness on oath; requiring the discovery and production of any document or other material object as evidence; receiving of evidence on affidavits; requisitioning the report of the concerned analysis or test from the appropriate laboratory or from any other relevant source; issuing of commissions for the examination of any witness, or document.","Section 9 of the Code of Civil Procedure, 1908","For the purposes of this section, the District Commission shall have the same powers as are vested in a civil court under the Code of Civil Procedure, 1908 while trying a suit in respect of the following matters, namely:","20 THE GAZETTE OF INDIA EXTRAORDINARY [P ART II—
(i) on the basis of evidence brought to its notice by the complainant and
the opposite party, if the opposite party denies or disputes the allegations
contained in the complaint, or
(ii) ex parte  on the basis of evidence brought to its notice by the
complainant, where the opposite party omits or fails to take any action to represent
his case within the time given by the Commission;
(c) decide the complaint on merits if the complainant fails to appear on the date
of hearing.
(4) For the purposes of sub-sections ( 2) and ( 3), the District Commission may, by
order, require an electronic service provider to provide such information, documents or
records, as may be specified in that order.
(5) No proceedings complying with the procedure laid down in sub-sections (1) and
(2) shall be called in question in any court on the ground that the principles of natural justice
have not been complied with.
(6) Every complaint shall be heard by the District Commission on the basis of affidavit
and documentary evidence placed on record:
Provided that where an application is made for hearing or for examination of parties in
person or through video conferencing, the District Commission may, on sufficient cause
being shown, and after recording its reasons in writing, allow the same.
(7) Every complaint shall be disposed of as expeditiously as possible and endeavour
shall be made to decide the complaint within a period of three months from the date of receipt
of notice by opposite party where the complaint does not require analysis or testing of
commodities and within five months if it requires analysis or testing of commodities:
Provided that no adjournment shall ordinarily be granted by the District Commission
unless sufficient cause is shown and the reasons for grant of adjournment have been recorded
in writing by the Commission:
Provided further that the District Commission shall make such orders as to the costs
occasioned by the adjournment as may be specified by regulations:
Provided also that in the event of a complaint being disposed of after the period so
specified, the District Commission shall record in writing, the reasons for the same at the time
of disposing of the said complaint.
(8) Where during the pendency of any proceeding before the District Commission, if
it appears necessary, it may pass such interim order as is just and proper in the facts and
circumstances of the case.
(9) For the purposes of this section, the District Commission shall have the same
powers as are vested in a civil court under the Code of Civil Procedure, 1908 while trying a
suit in respect of the following matters, namely:—
(a) the summoning and enforcing the attendance of any defendant or witness
and examining the witness on oath;
(b) requiring the discovery and production of any document or other material
object as evidence;
(c) receiving of evidence on affidavits;
(d) the requisitioning of the report of the concerned analysis or test from the
appropriate laboratory or from any other relevant source;
(e) issuing of commissions for the examination of any witness, or document;
and
5 of 1908.",,
train,consumer_protection,20,What is the maximum time frame within which a complaint can be decided by the District Commission if it does not require analysis or testing of commodities?,Every complaint shall be disposed of as expeditiously as possible and endeavour shall be made to decide the complaint within a period of three months from the date of receipt of notice by opposite party where the complaint does not require analysis or testing of commodities.,article/section 7,Every complaint shall be disposed of as expeditiously as possible and endeavour shall be made to decide the complaint within a period of three months from the date of receipt of notice by opposite party where the complaint does not require analysis or testing of commodities,"20 THE GAZETTE OF INDIA EXTRAORDINARY [P ART II—
(i) on the basis of evidence brought to its notice by the complainant and
the opposite party, if the opposite party denies or disputes the allegations
contained in the complaint, or
(ii) ex parte  on the basis of evidence brought to its notice by the
complainant, where the opposite party omits or fails to take any action to represent
his case within the time given by the Commission;
(c) decide the complaint on merits if the complainant fails to appear on the date
of hearing.
(4) For the purposes of sub-sections ( 2) and ( 3), the District Commission may, by
order, require an electronic service provider to provide such information, documents or
records, as may be specified in that order.
(5) No proceedings complying with the procedure laid down in sub-sections (1) and
(2) shall be called in question in any court on the ground that the principles of natural justice
have not been complied with.
(6) Every complaint shall be heard by the District Commission on the basis of affidavit
and documentary evidence placed on record:
Provided that where an application is made for hearing or for examination of parties in
person or through video conferencing, the District Commission may, on sufficient cause
being shown, and after recording its reasons in writing, allow the same.
(7) Every complaint shall be disposed of as expeditiously as possible and endeavour
shall be made to decide the complaint within a period of three months from the date of receipt
of notice by opposite party where the complaint does not require analysis or testing of
commodities and within five months if it requires analysis or testing of commodities:
Provided that no adjournment shall ordinarily be granted by the District Commission
unless sufficient cause is shown and the reasons for grant of adjournment have been recorded
in writing by the Commission:
Provided further that the District Commission shall make such orders as to the costs
occasioned by the adjournment as may be specified by regulations:
Provided also that in the event of a complaint being disposed of after the period so
specified, the District Commission shall record in writing, the reasons for the same at the time
of disposing of the said complaint.
(8) Where during the pendency of any proceeding before the District Commission, if
it appears necessary, it may pass such interim order as is just and proper in the facts and
circumstances of the case.
(9) For the purposes of this section, the District Commission shall have the same
powers as are vested in a civil court under the Code of Civil Procedure, 1908 while trying a
suit in respect of the following matters, namely:—
(a) the summoning and enforcing the attendance of any defendant or witness
and examining the witness on oath;
(b) requiring the discovery and production of any document or other material
object as evidence;
(c) receiving of evidence on affidavits;
(d) the requisitioning of the report of the concerned analysis or test from the
appropriate laboratory or from any other relevant source;
(e) issuing of commissions for the examination of any witness, or document;
and
5 of 1908.",,
train,consumer_protection,1,"What is the short title of the Consumer Protection Act, 2019?","This Act may be called the Consumer Protection Act, 2019.",1(2),"This Act may be called the Consumer Protection Act, 2019.","Short title,
extent,
commencement
and
application.
THE CONSUMER PROTECTION ACT, 2019
NO. 35 OF  2019
[9th August, 2019.]
An Act to provide for protection of the interests of consumers and for the said
purpose, to establish authorities for timely and effective administration and
settlement of consumers' disputes and for matters connected therewith or
incidental thereto.
BE it enacted by Parliament in the Seventieth Year of the Republic of India as follows:—
CHAPTER I
PRELIMINARY
1. (1) This Act may be called the Consumer Protection Act, 2019.
(2) It extends to the whole of India except the State of Jammu and Kashmir.
(3) It shall come into force on such date as the Central Government may, by notification,
appoint and different dates may be appointed for different States and for different provisions
of this Act and any reference in any such provision to the commencement of this Act shall be
construed as a reference to the coming into force of that provision.
(4) Save as otherwise expressly provided by the Central Government, by notification,
this Act shall apply to all goods and services.
MINISTRY OF LAW AND JUSTICE
(Legislative Department)
New Delhi, the 9th August, 2019/Shravana 18, 1941  (Saka)
The following Act of Parliament received the assent of the President on the
9th August, 2019, and is hereby published for general information:—
jftLVªh lañ Mhñ ,yñ —( ,u)04@0007@2003— 19
vlk/kkj.k
EXTRAORDINARY
Hkkx  II — [k.M 1
PART II — Section 1
izkf/kdkj ls izdkf'kr
PUBLISHED  BY  AUTHORITY
lañ 54] ubZ fnYyh] 'kqØokj] vxLr 9] 2019@Jko.k 18] 1941 ¼'kd½
No. 54]  NEW DELHI, FRIDAY, AUGUST 9, 2019/SHRAVANA 18, 1941 (SAKA)
bl Hkkx esa fHkUu i`""B la[;k nh tkrh gS ftlls fd ;g vyx ladyu ds :i esa j[kk tk ldsA
Separate paging is given to this Part in order that it may be filed as a separate compilation.
REGISTERED NO. DL—(N)04/0007/2003—19",,
train,consumer_protection,1,What year did the Act of Parliament receive assent?,The Act of Parliament received assent in 2019.,Not explicitly identified,"1941 (Saka) The following Act of Parliament received the assent of the President on the 9th August, 2019, and is hereby published for general information:","Short title,
extent,
commencement
and
application.
THE CONSUMER PROTECTION ACT, 2019
NO. 35 OF  2019
[9th August, 2019.]
An Act to provide for protection of the interests of consumers and for the said
purpose, to establish authorities for timely and effective administration and
settlement of consumers' disputes and for matters connected therewith or
incidental thereto.
BE it enacted by Parliament in the Seventieth Year of the Republic of India as follows:—
CHAPTER I
PRELIMINARY
1. (1) This Act may be called the Consumer Protection Act, 2019.
(2) It extends to the whole of India except the State of Jammu and Kashmir.
(3) It shall come into force on such date as the Central Government may, by notification,
appoint and different dates may be appointed for different States and for different provisions
of this Act and any reference in any such provision to the commencement of this Act shall be
construed as a reference to the coming into force of that provision.
(4) Save as otherwise expressly provided by the Central Government, by notification,
this Act shall apply to all goods and services.
MINISTRY OF LAW AND JUSTICE
(Legislative Department)
New Delhi, the 9th August, 2019/Shravana 18, 1941  (Saka)
The following Act of Parliament received the assent of the President on the
9th August, 2019, and is hereby published for general information:—
jftLVªh lañ Mhñ ,yñ —( ,u)04@0007@2003— 19
vlk/kkj.k
EXTRAORDINARY
Hkkx  II — [k.M 1
PART II — Section 1
izkf/kdkj ls izdkf'kr
PUBLISHED  BY  AUTHORITY
lañ 54] ubZ fnYyh] 'kqØokj] vxLr 9] 2019@Jko.k 18] 1941 ¼'kd½
No. 54]  NEW DELHI, FRIDAY, AUGUST 9, 2019/SHRAVANA 18, 1941 (SAKA)
bl Hkkx esa fHkUu i`""B la[;k nh tkrh gS ftlls fd ;g vyx ladyu ds :i esa j[kk tk ldsA
Separate paging is given to this Part in order that it may be filed as a separate compilation.
REGISTERED NO. DL—(N)04/0007/2003—19",,
train,consumer_protection,24,What is the power granted to the State Commission regarding orders it has made?,"The State Commission has the power to review any of the order passed by it if there is an error apparent on the face of the record, either of its own motion or on an application made by any of the parties within thirty days of such order.",50,"50. The State Commission shall have the power to review any of the order passed by it if there is an error apparent on the face of the record, either of its own motion or on an application made by any of the parties within thirty days of such order.","24 THE GAZETTE OF INDIA EXTRAORDINARY [P ART II—
be decided according to the opinion of the majority of the members who have heard the case,
including those who first heard it:
Provided that the President or the other members, as the case may be, shall give
opinion on the point or points so referred within a period of one month from the date of such
reference.
(4) A complaint shall be instituted in a State Commission within the limits of whose
jurisdiction,—
(a) the opposite party or each of the opposite parties, where there are more than
one, at the time of the institution of the complaint, ordinarily resides or carries on
business or has a branch office or personally works for gain; or
(b) any of the opposite parties, where there are more than one, at the time of the
institution of the complaint, actually and voluntarily resides, or carries on business or
has a branch office or personally works for gain, provided in such case, the permission
of the State Commission is given; or
(c) the cause of action, wholly or in part, arises; or
(d) the complainant resides or personally works for gain.
48. On the application of the complainant or of its own motion, the State Commission
may, at any stage of the proceeding, transfer any complaint pending before a District
Commission to another District Commission within the State if the interest of justice so
requires.
49. (1) The provisions relating to complaints under sections 35, 36, 37, 38 and 39 shall,
with such modifications as may be necessary, be applicable to the disposal of complaints by
the State Commission.
(2) Without prejudice to the provisions of sub-section (1),  the State Commission may
also declare any terms of contract, which is unfair to any consumer, to be null and void.
50. The State Commission shall have the power to review any of the order passed by
it if there is an error apparent on the face of the record, either of its own motion or on an
application made by any of the parties within thirty days of such order.
51. (1) Any person aggrieved by an order made by the State Commission in exercise of
its powers conferred by sub-clause (i) or (ii) of clause (a) of sub-section (1) of section 47
may prefer an appeal against such order to the National Commission within a period of thirty
days from the date of the order in such form and manner as may be prescribed:
Provided that the National Commission shall not entertain the appeal after the expiry
of the said period of thirty days unless it is satisfied that there was sufficient cause for not
filing it within that period:
Provided further that no appeal by a person, who is required to pay any amount in
terms of an order of the State Commission, shall be entertained by the National Commission
unless the appellant has deposited fifty per cent. of that amount in the manner as may be
prescribed.
(2) Save as otherwise expressly provided under this Act or by any other law for the
time being in force, an appeal shall lie to the National Commission from any order passed in
appeal by any State Commission, if the National Commission is satisfied that the case
involves a substantial question of law.
(3) In an appeal involving a question of law, the memorandum of appeal shall precisely
state the substantial question of law involved in the appeal.
(4) Where the National Commission is satisfied that a substantial question of law is
involved in any case, it shall formulate that question and hear the appeal on that question:
Transfer of
cases.
Procedure
applicable to
State
Commission.
Review by
State
Commission in
certain cases.
Appeal to
National
Commission.",,
train,consumer_protection,24,What is the condition for an appeal by a person who is required to pay an amount in terms of an order of the State Commission to be entertained by the National Commission?,"No appeal by a person, who is required to pay any amount in terms of an order of the State Commission, shall be entertained by the National Commission unless the appellant has deposited fifty per cent. of that amount in the manner as may be prescribed.",-2,"No appeal by a person, who is required to pay any amount in terms of an order of the State Commission, shall be entertained by the National Commission unless the appellant has deposited fifty per cent. of that amount in the manner as may be prescribed.","24 THE GAZETTE OF INDIA EXTRAORDINARY [P ART II—
be decided according to the opinion of the majority of the members who have heard the case,
including those who first heard it:
Provided that the President or the other members, as the case may be, shall give
opinion on the point or points so referred within a period of one month from the date of such
reference.
(4) A complaint shall be instituted in a State Commission within the limits of whose
jurisdiction,—
(a) the opposite party or each of the opposite parties, where there are more than
one, at the time of the institution of the complaint, ordinarily resides or carries on
business or has a branch office or personally works for gain; or
(b) any of the opposite parties, where there are more than one, at the time of the
institution of the complaint, actually and voluntarily resides, or carries on business or
has a branch office or personally works for gain, provided in such case, the permission
of the State Commission is given; or
(c) the cause of action, wholly or in part, arises; or
(d) the complainant resides or personally works for gain.
48. On the application of the complainant or of its own motion, the State Commission
may, at any stage of the proceeding, transfer any complaint pending before a District
Commission to another District Commission within the State if the interest of justice so
requires.
49. (1) The provisions relating to complaints under sections 35, 36, 37, 38 and 39 shall,
with such modifications as may be necessary, be applicable to the disposal of complaints by
the State Commission.
(2) Without prejudice to the provisions of sub-section (1),  the State Commission may
also declare any terms of contract, which is unfair to any consumer, to be null and void.
50. The State Commission shall have the power to review any of the order passed by
it if there is an error apparent on the face of the record, either of its own motion or on an
application made by any of the parties within thirty days of such order.
51. (1) Any person aggrieved by an order made by the State Commission in exercise of
its powers conferred by sub-clause (i) or (ii) of clause (a) of sub-section (1) of section 47
may prefer an appeal against such order to the National Commission within a period of thirty
days from the date of the order in such form and manner as may be prescribed:
Provided that the National Commission shall not entertain the appeal after the expiry
of the said period of thirty days unless it is satisfied that there was sufficient cause for not
filing it within that period:
Provided further that no appeal by a person, who is required to pay any amount in
terms of an order of the State Commission, shall be entertained by the National Commission
unless the appellant has deposited fifty per cent. of that amount in the manner as may be
prescribed.
(2) Save as otherwise expressly provided under this Act or by any other law for the
time being in force, an appeal shall lie to the National Commission from any order passed in
appeal by any State Commission, if the National Commission is satisfied that the case
involves a substantial question of law.
(3) In an appeal involving a question of law, the memorandum of appeal shall precisely
state the substantial question of law involved in the appeal.
(4) Where the National Commission is satisfied that a substantial question of law is
involved in any case, it shall formulate that question and hear the appeal on that question:
Transfer of
cases.
Procedure
applicable to
State
Commission.
Review by
State
Commission in
certain cases.
Appeal to
National
Commission.",,
train,consumer_protection,24,What is the condition for an appeal by a person who is required to pay any amount in terms of an order of the State Commission to be entertained by the National Commission?,"No appeal by a person, who is required to pay any amount in terms of an order of the State Commission, shall be entertained by the National Commission unless the appellant has deposited fifty per cent. of that amount in the manner as may be prescribed.",-2,"No appeal by a person, who is required to pay any amount in terms of an order of the State Commission, shall be entertained by the National Commission unless the appellant has deposited fifty per cent. of that amount in the manner as may be prescribed.","24 THE GAZETTE OF INDIA EXTRAORDINARY [P ART II—
be decided according to the opinion of the majority of the members who have heard the case,
including those who first heard it:
Provided that the President or the other members, as the case may be, shall give
opinion on the point or points so referred within a period of one month from the date of such
reference.
(4) A complaint shall be instituted in a State Commission within the limits of whose
jurisdiction,—
(a) the opposite party or each of the opposite parties, where there are more than
one, at the time of the institution of the complaint, ordinarily resides or carries on
business or has a branch office or personally works for gain; or
(b) any of the opposite parties, where there are more than one, at the time of the
institution of the complaint, actually and voluntarily resides, or carries on business or
has a branch office or personally works for gain, provided in such case, the permission
of the State Commission is given; or
(c) the cause of action, wholly or in part, arises; or
(d) the complainant resides or personally works for gain.
48. On the application of the complainant or of its own motion, the State Commission
may, at any stage of the proceeding, transfer any complaint pending before a District
Commission to another District Commission within the State if the interest of justice so
requires.
49. (1) The provisions relating to complaints under sections 35, 36, 37, 38 and 39 shall,
with such modifications as may be necessary, be applicable to the disposal of complaints by
the State Commission.
(2) Without prejudice to the provisions of sub-section (1),  the State Commission may
also declare any terms of contract, which is unfair to any consumer, to be null and void.
50. The State Commission shall have the power to review any of the order passed by
it if there is an error apparent on the face of the record, either of its own motion or on an
application made by any of the parties within thirty days of such order.
51. (1) Any person aggrieved by an order made by the State Commission in exercise of
its powers conferred by sub-clause (i) or (ii) of clause (a) of sub-section (1) of section 47
may prefer an appeal against such order to the National Commission within a period of thirty
days from the date of the order in such form and manner as may be prescribed:
Provided that the National Commission shall not entertain the appeal after the expiry
of the said period of thirty days unless it is satisfied that there was sufficient cause for not
filing it within that period:
Provided further that no appeal by a person, who is required to pay any amount in
terms of an order of the State Commission, shall be entertained by the National Commission
unless the appellant has deposited fifty per cent. of that amount in the manner as may be
prescribed.
(2) Save as otherwise expressly provided under this Act or by any other law for the
time being in force, an appeal shall lie to the National Commission from any order passed in
appeal by any State Commission, if the National Commission is satisfied that the case
involves a substantial question of law.
(3) In an appeal involving a question of law, the memorandum of appeal shall precisely
state the substantial question of law involved in the appeal.
(4) Where the National Commission is satisfied that a substantial question of law is
involved in any case, it shall formulate that question and hear the appeal on that question:
Transfer of
cases.
Procedure
applicable to
State
Commission.
Review by
State
Commission in
certain cases.
Appeal to
National
Commission.",,
train,consumer_protection,40,"What does section 6 of the General Clauses Act, 1897 cover?","Section 6 of the General Clauses Act, 1897 covers the effect of repeal.",Not explicitly identified,"(3) The mention of particular matters in sub-section (2) shall not be held to prejudice or affect the general application of section 6 of the General Clauses Act, 1897 with regard to the effect of repeal.","(3) The mention of particular matters in sub-section (2) shall not be held to prejudice
or affect the general application of section 6 of the General Clauses Act, 1897 with regard to
the effect of repeal.
10 of 1897.
40 THE GAZETTE OF INDIA EXTRAORDINARY [P ART II—S EC. 1]
————
DR. G.  NARAYANA  RAJU,
Secretary to the Govt. of India.
MGIPMRND—2606GI(S3)—09-08-2019.
UPLOADED BY THE MANAGER, GOVERNMENT OF INDIA PRESS, MINTO ROAD,  NEW DELHI–110002
AND PUBLISHED BY THE CONTROLLER OF PUBLICATIONS, DELHI–110054.",,
train,consumer_protection,13,What is one of the functions of the Central Authority?,The Central Authority undertakes and promotes research in the field of consumer rights.,Not explicitly identified,undertake and promote research in the field of consumer rights;,"SEC. 1] THE GAZETTE OF INDIA EXTRAORDINARY 13
(5) The inquiries or the investigations made by the Director- General shall be submitted
to the Central Authority in such form, in such manner and within such time, as may be
specified by regulations.
16. The District Collector (by whatever name called) may, on a complaint or on a
reference made to him by the Central Authority or the Commissioner of a regional office,
inquire into or investigate complaints regarding violation of rights of consumers as a class,
on matters relating to violations of consumer rights, unfair trade practices and false or
misleading advertisements, within his jurisdiction and submit his report to the Central Authority
or to the Commissioner of a regional office, as the case may be.
17. A complaint relating to violation of consumer rights or unfair trade practices or
false or misleading advertisements which are prejudicial to the interests of consumers as a
class, may be forwarded either in writing or in electronic mode, to any one of the authorities,
namely, the District Collector or the Commissioner of regional office or the Central Authority.
18. (1) The Central Authority shall—
(a) protect, promote and enforce the rights of consumers as a class, and prevent
violation of consumers rights under this Act;
(b) prevent unfair trade practices and ensure that no person engages himself in
unfair trade practices;
(c) ensure that no false or misleading advertisement is made of any goods or
services which contravenes the provisions of this Act or the rules or regulations made
thereunder;
(d) ensure that no person takes part in the publication of any advertisement
which is false or misleading.
(2) Without prejudice to the generality of the provisions contained in sub-section (1),
the Central Authority may, for any of the purposes aforesaid,—
(a) inquire or cause an inquiry or investigation to be made into violations of
consumer rights or unfair trade practices, either suo motu or on a complaint received or
on the directions from the Central Government;
(b) file complaints before the District Commission, the State Commission or the
National Commission, as the case may be, under this Act;
(c) intervene in any proceedings before the District Commission or the State
Commission or the National Commission, as the case may be, in respect of any allegation
of violation of consumer rights or unfair trade practices;
(d) review the matters relating to, and the factors inhibiting enjoyment of,
consumer rights, including safeguards provided for the protection of consumers under
any other law for the time being in force and recommend appropriate remedial measures
for their effective implementation;
(e) recommend adoption of international covenants and best international
practices on consumer rights to ensure effective enforcement of consumer rights;
(f) undertake and promote research in the field of consumer rights;
(g) spread and promote awareness on consumer rights;
(h) encourage non-Governmental organisations and other institutions working
in the field of consumer rights to co-operate and work with consumer protection
agencies;
(i) mandate the use of unique and universal goods identifiers in such goods, as
may be necessary, to prevent unfair trade practices and to protect consumers' interest;
Power of
District
Collector.
Complaints to
authorities.
Powers and
functions of
Central
Authority.",,
train,consumer_protection,13,What are the main purposes of the Central Authority as described in the passage?,"The Central Authority can inquire or cause an inquiry or investigation into violations of consumer rights or unfair trade practices, file complaints before the District Commission, State Commission, or National Commission, and intervene in any proceedings before these commissions.",(2) Without prejudice to the generality of the provisions contained in sub-section (1),"Without prejudice to the generality of the provisions contained in sub-section (1), the Central Authority may, for any of the purposes aforesaid,—","SEC. 1] THE GAZETTE OF INDIA EXTRAORDINARY 13
(5) The inquiries or the investigations made by the Director- General shall be submitted
to the Central Authority in such form, in such manner and within such time, as may be
specified by regulations.
16. The District Collector (by whatever name called) may, on a complaint or on a
reference made to him by the Central Authority or the Commissioner of a regional office,
inquire into or investigate complaints regarding violation of rights of consumers as a class,
on matters relating to violations of consumer rights, unfair trade practices and false or
misleading advertisements, within his jurisdiction and submit his report to the Central Authority
or to the Commissioner of a regional office, as the case may be.
17. A complaint relating to violation of consumer rights or unfair trade practices or
false or misleading advertisements which are prejudicial to the interests of consumers as a
class, may be forwarded either in writing or in electronic mode, to any one of the authorities,
namely, the District Collector or the Commissioner of regional office or the Central Authority.
18. (1) The Central Authority shall—
(a) protect, promote and enforce the rights of consumers as a class, and prevent
violation of consumers rights under this Act;
(b) prevent unfair trade practices and ensure that no person engages himself in
unfair trade practices;
(c) ensure that no false or misleading advertisement is made of any goods or
services which contravenes the provisions of this Act or the rules or regulations made
thereunder;
(d) ensure that no person takes part in the publication of any advertisement
which is false or misleading.
(2) Without prejudice to the generality of the provisions contained in sub-section (1),
the Central Authority may, for any of the purposes aforesaid,—
(a) inquire or cause an inquiry or investigation to be made into violations of
consumer rights or unfair trade practices, either suo motu or on a complaint received or
on the directions from the Central Government;
(b) file complaints before the District Commission, the State Commission or the
National Commission, as the case may be, under this Act;
(c) intervene in any proceedings before the District Commission or the State
Commission or the National Commission, as the case may be, in respect of any allegation
of violation of consumer rights or unfair trade practices;
(d) review the matters relating to, and the factors inhibiting enjoyment of,
consumer rights, including safeguards provided for the protection of consumers under
any other law for the time being in force and recommend appropriate remedial measures
for their effective implementation;
(e) recommend adoption of international covenants and best international
practices on consumer rights to ensure effective enforcement of consumer rights;
(f) undertake and promote research in the field of consumer rights;
(g) spread and promote awareness on consumer rights;
(h) encourage non-Governmental organisations and other institutions working
in the field of consumer rights to co-operate and work with consumer protection
agencies;
(i) mandate the use of unique and universal goods identifiers in such goods, as
may be necessary, to prevent unfair trade practices and to protect consumers' interest;
Power of
District
Collector.
Complaints to
authorities.
Powers and
functions of
Central
Authority.",,
train,consumer_protection,13,What is the purpose of the inquiries or investigations made by the Director-General?,"The inquiries or investigations made by the Director-General shall be submitted to the Central Authority in such form, in such manner and within such time, as may be specified by regulations.",SEC. 1],"SEC. 1] THE GAZETTE OF INDIA EXTRAORDINARY 13 (5) The inquiries or the investigations made by the Director- General shall be submitted to the Central Authority in such form, in such manner and within such time, as may be specified by regulations.","SEC. 1] THE GAZETTE OF INDIA EXTRAORDINARY 13
(5) The inquiries or the investigations made by the Director- General shall be submitted
to the Central Authority in such form, in such manner and within such time, as may be
specified by regulations.
16. The District Collector (by whatever name called) may, on a complaint or on a
reference made to him by the Central Authority or the Commissioner of a regional office,
inquire into or investigate complaints regarding violation of rights of consumers as a class,
on matters relating to violations of consumer rights, unfair trade practices and false or
misleading advertisements, within his jurisdiction and submit his report to the Central Authority
or to the Commissioner of a regional office, as the case may be.
17. A complaint relating to violation of consumer rights or unfair trade practices or
false or misleading advertisements which are prejudicial to the interests of consumers as a
class, may be forwarded either in writing or in electronic mode, to any one of the authorities,
namely, the District Collector or the Commissioner of regional office or the Central Authority.
18. (1) The Central Authority shall—
(a) protect, promote and enforce the rights of consumers as a class, and prevent
violation of consumers rights under this Act;
(b) prevent unfair trade practices and ensure that no person engages himself in
unfair trade practices;
(c) ensure that no false or misleading advertisement is made of any goods or
services which contravenes the provisions of this Act or the rules or regulations made
thereunder;
(d) ensure that no person takes part in the publication of any advertisement
which is false or misleading.
(2) Without prejudice to the generality of the provisions contained in sub-section (1),
the Central Authority may, for any of the purposes aforesaid,—
(a) inquire or cause an inquiry or investigation to be made into violations of
consumer rights or unfair trade practices, either suo motu or on a complaint received or
on the directions from the Central Government;
(b) file complaints before the District Commission, the State Commission or the
National Commission, as the case may be, under this Act;
(c) intervene in any proceedings before the District Commission or the State
Commission or the National Commission, as the case may be, in respect of any allegation
of violation of consumer rights or unfair trade practices;
(d) review the matters relating to, and the factors inhibiting enjoyment of,
consumer rights, including safeguards provided for the protection of consumers under
any other law for the time being in force and recommend appropriate remedial measures
for their effective implementation;
(e) recommend adoption of international covenants and best international
practices on consumer rights to ensure effective enforcement of consumer rights;
(f) undertake and promote research in the field of consumer rights;
(g) spread and promote awareness on consumer rights;
(h) encourage non-Governmental organisations and other institutions working
in the field of consumer rights to co-operate and work with consumer protection
agencies;
(i) mandate the use of unique and universal goods identifiers in such goods, as
may be necessary, to prevent unfair trade practices and to protect consumers' interest;
Power of
District
Collector.
Complaints to
authorities.
Powers and
functions of
Central
Authority.",,
train,consumer_protection,13,What are the main objectives of the Act mentioned in the passage?,The Act aims to protect the rights of consumers as a class and prevent violations of consumer rights under this Act.,Not explicitly identified,"rce the rights of consumers as a class, and prevent violation of consumers rights under this Act;","SEC. 1] THE GAZETTE OF INDIA EXTRAORDINARY 13
(5) The inquiries or the investigations made by the Director- General shall be submitted
to the Central Authority in such form, in such manner and within such time, as may be
specified by regulations.
16. The District Collector (by whatever name called) may, on a complaint or on a
reference made to him by the Central Authority or the Commissioner of a regional office,
inquire into or investigate complaints regarding violation of rights of consumers as a class,
on matters relating to violations of consumer rights, unfair trade practices and false or
misleading advertisements, within his jurisdiction and submit his report to the Central Authority
or to the Commissioner of a regional office, as the case may be.
17. A complaint relating to violation of consumer rights or unfair trade practices or
false or misleading advertisements which are prejudicial to the interests of consumers as a
class, may be forwarded either in writing or in electronic mode, to any one of the authorities,
namely, the District Collector or the Commissioner of regional office or the Central Authority.
18. (1) The Central Authority shall—
(a) protect, promote and enforce the rights of consumers as a class, and prevent
violation of consumers rights under this Act;
(b) prevent unfair trade practices and ensure that no person engages himself in
unfair trade practices;
(c) ensure that no false or misleading advertisement is made of any goods or
services which contravenes the provisions of this Act or the rules or regulations made
thereunder;
(d) ensure that no person takes part in the publication of any advertisement
which is false or misleading.
(2) Without prejudice to the generality of the provisions contained in sub-section (1),
the Central Authority may, for any of the purposes aforesaid,—
(a) inquire or cause an inquiry or investigation to be made into violations of
consumer rights or unfair trade practices, either suo motu or on a complaint received or
on the directions from the Central Government;
(b) file complaints before the District Commission, the State Commission or the
National Commission, as the case may be, under this Act;
(c) intervene in any proceedings before the District Commission or the State
Commission or the National Commission, as the case may be, in respect of any allegation
of violation of consumer rights or unfair trade practices;
(d) review the matters relating to, and the factors inhibiting enjoyment of,
consumer rights, including safeguards provided for the protection of consumers under
any other law for the time being in force and recommend appropriate remedial measures
for their effective implementation;
(e) recommend adoption of international covenants and best international
practices on consumer rights to ensure effective enforcement of consumer rights;
(f) undertake and promote research in the field of consumer rights;
(g) spread and promote awareness on consumer rights;
(h) encourage non-Governmental organisations and other institutions working
in the field of consumer rights to co-operate and work with consumer protection
agencies;
(i) mandate the use of unique and universal goods identifiers in such goods, as
may be necessary, to prevent unfair trade practices and to protect consumers' interest;
Power of
District
Collector.
Complaints to
authorities.
Powers and
functions of
Central
Authority.",,
train,consumer_protection,13,Who can be responsible for investigating complaints regarding violations of consumer rights?,The District Collector (by whatever name called),SEC. 16,"The District Collector (by whatever name called) may, on a complaint or on a reference made to him by the Central Authority or the Commissioner of a regional office, inquire into or investigate complaints regarding violation of rights of consumers as a class, on matters relating to violations of consumer rights, unfair trade practices and false or misleading advertisements, within his jurisdiction and submit his report to the Central Authority or to the Commissioner of a regional office, as the case may be.","SEC. 1] THE GAZETTE OF INDIA EXTRAORDINARY 13
(5) The inquiries or the investigations made by the Director- General shall be submitted
to the Central Authority in such form, in such manner and within such time, as may be
specified by regulations.
16. The District Collector (by whatever name called) may, on a complaint or on a
reference made to him by the Central Authority or the Commissioner of a regional office,
inquire into or investigate complaints regarding violation of rights of consumers as a class,
on matters relating to violations of consumer rights, unfair trade practices and false or
misleading advertisements, within his jurisdiction and submit his report to the Central Authority
or to the Commissioner of a regional office, as the case may be.
17. A complaint relating to violation of consumer rights or unfair trade practices or
false or misleading advertisements which are prejudicial to the interests of consumers as a
class, may be forwarded either in writing or in electronic mode, to any one of the authorities,
namely, the District Collector or the Commissioner of regional office or the Central Authority.
18. (1) The Central Authority shall—
(a) protect, promote and enforce the rights of consumers as a class, and prevent
violation of consumers rights under this Act;
(b) prevent unfair trade practices and ensure that no person engages himself in
unfair trade practices;
(c) ensure that no false or misleading advertisement is made of any goods or
services which contravenes the provisions of this Act or the rules or regulations made
thereunder;
(d) ensure that no person takes part in the publication of any advertisement
which is false or misleading.
(2) Without prejudice to the generality of the provisions contained in sub-section (1),
the Central Authority may, for any of the purposes aforesaid,—
(a) inquire or cause an inquiry or investigation to be made into violations of
consumer rights or unfair trade practices, either suo motu or on a complaint received or
on the directions from the Central Government;
(b) file complaints before the District Commission, the State Commission or the
National Commission, as the case may be, under this Act;
(c) intervene in any proceedings before the District Commission or the State
Commission or the National Commission, as the case may be, in respect of any allegation
of violation of consumer rights or unfair trade practices;
(d) review the matters relating to, and the factors inhibiting enjoyment of,
consumer rights, including safeguards provided for the protection of consumers under
any other law for the time being in force and recommend appropriate remedial measures
for their effective implementation;
(e) recommend adoption of international covenants and best international
practices on consumer rights to ensure effective enforcement of consumer rights;
(f) undertake and promote research in the field of consumer rights;
(g) spread and promote awareness on consumer rights;
(h) encourage non-Governmental organisations and other institutions working
in the field of consumer rights to co-operate and work with consumer protection
agencies;
(i) mandate the use of unique and universal goods identifiers in such goods, as
may be necessary, to prevent unfair trade practices and to protect consumers' interest;
Power of
District
Collector.
Complaints to
authorities.
Powers and
functions of
Central
Authority.",,
train,consumer_protection,26,What is the time frame within which the President or the other member must give their opinion on the referred points?,"The President or the other member, as the case may be, shall give opinion on the point or points so referred within a period of two months from the date of such reference.",7 of 2017,"Provided that the President or the other member, as the case may be, shall give opinion on the point or points so referred within a period of two months from the date of such reference.","26 THE GAZETTE OF INDIA EXTRAORDINARY [P ART II—
56. The President and every other member appointed immediately before the
commencement of section 177 of the Finance Act, 2017 shall continue to be governed by the
provisions of the Consumer Protection Act, 1986 and the rules made thereunder as if this Act
had not come into force.
57. (1) The Central Government shall provide, in consultation with the President of the
National Commission, such number of officers and other employees to assist the National
Commission in the discharge of its functions as it may think fit.
(2) The officers and other employees of the National Commission shall discharge their
functions under the general superintendence of the President of the National Commission.
(3) The salaries and allowances payable to, and the other terms and conditions of
service of, the officers and other employees of the National Commission shall be such as
may be prescribed.
58. (1) Subject to the other provisions of this Act, the National Commission shall have
jurisdiction—
(a) to entertain—
(i) complaints where the value of the goods or services paid as
consideration exceeds rupees ten crore:
Provided that where the Central Government deems it necessary so to do,
it may prescribe such other value, as it deems fit;
(ii) complaints against unfair contracts, where the value of goods or
services paid as consideration exceeds ten crore rupees;
(iii) appeals against the orders of any State Commission;
(iv) appeals against the orders of the Central Authority;  and
(b) to call for the records and pass appropriate orders in any consumer dispute
which is pending before or has been decided by any State Commission where it
appears to the National Commission that such State Commission has exercised a
jurisdiction not vested in it by law, or has failed to exercise a jurisdiction so vested, or
has acted in the exercise of its jurisdiction illegally or with material irregularity.
(2) The jurisdiction, powers and authority of the National Commission may be exercised
by Benches thereof and a Bench may be constituted by the President with one or more
members as he may deem fit:
Provided that the senior-most member of the Bench shall preside over the Bench.
(3) Where the members of a Bench differ in opinion on any point, the points shall be
decided according to the opinion of the majority, if there is a majority, but if the members are
equally divided, they shall state the point or points on which they differ, and make a reference
to the President who shall either hear the point or points himself or refer the case for hearing
on such point or points by one or more of the other members and such point or points shall
be decided according to the opinion of the majority of the members who have heard the case,
including those who first heard it:
Provided that the President or the other member, as the case may be, shall give opinion
on the point or points so referred within a period of two months from the date of such
reference.
59. (1) The provisions relating to complaints under sections 35, 36, 37, 38 and 39 shall,
with such modifications as may be considered necessary, be applicable to the disposal of
complaints by the National Commission.
(2) Without prejudice to sub-section (1), the National Commission may also declare
any terms of contract, which is unfair to any consumer to be null and void.
Transitional
provision.
Other officers
and
employees of
National
Commission.
Jurisdiction of
National
Commission.
Procedure
applicable to
National
Commission.
7 of 2017.
68 of 1986.",,
train,consumer_protection,26,What are the conditions under which the National Commission may exercise jurisdiction over consumer disputes?,"The National Commission may exercise jurisdiction over consumer disputes where the value of goods or services paid as consideration exceeds ten crore rupees, and in appeals against the orders of any State Commission or the Central Authority.","(ii) complaints against unfair contracts, where the value of goods or services paid as consideration exceeds ten crore rupees","ment deems it necessary so to do, it may prescribe such other value, as it deems fit; (ii) complaints against unfair contracts, where the value of goods or services paid as consideration exceeds ten crore rupees;","26 THE GAZETTE OF INDIA EXTRAORDINARY [P ART II—
56. The President and every other member appointed immediately before the
commencement of section 177 of the Finance Act, 2017 shall continue to be governed by the
provisions of the Consumer Protection Act, 1986 and the rules made thereunder as if this Act
had not come into force.
57. (1) The Central Government shall provide, in consultation with the President of the
National Commission, such number of officers and other employees to assist the National
Commission in the discharge of its functions as it may think fit.
(2) The officers and other employees of the National Commission shall discharge their
functions under the general superintendence of the President of the National Commission.
(3) The salaries and allowances payable to, and the other terms and conditions of
service of, the officers and other employees of the National Commission shall be such as
may be prescribed.
58. (1) Subject to the other provisions of this Act, the National Commission shall have
jurisdiction—
(a) to entertain—
(i) complaints where the value of the goods or services paid as
consideration exceeds rupees ten crore:
Provided that where the Central Government deems it necessary so to do,
it may prescribe such other value, as it deems fit;
(ii) complaints against unfair contracts, where the value of goods or
services paid as consideration exceeds ten crore rupees;
(iii) appeals against the orders of any State Commission;
(iv) appeals against the orders of the Central Authority;  and
(b) to call for the records and pass appropriate orders in any consumer dispute
which is pending before or has been decided by any State Commission where it
appears to the National Commission that such State Commission has exercised a
jurisdiction not vested in it by law, or has failed to exercise a jurisdiction so vested, or
has acted in the exercise of its jurisdiction illegally or with material irregularity.
(2) The jurisdiction, powers and authority of the National Commission may be exercised
by Benches thereof and a Bench may be constituted by the President with one or more
members as he may deem fit:
Provided that the senior-most member of the Bench shall preside over the Bench.
(3) Where the members of a Bench differ in opinion on any point, the points shall be
decided according to the opinion of the majority, if there is a majority, but if the members are
equally divided, they shall state the point or points on which they differ, and make a reference
to the President who shall either hear the point or points himself or refer the case for hearing
on such point or points by one or more of the other members and such point or points shall
be decided according to the opinion of the majority of the members who have heard the case,
including those who first heard it:
Provided that the President or the other member, as the case may be, shall give opinion
on the point or points so referred within a period of two months from the date of such
reference.
59. (1) The provisions relating to complaints under sections 35, 36, 37, 38 and 39 shall,
with such modifications as may be considered necessary, be applicable to the disposal of
complaints by the National Commission.
(2) Without prejudice to sub-section (1), the National Commission may also declare
any terms of contract, which is unfair to any consumer to be null and void.
Transitional
provision.
Other officers
and
employees of
National
Commission.
Jurisdiction of
National
Commission.
Procedure
applicable to
National
Commission.
7 of 2017.
68 of 1986.",,
train,consumer_protection,26,What is the purpose of the officers and other employees provided by the Central Government for the National Commission?,The purpose of the officers and other employees provided by the Central Government for the National Commission is to assist the National Commission in the discharge of its functions as it may think fit.,57. (1),"57. (1) The Central Government shall provide, in consultation with the President of the National Commission, such number of officers and other employees to assist the National Commission in the discharge of its functions as it may think fit.","26 THE GAZETTE OF INDIA EXTRAORDINARY [P ART II—
56. The President and every other member appointed immediately before the
commencement of section 177 of the Finance Act, 2017 shall continue to be governed by the
provisions of the Consumer Protection Act, 1986 and the rules made thereunder as if this Act
had not come into force.
57. (1) The Central Government shall provide, in consultation with the President of the
National Commission, such number of officers and other employees to assist the National
Commission in the discharge of its functions as it may think fit.
(2) The officers and other employees of the National Commission shall discharge their
functions under the general superintendence of the President of the National Commission.
(3) The salaries and allowances payable to, and the other terms and conditions of
service of, the officers and other employees of the National Commission shall be such as
may be prescribed.
58. (1) Subject to the other provisions of this Act, the National Commission shall have
jurisdiction—
(a) to entertain—
(i) complaints where the value of the goods or services paid as
consideration exceeds rupees ten crore:
Provided that where the Central Government deems it necessary so to do,
it may prescribe such other value, as it deems fit;
(ii) complaints against unfair contracts, where the value of goods or
services paid as consideration exceeds ten crore rupees;
(iii) appeals against the orders of any State Commission;
(iv) appeals against the orders of the Central Authority;  and
(b) to call for the records and pass appropriate orders in any consumer dispute
which is pending before or has been decided by any State Commission where it
appears to the National Commission that such State Commission has exercised a
jurisdiction not vested in it by law, or has failed to exercise a jurisdiction so vested, or
has acted in the exercise of its jurisdiction illegally or with material irregularity.
(2) The jurisdiction, powers and authority of the National Commission may be exercised
by Benches thereof and a Bench may be constituted by the President with one or more
members as he may deem fit:
Provided that the senior-most member of the Bench shall preside over the Bench.
(3) Where the members of a Bench differ in opinion on any point, the points shall be
decided according to the opinion of the majority, if there is a majority, but if the members are
equally divided, they shall state the point or points on which they differ, and make a reference
to the President who shall either hear the point or points himself or refer the case for hearing
on such point or points by one or more of the other members and such point or points shall
be decided according to the opinion of the majority of the members who have heard the case,
including those who first heard it:
Provided that the President or the other member, as the case may be, shall give opinion
on the point or points so referred within a period of two months from the date of such
reference.
59. (1) The provisions relating to complaints under sections 35, 36, 37, 38 and 39 shall,
with such modifications as may be considered necessary, be applicable to the disposal of
complaints by the National Commission.
(2) Without prejudice to sub-section (1), the National Commission may also declare
any terms of contract, which is unfair to any consumer to be null and void.
Transitional
provision.
Other officers
and
employees of
National
Commission.
Jurisdiction of
National
Commission.
Procedure
applicable to
National
Commission.
7 of 2017.
68 of 1986.",,
train,consumer_protection,26,What is the purpose of the officers and other employees provided by the Central Government to assist the National Commission?,The purpose of the officers and other employees provided by the Central Government to assist the National Commission is to assist the National Commission in the discharge of its functions as it may think fit.,57. (1),"57. (1) The Central Government shall provide, in consultation with the President of the National Commission, such number of officers and other employees to assist the National Commission in the discharge of its functions as it may think fit.","26 THE GAZETTE OF INDIA EXTRAORDINARY [P ART II—
56. The President and every other member appointed immediately before the
commencement of section 177 of the Finance Act, 2017 shall continue to be governed by the
provisions of the Consumer Protection Act, 1986 and the rules made thereunder as if this Act
had not come into force.
57. (1) The Central Government shall provide, in consultation with the President of the
National Commission, such number of officers and other employees to assist the National
Commission in the discharge of its functions as it may think fit.
(2) The officers and other employees of the National Commission shall discharge their
functions under the general superintendence of the President of the National Commission.
(3) The salaries and allowances payable to, and the other terms and conditions of
service of, the officers and other employees of the National Commission shall be such as
may be prescribed.
58. (1) Subject to the other provisions of this Act, the National Commission shall have
jurisdiction—
(a) to entertain—
(i) complaints where the value of the goods or services paid as
consideration exceeds rupees ten crore:
Provided that where the Central Government deems it necessary so to do,
it may prescribe such other value, as it deems fit;
(ii) complaints against unfair contracts, where the value of goods or
services paid as consideration exceeds ten crore rupees;
(iii) appeals against the orders of any State Commission;
(iv) appeals against the orders of the Central Authority;  and
(b) to call for the records and pass appropriate orders in any consumer dispute
which is pending before or has been decided by any State Commission where it
appears to the National Commission that such State Commission has exercised a
jurisdiction not vested in it by law, or has failed to exercise a jurisdiction so vested, or
has acted in the exercise of its jurisdiction illegally or with material irregularity.
(2) The jurisdiction, powers and authority of the National Commission may be exercised
by Benches thereof and a Bench may be constituted by the President with one or more
members as he may deem fit:
Provided that the senior-most member of the Bench shall preside over the Bench.
(3) Where the members of a Bench differ in opinion on any point, the points shall be
decided according to the opinion of the majority, if there is a majority, but if the members are
equally divided, they shall state the point or points on which they differ, and make a reference
to the President who shall either hear the point or points himself or refer the case for hearing
on such point or points by one or more of the other members and such point or points shall
be decided according to the opinion of the majority of the members who have heard the case,
including those who first heard it:
Provided that the President or the other member, as the case may be, shall give opinion
on the point or points so referred within a period of two months from the date of such
reference.
59. (1) The provisions relating to complaints under sections 35, 36, 37, 38 and 39 shall,
with such modifications as may be considered necessary, be applicable to the disposal of
complaints by the National Commission.
(2) Without prejudice to sub-section (1), the National Commission may also declare
any terms of contract, which is unfair to any consumer to be null and void.
Transitional
provision.
Other officers
and
employees of
National
Commission.
Jurisdiction of
National
Commission.
Procedure
applicable to
National
Commission.
7 of 2017.
68 of 1986.",,
train,consumer_protection,36,What are the matters that may be prescribed under clause (f) of sub-section (9) of section 38?,The matters that may be prescribed under clause (f) of sub-section (9) of section 38 include any other matter which may be prescribed.,Not explicitly identified,any other matter which may be prescribed under clause (f) of sub-section (9) of section 38;,"36 THE GAZETTE OF INDIA EXTRAORDINARY [P ART II—
(g) the qualifications for appointment, method of recruitment, procedure of
appointment, term of office, salaries and allowances, resignation, removal and other
terms and conditions of service of the Chief Commissioner and other Commissioners
of the Central Authority under section 11;
(h) the salaries and allowances payable to, and the other terms and conditions
of service of, the officers and other employees of the Central Authority under
sub-section (2) of section 13;
(i) the qualifications for appointment of Director General, Additional Director
General, Director, Joint Director, Deputy Director and Assistant Director and the manner
of appointment under sub-section (2) of section 15;
(j) the manner of taking copies or extracts of document, record or article seized or
produced before returning to the person under sub-section ( 3) of section 22;
(k) the officer and the manner of disposing of articles which are subject to
speedy or natural decay under sub-section (4) of section 22;
(l) the form and manner for preparing annual statement of accounts by the
Central Authority in consultation with the Comptroller and Auditor-General of India
under sub-section (1) of section 26;
(m) the form in which, and the time within which, an annual report, other reports
and returns may be prepared by the Central Authority under sub-section ( 1) of
section 27;
(n) the qualifications for appointment, method of recruitment, procedure for
appointment, term of office, resignation and removal of President and members of the
District Commission under section 29;
(o) the other value of goods and services in respect of which the District
Commission shall have jurisdiction to entertain complaints under proviso to
sub-section (1) of section 34;
(p) the manner of electronically filing complaint under the proviso to sub-section (1)
of section 35;
(q) the fee, electronic form and the manner of payment of fee for filing complaint
under sub-section (2) of section 35;
(r) the cases which may not be referred for settlement by mediation under
sub-section (1) of section 37;
(s) the manner of authentication of goods sampled in case of the National
Commission under clause (c) of sub-section (2) of section 38;
(t) any other matter which may be prescribed under clause (f) of sub-section (9)
of section 38;
(u) the fund where the amount obtained may be credited and the manner of
utilisation of such amount under sub-section (2) of section 39;
(v) the form and the manner in which appeal may be preferred to the State
Commission under section 41;
(w) the qualifications for appointment, method of recruitment, procedure for
appointment, term of office, resignation and removal of the President and members of
the State Commission under section 43;
(x) the other value of goods and services in respect of which the State Commission
shall have jurisdiction under the proviso to sub-clause (i) of clause (a) of sub-section (1)
of section 47;",,
train,consumer_protection,36,What are the qualifications and procedures for the appointment of the State Commission members?,"The qualifications for appointment, method of recruitment, procedure for appointment, term of office, resignation and removal of the President and members of the State Commission under section 43 are specified.",section 43,"The form and the manner in which appeal may be preferred to the State Commission under section 41; (w) the qualifications for appointment, method of recruitment, procedure for appointment, term of office, resignation and removal of the President and members of the State Commission under section 43;","36 THE GAZETTE OF INDIA EXTRAORDINARY [P ART II—
(g) the qualifications for appointment, method of recruitment, procedure of
appointment, term of office, salaries and allowances, resignation, removal and other
terms and conditions of service of the Chief Commissioner and other Commissioners
of the Central Authority under section 11;
(h) the salaries and allowances payable to, and the other terms and conditions
of service of, the officers and other employees of the Central Authority under
sub-section (2) of section 13;
(i) the qualifications for appointment of Director General, Additional Director
General, Director, Joint Director, Deputy Director and Assistant Director and the manner
of appointment under sub-section (2) of section 15;
(j) the manner of taking copies or extracts of document, record or article seized or
produced before returning to the person under sub-section ( 3) of section 22;
(k) the officer and the manner of disposing of articles which are subject to
speedy or natural decay under sub-section (4) of section 22;
(l) the form and manner for preparing annual statement of accounts by the
Central Authority in consultation with the Comptroller and Auditor-General of India
under sub-section (1) of section 26;
(m) the form in which, and the time within which, an annual report, other reports
and returns may be prepared by the Central Authority under sub-section ( 1) of
section 27;
(n) the qualifications for appointment, method of recruitment, procedure for
appointment, term of office, resignation and removal of President and members of the
District Commission under section 29;
(o) the other value of goods and services in respect of which the District
Commission shall have jurisdiction to entertain complaints under proviso to
sub-section (1) of section 34;
(p) the manner of electronically filing complaint under the proviso to sub-section (1)
of section 35;
(q) the fee, electronic form and the manner of payment of fee for filing complaint
under sub-section (2) of section 35;
(r) the cases which may not be referred for settlement by mediation under
sub-section (1) of section 37;
(s) the manner of authentication of goods sampled in case of the National
Commission under clause (c) of sub-section (2) of section 38;
(t) any other matter which may be prescribed under clause (f) of sub-section (9)
of section 38;
(u) the fund where the amount obtained may be credited and the manner of
utilisation of such amount under sub-section (2) of section 39;
(v) the form and the manner in which appeal may be preferred to the State
Commission under section 41;
(w) the qualifications for appointment, method of recruitment, procedure for
appointment, term of office, resignation and removal of the President and members of
the State Commission under section 43;
(x) the other value of goods and services in respect of which the State Commission
shall have jurisdiction under the proviso to sub-clause (i) of clause (a) of sub-section (1)
of section 47;",,
train,consumer_protection,36,What does the passage mention about the manner of authentication of goods sampled by the National Commission?,The passage mentions that the manner of authentication of goods sampled in case of the National Commission under clause (c) of sub-section (2) of section 38 is prescribed.,sub-section (2) of section 38,The manner of authentication of goods sampled in case of the National Commission under clause (c) of sub-section (2) of section 38;,"36 THE GAZETTE OF INDIA EXTRAORDINARY [P ART II—
(g) the qualifications for appointment, method of recruitment, procedure of
appointment, term of office, salaries and allowances, resignation, removal and other
terms and conditions of service of the Chief Commissioner and other Commissioners
of the Central Authority under section 11;
(h) the salaries and allowances payable to, and the other terms and conditions
of service of, the officers and other employees of the Central Authority under
sub-section (2) of section 13;
(i) the qualifications for appointment of Director General, Additional Director
General, Director, Joint Director, Deputy Director and Assistant Director and the manner
of appointment under sub-section (2) of section 15;
(j) the manner of taking copies or extracts of document, record or article seized or
produced before returning to the person under sub-section ( 3) of section 22;
(k) the officer and the manner of disposing of articles which are subject to
speedy or natural decay under sub-section (4) of section 22;
(l) the form and manner for preparing annual statement of accounts by the
Central Authority in consultation with the Comptroller and Auditor-General of India
under sub-section (1) of section 26;
(m) the form in which, and the time within which, an annual report, other reports
and returns may be prepared by the Central Authority under sub-section ( 1) of
section 27;
(n) the qualifications for appointment, method of recruitment, procedure for
appointment, term of office, resignation and removal of President and members of the
District Commission under section 29;
(o) the other value of goods and services in respect of which the District
Commission shall have jurisdiction to entertain complaints under proviso to
sub-section (1) of section 34;
(p) the manner of electronically filing complaint under the proviso to sub-section (1)
of section 35;
(q) the fee, electronic form and the manner of payment of fee for filing complaint
under sub-section (2) of section 35;
(r) the cases which may not be referred for settlement by mediation under
sub-section (1) of section 37;
(s) the manner of authentication of goods sampled in case of the National
Commission under clause (c) of sub-section (2) of section 38;
(t) any other matter which may be prescribed under clause (f) of sub-section (9)
of section 38;
(u) the fund where the amount obtained may be credited and the manner of
utilisation of such amount under sub-section (2) of section 39;
(v) the form and the manner in which appeal may be preferred to the State
Commission under section 41;
(w) the qualifications for appointment, method of recruitment, procedure for
appointment, term of office, resignation and removal of the President and members of
the State Commission under section 43;
(x) the other value of goods and services in respect of which the State Commission
shall have jurisdiction under the proviso to sub-clause (i) of clause (a) of sub-section (1)
of section 47;",,
train,consumer_protection,21,What are the conditions for a consumer to receive compensation from the District Commission?,"A consumer can receive compensation from the District Commission if the Commission finds that loss or injury has been suffered by a large number of consumers who are not identifiable conveniently, and if it is of the opinion that such loss or injury has occurred. The minimum amount of sum to be paid shall not be less than twenty-five per cent. of the value of such defective goods sold or service provided, as the case may be, to such consumers.",45 of 1860. 2 of 1974. 5 of 1908. 5 of 1908,Findings of District Commission. 45 of 1860. 2 of 1974. 5 of 1908. 5 of 1908.,"SEC. 1] THE GAZETTE OF INDIA EXTRAORDINARY 21
(f) any other matter which may be prescribed by the Central Government.
(10) Every proceeding before the District Commission shall be deemed to be a judicial
proceeding within the meaning of sections 193 and 228 of the Indian Penal Code, and the
District Commission shall be deemed to be a criminal court for the purposes of section 195
and Chapter XXVI of the Code of Criminal Procedure, 1973.
(11) Where the complainant is a consumer referred to in sub-clause (v) of clause (5) of
section 2, the provisions of Order I Rule 8 of the First Schedule to the Code of Civil Procedure,
1908 shall apply subject to the modification that every reference therein to a suit or decree
shall be construed as a reference to a complaint or the order of the District Commission
thereon.
(12) In the event of death of a complainant who is a consumer or of the opposite party
against whom the complaint has been filed, the provisions of Order XXII of the First Schedule
to the Code of Civil Procedure, 1908 shall apply subject to the modification that every
reference therein to the plaintiff and the defendant shall be construed as reference to a
complainant or the opposite party, as the case may be.
39. (1) Where the District Commission is satisfied that the goods complained against
suffer from any of the defects specified in the complaint or that any of the allegations
contained in the complaint about the services or any unfair trade practices, or claims for
compensation under product liability are proved, it shall issue an order to the opposite party
directing him to do one or more of the following, namely:—
(a) to remove the defect pointed out by the appropriate laboratory from the
goods in question;
(b) to replace the goods with new goods of similar description which shall be
free from any defect;
(c) to return to the complainant the price, or, as the case may be, the charges paid
by the complainant along with such interest on such price or charges as may be
decided;
(d) to pay such amount as may be awarded by it as compensation to the consumer
for any loss or injury suffered by the consumer due to the negligence of the opposite
party:
Provided that the District Commission shall have the power to grant punitive
damages in such circumstances as it deems fit;
(e) to pay such amount as may be awarded by it as compensation in a product
liability action under Chapter VI;
(f) to remove the defects in goods or deficiencies in the services in question;
(g) to discontinue the unfair trade practice or restrictive trade practice and not to
repeat them;
(h) not to offer the hazardous or unsafe goods for sale;
(i) to withdraw the hazardous goods from being offered for sale;
(j) to cease manufacture of hazardous goods and to desist from offering services
which are hazardous in nature;
(k) to pay such sum as may be determined by it, if it is of the opinion that loss or
injury has been suffered by a large number of consumers who are not identifiable
conveniently:
Provided that the minimum amount of sum so payable shall not be less than
twenty-five per cent. of the value of such defective goods sold or service provided, as
the case may be, to such consumers;
Findings of
District
Commission.
45 of 1860.
2 of 1974.
5 of 1908.
5 of 1908.",,
train,consumer_protection,21,"What does the passage state about the applicability of the Code of Civil Procedure, 1908 to consumer complaints?","The passage states that the provisions of Order I Rule 8 of the First Schedule to the Code of Civil Procedure, 1908 shall apply to consumer complaints, subject to modification.","Order I Rule 8 of the First Schedule to the Code of Civil Procedure, 1908","Where the complainant is a consumer referred to in sub-clause (v) of clause (5) of section 2, the provisions of Order I Rule 8 of the First Schedule to the Code of Civil Procedure, 1908 shall apply subject to the modification that every reference therein to a suit or decree shall be construed as a reference to a complaint or the order of the District Commission thereon.","SEC. 1] THE GAZETTE OF INDIA EXTRAORDINARY 21
(f) any other matter which may be prescribed by the Central Government.
(10) Every proceeding before the District Commission shall be deemed to be a judicial
proceeding within the meaning of sections 193 and 228 of the Indian Penal Code, and the
District Commission shall be deemed to be a criminal court for the purposes of section 195
and Chapter XXVI of the Code of Criminal Procedure, 1973.
(11) Where the complainant is a consumer referred to in sub-clause (v) of clause (5) of
section 2, the provisions of Order I Rule 8 of the First Schedule to the Code of Civil Procedure,
1908 shall apply subject to the modification that every reference therein to a suit or decree
shall be construed as a reference to a complaint or the order of the District Commission
thereon.
(12) In the event of death of a complainant who is a consumer or of the opposite party
against whom the complaint has been filed, the provisions of Order XXII of the First Schedule
to the Code of Civil Procedure, 1908 shall apply subject to the modification that every
reference therein to the plaintiff and the defendant shall be construed as reference to a
complainant or the opposite party, as the case may be.
39. (1) Where the District Commission is satisfied that the goods complained against
suffer from any of the defects specified in the complaint or that any of the allegations
contained in the complaint about the services or any unfair trade practices, or claims for
compensation under product liability are proved, it shall issue an order to the opposite party
directing him to do one or more of the following, namely:—
(a) to remove the defect pointed out by the appropriate laboratory from the
goods in question;
(b) to replace the goods with new goods of similar description which shall be
free from any defect;
(c) to return to the complainant the price, or, as the case may be, the charges paid
by the complainant along with such interest on such price or charges as may be
decided;
(d) to pay such amount as may be awarded by it as compensation to the consumer
for any loss or injury suffered by the consumer due to the negligence of the opposite
party:
Provided that the District Commission shall have the power to grant punitive
damages in such circumstances as it deems fit;
(e) to pay such amount as may be awarded by it as compensation in a product
liability action under Chapter VI;
(f) to remove the defects in goods or deficiencies in the services in question;
(g) to discontinue the unfair trade practice or restrictive trade practice and not to
repeat them;
(h) not to offer the hazardous or unsafe goods for sale;
(i) to withdraw the hazardous goods from being offered for sale;
(j) to cease manufacture of hazardous goods and to desist from offering services
which are hazardous in nature;
(k) to pay such sum as may be determined by it, if it is of the opinion that loss or
injury has been suffered by a large number of consumers who are not identifiable
conveniently:
Provided that the minimum amount of sum so payable shall not be less than
twenty-five per cent. of the value of such defective goods sold or service provided, as
the case may be, to such consumers;
Findings of
District
Commission.
45 of 1860.
2 of 1974.
5 of 1908.
5 of 1908.",,
train,consumer_protection,21,What are the conditions for the consumer to receive compensation?,"The consumer can receive compensation if the District Commission finds that loss or injury has been suffered by a large number of consumers who are not identifiable conveniently, and the amount payable shall not be less than twenty-five per cent. of the value of such defective goods sold or service provided, as the case may be, to such consumers.",45 of 1860. 2 of 1974. 5 of 1908. 5 of 1908,Findings of District Commission. 45 of 1860. 2 of 1974. 5 of 1908. 5 of 1908.,"SEC. 1] THE GAZETTE OF INDIA EXTRAORDINARY 21
(f) any other matter which may be prescribed by the Central Government.
(10) Every proceeding before the District Commission shall be deemed to be a judicial
proceeding within the meaning of sections 193 and 228 of the Indian Penal Code, and the
District Commission shall be deemed to be a criminal court for the purposes of section 195
and Chapter XXVI of the Code of Criminal Procedure, 1973.
(11) Where the complainant is a consumer referred to in sub-clause (v) of clause (5) of
section 2, the provisions of Order I Rule 8 of the First Schedule to the Code of Civil Procedure,
1908 shall apply subject to the modification that every reference therein to a suit or decree
shall be construed as a reference to a complaint or the order of the District Commission
thereon.
(12) In the event of death of a complainant who is a consumer or of the opposite party
against whom the complaint has been filed, the provisions of Order XXII of the First Schedule
to the Code of Civil Procedure, 1908 shall apply subject to the modification that every
reference therein to the plaintiff and the defendant shall be construed as reference to a
complainant or the opposite party, as the case may be.
39. (1) Where the District Commission is satisfied that the goods complained against
suffer from any of the defects specified in the complaint or that any of the allegations
contained in the complaint about the services or any unfair trade practices, or claims for
compensation under product liability are proved, it shall issue an order to the opposite party
directing him to do one or more of the following, namely:—
(a) to remove the defect pointed out by the appropriate laboratory from the
goods in question;
(b) to replace the goods with new goods of similar description which shall be
free from any defect;
(c) to return to the complainant the price, or, as the case may be, the charges paid
by the complainant along with such interest on such price or charges as may be
decided;
(d) to pay such amount as may be awarded by it as compensation to the consumer
for any loss or injury suffered by the consumer due to the negligence of the opposite
party:
Provided that the District Commission shall have the power to grant punitive
damages in such circumstances as it deems fit;
(e) to pay such amount as may be awarded by it as compensation in a product
liability action under Chapter VI;
(f) to remove the defects in goods or deficiencies in the services in question;
(g) to discontinue the unfair trade practice or restrictive trade practice and not to
repeat them;
(h) not to offer the hazardous or unsafe goods for sale;
(i) to withdraw the hazardous goods from being offered for sale;
(j) to cease manufacture of hazardous goods and to desist from offering services
which are hazardous in nature;
(k) to pay such sum as may be determined by it, if it is of the opinion that loss or
injury has been suffered by a large number of consumers who are not identifiable
conveniently:
Provided that the minimum amount of sum so payable shall not be less than
twenty-five per cent. of the value of such defective goods sold or service provided, as
the case may be, to such consumers;
Findings of
District
Commission.
45 of 1860.
2 of 1974.
5 of 1908.
5 of 1908.",,
train,consumer_protection,11,What is the primary purpose of the Central Authority established under the Consumer Protection Act?,"The Central Authority is established to regulate matters relating to violation of rights of consumers, unfair trade practices and false or misleading advertisements which are prejudicial to the interests of public and consumers.",Not explicitly identified,"The Central Authority shall consist of a Chief Commissioner and such number of other Commissioners as may be prescribed, to be appointed by the Central Government to exercise the powers and discharge the functions under this Act.","SEC. 1] THE GAZETTE OF INDIA EXTRAORDINARY 11
6. (1) Every State Government shall, by notification, establish with effect from such
date as it may specify in such notification, a State Consumer Protection Council for such
State to be known as the State Council.
(2) The State Council shall be an advisory council and consist of the following members,
namely:—
(a) the Minister-in-charge of Consumer Affairs in the State Government who
shall be the Chairperson;
(b) such number of other official or non-official members representing such
interests as may be prescribed;
(c) such number of other official or non-official members, not exceeding ten, as
may be nominated by the Central Government.
(3) The State Council shall meet as and when necessary but not less than two meetings
shall be held every year.
(4) The State Council shall meet at such time and place as the Chairperson may think
fit and shall observe such procedure in regard to the transaction of its business, as may be
prescribed.
7. The objects of every State Council shall be to render advice on promotion and
protection of consumer rights under this Act within the State.
8. (1) The State Government shall, by notification, establish for every District with
effect from such date as it may specify in such notification, a District Consumer Protection
Council to be known as the District Council.
(2) The District Council shall be an advisory council and consist of the following
members, namely:—
(a) the Collector of the district (by whatever name called), who shall be the
Chairperson; and
(b) such number of other official and non-official members representing such
interests as may be prescribed.
(3) The District Council shall meet as and when necessary but not less than two
meetings shall be held every year.
(4) The District Council shall meet at such time and place within the district as the
Chairperson may think fit and shall observe such procedure in regard to the transaction of
its business as may be prescribed.
9. The objects of every District Council shall be to render advice on promotion and
protection of consumer rights under this Act within the district.
CHAPTER III
CENTRAL CONSUMER PROTECTION AUTHORITY
10. (1) The Central Government shall, by notification, establish with effect from such
date as it may specify in that notification, a Central Consumer Protection Authority to be
known as the Central Authority to regulate matters relating to violation of rights of consumers,
unfair trade practices and false or misleading advertisements which are prejudicial to the
interests of public and consumers and to promote, protect and enforce the rights of consumers
as a class.
(2) The Central Authority shall consist of a Chief Commissioner and such number of
other Commissioners as may be prescribed, to be appointed by the Central Government to
exercise the powers and discharge the functions under this Act.
State
Consumer
Protection
Councils.
Objects of
State Council.
District
Consumer
Protection
Council.
Objects of
District
Council.
Establishment
of Central
Consumer
Protection
Authority.",,
train,consumer_protection,11,Who is designated as the Chairperson of the District Council?,The Collector of the district (by whatever name called),"(2) The District Council shall be an advisory council and consist of the following members, namely:— (a) the Collector of the district (by whatever name called), who shall be the Chairperson;","The District Council shall be an advisory council and consist of the following members, namely:— (a) the Collector of the district (by whatever name called), who shall be the Chairperson;","SEC. 1] THE GAZETTE OF INDIA EXTRAORDINARY 11
6. (1) Every State Government shall, by notification, establish with effect from such
date as it may specify in such notification, a State Consumer Protection Council for such
State to be known as the State Council.
(2) The State Council shall be an advisory council and consist of the following members,
namely:—
(a) the Minister-in-charge of Consumer Affairs in the State Government who
shall be the Chairperson;
(b) such number of other official or non-official members representing such
interests as may be prescribed;
(c) such number of other official or non-official members, not exceeding ten, as
may be nominated by the Central Government.
(3) The State Council shall meet as and when necessary but not less than two meetings
shall be held every year.
(4) The State Council shall meet at such time and place as the Chairperson may think
fit and shall observe such procedure in regard to the transaction of its business, as may be
prescribed.
7. The objects of every State Council shall be to render advice on promotion and
protection of consumer rights under this Act within the State.
8. (1) The State Government shall, by notification, establish for every District with
effect from such date as it may specify in such notification, a District Consumer Protection
Council to be known as the District Council.
(2) The District Council shall be an advisory council and consist of the following
members, namely:—
(a) the Collector of the district (by whatever name called), who shall be the
Chairperson; and
(b) such number of other official and non-official members representing such
interests as may be prescribed.
(3) The District Council shall meet as and when necessary but not less than two
meetings shall be held every year.
(4) The District Council shall meet at such time and place within the district as the
Chairperson may think fit and shall observe such procedure in regard to the transaction of
its business as may be prescribed.
9. The objects of every District Council shall be to render advice on promotion and
protection of consumer rights under this Act within the district.
CHAPTER III
CENTRAL CONSUMER PROTECTION AUTHORITY
10. (1) The Central Government shall, by notification, establish with effect from such
date as it may specify in that notification, a Central Consumer Protection Authority to be
known as the Central Authority to regulate matters relating to violation of rights of consumers,
unfair trade practices and false or misleading advertisements which are prejudicial to the
interests of public and consumers and to promote, protect and enforce the rights of consumers
as a class.
(2) The Central Authority shall consist of a Chief Commissioner and such number of
other Commissioners as may be prescribed, to be appointed by the Central Government to
exercise the powers and discharge the functions under this Act.
State
Consumer
Protection
Councils.
Objects of
State Council.
District
Consumer
Protection
Council.
Objects of
District
Council.
Establishment
of Central
Consumer
Protection
Authority.",,
train,consumer_protection,38,What does the National Commission have the authority to do with the previous approval of the Central Government?,"The National Commission may, with the previous approval of the Central Government, by notification, make regulations not inconsistent with this Act to provide for all matters for which provision is necessary or expedient for the purpose of giving effect to the provisions of this Act.",-1,"103. (1) The National Commission may, with the previous approval of the Central Government, by notification, make regulations not inconsistent with this Act to provide for all matters for which provision is necessary or expedient for the purpose of giving effect to the provisions of this Act.","38 THE GAZETTE OF INDIA EXTRAORDINARY [P ART II—
(g) the number of members of the District Commission under clause ( b) of
sub-section (2) of section 28;
(h) the salaries and allowances payable to, and other terms and conditions of
service of, the President and members of the District Commission under section 30;
(i) the salaries and allowances payable to, and other terms and conditions of
service of, the officers and other employees of the District Commission under
sub-section (3) of section 33;
(j) the manner of authentication of goods sampled by the State Commission and
the District Commission under clause (c) of sub-section (2) of section 38;
(k) the manner of depositing fifty per cent. of the amount before filing appeal
under second proviso to section 41;
(l) the number of members of the State Commission under sub-section ( 3) of
section 42;
(m) the salaries and allowances payable to, and other terms and conditions of
service of, the President and members of the State Commission under section 44;
(n) the salaries and allowances payable to, and other terms and conditions of
service of, the officers and other employees of the State Commission under
sub-section (3) of section 46;
(o) the form in which the State Commission shall furnish information to the State
Government under sub-section (5) of section 70;
(p) the persons in the consumer mediation cell under sub-section ( 3) of
section 74;
(q) any other matter which is to be, or may be prescribed, or in respect of which
provisions are to be, or may be, made by rules.
103. (1) The National Commission may, with the previous approval of the Central
Government, by notification, make regulations not inconsistent with this Act to provide for
all matters for which provision is necessary or expedient for the purpose of giving effect to
the provisions of this Act.
(2) In particular, and without prejudice to the generality of the foregoing power, such
regulations may make provisions for—
(a) the costs for adjournment to be imposed by the District Commission under
the second proviso to sub-section ( 7) of section 38;
(b) the costs for adjournment to be imposed by the State Commission or the
National Commission, as the case may be, under the second proviso to section 52;
(c) the maintenance of any other information by the consumer mediation cell
under sub-section (4) of section 74;
(d) the manner of submission of quarterly report by consumer mediation cell to
the District Commission, the State Commission or the National Commission under
sub-section (5) of section 74;
(e) the qualifications and experience required for empanelment as mediator, the
procedure for empanelment, the manner of training empanelled mediators, the fee
payable to empanelled mediator, the terms and conditions for empanelment, the code
of conduct for empanelled mediators, the grounds on which, and the manner in which,
empanelled mediators shall be removed or empanelment shall be cancelled and the
other matters relating thereto under sub-section (2) of section 75;
Power of
National
Commission
to make
regulations.",,
validation,constitution,241,What power does the executive have when the Proclamation of Emergency is in operation?,"When the Proclamation of Emergency is in operation, the executive power of the Union shall extend to the giving of directions to any State as to the manner in which the executive power thereof is to be exercised.",Not explicitly identified,"Proclamation of Emergency is in operation, then— (a) notwithstanding anything in this Constitution, the executive power of the Union shall extend to the giving of directions to any State as to the manner in which the executive power thereof is to be exercised;","THE CONSTITUTION OF  INDIA
(Part XVIII.—EMERGENCY PROVISIONS)
210
(8) Where a notice in writing signed by not less than one-tenth of the 
total number of members of the House of the People  has been given, of their 
intention to move a resolution for disapproving, or, as the case may be, for 
disapproving the continuance in force of, a Proclamation  issued under 
clause (1) or a Proclamation  varying such Proclamation,—
(a) to the Speaker, if the House is in session; or
(b) to the President, if the House  is not in session,
a special sitting of the House shall be held within fourteen days from the date 
on which such notice is received by the Speaker, or, as the case may be, by the 
President, for the purpose  of considering such resolution.]
1[(9) The power conferred on the President by this article shall include 
the power  to issue different  Proclamations  on different grounds, being war or 
external aggression or 2[armed rebellion] or imminent danger of war or external 
aggression or 2[armed rebellion], whether or not there is a Proclamation  
already issued by the President under clause (1) and such Proclamation  is in 
operation.
1* * * * * * * *
353. Effect of Proclamation of Emergency. —While a Proclamation 
of Emergency is in operation, then—
(a) notwithstanding anything in this Constitution, the executive 
power  of the Union shall extend to the giving of directions to any State 
as to the manner in which the executive power  thereof is to be 
exercised;
(b) the power  of Parliament to make laws with respect to any 
matter shall include power to make laws conferring powers and 
imposing  duties, or authorising the conferring of powers and the 
imposition of duties, upon the Union or officers and authorities of the 
Union as respects that matter, notwithstanding that it is one which is not 
enumerated in the Union List:
______________________________________________
1. Cls. (4) and (5) ins. by the Constitution (Thirty-eighth Amendment) Act, 1975, s. 5 (with 
retrospective effect) and subsequently cl. (4) renumbered as cl. (9) and cl. (5) omitted by 
the Constitution (Forty-fourth Amendment) Act, 1978, s. 37 (w.e.f. 20-6-1979).
2. Subs. by s. 37, ibid. for  ""internal disturbance"" (w.e.f. 20-6-1979).",,
validation,constitution,9,Who can perform the duties of the office of Speaker?,The Deputy Speaker or other person can perform the duties of the office of Speaker.,95,"Power of the Deputy Speaker or other person to perform the duties of the office of, or to act as, Speaker.","Contents
ARTICLES
(vi)
Conduct of Government Business 
77. Conduct of business of the Government of India.
78. Duties of Prime Minister as respects the furnishing of 
information to the President, etc.
CHAPTER  II. PARLIAMENT 
General 
79. Constitution of Parliament.
80. Composition of the Council of States.
81. Composition of the House of the People.
82. Readjustment after each census. 
83. Duration of Houses of Parliament. 
84. Qualification for membership of Parliament.
85. Sessions of Parliament, prorogation and dissolution.
86. Right of President to address and send messages to Houses.
87. Special address by the President.
88. Rights of Ministers and Attorney-General as respects Houses.
Officers of Parliament
89. The Chairman and Deputy Chairman of the Council of States.
90. Vacation and resignation of, and removal from, the office of 
Deputy Chairman.
91. Power of the Deputy Chairman or other person to perform the 
duties of the office of, or to act as, Chairman.
92. The Chairman or the Deputy Chairman not to preside while a 
resolution for his removal from office is under consideration.
93. The Speaker and Deputy Speaker of the House of the People.
94. Vacation and resignation of, and removal from, the offices of 
Speaker and Deputy Speaker.
95. Power of the Deputy Speaker or other person to perform the 
duties of the office of, or to act as, Speaker.",,
validation,constitution,9,What is the purpose of Article 77 in the Constitution?,"Article 77 states, 'Conduct of business of the Government of India.'",Article 77,77. Conduct of business of the Government of India.,"Contents
ARTICLES
(vi)
Conduct of Government Business 
77. Conduct of business of the Government of India.
78. Duties of Prime Minister as respects the furnishing of 
information to the President, etc.
CHAPTER  II. PARLIAMENT 
General 
79. Constitution of Parliament.
80. Composition of the Council of States.
81. Composition of the House of the People.
82. Readjustment after each census. 
83. Duration of Houses of Parliament. 
84. Qualification for membership of Parliament.
85. Sessions of Parliament, prorogation and dissolution.
86. Right of President to address and send messages to Houses.
87. Special address by the President.
88. Rights of Ministers and Attorney-General as respects Houses.
Officers of Parliament
89. The Chairman and Deputy Chairman of the Council of States.
90. Vacation and resignation of, and removal from, the office of 
Deputy Chairman.
91. Power of the Deputy Chairman or other person to perform the 
duties of the office of, or to act as, Chairman.
92. The Chairman or the Deputy Chairman not to preside while a 
resolution for his removal from office is under consideration.
93. The Speaker and Deputy Speaker of the House of the People.
94. Vacation and resignation of, and removal from, the offices of 
Speaker and Deputy Speaker.
95. Power of the Deputy Speaker or other person to perform the 
duties of the office of, or to act as, Speaker.",,
validation,constitution,203,What does the authority appointed by the constitution have to do?,"The authority appointed by the constitution has to do the purposes of articles 301, 302, 303 and 304, and confer on the authority so appointed such powers and such duties as it thinks necessary.",Not explicitly identified,"r carrying out the purposes of articles 301, 302, 303 and 304, and confer on the authority so appointed such powers and such duties as it thinks necessary.","THE CONSTITUTION OF  INDIA
(Part XIII.—Trade, Commerce and Intercourse within the Territory of India)
172
Provided that no Bill or amendment for the purposes of clause ( b) shall 
be introduced or moved in the Legislature of a State without the previous 
sanction of the President.
1[305. Saving of existing laws and laws providing for State 
monopolies.—Nothing in articles 301 and 303  shall affect  the provisions of 
any existing law except in so far  as the President may by order otherwise 
direct; and nothing in article 301 shall affect the operation  of any law made 
before the commencement of the Constitution (Fourth Amendment) Act, 1955, 
in so far as it  relates to, or prevent Parliament or the Legislature of a State from 
making any law relating to, any such matter as is referred to in sub-clause ( ii) 
of clause (6) of article 19.]
306. [Power  of  certain States in  Part B  of  the First Schedule to 
impose restrictions on trade and commerce. ].—Omitted by the Constitution 
(Seventh Amendment) Act, 1956, s. 29 and Sch.(w.e.f. 1-11-1956)
307. Appointment of authority for carrying out the purposes of 
articles 301 to 304.— Parliament may by law appoint such  authority as it 
considers appropriate for carrying out the purposes  of articles 301, 302, 303 
and 304, and confer on the  authority so appointed such powers and such duties 
as it thinks necessary.
______________________________________________
1. Subs. by the Constitution (Fourth Amendment) Act, 1955, s. 4, for art. 305          
(w.e.f. 27-4-1955).",,
validation,constitution,74,What are the conditions for creating posts common to both Houses of Parliament?,Nothing in this clause shall be construed as preventing the creation of posts common to both Houses of Parliament.,98. Secretariat of Parliament.,Each House of Parliament shall have a separate secretarial staff: Provided that nothing in this clause shall be construed as preventing the creation of posts common to both Houses of Parliament.,"THE CONSTITUTION OF  INDIA
(Part V.—The Union)
43
96. The Speaker or the Deputy Speaker not to preside while a 
resolution for his removal from office is under consideration. —(1) At any 
sitting of the House of the People, while any resolution for the removal of the 
Speaker from his office is under consideration, the Speaker, or while any 
resolution for the removal of the Deputy Speaker from his office is under 
consideration, the Deputy Speaker, shall not, though he is present, preside, and 
the provisions of clause (2) of article 95 shall apply in relation to every such 
sitting as they apply in relation to a sitting from which the Speaker, or, as the 
case may be, the Deputy Speaker, is absent. 
(2) The Speaker shall have the right to speak in, and otherwise to take 
part in the proceedings of, the House of the People while any resolution for his 
removal from office is under consideration in the House and shall, 
notwithstanding anything in article 100, be entitled to vote only in the first 
instance on such resolution or on any other matter during such proceedings but 
not in the case of an equality of votes.
97. Salaries and allowances of the Chairman and Deputy Chairman 
and the Speaker and Deputy Speaker.—There shall be paid to the Chairman 
and the Deputy Chairman of the Council of States, and to the Speaker and the 
Deputy Speaker of the House of the People, such salaries and allowances as may 
be respectively fixed by Parliament by law and, until provision in that behalf is so 
made, such salaries and allowances as are specified in the Second Schedule.
98. Secretariat of Parliament. —(1) Each House of Parliament shall 
have a separate secretarial staff:
Provided that nothing in this clause shall be construed as preventing the 
creation of posts common to both Houses of Parliament.
(2) Parliament may by law regulate the recruitment, and the conditions 
of service of persons appointed, to the secretarial staff of either House of 
Parliament.
(3) Until provision is made by Parliament under clause (2), the President 
may, after consultation with the Speaker of the House of the People or the 
Chairman of the Council of States, as the case may be, make rules regulating 
the recruitment, and the conditions of service of persons appointed, to the 
secretarial staff of the House of the People or the Council of States, and any 
rules so made shall have effect subject to the provisions of any law made under 
the said clause.",,
validation,constitution,152,What is the minimum proportion of seats reserved for women in Panchayats?,"Not less than one-third of the total number of seats reserved under clause (1) shall be reserved for women belonging to the Scheduled Castes or, as the case may be, the Scheduled Tribes.",-2,"Not less than one-third of the total number of seats reserved under clause (1) shall be reserved for women belonging to the Scheduled Castes or, as the case may be, the Scheduled Tribes.","THE CONSTITUTION OF  INDIA
(Part IX.—The Panchayats)
121
243D. Reservation of seats.—(1) Seats shall be reserved for—
(a) the Scheduled Castes; and 
(b) the Scheduled Tribes,
in every Panchayat and the number of seats so reserved shall bear, as nearly as 
may be, the same proportion to the total number of seats to be filled by direct 
election in that Panchayat as the population of the Scheduled Castes in that 
Panchayat area or of the Scheduled Tribes in that Panchayat area bears to the 
total population of that area and such seats may be allotted by rotation to 
different constituencies in a Panchayat.
(2) Not less than one-third of the total number of seats reserved under 
clause (1) shall be reserved for women belonging to the Scheduled Castes or, as 
the case may be,  the Scheduled Tribes.
(3) Not less than one-third (including the number of seats reserved for 
women belonging to the Scheduled Castes and the Scheduled Tribes) of the 
total number of seats to be filled by direct election in every Panchayat shall be 
reserved for women and such seats may be allotted by rotation to different 
constituencies in a Panchayat.
(4) The offices of the Chairpersons in the Panchayats at the village or 
any other level shall be reserved for the Scheduled Castes, the Scheduled 
Tribes and women in such manner as the Legislature of a State may, by law, 
provide:
Provided that the number of offices of Chairpersons reserved for the 
Scheduled Castes and the Scheduled Tribes in the Panchayats at each level in 
any State shall bear, as nearly as may be, the same proportion to the total 
number of such offices in the Panchayats at each level as the population of the 
Scheduled Castes in the State or of the Scheduled Tribes in the State bears to 
the total population of the State:
Provided further that not less than one-third of the total number of offices 
of Chairpersons in the Panchayats at each level shall be reserved for women:
Provided also that the number of offices reserved under this clause shall 
be allotted by rotation to different Panchayats at each level.
(5) The reservation of seats under clauses (1) and (2) and the reservation of 
offices of Chairpersons (other than the reservation for women) under clause (4) 
shall cease to have effect on the expiration of the period specified in article 334.
(6) Nothing in this Part shall prevent the Legislature of a State from making 
any provision for reservation of seats in any Panchayat or offices of Chairpersons in 
the Panchayats at any level in favour of backward class of citizens.",,
validation,constitution,170,What are the conditions under which a co-operative society's board can be superseded or kept under suspension?,"A co-operative society's board can be superseded or kept under suspension if there is no Government shareholding or loan or financial assistance or any guarantee by the Government, provided that the society does not carry on the business of banking.",Not explicitly identified,Provided further that the board of any such co-operative society shall not be superseded or kept under suspension where there is no Government shareholding or loan or financial assistance or any guarantee by the Government,"THE CONSTITUTION OF  INDIA
(Part IXB.—Co-operative Societies)
139
243ZK. Election of members of board.—(1) Notwithstanding anything 
contained in any law made by the Legislature of a State, the election of a board 
shall be conducted before the expiry of the term of the board so as to ensure 
that the newly elected members of the board assume office immediately on the 
expiry of the office of members of the outgoing board.
(2) The superintendence, direction and control of the preparation of 
electoral rolls for, and the conduct of, all elections to a co-operative society 
shall vest in such an authority or body, as may be provided by the Legislature 
of a State, by law:
Provided that the Legislature of a State may, by law, provide for the 
procedure and guidelines for the conduct of such elections.
243ZL. Supersession and suspension of board and interim 
management.—(1) Notwithstanding anything contained in any law for the 
time being in force, no board shall be superseded or kept under suspension for a 
period exceeding six months: 
Provided that the board may be superseded or kept under suspension in a 
case—
(i) of its persistent default; or
(ii) of negligence in the performance of its duties; or
(iii) the board has committed any act prejudicial to the interests of 
the co-operative society or its members; or
(iv) there is stalemate in the constitution or functions of the board; 
or  
(v)  the authority or body as provided by the Legislature of a State, 
by law, under clause (2) of article 243ZK, has failed to conduct 
elections in accordance with the provisions of the State Act:
Provided further that the board of any such co-operative society shall not 
be superseded or kept under suspension where there is no Government 
shareholding or loan or financial assistance or any guarantee by the 
Government: 
Provided also that in case of a co-operative society carrying on the 
business of banking, the provisions of the Banking Regulation Act, 1949
(10 of 1949) shall also apply: ",,
validation,constitution,173,What are the penalties for failing to pay deductions made from a co-operative society's employees?,"Any employer who, without sufficient cause, fails to pay to a co-operative society amount deducted by him from its employee within a period of fourteen days from the date on which such deduction is made is subject to a penalty.",242 (c),"any employer who, without sufficient cause, fails to pay to a co-operative society amount deducted by him from its employee within a period of fourteen days from the date on which such deduction is made;","THE CONSTITUTION OF  INDIA
(Part IXB.—Co-operative Societies)
142
(b) any person wilfully or without any reasonable excuse disobeys 
any summons, requisition or lawful written order issued under the 
provisions of the State Act; 
(c) any employer who, without sufficient cause, fails to pay to a 
co-operative society amount deducted by him from its employee within a 
period of fourteen days from the date on which such deduction is made; 
(d) any officer or custodian who wilfully fails to handover custody of 
books, accounts, documents, records, cash, security and other property 
belonging to a co-operative society of which he is an officer or 
custodian, to an authorised person; and
(e) whoever, before, during or after the election of members of the 
board or office bearers, adopts any corrupt practice.
243ZR. Application to multi-State co-operative societies .—The 
provisions of this Part shall apply to the multi-State co-operative societies 
subject to the modification that any reference to “Legislature of a State”, “State 
Act” or “State Government” shall be construed as a reference to “Parliament”, 
“Central Act” or “the Central Government” respectively.
243ZS. Application to Union territories. —The provisions of this Part 
shall apply to the Union territories and shall, in their application to a Union 
territory, having no Legislative Assembly as if the references to the Legislature 
of a State were a reference to the administrator thereof appointed under 
article 239 and, in relation to a Union territory having a Legislative Assembly, 
to that Legislative Assembly:
Provided that the President may, by notification in the Official Gazette, 
direct that the provisions of this Part shall not apply to any Union territory or
part thereof as he may specify in the notification.
243ZT. Continuance of existing laws. — Notwithstanding anything in 
this Part, any provision of any law relating to co-operative societies in force in 
a State immediately before the commencement of the Constitution 
(Ninety-seventh  Amendment) Act, 2011, which is inconsistent with the 
provisions of this Part, shall continue to be in force until amended or repealed 
by a competent Legislature or other competent authority or until the expiration 
of one year from such commencement, whichever is less.]",,
validation,constitution,352,What are the specific taxes included in List III of the Seventh Schedule of the Indian Constitution?,"Taxes on vehicles, whether mechanically propelled or not, suitable for use on roads, including tramcars, are included in List III of the Seventh Schedule of the Indian Constitution.",57,"57. Taxes on vehicles, whether mechanically propelled or not, suitable for use on roads, including tramcars","THE CONSTITUTION OF  INDIA
(Seventh Schedule) 
321
57. Taxes on vehicles, whether mechanically propelled or not, suitable for 
use on roads, including tramcars subject to the provisions of entry 35 of List III.
58. Taxes on animals and boats. 
59. Tolls.
60. Taxes on professions, trades, callings and employments.
61. Capitation taxes.
1[62. Taxes on entertainments and amusements to the extent levied and 
collected by a Panchayat or a Municipality or a Regional Council or a District 
Council.]
63. Rates of stamp duty in respect of documents other than those specified 
in the provisions of List I with regard to rates of stamp duty.
64. Offences against laws with respect to any of the matters in this List.
65. Jurisdiction and powers of all courts, except the Supreme Court, with 
respect to any of the matters in this List.
66. Fees in respect of any of the matters in this List, but not including fees 
taken in any court.
List III—Concurrent List
1. Criminal law, including all matters included in the Indian Penal Code 
at the commencement of this Constitution but excluding offences against laws 
with respect to any of the matters specified in List I or List II and excluding the 
use of naval, military or air forces or any other armed forces of the Union in aid 
of the civil power.
2. Criminal procedure, including all matters included in the Code of 
Criminal Procedure at the commencement of this Constitution.
3. Preventive detention for reasons connected with the security of a State, 
the maintenance of public order, or the maintenance of supplies and services 
essential to the community; persons subjected to such detention.
4. Removal from one State to another State of prisoners, accused persons 
and persons subjected to preventive detention for reasons specified in entry 3 of 
this List.
______________________________________________
1. Subs. by the Constitution (One Hundred and First Amendment) Act, 2016, s. 17( b)(iv), 
for entry 62 (w.e.f. 16-9-2016).",,
validation,constitution,401,"What is the purpose of the Constitution (Application to Jammu and Kashmir) Order, 2019?","The purpose of the Constitution (Application to Jammu and Kashmir) Order, 2019 is to supersede the Constitution (Application to Jammu and Kashmir) Order, 1954 as amended from time to time.",Not explicitly identified,"370 APPENDIX II 1THE CONSTITUTION (APPLICATION TO JAMMU AND KASHMIR) ORDER, 2019 C.O. 272 In exercise of the powers conferred by clause (1) of article 370 of the Constitution, the President, with the concurrence of the Government of State of Jammu and Kashmir, is pleased to make the following Order:—","370
APPENDIX  II 
1THE CONSTITUTION (APPLICATION TO JAMMU AND KASHMIR) 
ORDER, 2019 
C.O. 272
In exercise of the powers conferred by clause (1) of article 370 of the 
Constitution, the President, with the concurrence of the Government of State of 
Jammu and Kashmir, is pleased to make the following Order:—
1. (1) This Order may be called the Constitution (Application to Jammu 
and Kashmir) Order, 2019. 
(2) It shall come into force at once, and shall thereupon supersede the 
Constitution (Application to Jammu and Kashmir) Order, 1954 as amended 
from time to time. 
2. All the provisions of the Constitution, as amended from time to time, 
shall apply in relation to the State of Jammu and Kashmir and the exceptions 
and modifications subject to which they shall so apply shall be as follows:–
To article 367, there shall be added the following clause, namely:
“(4) For the purposes of this Constitution as it applies in relation 
to the State of Jammu and Kashmir–
(a) references to this Constitution or to the 
provisions thereof shall be construed as references to the 
Constitution or the provisions thereof as applied in relation
to the said State; 
(b) references to the person for the time being 
recognized by the President on the recommendation of the 
Legislative Assembly of the State as the Sadar-i-Riyasat of 
Jammu and Kashmir, acting on the advice of the Council of 
Ministers of the State for the time being in office, shall be 
construed as references to the Governor of Jammu and 
Kashmir;  
(c) references to the Government of the said State 
shall be construed as including references to the Governor 
of Jammu and Kashmir acting on the advice of his Council 
of Ministers; and 
(d) in proviso to clause (3) of article 370 of this 
Constitution, the expression “Constituent Assembly of the 
State referred to in clause (2)” shall read “Legislative 
Assembly of the State”.”
______________________________________________
1.Published with the Ministry of Law and Justice, (Legislative Department) notification 
No. G.S.R. 551 (E), dated the 5th August, 2019, Gazette of India, Extraordinary,
Part II, Section 3, Sub-section (i).",,
validation,constitution,294,What is the emoluments per mensem for the President and the Governors of the States?,"The emoluments per mensem for the President and the Governors of the States are 10,000 rupees and 5,500 rupees respectively.",Not explicitly identified,"1. There shall be paid to the President and to the Governors of the States 1*** the following emoluments per mensem, that is to say:— The President …… 10,000 rupees . The Governor of a State …… 5,500 rupees .","263
SECOND SCHEDULE
[Articles 59(3), 65(3), 75(6), 97, 125, 148(3), 158(3), 164 (5), 186 and 221] 
PART A 
PROVISIONS AS TO THE PRESIDENT AND THE GOVERNORS OF STATES 1***
1. There shall be paid to the President and to the Governors of the States
1***  the following emoluments per mensem, that is to say:—
The President ……                10,000 rupees .
The Governor of a State     ……   5,500 rupees .
2. There shall also be paid to the President and to the Governors of the 
States 2***  such allowances as were payable respectively to the Governor-
General of the Dominion of India and to the Governors of the corresponding 
Provinces immediately before the commencement of this Constitution.
3. The President and the Governors of 3[the States] throughout their respective 
terms of office shall be entitled to the same privileges to which the Governor-
General and the Governors of the corresponding Provinces were respectively 
entitled immediately before the commencement of this Constitution.
4. While the Vice-President or any other person  is discharging the 
functions of, or is acting as, President, or any person is discharging the 
functions of the Governor,  he shall be entitled to the same emoluments, 
allowances and privileges as the President or the Governor whose functions he 
discharges or for whom he acts, as the case may be.
4*                           *                          * *                         *
______________________________________________
1. The words and letter ""specified in Part A of the First Schedule"" omitted by the 
Constitution (Seventh Amendment) Act, 1956, s. 29 and Sch. (w.e.f. 1-11-1956).
Now five lakh rupees, vide the Finance Act, 2018 (13 of 2018), s. 137.
(w.e.f. 1-1-2016).
Now three lakh fifty thousand rupees, by s. 161, ibid., (w.e.f. 1-1-2016).
2. The words ""so specified"" omitted by the Constitution (Seventh Amendment) Act, 
1956, s. 29 and Sch. (w.e.f. 1-11-1956).
3. Subs. by s. 29 and Sch., ibid., for ""such states"" (w.e.f. 1-11-1956).
4. Part B omitted by  s. 29 and Sch., ibid. (w.e.f. 1-11-1956).",,
validation,constitution,206,What is the condition for creating an all-India service?,"The Council of States must declare by resolution supported by not less than two-thirds of the members present and voting that it is necessary or expedient in the national interest so to do, for Parliament to create one or more all India services common to the Union and the States.",312(1) of the Constitution of India,"312. All-India services.—(1) Notwithstanding anything in 1[Chapter VI of Part VI or Part XI], if the Council of States has declared by resolution supported by not less than two-thirds of the members present and voting that it is necessary or expedient in the national interest so to do, Parliament may by law provide for the creation of one or more all India services 2[(including an all-India judicial service)] common to the Union and the States, and, subject to the other provisions of this Chapter, regulate the recruitment, and the conditions of service of persons appointed, to any such service.","THE CONSTITUTION OF  INDIA
(Part XIV.—Services under the Union and the States)  
175
312. All-India services.—(1) Notwithstanding anything in 1[Chapter VI 
of Part VI or Part XI], if the Council of States has declared by resolution 
supported by not less than two-thirds of the members present and voting that it 
is necessary or expedient in the national interest so to do, Parliament may by 
law provide for the creation of one  or more all India services 2[(including  an 
all-India judicial service)] common to the Union and the States, and, subject to 
the other provisions of this Chapter, regulate the recruitment, and the 
conditions of service of persons appointed, to any such service.
(2) The services known at the commencement of this Constitution as the 
Indian Administrative Service and the Indian Police Service shall be deemed to 
be services created by Parliament under this article.
2[(3) The all-India judicial   service referred to in clause (1) shall not 
include any post inferior to that of a district judge as defined in article 236.
(4) The law providing for the creation of the all-India judicial service 
aforesaid may contain such provisions for the amendment of Chapter VI of 
Part VI as may be necessary for giving effect to the provisions of that law and 
no such law shall be deemed to be an amendment of this Constitution for the 
purposes of article 368.]
3[312A. Power of Parliament to vary or revoke conditions of service 
of officers of certain services.—(1) Parliament may by law—
(a) vary or revoke, whether prospectively or retrospectively, the 
conditions of services as respects remuneration, leave and pension and 
the rights as respects disciplinary matters of persons who, having been 
appointed by the Secretary of State or Secretary of State in Council to a 
civil service of the Crown in India before the commencement  of this 
Constitution, continue on and after the commencement of the 
Constitution (Twenty-eighth Amendment) Act, 1972, to serve under the 
Government of India or of  a State in any service or post;
______________________________________________
1. Subs. by the Constitution (Forty-second Amendment) Act, 1976, s. 45, for ""Part XI"" 
(w.e.f. 3-1-1977).
2. Ins. by  s. 45, ibid. (w.e.f. 3-1-1977).
3. Ins. by the Constitution (Twenty-eighth Amendment) Act, 1972, s. 2 (w.e.f. 29-8-1972).",,
validation,consumer_protection,35,What is the consequence of accepting a sum of money for compounding an offence?,"The acceptance of the sum of money for compounding an offence in accordance with sub-section (1) by the Central Authority or an officer of the Central Authority empowered in this behalf shall be deemed to amount to an acquittal within the meaning of the Code of Criminal Procedure, 1973.",SEC. 1] THE GAZETTE OF INDIA EXTRAORDINARY 35 (3),"The acceptance of the sum of money for compounding an offence in accordance with sub-section (1) by the Central Authority or an officer of the Central Authority empowered in this behalf shall be deemed to amount to an acquittal within the meaning of the Code of Criminal Procedure, 1973.","SEC. 1] THE GAZETTE OF INDIA EXTRAORDINARY 35
(3) Nothing in sub-section (1) shall apply to person who commits the same or similar
offence, within a period of three years from the date on which the first offence, committed by
him, was compounded.
Explanation.— For the purposes of this sub-section, any second or subsequent offence
committed after the expiry of a period of three years from the date on which the offence was
previously compounded, shall be deemed to be a first offence.
(4) Where an offence has been compounded under sub-section (1), no proceeding or
further proceeding, as the case may be, shall be taken against the offender in respect of the
offence so compounded.
(5) The acceptance of the sum of money for compounding an offence in accordance
with sub-section (1)  by the Central Authority or an officer of the Central Authority empowered
in this behalf shall be deemed to amount to an acquittal within the meaning of the Code of
Criminal Procedure, 1973.
97. The penalty collected under section 21 and the amount collected under section 96
shall be credited to such fund as may be prescribed.
98. No suit, prosecution or other legal proceeding shall lie against the Presidents and
members of the District Commission, the State Commission and the National Commission,
the Chief Commissioner, the Commissioner, any officer or employee and other person
performing any duty under this Act, for any act which is in good faith done or intended to be
done in pursuance of this Act or under any rule or order made thereunder.
99. (1) Without prejudice to the foregoing provisions of this Act, the Central Authority,
shall, in exercise of its powers or the performance of its functions under this Act, be bound
by such directions on questions of policy, as the Central Government may give in writing to
it from time to time:
Provided that the Central Authority shall, as far as practicable, be given an opportunity
to express its views before any direction is given under this sub-section.
(2) The decision of the Central Government whether a question is one of policy or not
shall be final.
100. The provisions of this Act shall be in addition to and not in derogation of the
provisions of any other law for the time being in force.
101. (1) The Central Government may, by notification, make rules for carrying out any
of the provisions contained in this Act.
(2) Without prejudice to the generality of the foregoing power, such rules may provide
for, —
(a) the other class or classes of persons including public utility entities under
clause (19) of section 2;
(b) the contest, lottery, game of chance or skill which are to be exempted under
item (b) of sub-clause (iii) of clause (47) of section 2;
(c) the manner of issuing bill or cash memo or receipt for goods sold or services
rendered under sub-clause (vii) of clause (47) of section 2;
(d) the number of other official or non-official members of the Central Council
under clause (b) of sub-section (2) of section 3;
(e) the time and place of meeting of Central Council and the procedure for the
transaction of its business under sub-section ( 2) of section 4;
(f) the number of Commissioners in the Central Authority under sub-section (2)
of section 10;
Manner of
crediting
penalty.
Protection of
action taken
in good faith.
Power to give
directions by
Central
Government.
Act not in
derogation of
any other law.
Power of
Central
Government
to make rules.
2 of 1974.",,
validation,consumer_protection,35,What is the purpose of the Central Authority's directions under section 99?,"The Central Authority, in exercise of its powers or the performance of its functions under this Act, is bound by such directions on questions of policy, as the Central Government may give in writing to it from time to time.",99(1),"Without prejudice to the foregoing provisions of this Act, the Central Authority, shall, in exercise of its powers or the performance of its functions under this Act, be bound by such directions on questions of policy, as the Central Government may give in writing to it from time to time:","SEC. 1] THE GAZETTE OF INDIA EXTRAORDINARY 35
(3) Nothing in sub-section (1) shall apply to person who commits the same or similar
offence, within a period of three years from the date on which the first offence, committed by
him, was compounded.
Explanation.— For the purposes of this sub-section, any second or subsequent offence
committed after the expiry of a period of three years from the date on which the offence was
previously compounded, shall be deemed to be a first offence.
(4) Where an offence has been compounded under sub-section (1), no proceeding or
further proceeding, as the case may be, shall be taken against the offender in respect of the
offence so compounded.
(5) The acceptance of the sum of money for compounding an offence in accordance
with sub-section (1)  by the Central Authority or an officer of the Central Authority empowered
in this behalf shall be deemed to amount to an acquittal within the meaning of the Code of
Criminal Procedure, 1973.
97. The penalty collected under section 21 and the amount collected under section 96
shall be credited to such fund as may be prescribed.
98. No suit, prosecution or other legal proceeding shall lie against the Presidents and
members of the District Commission, the State Commission and the National Commission,
the Chief Commissioner, the Commissioner, any officer or employee and other person
performing any duty under this Act, for any act which is in good faith done or intended to be
done in pursuance of this Act or under any rule or order made thereunder.
99. (1) Without prejudice to the foregoing provisions of this Act, the Central Authority,
shall, in exercise of its powers or the performance of its functions under this Act, be bound
by such directions on questions of policy, as the Central Government may give in writing to
it from time to time:
Provided that the Central Authority shall, as far as practicable, be given an opportunity
to express its views before any direction is given under this sub-section.
(2) The decision of the Central Government whether a question is one of policy or not
shall be final.
100. The provisions of this Act shall be in addition to and not in derogation of the
provisions of any other law for the time being in force.
101. (1) The Central Government may, by notification, make rules for carrying out any
of the provisions contained in this Act.
(2) Without prejudice to the generality of the foregoing power, such rules may provide
for, —
(a) the other class or classes of persons including public utility entities under
clause (19) of section 2;
(b) the contest, lottery, game of chance or skill which are to be exempted under
item (b) of sub-clause (iii) of clause (47) of section 2;
(c) the manner of issuing bill or cash memo or receipt for goods sold or services
rendered under sub-clause (vii) of clause (47) of section 2;
(d) the number of other official or non-official members of the Central Council
under clause (b) of sub-section (2) of section 3;
(e) the time and place of meeting of Central Council and the procedure for the
transaction of its business under sub-section ( 2) of section 4;
(f) the number of Commissioners in the Central Authority under sub-section (2)
of section 10;
Manner of
crediting
penalty.
Protection of
action taken
in good faith.
Power to give
directions by
Central
Government.
Act not in
derogation of
any other law.
Power of
Central
Government
to make rules.
2 of 1974.",,
validation,consumer_protection,33,What is the maximum fine for causing a false or misleading advertisement to be made which is prejudicial to the interest of consumers?,"Any manufacturer or service provider who causes a false or misleading advertisement to be made which is prejudicial to the interest of consumers shall be punished with imprisonment for a term which may extend to two years and with fine which may extend to ten lakh rupees; and for every subsequent offence, be punished with imprisonment for a term which may extend to five years and with fine which may extend to fifty lakh rupees.",89,"89. Any manufacturer or service provider who causes a false or misleading advertisement to be made which is prejudicial to the interest of consumers shall be punished with imprisonment for a term which may extend to two years and with fine which may extend to ten lakh rupees; and for every subsequent offence, be punished with imprisonment for a term which may extend to five years and with fine which may extend to fifty lakh rupees.","SEC. 1] THE GAZETTE OF INDIA EXTRAORDINARY 33
(3) A product manufacturer shall not be liable for failure to instruct or warn about a
danger which is obvious or commonly known to the user or consumer of such product or
which, such user or consumer, ought to have known, taking into account the characteristics
of such product.
CHAPTER VII
OFFENCES AND PENALTIES
88. Whoever, fails to comply with any direction of the Central Authority under
sections 20 and 21, shall be punished with imprisonment for a term which may extend to six
months or with fine which may extend to twenty lakh rupees, or with both.
89. Any manufacturer or service provider who causes a false or misleading
advertisement to be made which is prejudicial to the interest of consumers shall be punished
with imprisonment for a term which may extend to two years and with fine which may extend
to ten lakh rupees; and for every subsequent offence, be punished with imprisonment for a
term which may extend to five years and with fine which may extend to fifty lakh rupees.
90. (1) Whoever, by himself or by any other person on his behalf, manufactures for
sale or stores or sells or distributes or imports any product containing an adulterant shall be
punished, if such act—
(a) does not result in any injury to the consumer, with imprisonment for a term
which may extend to six months and with fine which may extend to one lakh rupees;
(b) causing injury not amounting to grievous hurt to the consumer, with
imprisonment for a term which may extend to one year and with fine which may extend
to three lakh rupees;
(c) causing injury resulting in grievous hurt to the consumer, with imprisonment
for a term which may extend to seven years and with fine which may extend to five lakh
rupees; and
(d) results in the death of a consumer, with imprisonment for a term which shall
not be less than seven years, but which may extend to imprisonment for life and with
fine which shall not be less than ten lakh rupees.
(2) The offences under clauses (c) and (d) of sub-section (1) shall be cognizable and
non-bailable.
(3) Notwithstanding the punishment under sub-section (1), the court may, in case of
first conviction, suspend any licence issued to the person referred to in that sub-section,
under any law for the time being in force, for a period up to two years, and in case of second
or subsequent conviction, cancel the licence.
Explanation.—For the purposes of this section,—
(a) ""adulterant"" means any material including extraneous matter which is
employed or used for making a product unsafe;
(b) ""grievous hurt"" shall have the same meaning as assigned to it in section 320
of the Indian Penal Code.
91. (1) Whoever, by himself or by any other person on his behalf, manufactures for
sale or stores or sells or distributes or imports any spurious goods shall be punished, if such
act—
(a) causing injury not amounting to grievous hurt to the consumer, with
imprisonment for a term which may extend to one year and with fine which may extend
to three lakh rupees;
Penalty for
non-
compliance of
direction of
Central
Authority.
Punishment
for false or
misleading
advertisement.
Punishment
for
manufacturing
for sale or
storing, selling
or distributing
or importing
products
containing
adulterant.
Punishment
for
manufacturing
for sale or for
storing or
selling or
distributing or
importing
spurious goods.
45 of 1860.",,
validation,consumer_protection,33,"What is the punishment for manufacturing for sale or storing, selling, or distributing or importing products containing adulterant?","Whoever, by himself or by any other person on his behalf, manufactures for sale or stores or sells or distributes or imports any spurious goods shall be punished, if such act— (a) causing injury not amounting to grievous hurt to the consumer, with imprisonment for a term which may extend to one year and with fine which may extend to three lakh rupees;",91(1)(a),"Punishment for manufacturing for sale or storing, selling or distributing or importing products containing adulterant. Punishment for manufacturing for sale or for storing or selling or distributing or importing spurious goods.","SEC. 1] THE GAZETTE OF INDIA EXTRAORDINARY 33
(3) A product manufacturer shall not be liable for failure to instruct or warn about a
danger which is obvious or commonly known to the user or consumer of such product or
which, such user or consumer, ought to have known, taking into account the characteristics
of such product.
CHAPTER VII
OFFENCES AND PENALTIES
88. Whoever, fails to comply with any direction of the Central Authority under
sections 20 and 21, shall be punished with imprisonment for a term which may extend to six
months or with fine which may extend to twenty lakh rupees, or with both.
89. Any manufacturer or service provider who causes a false or misleading
advertisement to be made which is prejudicial to the interest of consumers shall be punished
with imprisonment for a term which may extend to two years and with fine which may extend
to ten lakh rupees; and for every subsequent offence, be punished with imprisonment for a
term which may extend to five years and with fine which may extend to fifty lakh rupees.
90. (1) Whoever, by himself or by any other person on his behalf, manufactures for
sale or stores or sells or distributes or imports any product containing an adulterant shall be
punished, if such act—
(a) does not result in any injury to the consumer, with imprisonment for a term
which may extend to six months and with fine which may extend to one lakh rupees;
(b) causing injury not amounting to grievous hurt to the consumer, with
imprisonment for a term which may extend to one year and with fine which may extend
to three lakh rupees;
(c) causing injury resulting in grievous hurt to the consumer, with imprisonment
for a term which may extend to seven years and with fine which may extend to five lakh
rupees; and
(d) results in the death of a consumer, with imprisonment for a term which shall
not be less than seven years, but which may extend to imprisonment for life and with
fine which shall not be less than ten lakh rupees.
(2) The offences under clauses (c) and (d) of sub-section (1) shall be cognizable and
non-bailable.
(3) Notwithstanding the punishment under sub-section (1), the court may, in case of
first conviction, suspend any licence issued to the person referred to in that sub-section,
under any law for the time being in force, for a period up to two years, and in case of second
or subsequent conviction, cancel the licence.
Explanation.—For the purposes of this section,—
(a) ""adulterant"" means any material including extraneous matter which is
employed or used for making a product unsafe;
(b) ""grievous hurt"" shall have the same meaning as assigned to it in section 320
of the Indian Penal Code.
91. (1) Whoever, by himself or by any other person on his behalf, manufactures for
sale or stores or sells or distributes or imports any spurious goods shall be punished, if such
act—
(a) causing injury not amounting to grievous hurt to the consumer, with
imprisonment for a term which may extend to one year and with fine which may extend
to three lakh rupees;
Penalty for
non-
compliance of
direction of
Central
Authority.
Punishment
for false or
misleading
advertisement.
Punishment
for
manufacturing
for sale or
storing, selling
or distributing
or importing
products
containing
adulterant.
Punishment
for
manufacturing
for sale or for
storing or
selling or
distributing or
importing
spurious goods.
45 of 1860.",,
validation,consumer_protection,33,What is the punishment for causing a false or misleading advertisement to be made that is prejudicial to the interest of consumers?,"Any manufacturer or service provider who causes a false or misleading advertisement to be made which is prejudicial to the interest of consumers shall be punished with imprisonment for a term which may extend to two years and with fine which may extend to ten lakh rupees; and for every subsequent offence, be punished with imprisonment for a term which may extend to five years and with fine which may extend to fifty lakh rupees.",90. (1),"90. (1) Whoever, by himself or by any other person on his behalf, manufactures for sale or stores or sells or distributes or imports any product containing an","SEC. 1] THE GAZETTE OF INDIA EXTRAORDINARY 33
(3) A product manufacturer shall not be liable for failure to instruct or warn about a
danger which is obvious or commonly known to the user or consumer of such product or
which, such user or consumer, ought to have known, taking into account the characteristics
of such product.
CHAPTER VII
OFFENCES AND PENALTIES
88. Whoever, fails to comply with any direction of the Central Authority under
sections 20 and 21, shall be punished with imprisonment for a term which may extend to six
months or with fine which may extend to twenty lakh rupees, or with both.
89. Any manufacturer or service provider who causes a false or misleading
advertisement to be made which is prejudicial to the interest of consumers shall be punished
with imprisonment for a term which may extend to two years and with fine which may extend
to ten lakh rupees; and for every subsequent offence, be punished with imprisonment for a
term which may extend to five years and with fine which may extend to fifty lakh rupees.
90. (1) Whoever, by himself or by any other person on his behalf, manufactures for
sale or stores or sells or distributes or imports any product containing an adulterant shall be
punished, if such act—
(a) does not result in any injury to the consumer, with imprisonment for a term
which may extend to six months and with fine which may extend to one lakh rupees;
(b) causing injury not amounting to grievous hurt to the consumer, with
imprisonment for a term which may extend to one year and with fine which may extend
to three lakh rupees;
(c) causing injury resulting in grievous hurt to the consumer, with imprisonment
for a term which may extend to seven years and with fine which may extend to five lakh
rupees; and
(d) results in the death of a consumer, with imprisonment for a term which shall
not be less than seven years, but which may extend to imprisonment for life and with
fine which shall not be less than ten lakh rupees.
(2) The offences under clauses (c) and (d) of sub-section (1) shall be cognizable and
non-bailable.
(3) Notwithstanding the punishment under sub-section (1), the court may, in case of
first conviction, suspend any licence issued to the person referred to in that sub-section,
under any law for the time being in force, for a period up to two years, and in case of second
or subsequent conviction, cancel the licence.
Explanation.—For the purposes of this section,—
(a) ""adulterant"" means any material including extraneous matter which is
employed or used for making a product unsafe;
(b) ""grievous hurt"" shall have the same meaning as assigned to it in section 320
of the Indian Penal Code.
91. (1) Whoever, by himself or by any other person on his behalf, manufactures for
sale or stores or sells or distributes or imports any spurious goods shall be punished, if such
act—
(a) causing injury not amounting to grievous hurt to the consumer, with
imprisonment for a term which may extend to one year and with fine which may extend
to three lakh rupees;
Penalty for
non-
compliance of
direction of
Central
Authority.
Punishment
for false or
misleading
advertisement.
Punishment
for
manufacturing
for sale or
storing, selling
or distributing
or importing
products
containing
adulterant.
Punishment
for
manufacturing
for sale or for
storing or
selling or
distributing or
importing
spurious goods.
45 of 1860.",,
validation,consumer_protection,33,What is the maximum fine for causing injury not amounting to grievous hurt to the consumer?,The maximum fine for causing injury not amounting to grievous hurt to the consumer is three lakh rupees.,"(b) causing injury not amounting to grievous hurt to the consumer, with imprisonment for a term which may extend to one year and with fine which may extend to three lakh rupees","causing injury not amounting to grievous hurt to the consumer, with imprisonment for a term which may extend to one year and with fine which may extend to three lakh rupees;","SEC. 1] THE GAZETTE OF INDIA EXTRAORDINARY 33
(3) A product manufacturer shall not be liable for failure to instruct or warn about a
danger which is obvious or commonly known to the user or consumer of such product or
which, such user or consumer, ought to have known, taking into account the characteristics
of such product.
CHAPTER VII
OFFENCES AND PENALTIES
88. Whoever, fails to comply with any direction of the Central Authority under
sections 20 and 21, shall be punished with imprisonment for a term which may extend to six
months or with fine which may extend to twenty lakh rupees, or with both.
89. Any manufacturer or service provider who causes a false or misleading
advertisement to be made which is prejudicial to the interest of consumers shall be punished
with imprisonment for a term which may extend to two years and with fine which may extend
to ten lakh rupees; and for every subsequent offence, be punished with imprisonment for a
term which may extend to five years and with fine which may extend to fifty lakh rupees.
90. (1) Whoever, by himself or by any other person on his behalf, manufactures for
sale or stores or sells or distributes or imports any product containing an adulterant shall be
punished, if such act—
(a) does not result in any injury to the consumer, with imprisonment for a term
which may extend to six months and with fine which may extend to one lakh rupees;
(b) causing injury not amounting to grievous hurt to the consumer, with
imprisonment for a term which may extend to one year and with fine which may extend
to three lakh rupees;
(c) causing injury resulting in grievous hurt to the consumer, with imprisonment
for a term which may extend to seven years and with fine which may extend to five lakh
rupees; and
(d) results in the death of a consumer, with imprisonment for a term which shall
not be less than seven years, but which may extend to imprisonment for life and with
fine which shall not be less than ten lakh rupees.
(2) The offences under clauses (c) and (d) of sub-section (1) shall be cognizable and
non-bailable.
(3) Notwithstanding the punishment under sub-section (1), the court may, in case of
first conviction, suspend any licence issued to the person referred to in that sub-section,
under any law for the time being in force, for a period up to two years, and in case of second
or subsequent conviction, cancel the licence.
Explanation.—For the purposes of this section,—
(a) ""adulterant"" means any material including extraneous matter which is
employed or used for making a product unsafe;
(b) ""grievous hurt"" shall have the same meaning as assigned to it in section 320
of the Indian Penal Code.
91. (1) Whoever, by himself or by any other person on his behalf, manufactures for
sale or stores or sells or distributes or imports any spurious goods shall be punished, if such
act—
(a) causing injury not amounting to grievous hurt to the consumer, with
imprisonment for a term which may extend to one year and with fine which may extend
to three lakh rupees;
Penalty for
non-
compliance of
direction of
Central
Authority.
Punishment
for false or
misleading
advertisement.
Punishment
for
manufacturing
for sale or
storing, selling
or distributing
or importing
products
containing
adulterant.
Punishment
for
manufacturing
for sale or for
storing or
selling or
distributing or
importing
spurious goods.
45 of 1860.",,
validation,consumer_protection,33,"What is the punishment for manufacturing for sale or storing, selling, or distributing or importing products containing adulterants?","Whoever, by himself or by any other person on his behalf, manufactures for sale or stores or sells or distributes or imports any spurious goods shall be punished, if such act— (a) causing injury not amounting to grievous hurt to the consumer, with imprisonment for a term which may extend to one year and with fine which may extend to three lakh rupees;",91(1)(a),"Punishment for manufacturing for sale or storing, selling or distributing or importing products containing adulterant. Punishment for manufacturing for sale or for storing or selling or distributing or importing spurious goods.","SEC. 1] THE GAZETTE OF INDIA EXTRAORDINARY 33
(3) A product manufacturer shall not be liable for failure to instruct or warn about a
danger which is obvious or commonly known to the user or consumer of such product or
which, such user or consumer, ought to have known, taking into account the characteristics
of such product.
CHAPTER VII
OFFENCES AND PENALTIES
88. Whoever, fails to comply with any direction of the Central Authority under
sections 20 and 21, shall be punished with imprisonment for a term which may extend to six
months or with fine which may extend to twenty lakh rupees, or with both.
89. Any manufacturer or service provider who causes a false or misleading
advertisement to be made which is prejudicial to the interest of consumers shall be punished
with imprisonment for a term which may extend to two years and with fine which may extend
to ten lakh rupees; and for every subsequent offence, be punished with imprisonment for a
term which may extend to five years and with fine which may extend to fifty lakh rupees.
90. (1) Whoever, by himself or by any other person on his behalf, manufactures for
sale or stores or sells or distributes or imports any product containing an adulterant shall be
punished, if such act—
(a) does not result in any injury to the consumer, with imprisonment for a term
which may extend to six months and with fine which may extend to one lakh rupees;
(b) causing injury not amounting to grievous hurt to the consumer, with
imprisonment for a term which may extend to one year and with fine which may extend
to three lakh rupees;
(c) causing injury resulting in grievous hurt to the consumer, with imprisonment
for a term which may extend to seven years and with fine which may extend to five lakh
rupees; and
(d) results in the death of a consumer, with imprisonment for a term which shall
not be less than seven years, but which may extend to imprisonment for life and with
fine which shall not be less than ten lakh rupees.
(2) The offences under clauses (c) and (d) of sub-section (1) shall be cognizable and
non-bailable.
(3) Notwithstanding the punishment under sub-section (1), the court may, in case of
first conviction, suspend any licence issued to the person referred to in that sub-section,
under any law for the time being in force, for a period up to two years, and in case of second
or subsequent conviction, cancel the licence.
Explanation.—For the purposes of this section,—
(a) ""adulterant"" means any material including extraneous matter which is
employed or used for making a product unsafe;
(b) ""grievous hurt"" shall have the same meaning as assigned to it in section 320
of the Indian Penal Code.
91. (1) Whoever, by himself or by any other person on his behalf, manufactures for
sale or stores or sells or distributes or imports any spurious goods shall be punished, if such
act—
(a) causing injury not amounting to grievous hurt to the consumer, with
imprisonment for a term which may extend to one year and with fine which may extend
to three lakh rupees;
Penalty for
non-
compliance of
direction of
Central
Authority.
Punishment
for false or
misleading
advertisement.
Punishment
for
manufacturing
for sale or
storing, selling
or distributing
or importing
products
containing
adulterant.
Punishment
for
manufacturing
for sale or for
storing or
selling or
distributing or
importing
spurious goods.
45 of 1860.",,
validation,consumer_protection,34,Under what conditions can an offence be compounded?,"An offence punishable under sections 88 and 89 can be compounded on payment of such amount as may be prescribed, provided that no compounding of such offence shall be made without the leave of the court before which a complaint has been filed under section 92, and such sum shall not, in any case, exceed the maximum amount of the fine, which may be imposed under this Act for the offence so compounded.",Not explicitly identified,"Any offence punishable under sections 88 and 89, may, either before or after the institution of the prosecution, be compounded, on payment of such amount as may be prescribed: Provided that no compounding of such offence shall be made without the leave of the court before which a complaint has been filed under section 92: Provided further that such sum shall not, in any case, exceed the maximum amount of the fine, which may be imposed under this Act for the offence so compounded.","34 THE GAZETTE OF INDIA EXTRAORDINARY [P ART II—
(b) causing injury resulting in grievous hurt to the consumer, with imprisonment
for a term which may extend to seven years and with fine which may extend to five lakh
rupees;
(c) results in the death of a consumer, with imprisonment for a term which shall
not be less than seven years, but may extend to imprisonment for life and with fine
which shall not be less than ten lakh rupees.
(2) The offences under clauses (b) and (c) of sub-section (1) shall be cognizable and
non-bailable.
(3) Notwithstanding the punishment under sub-section (1), the court may, in case of
first conviction, suspend any licence issued to the person referred to in that sub-section,
under any law for the time being in force, for a period up to two years, and in case of second
or subsequent conviction, cancel the licence.
92. No cognizance shall be taken by a competent court of any offence under sections 88
and 89 except on a complaint filed by the Central Authority or any officer authorised by it in
this behalf.
93. The Director General or any other officer, exercising powers under section 22, who
knows that there are no reasonable grounds for so doing, and yet—
(a) searches, or causes to be searched any premises; or
(b) seizes any record, register or other document or article,
shall, for every such offence, be punished with imprisonment for a term which may extend to
one year, or with fine which may extend to ten thousand rupees or with both.
CHAPTER VIII
MISCELLANEOUS
94. For the purposes of preventing unfair trade practices in e-commerce, direct selling
and also to protect the interest and rights of consumers, the Central Government may take
such measures in the manner as may be prescribed.
95. The Presidents and members of the District Commission, the State Commission
and the National Commission, and officers and other employees thereof, the Chief
Commissioner and the Commissioner of the Central Authority, the Director General, the
Additional Director General, the Director, the Joint Director, the Deputy Director and the
Assistant Director and all other officers and employees of the Central Authority and other
persons performing any duty under this Act, while acting or purporting to act in pursuance
of any of the provisions of this Act, shall be deemed to be public servants within the
meaning of section 21 of the Indian Penal Code.
96. (1) Any offence punishable under sections 88 and 89, may, either before or after
the institution of the prosecution, be compounded, on payment of such amount as may be
prescribed:
Provided that no compounding of such offence shall be made without the leave of the
court before which a complaint has been filed under section 92:
Provided further that such sum shall not, in any case, exceed the maximum amount of
the fine, which may be imposed under this Act for the offence so compounded.
(2) The Central Authority or any officer as may be specially authorised by him in this
behalf, may compound offences under sub-section  (1).
Cognizance of
offence by
court.
Vexatious
search.
Measures to
prevent unfair
trade
practices in
e-commerce,
direct selling,
etc.
Presidents,
members,
Chief
Commissioner,
Commissioner
and certain
officers to be
public
servants.
Compounding
of offences.
45 of 1860.",,
validation,consumer_protection,34,What are the penalties for causing injury resulting in grievous hurt to a consumer?,The penalties for causing injury resulting in grievous hurt to a consumer are imprisonment for a term which may extend to seven years and with a fine which may extend to five lakh rupees.,article/section 88,"THE GAZETTE OF INDIA EXTRAORDINARY [P ART II— (b) causing injury resulting in grievous hurt to the consumer, with imprisonment for a term which may extend to seven years and with fine which may extend to five lakh rupees;","34 THE GAZETTE OF INDIA EXTRAORDINARY [P ART II—
(b) causing injury resulting in grievous hurt to the consumer, with imprisonment
for a term which may extend to seven years and with fine which may extend to five lakh
rupees;
(c) results in the death of a consumer, with imprisonment for a term which shall
not be less than seven years, but may extend to imprisonment for life and with fine
which shall not be less than ten lakh rupees.
(2) The offences under clauses (b) and (c) of sub-section (1) shall be cognizable and
non-bailable.
(3) Notwithstanding the punishment under sub-section (1), the court may, in case of
first conviction, suspend any licence issued to the person referred to in that sub-section,
under any law for the time being in force, for a period up to two years, and in case of second
or subsequent conviction, cancel the licence.
92. No cognizance shall be taken by a competent court of any offence under sections 88
and 89 except on a complaint filed by the Central Authority or any officer authorised by it in
this behalf.
93. The Director General or any other officer, exercising powers under section 22, who
knows that there are no reasonable grounds for so doing, and yet—
(a) searches, or causes to be searched any premises; or
(b) seizes any record, register or other document or article,
shall, for every such offence, be punished with imprisonment for a term which may extend to
one year, or with fine which may extend to ten thousand rupees or with both.
CHAPTER VIII
MISCELLANEOUS
94. For the purposes of preventing unfair trade practices in e-commerce, direct selling
and also to protect the interest and rights of consumers, the Central Government may take
such measures in the manner as may be prescribed.
95. The Presidents and members of the District Commission, the State Commission
and the National Commission, and officers and other employees thereof, the Chief
Commissioner and the Commissioner of the Central Authority, the Director General, the
Additional Director General, the Director, the Joint Director, the Deputy Director and the
Assistant Director and all other officers and employees of the Central Authority and other
persons performing any duty under this Act, while acting or purporting to act in pursuance
of any of the provisions of this Act, shall be deemed to be public servants within the
meaning of section 21 of the Indian Penal Code.
96. (1) Any offence punishable under sections 88 and 89, may, either before or after
the institution of the prosecution, be compounded, on payment of such amount as may be
prescribed:
Provided that no compounding of such offence shall be made without the leave of the
court before which a complaint has been filed under section 92:
Provided further that such sum shall not, in any case, exceed the maximum amount of
the fine, which may be imposed under this Act for the offence so compounded.
(2) The Central Authority or any officer as may be specially authorised by him in this
behalf, may compound offences under sub-section  (1).
Cognizance of
offence by
court.
Vexatious
search.
Measures to
prevent unfair
trade
practices in
e-commerce,
direct selling,
etc.
Presidents,
members,
Chief
Commissioner,
Commissioner
and certain
officers to be
public
servants.
Compounding
of offences.
45 of 1860.",,
validation,consumer_protection,34,What is the maximum amount of fine that can be imposed for an offence compounded under section 88 and 89?,No compounding of such offence shall be made without the leave of the court before which a complaint has been filed under section 92,Not explicitly identified,Provided that no compounding of such offence shall be made without the leave of the court before which a complaint has been filed under section 92,"34 THE GAZETTE OF INDIA EXTRAORDINARY [P ART II—
(b) causing injury resulting in grievous hurt to the consumer, with imprisonment
for a term which may extend to seven years and with fine which may extend to five lakh
rupees;
(c) results in the death of a consumer, with imprisonment for a term which shall
not be less than seven years, but may extend to imprisonment for life and with fine
which shall not be less than ten lakh rupees.
(2) The offences under clauses (b) and (c) of sub-section (1) shall be cognizable and
non-bailable.
(3) Notwithstanding the punishment under sub-section (1), the court may, in case of
first conviction, suspend any licence issued to the person referred to in that sub-section,
under any law for the time being in force, for a period up to two years, and in case of second
or subsequent conviction, cancel the licence.
92. No cognizance shall be taken by a competent court of any offence under sections 88
and 89 except on a complaint filed by the Central Authority or any officer authorised by it in
this behalf.
93. The Director General or any other officer, exercising powers under section 22, who
knows that there are no reasonable grounds for so doing, and yet—
(a) searches, or causes to be searched any premises; or
(b) seizes any record, register or other document or article,
shall, for every such offence, be punished with imprisonment for a term which may extend to
one year, or with fine which may extend to ten thousand rupees or with both.
CHAPTER VIII
MISCELLANEOUS
94. For the purposes of preventing unfair trade practices in e-commerce, direct selling
and also to protect the interest and rights of consumers, the Central Government may take
such measures in the manner as may be prescribed.
95. The Presidents and members of the District Commission, the State Commission
and the National Commission, and officers and other employees thereof, the Chief
Commissioner and the Commissioner of the Central Authority, the Director General, the
Additional Director General, the Director, the Joint Director, the Deputy Director and the
Assistant Director and all other officers and employees of the Central Authority and other
persons performing any duty under this Act, while acting or purporting to act in pursuance
of any of the provisions of this Act, shall be deemed to be public servants within the
meaning of section 21 of the Indian Penal Code.
96. (1) Any offence punishable under sections 88 and 89, may, either before or after
the institution of the prosecution, be compounded, on payment of such amount as may be
prescribed:
Provided that no compounding of such offence shall be made without the leave of the
court before which a complaint has been filed under section 92:
Provided further that such sum shall not, in any case, exceed the maximum amount of
the fine, which may be imposed under this Act for the offence so compounded.
(2) The Central Authority or any officer as may be specially authorised by him in this
behalf, may compound offences under sub-section  (1).
Cognizance of
offence by
court.
Vexatious
search.
Measures to
prevent unfair
trade
practices in
e-commerce,
direct selling,
etc.
Presidents,
members,
Chief
Commissioner,
Commissioner
and certain
officers to be
public
servants.
Compounding
of offences.
45 of 1860.",,
validation,consumer_protection,34,Who can compound offences under sub-section (1)?,The Central Authority or any officer as may be specially authorised by him in this behalf can compound offences under sub-section (1).,Not explicitly identified,"The Central Authority or any officer as may be specially authorised by him in this behalf, may compound offences under sub-section (1).","34 THE GAZETTE OF INDIA EXTRAORDINARY [P ART II—
(b) causing injury resulting in grievous hurt to the consumer, with imprisonment
for a term which may extend to seven years and with fine which may extend to five lakh
rupees;
(c) results in the death of a consumer, with imprisonment for a term which shall
not be less than seven years, but may extend to imprisonment for life and with fine
which shall not be less than ten lakh rupees.
(2) The offences under clauses (b) and (c) of sub-section (1) shall be cognizable and
non-bailable.
(3) Notwithstanding the punishment under sub-section (1), the court may, in case of
first conviction, suspend any licence issued to the person referred to in that sub-section,
under any law for the time being in force, for a period up to two years, and in case of second
or subsequent conviction, cancel the licence.
92. No cognizance shall be taken by a competent court of any offence under sections 88
and 89 except on a complaint filed by the Central Authority or any officer authorised by it in
this behalf.
93. The Director General or any other officer, exercising powers under section 22, who
knows that there are no reasonable grounds for so doing, and yet—
(a) searches, or causes to be searched any premises; or
(b) seizes any record, register or other document or article,
shall, for every such offence, be punished with imprisonment for a term which may extend to
one year, or with fine which may extend to ten thousand rupees or with both.
CHAPTER VIII
MISCELLANEOUS
94. For the purposes of preventing unfair trade practices in e-commerce, direct selling
and also to protect the interest and rights of consumers, the Central Government may take
such measures in the manner as may be prescribed.
95. The Presidents and members of the District Commission, the State Commission
and the National Commission, and officers and other employees thereof, the Chief
Commissioner and the Commissioner of the Central Authority, the Director General, the
Additional Director General, the Director, the Joint Director, the Deputy Director and the
Assistant Director and all other officers and employees of the Central Authority and other
persons performing any duty under this Act, while acting or purporting to act in pursuance
of any of the provisions of this Act, shall be deemed to be public servants within the
meaning of section 21 of the Indian Penal Code.
96. (1) Any offence punishable under sections 88 and 89, may, either before or after
the institution of the prosecution, be compounded, on payment of such amount as may be
prescribed:
Provided that no compounding of such offence shall be made without the leave of the
court before which a complaint has been filed under section 92:
Provided further that such sum shall not, in any case, exceed the maximum amount of
the fine, which may be imposed under this Act for the offence so compounded.
(2) The Central Authority or any officer as may be specially authorised by him in this
behalf, may compound offences under sub-section  (1).
Cognizance of
offence by
court.
Vexatious
search.
Measures to
prevent unfair
trade
practices in
e-commerce,
direct selling,
etc.
Presidents,
members,
Chief
Commissioner,
Commissioner
and certain
officers to be
public
servants.
Compounding
of offences.
45 of 1860.",,
validation,consumer_protection,17,What is the maximum value of goods or services for which complaints can be entertained by the District Commission?,"The maximum value of goods or services for which complaints can be entertained by the District Commission is one crore rupees, as stated in the passage: 'Subject to the other provisions of this Act, the District Commission shall have jurisdiction to entertain complaints where the value of the goods or services paid as consideration does not exceed one crore rupees.'",34(1),"Subject to the other provisions of this Act, the District Commission shall have jurisdiction to entertain complaints where the value of the goods or services paid as consideration does not exceed one crore rupees:","SEC. 1] THE GAZETTE OF INDIA EXTRAORDINARY 17
29. The Central Government may, by notification, make rules to provide for the
qualifications, method of recruitment, procedure for appointment, term of office, resignation
and removal of the President and members of the District Commission.
30. The State Government may, by notification, make rules to provide for salaries and
allowances and other terms and conditions of service of the President, and members of the
District Commission.
31. Any person appointed as President or, as the case may be, a member of the District
Commission immediately before the commencement of this Act shall hold office as such as
President or, as the case may be, as member till the completion of his term for which he has
been appointed.
32. If, at any time, there is a vacancy in the office of the President or member of a
District  Commission, the State Government may, by notification, direct—
(a) any other District Commission specified in that notification to exercise the
jurisdiction in respect of that district also; or
(b) the President or a member of any other District Commission specified in that
notification to exercise the powers and discharge the functions of the President or
member of that District Commission also.
33. (1) The State Government shall provide the District Commission with such officers
and other employees as may be required to assist the District Commission in the discharge
of its functions.
(2) The officers and other employees of the District Commission shall discharge their
functions under the general superintendence of the President of the District Commission.
(3) The salaries and allowances payable to, and the other terms and conditions of
service of, the officers and other employees of the District Commission shall be such as may
be prescribed.
34. (1) Subject to the other provisions of this Act, the District Commission shall have
jurisdiction to entertain complaints where the value of the goods or services paid as
consideration does not exceed one crore rupees:
Provided that where the Central Government deems it necessary so to do, it may
prescribe such other value, as it deems fit.
(2) A complaint shall be instituted in a District Commission within the local limits of
whose jurisdiction,—
(a) the opposite party or each of the opposite parties, where there are more than
one, at the time of the institution of the complaint, ordinarily resides or carries on
business or has a branch office or personally works for gain; or
(b) any of the opposite parties, where there are more than one, at the time of the
institution of the complaint, actually and voluntarily resides, or carries on business or
has a branch office, or personally works for gain, provided that in such case the
permission of the District Commission is given; or
(c) the cause of action, wholly or in part, arises; or
(d) the complainant resides or personally works for gain.
Qualifications,
etc., of
President and
members of
District
Commission.
Salaries,
allowances and
other terms
and conditions
of service of
President and
members of
District
Commission.
Transitional
provision.
Vacancy in
office of
member of
District
Commission.
Officers and
other
employees of
District
Commission.
Jurisdiction of
District
Commission.",,
validation,consumer_protection,17,What are the conditions under which a complaint can be filed if there are more than one party involved?,"If there are more than one party involved, the complaint can be filed if at the time of the institution of the complaint, any of the opposite parties actually and voluntarily resides, or carries on business or has a branch office, or personally works for gain, provided that in such case the permission of the District Commission is given.",Not explicitly identified,"where there are more than one, at the time of the institution of the complaint, actually and voluntarily resides, or carries on business or has a branch office, or personally works for gain, provided that in such case the permission of the District Commission is given;","SEC. 1] THE GAZETTE OF INDIA EXTRAORDINARY 17
29. The Central Government may, by notification, make rules to provide for the
qualifications, method of recruitment, procedure for appointment, term of office, resignation
and removal of the President and members of the District Commission.
30. The State Government may, by notification, make rules to provide for salaries and
allowances and other terms and conditions of service of the President, and members of the
District Commission.
31. Any person appointed as President or, as the case may be, a member of the District
Commission immediately before the commencement of this Act shall hold office as such as
President or, as the case may be, as member till the completion of his term for which he has
been appointed.
32. If, at any time, there is a vacancy in the office of the President or member of a
District  Commission, the State Government may, by notification, direct—
(a) any other District Commission specified in that notification to exercise the
jurisdiction in respect of that district also; or
(b) the President or a member of any other District Commission specified in that
notification to exercise the powers and discharge the functions of the President or
member of that District Commission also.
33. (1) The State Government shall provide the District Commission with such officers
and other employees as may be required to assist the District Commission in the discharge
of its functions.
(2) The officers and other employees of the District Commission shall discharge their
functions under the general superintendence of the President of the District Commission.
(3) The salaries and allowances payable to, and the other terms and conditions of
service of, the officers and other employees of the District Commission shall be such as may
be prescribed.
34. (1) Subject to the other provisions of this Act, the District Commission shall have
jurisdiction to entertain complaints where the value of the goods or services paid as
consideration does not exceed one crore rupees:
Provided that where the Central Government deems it necessary so to do, it may
prescribe such other value, as it deems fit.
(2) A complaint shall be instituted in a District Commission within the local limits of
whose jurisdiction,—
(a) the opposite party or each of the opposite parties, where there are more than
one, at the time of the institution of the complaint, ordinarily resides or carries on
business or has a branch office or personally works for gain; or
(b) any of the opposite parties, where there are more than one, at the time of the
institution of the complaint, actually and voluntarily resides, or carries on business or
has a branch office, or personally works for gain, provided that in such case the
permission of the District Commission is given; or
(c) the cause of action, wholly or in part, arises; or
(d) the complainant resides or personally works for gain.
Qualifications,
etc., of
President and
members of
District
Commission.
Salaries,
allowances and
other terms
and conditions
of service of
President and
members of
District
Commission.
Transitional
provision.
Vacancy in
office of
member of
District
Commission.
Officers and
other
employees of
District
Commission.
Jurisdiction of
District
Commission.",,
validation,consumer_protection,17,What are the qualifications and terms of service for the President and members of the District Commission?,"The Central Government may, by notification, make rules to provide for the qualifications, method of recruitment, procedure for appointment, term of office, resignation and removal of the President and members of the District Commission.",SEC. 1],"SEC. 1] THE GAZETTE OF INDIA EXTRAORDINARY 17 29. The Central Government may, by notification, make rules to provide for the qualifications, method of recruitment, procedure for appointment, term of office, resignation and removal of the President and members of the District Commission.","SEC. 1] THE GAZETTE OF INDIA EXTRAORDINARY 17
29. The Central Government may, by notification, make rules to provide for the
qualifications, method of recruitment, procedure for appointment, term of office, resignation
and removal of the President and members of the District Commission.
30. The State Government may, by notification, make rules to provide for salaries and
allowances and other terms and conditions of service of the President, and members of the
District Commission.
31. Any person appointed as President or, as the case may be, a member of the District
Commission immediately before the commencement of this Act shall hold office as such as
President or, as the case may be, as member till the completion of his term for which he has
been appointed.
32. If, at any time, there is a vacancy in the office of the President or member of a
District  Commission, the State Government may, by notification, direct—
(a) any other District Commission specified in that notification to exercise the
jurisdiction in respect of that district also; or
(b) the President or a member of any other District Commission specified in that
notification to exercise the powers and discharge the functions of the President or
member of that District Commission also.
33. (1) The State Government shall provide the District Commission with such officers
and other employees as may be required to assist the District Commission in the discharge
of its functions.
(2) The officers and other employees of the District Commission shall discharge their
functions under the general superintendence of the President of the District Commission.
(3) The salaries and allowances payable to, and the other terms and conditions of
service of, the officers and other employees of the District Commission shall be such as may
be prescribed.
34. (1) Subject to the other provisions of this Act, the District Commission shall have
jurisdiction to entertain complaints where the value of the goods or services paid as
consideration does not exceed one crore rupees:
Provided that where the Central Government deems it necessary so to do, it may
prescribe such other value, as it deems fit.
(2) A complaint shall be instituted in a District Commission within the local limits of
whose jurisdiction,—
(a) the opposite party or each of the opposite parties, where there are more than
one, at the time of the institution of the complaint, ordinarily resides or carries on
business or has a branch office or personally works for gain; or
(b) any of the opposite parties, where there are more than one, at the time of the
institution of the complaint, actually and voluntarily resides, or carries on business or
has a branch office, or personally works for gain, provided that in such case the
permission of the District Commission is given; or
(c) the cause of action, wholly or in part, arises; or
(d) the complainant resides or personally works for gain.
Qualifications,
etc., of
President and
members of
District
Commission.
Salaries,
allowances and
other terms
and conditions
of service of
President and
members of
District
Commission.
Transitional
provision.
Vacancy in
office of
member of
District
Commission.
Officers and
other
employees of
District
Commission.
Jurisdiction of
District
Commission.",,
validation,consumer_protection,17,What is the jurisdiction of the District Commission according to the passage?,"The District Commission has jurisdiction to entertain complaints where the value of the goods or services paid as consideration does not exceed one crore rupees: Provided that where the Central Government deems it necessary so to do, it may prescribe such other value, as it deems fit.",34(1),"The District Commission shall have jurisdiction to entertain complaints where the value of the goods or services paid as consideration does not exceed one crore rupees: Provided that where the Central Government deems it necessary so to do, it may prescribe such other value, as it deems fit.","SEC. 1] THE GAZETTE OF INDIA EXTRAORDINARY 17
29. The Central Government may, by notification, make rules to provide for the
qualifications, method of recruitment, procedure for appointment, term of office, resignation
and removal of the President and members of the District Commission.
30. The State Government may, by notification, make rules to provide for salaries and
allowances and other terms and conditions of service of the President, and members of the
District Commission.
31. Any person appointed as President or, as the case may be, a member of the District
Commission immediately before the commencement of this Act shall hold office as such as
President or, as the case may be, as member till the completion of his term for which he has
been appointed.
32. If, at any time, there is a vacancy in the office of the President or member of a
District  Commission, the State Government may, by notification, direct—
(a) any other District Commission specified in that notification to exercise the
jurisdiction in respect of that district also; or
(b) the President or a member of any other District Commission specified in that
notification to exercise the powers and discharge the functions of the President or
member of that District Commission also.
33. (1) The State Government shall provide the District Commission with such officers
and other employees as may be required to assist the District Commission in the discharge
of its functions.
(2) The officers and other employees of the District Commission shall discharge their
functions under the general superintendence of the President of the District Commission.
(3) The salaries and allowances payable to, and the other terms and conditions of
service of, the officers and other employees of the District Commission shall be such as may
be prescribed.
34. (1) Subject to the other provisions of this Act, the District Commission shall have
jurisdiction to entertain complaints where the value of the goods or services paid as
consideration does not exceed one crore rupees:
Provided that where the Central Government deems it necessary so to do, it may
prescribe such other value, as it deems fit.
(2) A complaint shall be instituted in a District Commission within the local limits of
whose jurisdiction,—
(a) the opposite party or each of the opposite parties, where there are more than
one, at the time of the institution of the complaint, ordinarily resides or carries on
business or has a branch office or personally works for gain; or
(b) any of the opposite parties, where there are more than one, at the time of the
institution of the complaint, actually and voluntarily resides, or carries on business or
has a branch office, or personally works for gain, provided that in such case the
permission of the District Commission is given; or
(c) the cause of action, wholly or in part, arises; or
(d) the complainant resides or personally works for gain.
Qualifications,
etc., of
President and
members of
District
Commission.
Salaries,
allowances and
other terms
and conditions
of service of
President and
members of
District
Commission.
Transitional
provision.
Vacancy in
office of
member of
District
Commission.
Officers and
other
employees of
District
Commission.
Jurisdiction of
District
Commission.",,
