passage_id,source_filename,page,legal_reference,reason,evidence
constitution_of_india-1-6737cb474dd23c2f,constitution_of_india.pdf,1,,NO_SUPPORTED_QUESTION_PATTERN,"£ÉÉ®iÉ  BÉEÉ  ºÉÆÉÊ´ÉvÉÉxÉ
              [1      , 2024                      ]

 THE CONSTITUTION OF INDIA
                  [As on 1st May, 2024]

              2024





            GOVERNMENT OF INDIA
          MINISTRY OF LAW AND JUSTICE
LEGISLATIVE DEPARTMENT, OFFICIAL LANGUAGES WING"
constitution_of_india-2-18ad4fa7bc5257b0,constitution_of_india.pdf,2,,NO_SUPPORTED_QUESTION_PATTERN,"PREFACE

     This is the  sixth  pocket size edition of the Constitution of
India  in  the  diglot  form.  In  this  edition,  the  text  of  the
Constitution  of  India  has  been  brought  up-to-date  by
incorporating therein all the amendments up to the Constitution
(One Hundred and Sixth Amendment) Act, 2023. The foot notes
below the  text indicate the Constitution Amendment Acts by
which such amendments have been made.

    The Constitution (One Hundredth Amendment) Act, 2015
containing  details  of  acquired  and  transferred  territories
between the Governments of India and Bangladesh has been
provided in Appendix I.

    The Constitution (Application  to Jammu and Kashmir)
Order, 2019 and the declaration under article 370(3) of the
Constitution have been provided respectively in Appendix II and
Appendix III for reference.



New Delhi;                              Dr. Rajiv Mani,
1st May, 2024                         Secretary to the Government of India."
constitution_of_india-3-7d9d6037caa4407c,constitution_of_india.pdf,3,,NO_SUPPORTED_QUESTION_PATTERN,"LIST OF ABBREVIATIONS USED



Art., arts.  .................................................... for Article, articles.

Cl., cls.     ....................................................    Clause, clauses.

C.O.          ....................................................    Constitution Order.

Ins.            ...................................................     Inserted.

P., pp.       ....................................................     Page, pages.

Pt.             ....................................................      Part.

Rep.          ....................................................     Repealed.

Ss., ss.    ......................................................     Section, sections.

Sch.          ....................................................     Schedule.

Subs.        ....................................................     Substituted.

w.e.f.        ....................................................     with effect from.
w.r.e.f.        ..................................................     with retrospective effect from."
constitution_of_india-4-6eb6421cddc3e93c,constitution_of_india.pdf,4,,CONTENTS_OR_INDEX_TEXT,"THE CONSTITUTION OF INDIA
                            ____________

                 CONTENTS
                                 __________


PREAMBLE
                   PART I

           THE UNION AND ITS TERRITORY
ARTICLES
  1.     Name and territory of the Union.
  2.      Admission or establishment of new States.
 [2A.     Sikkim to be associated with the Union.—Omitted.]
  3.      Formation of new States and alteration of areas, boundaries or
        names of existing States.

  4.     Laws made under articles 2 and 3 to provide for the amendment of
          the First and the Fourth Schedules and supplemental, incidental
         and consequential matters.

                     PART II

                        CITIZENSHIP

  5.       Citizenship at the commencement of the Constitution.
   6.      Rights of citizenship of certain persons who have migrated to
          India from Pakistan.
  7.      Rights of citizenship of certain migrants to Pakistan.
   8.      Rights of citizenship of certain persons of Indian origin residing
          outside India.

   9.      Persons voluntarily acquiring citizenship of a foreign State not to
         be citizens.

 10.      Continuance of the rights of citizenship.
 11.      Parliament to regulate the right of citizenship by law."
constitution_of_india-8-87c71cf10eb18e85,constitution_of_india.pdf,8,,CONTENTS_OR_INDEX_TEXT,"(v)                              Contents

ARTICLES

  55.      Manner of election of President.
  56.      Term of office of President.
  57.        Eligibility for re-election.
  58.       Qualifications for election as President.
  59.       Conditions of President’s office.
  60.      Oath or affirmation by the President.
  61.       Procedure for impeachment of the President.
  62.      Time of holding election to fill vacancy in the office of President
           and the term of office of person elected to fill casual vacancy.
  63.      The Vice-President of India.
  64.      The Vice-President to be ex officio Chairman of the Council of
             States.
  65.      The Vice-President to act as President or to discharge his
            functions during casual vacancies in the office, or during the
            absence, of President.
  66.       Election of Vice-President.
  67.      Term of office of Vice-President.
  68.      Time of holding election to fill vacancy in the office of Vice-President
           and the term of office of person elected to fill casual vacancy.
  69.      Oath or affirmation by the Vice-President.
  70.       Discharge of President’s functions in other contingencies.
  71.       Matters relating to, or connected with, the election of a President
            or Vice-President.
  72.      Power of President to grant pardons, etc., and to suspend, remit
            or commute sentences in certain cases.
  73.       Extent of executive power of the Union.
                          Council of Ministers
  74.       Council of Ministers to aid and advise President.
  75.       Other provisions as to Ministers.
                   The Attorney-General for India
  76.       Attorney-General for India."
constitution_of_india-9-ea5bd6b0d7afe7e7,constitution_of_india.pdf,9,,CONTENTS_OR_INDEX_TEXT,"(vi)                             Contents

ARTICLES

                   Conduct of Government Business

  77.      Conduct of business of the Government of India.
  78.       Duties  of  Prime  Minister  as  respects  the  furnishing  of
            information to the President, etc.

              CHAPTER  II.  PARLIAMENT

                              General
  79.       Constitution of Parliament.
  80.      Composition of the Council of States.
  81.      Composition of the House of the People.
  82.       Readjustment after each census.
  83.       Duration of Houses of Parliament.
  84.       Qualification for membership of Parliament.
  85.       Sessions of Parliament, prorogation and dissolution.
  86.       Right of President to address and send messages to Houses.
  87.       Special address by the President.
  88.       Rights of Ministers and Attorney-General as respects Houses.

                            Officers of Parliament
  89.      The Chairman and Deputy Chairman of the Council of States.
  90.       Vacation and resignation of, and removal from, the office of
          Deputy Chairman.
  91.      Power of the Deputy Chairman or other person to perform the
            duties of the office of, or to act as, Chairman.
  92.      The Chairman or the Deputy Chairman not to preside while a
             resolution for his removal from office is under consideration.
  93.      The Speaker and Deputy Speaker of the House of the People.
  94.       Vacation and resignation of, and removal from, the offices of
           Speaker and Deputy Speaker.
  95.      Power of the Deputy Speaker or other person to perform the
            duties of the office of, or to act as, Speaker."
constitution_of_india-10-0ff550e30654d76e,constitution_of_india.pdf,10,,CONTENTS_OR_INDEX_TEXT,"(vii)                             Contents

ARTICLES

  96.      The Speaker or the Deputy Speaker not to preside while a
             resolution for his removal from office is under consideration.
  97.        Salaries and allowances of the Chairman and Deputy Chairman
          and the Speaker and Deputy Speaker.
  98.        Secretariat of Parliament.

                          Conduct of Business
   99.      Oath or affirmation by members.
  100.     Voting  in Houses, power of Houses  to  act notwithstanding
            vacancies and quorum.

                           Disqualifications of Members
  101.     Vacation of seats.
  102.      Disqualifications for membership.
  103.      Decision on questions as to disqualifications of members.
  104.      Penalty for sitting and voting before making oath or affirmation
           under article 99 or when not qualified or when disqualified.

              Powers, Privileges and Immunities of Parliament and its
                              Members
  105.     Powers, privileges, etc., of the Houses of Parliament and of the
          members and committees thereof.
  106.      Salaries and allowances of members.
                               Legislative Procedure
  107.      Provisions as to introduction and passing of Bills.
  108.      Joint sitting of both Houses in certain cases.
  109.      Special procedure in respect of Money Bills.
  110.      Definition of “Money Bills”.
  111.     Assent to Bills.
                         Procedure in Financial Matters
  112.     Annual financial statement.
  113.      Procedure in Parliament with respect to estimates.
  114.      Appropriation Bills."
constitution_of_india-13-2f664cb89be8c682,constitution_of_india.pdf,13,,CONTENTS_OR_INDEX_TEXT,"(x)                              Contents

ARTICLES

             CHAPTER II.  THE EXECUTIVE
                          The Governor
  153.     Governors of States.
  154.     Executive power of State.
  155.     Appointment of Governor.
  156.    Term of office of Governor.
  157.      Qualifications for appointment as Governor.
  158.     Conditions of Governor’s office.
  159.     Oath or affirmation by the Governor.
  160.     Discharge  of  the  functions  of  the  Governor  in  certain
            contingencies.
  161.    Power of Governor to grant pardons, etc., and to suspend, remit
            or commute sentences in certain cases.
  162.     Extent of executive power of State.
                          Council of Ministers
  163.     Council of Ministers to aid and advise Governor.
  164.     Other provisions as to Ministers.
                 The Advocate-General for the State
  165.     Advocate-General for the State.
                   Conduct of Government Business
  166.     Conduct of business of the Government of a State.
  167.     Duties  of  Chief  Minister  as  respects  the  furnishing  of
            information to Governor, etc.
         CHAPTER III.  THE STATE LEGISLATURE
                              General
  168.      Constitution of Legislatures in States.
  169.      Abolition or creation of Legislative Councils in States.
  170.     Composition of the Legislative Assemblies."
constitution_of_india-14-4b17f70c3c4ebbd1,constitution_of_india.pdf,14,,CONTENTS_OR_INDEX_TEXT,"(xi)                             Contents

ARTICLES

  171.     Composition of the Legislative Councils.
  172.      Duration of State Legislatures.
  173.      Qualification for membership of the State Legislature.
  174.      Sessions of the State Legislature, prorogation and dissolution.
  175.      Right of Governor to address and send messages to the House or
           Houses.
  176.      Special address by the Governor.
  177.      Rights  of  Ministers and  Advocate-General  as  respects  the
           Houses.
                       Officers of the State Legislature
  178.     The Speaker and Deputy Speaker of the Legislative Assembly.
  179.     Vacation and resignation of, and removal from, the offices of
           Speaker and Deputy Speaker.
  180.     Power of the Deputy Speaker or other person to perform the
            duties of the office of, or to act as, Speaker.
  181.     The Speaker or the Deputy Speaker not to preside while a
             resolution for his removal from office is under consideration.
  182.     The Chairman and Deputy Chairman of the Legislative Council.
  183.     Vacation and resignation of, and removal from, the offices of
          Chairman and Deputy Chairman.
  184.     Power of the Deputy Chairman or other person to perform the
            duties of the office of, or to act as, Chairman.
  185.     The Chairman or the Deputy Chairman not to preside while a
             resolution for his removal from office is under consideration.
  186.      Salaries and allowances of the Speaker and Deputy Speaker and
            the Chairman and Deputy Chairman.
  187.      Secretariat of State Legislature.

                        Conduct of Business
  188.     Oath or affirmation by members.
  189.     Voting  in Houses, power of Houses  to  act notwithstanding
            vacancies and quorum.
                        Disqualifications of Members
  190.     Vacation of seats."
constitution_of_india-15-d9fab5b12cf91a7e,constitution_of_india.pdf,15,,CONTENTS_OR_INDEX_TEXT,"(xii)                             Contents

ARTICLES

  191.      Disqualifications for membership.
  192.      Decision on questions as to disqualifications of members.
  193.      Penalty for sitting and voting before making oath or affirmation
           under article 188 or when not qualified or when disqualified.
             Powers, privileges and immunities of State Legislatures and
                                        their Members
  194.     Powers, privileges, etc., of the Houses of Legislatures and of the
          members and committees thereof.
  195.      Salaries and allowances of members.
                            Legislative Procedure
  196.      Provisions as to introduction and passing of Bills.
  197.      Restriction on powers of Legislative Council as to Bills other
           than Money Bills.
  198.      Special procedure in respect of Money Bills.
  199.      Definition of “Money Bills”.
  200.     Assent to Bills.
  201.       Bills reserved for consideration.
                    Procedure in Financial Matters
  202.     Annual financial statement.
  203.      Procedure in Legislature with respect to estimates.
  204.      Appropriation Bills.
  205.      Supplementary, additional or excess grants.
  206.     Votes on account, votes of credit and exceptional grants.
  207.      Special provisions as to financial Bills.
                         Procedure Generally
  208.     Rules of procedure.
  209.      Regulation by law of procedure in the Legislature of the State in
             relation to financial business."
constitution_of_india-16-a1f64c61d58e39c4,constitution_of_india.pdf,16,,CONTENTS_OR_INDEX_TEXT,"(xiii)                            Contents

ARTICLES

  210.     Language to be used in the Legislature.
  211.      Restriction on discussion in the Legislature.
  212.     Courts not to inquire into proceedings of the Legislature.
         CHAPTER IV.  LEGISLATIVE POWER OF THE
                    GOVERNOR
  213.    Power of Governor to promulgate Ordinances during recess of
             Legislature.
          CHAPTER V.  THE HIGH COURTS IN THE
                        STATES
  214.    High Courts for States.
  215.    High Courts to be courts of record.
  216.     Constitution of High Courts.
  217.     Appointment and conditions of the office of a Judge of a High
            Court.
  218.     Application of certain provisions relating to Supreme Court to
          High Courts.
  219.     Oath or affirmation by Judges of High Courts.
  220.      Restriction on practice after being a permanent Judge.
  221.      Salaries, etc., of Judges.
  222.     Transfer of a Judge from one High Court to another.
  223.     Appointment of acting Chief Justice.
  224.     Appointment of additional and acting Judges.
  224A.    Appointment of retired Judges at sittings of High Courts.
  225.      Jurisdiction of existing High Courts.
  226.     Power of High Courts to issue certain writs.
[226A.     Constitutional validity of Central laws not to be considered in
           proceedings under article 226.  Omitted.]
  227.     Power of superintendence over all courts by the High Court.
  228.      Transfer of certain cases to High Court.
[228A.     Special  provisions  as  to  disposal  of  questions  relating  to
             constitutional validity of State laws.  Omitted.]"
constitution_of_india-17-ca9c198efb68933b,constitution_of_india.pdf,17,,CONTENTS_OR_INDEX_TEXT,"(xiv)                            Contents

ARTICLES

  229.      Officers and servants and the expenses of High Courts.
  230.      Extension of jurisdiction of High Courts to Union territories.
  231.      Establishment of a common High Court for two or more States.
  [232.     Articles 230, 231 and 232 substituted by articles 230 and 231].
          CHAPTER VI.  SUBORDINATE COURTS
  233.     Appointment of district judges.
  233A.    Validation of appointments of, and judgments, etc., delivered by,
             certain district judges.
  234.      Recruitment of persons other than district judges to the judicial
             service.
  235.      Control over subordinate courts.
  236.       Interpretation.
  237.      Application of the provisions of this Chapter to certain class or
             classes of magistrates.
                  [PART VII.—Omitted]
        THE STATES IN PART B OF THE FIRST SCHEDULE
 [238.     Omitted.]
                    PART VIII
               THE UNION TERRITORIES
  239.      Administration of Union territories.
  239A.    Creation of local Legislatures or Council of Ministers or both for
             certain Union territories.
  239AA.    Special provisions with respect to Delhi.
  239AB.    Provision in case of failure of constitutional machinery.
  239B.    Power of administrator to promulgate Ordinances during recess
            of Legislature.
  240.     Power  of  President  to make  regulations  for  certain Union
               territories.
  241.     High Courts for Union territories.
  [242.     Coorg.  Omitted.]
                    PART IX
                 THE PANCHAYATS
  243.      Definitions."
constitution_of_india-18-178ad5947e7668ae,constitution_of_india.pdf,18,,CONTENTS_OR_INDEX_TEXT,"(xv)                             Contents

ARTICLES

  243A.   Gram Sabha.
  243B.     Constitution of Panchayats.
  243C.    Composition of Panchayats.
  243D.    Reservation of seats.
  243E.    Duration of Panchayats, etc.
  243F.     Disqualifications for membership.
  243G.    Powers, authority and responsibilities of Panchayats.
  243H.    Powers to impose taxes by, and Funds of, the Panchayats.
  243-I.     Constitution of Finance Commission to review financial
             position.
  243J.     Audit of accounts of Panchayats.
  243K.    Elections to the Panchayats.
  243L.    Application to Union territories.
 243M.    Part not to apply to certain areas.
  243N.    Continuance of existing laws and Panchayats.
  243-O.   Bar to interference by courts in electoral matters.
                    PART IXA
                THE MUNICIPALITIES
  243P.     Definitions.
  243Q.    Constitution of Municipalities.
  243R.    Composition of Municipalities.
  243S.     Constitution and composition of Wards Committees, etc.
  243T.    Reservation of seats.
  243U.    Duration of Municipalities, etc.
  243V.    Disqualifications for membership.
 243W.    Powers, authority and responsibilities of Municipalities, etc.
  243X.   Power to impose taxes by, and Funds of, the Municipalities.
  243Y.    Finance Commission."
constitution_of_india-19-f5ab6d267417355e,constitution_of_india.pdf,19,,CONTENTS_OR_INDEX_TEXT,"(xvi)                            Contents

ARTICLES

  243Z.     Audit of accounts of Municipalities.
 243ZA.    Elections to the Municipalities.
  243ZB.    Application to Union territories.
  243ZC.    Part not to apply to certain areas.
  243ZD.   Committee for district planning.
  243ZE.   Committee for Metropolitan planning.
  243ZF.    Continuance of existing laws and Municipalities.
 243ZG.   Bar to interference by courts in electoral matters.
                 PART IXB
          THE CO-OPERATIVE SOCIETIES
 243ZH.    Definitions.
 243Z-I.   Incorporation of co-operative societies.
 243ZJ.   Number and term of members of board and its office bearers.
 243ZK.   Election of members of board.
 243ZL.   Supersession and suspension of board and interim management.
 243ZM.   Audit of accounts of co-operative societies.
 243ZN.   Convening of general body meetings.
 243Z-O.  Right of a member to get information.
 243ZP.    Returns.
 243ZQ.   Offences and penalties.
 243ZR.   Application to multi-State co-operative societies.
 243ZS.    Application to Union territories.
 243ZT.   Continuance of existing laws.
                     PART X
           THE SCHEDULED AND TRIBAL AREAS
 244.      Administration of Scheduled Areas and Tribal Areas.
 244A.    Formation of an autonomous State comprising certain  tribal
            areas in Assam and creation of local Legislature or Council of
            Ministers or both therefor."
constitution_of_india-21-63f4b0e4e25532fb,constitution_of_india.pdf,21,,CONTENTS_OR_INDEX_TEXT,"(xviii)                           Contents

ARTICLES

  258A.   Power of the States to entrust functions to the Union.
 [259.    Armed Forces in States in Part B of the First Schedule.
            Omitted.]
  260.      Jurisdiction of the Union in relation to territories outside India.
  261.      Public acts, records and judicial proceedings.
                         Disputes relating to Waters
  262.      Adjudication of disputes relating to waters of  inter-State rivers
            or river valleys.
                        Co-ordination between States
  263.      Provisions with respect to an inter-State Council.
                     PART XII
          FINANCE, PROPERTY, CONTRACTS AND SUITS
                  CHAPTER I.  FINANCE
                               General
  264.       Interpretation.
  265.     Taxes not to be imposed save by authority of law.
  266.      Consolidated Funds and public accounts of India and of the
             States.
  267.     Contingency Fund.
               Distribution of Revenues between the Union and the States
  268.      Duties levied by the Union but collected and appropriated by the
             States.
 [268A.    Service tax levied by Union and collected by the Union and the
             States.  Omitted.]
  269.     Taxes levied and collected by the Union but assigned to the
             States.
  269A.   Levy and collection of goods and services tax in course of inter-
            State trade or commerce.
  270.     Taxes levied and distributed between the Union and the States.
  271.      Surcharge on certain duties and taxes for purposes of the Union.
  [272.    Taxes which are levied and collected by the Union and may be
             distributed between the Union and the States.  Omitted.]
  273.      Grants in lieu of export duty on jute and jute products.
  274.      Prior recommendation of President required to Bills affecting
            taxation in which States are interested."
constitution_of_india-22-3d962093d99ebf92,constitution_of_india.pdf,22,,CONTENTS_OR_INDEX_TEXT,"(xix)                            Contents

ARTICLES

  275.      Grants from the Union to certain States.
  276.     Taxes on professions, trades, callings and employments.
  277.      Savings.
  [278.    Agreement with States in Part B of the First Schedule with
            regard to certain financial matters.  Omitted.]
  279.      Calculation of “net proceeds”, etc.
  279A.   Goods and Services Tax Council.
  280.     Finance Commission.
  281.     Recommendations of the Finance Commission.

                      Miscellaneous Financial Provisions
  282.      Expenditure defrayable by the Union or a State out of  its
            revenues.
  283.      Custody, etc., of Consolidated Funds, Contingency Funds and
          moneys credited to the public accounts.
  284.     Custody of suitors’   deposits and other moneys received by
            public servants and courts.
  285.     Exemption of property of the Union from State taxation.
  286.      Restrictions as to imposition of tax on the sale or purchase of
           goods.
  287.     Exemption from taxes on electricity.
  288.     Exemption from  taxation by  States  in  respect of water or
              electricity in certain cases.
  289.     Exemption of property and income of a State from Union
             taxation.
  290.     Adjustment in respect of certain expenses and pensions.
  290A.    Annual payment to certain Devaswom Funds.
  [291.     Privy purse sums of Rulers.  Omitted.]

                   CHAPTER II.  BORROWING

  292.     Borrowing by the Government of India.
  293.     Borrowing by States."
constitution_of_india-23-d7356b6fcad7d1fe,constitution_of_india.pdf,23,,CONTENTS_OR_INDEX_TEXT,"(xx)                             Contents

ARTICLES

        CHAPTER III.   PROPERTY, CONTRACTS, RIGHTS, LIABILITIES,
                           OBLIGATIONS AND SUITS
   294.    Succession to property, assets, rights, liabilities and obligations
             in certain cases.
   295.    Succession to property, assets, rights, liabilities and obligations
             in other cases.
   296.     Property accruing by escheat or lapse or as bona vacantia.
   297.    Things of value within territorial waters or continental shelf and
            resources of the exclusive economic zone to vest in the Union.
   298.    Power to carry on trade, etc.
   299.     Contracts.
   300.     Suits and proceedings.
             CHAPTER IV.   RIGHT TO PROPERTY
  300A.    Persons not to be deprived of property save by authority of law.

                    PART XIII
           TRADE, COMMERCE AND INTERCOURSE
             WITHIN THE TERRITORY OF INDIA
  301.     Freedom of trade, commerce and intercourse.
  302.     Power of Parliament to impose restrictions on trade, commerce
          and intercourse.
  303.      Restrictions on the legislative powers of the Union and of the
            States with regard to trade and commerce.
  304.      Restrictions on trade, commerce and intercourse among States.
  305.     Saving of existing laws and laws providing for State monopolies.
  [306.    Power  of  certain  States  in  Part B of  the  First Schedule to
          impose restrictions on trade and commerce.  Omitted]
  307.     Appointment of  authority  for  carrying  out  the purposes of
              articles 301 to 304.
                    PART XIV
         SERVICES UNDER THE UNION AND THE STATES
                 CHAPTER I.   SERVICES
  308.       Interpretation."
constitution_of_india-24-09599fce0a6842c4,constitution_of_india.pdf,24,,CONTENTS_OR_INDEX_TEXT,"(xxi)                            Contents

ARTICLES

  309.      Recruitment and conditions of service of persons serving the
          Union or a State.
  310.     Tenure of office of persons serving the Union or a State.
  311.      Dismissal, removal or reduction in rank of persons employed in
              civil capacities under the Union or a State.
  312.      All-India services.
  312A.   Power of Parliament to vary or revoke conditions of service of
             officers of certain services.
  313.      Transitional provisions.
  [314.     Provision for protection of existing officers of certain services.
            Omitted.]
             CHAPTER II.—PUBLIC SERVICE COMMISSIONS
  315.     Public Service Commissions for the Union and for the States.
  316.     Appointment and term of office of members.
  317.    Removal and suspension of a member of a Public Service
          Commission.
  318.    Power  to make  regulations  as  to  conditions  of  service  of
          members and staff of the Commission.
  319.     Prohibition  as  to  the  holding  of  offices  by members  of
          Commission on ceasing to be such members.
  320.     Functions of Public Service Commissions.
  321.    Power to extend functions of Public Service Commissions.
  322.     Expenses of Public Service Commissions.

  323.     Reports of Public Service Commissions.

                   PART XIVA
                     TRIBUNALS
  323A.    Administrative tribunals.
  323B.    Tribunals for other matters."
constitution_of_india-25-7927efcee5d20b60,constitution_of_india.pdf,25,,CONTENTS_OR_INDEX_TEXT,"(xxii)                            Contents

ARTICLES

                    PART XV
                      ELECTIONS
  324.     Superintendence, direction and control of elections to be vested
             in an Election Commission.
  325.    No person to be ineligible for inclusion in, or to claim to be
            included in a special, electoral roll on grounds of religion, race,
            caste or sex.
  326.     Elections to the House of the People and to the Legislative
           Assemblies of States to be on the basis of adult suffrage.
  327.    Power of Parliament to make provision with respect to elections
             to Legislatures.
  328.    Power of Legislature of a State to make provision with respect to
             elections to such Legislature.
  329.     Bar to interference by courts in electoral matters.
 [329A.    Special provision as to elections to Parliament in the case of
          Prime Minister and Speaker.  Omitted.]
                    PART XVI
           SPECIAL PROVISIONS RELATING TO CERTAIN
                         CLASSES
  330.     Reservation of seats for Scheduled Castes and Scheduled Tribes
             in the House of the People.
  330A.    Reservation of seats for women in the House of the People.
  331.     Representation of the Anglo-Indian community in the House of
            the People.
  332.     Reservation of seats for Scheduled Castes and Scheduled Tribes
             in the Legislative Assemblies of the States.
  332A.    Reservation of seats for women in the Legislative Assemblies of
            the States.
  333.     Representation  of  the  Anglo-Indian  community   in  the
            Legislative Assemblies of the States.
  334.     Reservation of seats and special representation to cease after
             certain period.
  334A.    Reservation of seats for women take effect.
  335.     Claims of Scheduled Castes and Scheduled Tribes to services
          and posts."
constitution_of_india-26-b4edd776de25de6e,constitution_of_india.pdf,26,,CONTENTS_OR_INDEX_TEXT,"(xxiii)                           Contents

ARTICLES

  336.     Special  provision  for  Anglo-Indian  community  in  certain
             services.
  337.     Special provision with respect to educational grants for the
             benefit of Anglo-Indian Community.
  338.     National Commission for Scheduled Castes.
  338A.    National Commission for Scheduled Tribes.
  338B.    National Commission for Backward Classes.
  339.     Control of the Union over the administration of Scheduled Areas
          and the welfare of Scheduled Tribes.
  340.     Appointment of  a Commission to investigate the conditions of
          backward classes.
  341.     Scheduled Castes.
  342.     Scheduled Tribes.
  342A.     Socially and educationally backward classes.
                    PART XVII
                    OFFICIAL LANGUAGE
            CHAPTER I.—LANGUAGE OF THE UNION
  343.      Official language of the Union.
  344.    Commission and Committee of Parliament on official language.

               CHAPTER II.  REGIONAL LANGUAGES
  345.      Official language or languages of a State.
  346.      Official language for communication between one State and
            another or between a State and the Union.
  347.     Special provision relating to language spoken by a section of the
            population of a State.
           CHAPTER III.  LANGUAGE OF THE SUPREME COURT,
                           HIGH COURTS, ETC.
  348.     Language to be used in the Supreme Court and in the High
           Courts and for Acts, Bills, etc.
  349.     Special procedure  for enactment of  certain laws  relating to
            language."
constitution_of_india-29-aef40683272e4a6e,constitution_of_india.pdf,29,,CONTENTS_OR_INDEX_TEXT,"(xxvi)                           Contents

ARTICLES

  373.     Power of President to make order in respect of persons under
            preventive detention in certain cases.
  374.      Provisions as to Judges of the Federal Court and proceedings
           pending in the Federal Court or before His Majesty in Council.
  375.      Courts, authorities and officers to continue to function subject to
            the provisions of the Constitution.
  376.      Provisions as to Judges of High Courts.
  377.      Provisions as to Comptroller and Auditor-General of India.
  378.      Provisions as to Public Service Commissions.
  378A.    Special provision as to duration of Andhra Pradesh Legislative
           Assembly.
  [379.      Provisions as to provisional Parliament and the Speaker and
          Deputy Speaker thereof.  Omitted.]
  [380.     Provision as to President.   Omitted.]
  [381.     Council of Ministers of the President.  Omitted.]
  [382.      Provisions as to provisional Legislatures for States in Part A of
            the First Schedule.    Omitted.]
  [383.     Provision as to Governors of Provinces.   Omitted.]
  [384.     Council of Ministers of the Governors.  Omitted.]
  [385.     Provision as to provisional Legislatures in States in Part B of the
              First Schedule.  Omitted.]
  [386.     Council of Ministers for States in Part B of the First Schedule.
              Omitted.]
  [387.      Special provision as to determination of population  for the
           purposes of certain elections.  Omitted.]
  [388.      Provisions as to the filling of casual vacancies in the provisional
            Parliament   and       provisional    Legislatures    of    the
             States.    Omitted.]
  [389.     Provision as to Bills pending in the Dominion Legislatures and
             in the Legislatures of Provinces and Indian States.  Omitted.]"
constitution_of_india-30-9331d78b6cd7b2d0,constitution_of_india.pdf,30,,CONTENTS_OR_INDEX_TEXT,"(xxvii)                           Contents

 ARTICLES

   [390.    Money received or raised or expenditure incurred between the
           commencement of the Constitution and the 31st day of March,
            1950.   Omitted.]
   [391.     Power of the President to amend the First and Fourth Schedules
              in certain contingencies.  Omitted.]
   392.     Power of the President to remove difficulties.
                    PART XXII
              SHORT TITLE, COMMENCEMENT,
                  AUTHORITATIVE TEXT
                      IN HINDI AND REPEALS
    393.     Short title.
    394.    Commencement.
   394A.    Authoritative text in the Hindi language.
    395.     Repeals.
                     SCHEDULES
FIRST SCHEDULE
           I. —The States.
           II. —The Union territories.
SECOND SCHEDULE
     PART A—Provisions as to the President and the Governors of States.
     PART B— [Omitted.]
     PART C—Provisions as to the Speaker and the Deputy Speaker of  the
               House of  the  People and the Chairman and the Deputy
                Chairman of the Council  of States and  the Speaker and
                   the Deputy Speaker of  the Legislative Assembly and the
                Chairman and the Deputy Chairman of the Legislative
                  Council of a State.
     PART D— Provisions as to the Judges of the Supreme Court and of the High Courts.
     PART E— Provisions as to the Comptroller and Auditor-General of India.
THIRD SCHEDULE— Forms of Oaths or Affirmations."
constitution_of_india-31-07d88109c680b971,constitution_of_india.pdf,31,,CONTENTS_OR_INDEX_TEXT,"(xxviii)                          Contents

 ARTICLES

FOURTH SCHEDULE—Allocation of seats in the Council of States.
FIFTH SCHEDULE—
       Provisions as to the Administration and Control of Scheduled  Areas
      and Scheduled Tribes
     PART A—General.
     PART B—Administration and Control of Scheduled Areas and
    Scheduled Tribes.
     PART C— Scheduled Areas.
     PART D—Amendment of the Schedule.
SIXTH SCHEDULE—
       Provisions as to the Administration of Tribal Areas in the States of
      Assam, Meghalaya, Tripura and Mizoram.
SEVENTH SCHEDULE—
         List I — Union List.
         List II— State List.
         List III— Concurrent List.
EIGHTH SCHEDULE— Languages.
NINTH SCHEDULE—Validation of certain Acts and Regulations.
TENTH SCHEDULE— Provisions as to disqualification on ground of
defection.
ELEVENTH SCHEDULE—Powers, authority and responsibilities of Panchayats.
TWELFTH SCHEDULE—Powers, authority and responsibilities of
Municipalities, etc.
                 APPENDICES
APPENDIX I.—The Constitution (One Hundredth Amendment) Act, 2015.
APPENDIX  II.—The Constitution (Application to Jammu and Kashmir)
Order, 2019.
APPENDIX III.— Declaration under article 370(3) of the Constitution."
constitution_of_india-32-eaff4175fbf1c910,constitution_of_india.pdf,32,,NO_SUPPORTED_QUESTION_PATTERN,"THE CONSTITUTION OF INDIA


                  PREAMBLE


    WE, THE PEOPLE OF INDIA, having solemnly resolved to constitute
India  into  a 1[SOVEREIGN  SOCIALIST SECULAR DEMOCRATIC
REPUBLIC] and to secure to all its citizens:


      JUSTICE, social, economic and political;


     LIBERTY of thought, expression, belief, faith and worship;


     EQUALITY of status and of opportunity;


and to promote among them all


     FRATERNITY assuring the dignity of the individual and the 2[unity
and integrity of the Nation];


      IN OUR CONSTITUENT ASSEMBLY  this  twenty-sixth day  of
November,  1949,  do HEREBY  ADOPT, ENACT AND  GIVE TO
OURSELVES THIS CONSTITUTION.

______________________________________________
1. Subs. by the Constitution (Forty-second Amendment) Act, 1976, s.2, for ""SOVEREIGN
  DEMOCRATIC REPUBLIC"" (w.e.f. 3-1-1977).
2. Subs. by s. 2, ibid., for ""Unity of the Nation"" (w.e.f. 3-1-1977)."
constitution_of_india-52-6e48613a21f54844,constitution_of_india.pdf,52,Article 36,PROVISION_WITHOUT_SUPPORTED_QUESTION_PATTERN,"36. Definition.—In this Part, unless the context otherwise requires, “the
State” has the same meaning as in Part III."
constitution_of_india-101-ea47dc2d98c083e6,constitution_of_india.pdf,101,Article 152,PROVISION_WITHOUT_SUPPORTED_QUESTION_PATTERN,"152. Definition.—In this Part, unless the context otherwise requires, the
expression “State” 2[does not include the State of Jammu and Kashmir].
                   CHAPTER II.—THE EXECUTIVE
                          The Governor"
constitution_of_india-142-5a16f46f61f08f6f,constitution_of_india.pdf,142,,NO_SUPPORTED_QUESTION_PATTERN,"PART VII

              [The States in Part B of the First Schedule].





______________________________________________
 Omitted by the Constitution (Seventh Amendment) Act, 1956, s. 29 and
  Sch. (w.e.f. 1-11-1956)

                              111"
constitution_of_india-284-e1f4a4625caa504f,constitution_of_india.pdf,284,,NO_SUPPORTED_QUESTION_PATTERN,"1[FIRST SCHEDULE
                               [Articles 1 and 4]
                                          I. THE STATES

 Name                                    Territories

1.  Andhra       2[The territories specified in sub-section (1) of section 3 of
    Pradesh       the Andhra State Act, 1953, sub-section (1) of section 3 of
                    the States Reorganisation Act, 1956, the First Schedule to
                    the Andhra Pradesh and Madras (Alteration of Boundaries)
                   Act, 1959, and the Schedule to the Andhra Pradesh and
                Mysore (Transfer of Territory) Act, 1968, but excluding
                    the  territories specified in the Second Schedule to the
                Andhra Pradesh and Madras (Alteration of Boundaries)
                   Act, 1959] 3[and the territories specified in section 3 of
                   the Andhra Pradesh Reorganisation Act, 2014].
  2. Assam       The    territories   which   immediately   before   the
               commencement of this Constitution were comprised in the
                  Province of Assam, the Khasi States and the Assam Tribal
                   Areas,      but      excluding       the        territories
                    specified    in    the   Schedule    to    the   Assam
                     (Alteration of Boundaries) Act, 1951 4[and the territories
                    specified in sub-section (1) of section 3 of the State of
                 Nagaland Act, 1962] 5[and the  territories specified in
                    sections  5,  6  and  7  of  the  North-Eastern  Areas
                    (Reorganisation) Act, 1971] 6[and the territories referred
                    to in Part I of the Second Schedule to the Constitution
                (One    Hundredth   Amendment)    Act,    2015,
                  notwithstanding          anything          contained
                    in  clause  (a)  of  section  3  of  the  Constitution
                  (Ninth Amendment) Act, 1960, so far as it relates to the
                      territories referred to in Part I of the Second Schedule to
                   the  Constitution (One Hundredth Amendment)  Act,
                  2015.]
______________________________________________
1. Subs. by the Constitution (Seventh Amendment) Act, 1956, s. 2, for the First Sch. (w.e.f. 1-11-1956).
2. Subs. by the Andhra Pradesh and Mysore (Transfer of Territory) Act, 1968 (36 of 1968), s. 4,
   for the former entry (w.e.f. 1-10-1968).
3. Ins. by the Andhra Pradesh Reorganisation Act, 2014 (6 of 2014), s. 10 (w.e.f. 2-6-2014).
4. Added by the State of Nagaland Act, 1962 (27 of 1962), s. 4 (w.e.f. 1-12-1963).
5. Added by the North-Eastern Areas (Reorganisation) Act, 1971 (81 of 1971), s. 9 (w.e.f. 21-1-1972).
6. Added by the Constitution (One Hundredth Amendment) Act, 2015, s. 3 (w.e.f. 31-7-2015). For
   the text of the Act, see Appendix I.
                              253"
constitution_of_india-291-95ae517ba82d9a3b,constitution_of_india.pdf,291,,NO_SUPPORTED_QUESTION_PATTERN,"260         THE CONSTITUTION OF INDIA

                                  (First Schedule)


 Name                                    Territories

  1[2[25.] Chhattisgarh     The  territories specified  in section 3 of the Madhya
                         Pradesh Reorganisation Act, 2000.]
 1[3[26.] 4[Uttarakhand]    The territories specified in section 3 of the Uttar Pradesh
                          Reorganisation Act, 2000.]
  1[5[27.] Jharkhand      The  territories  specified  in  section 3  of  the  Bihar
                          Reorganisation Act, 2000.]
 1[6[28.] Telangana      The  territories  specified  in  section 3 of the Andhra
                         Pradesh Reorganisation Act, 2014.]

                              II. THE UNION TERRITORIES
     Name                               Extent
  1. Delhi         The    territory   which   immediately   before   the
                 commencement of this Constitution was comprised in the
                    Chief Commissioner’s Province of Delhi.
 7[*           *           *           *            *]
  8[2.] The Andaman   The    territory   which   immediately   before   the
      and Nicobar    commencement of  this Constitution was comprised in
        Islands          the  Chief   Commissioner’s  Province    of      the
                 Andaman  and Nicobar Islands.
______________________________________________
1. Entries 16 to 29 renumbered as entries 15 to 28 by the  Jammu and Kashmir
  Reorganisation Act, 2019 (34 of 2019), s. 6 (w.e.f. 31-10-2019).
2. Added  by  the Madhya  Pradesh  Reorganisation  Act, 2000  (28  of  2000),
   s. 5 (w.e.f. 1-11-2000).
3. Ins. by the Uttar Pradesh Reorganisation Act, 2000 (29 of 2000), s. 5 (w.e.f. 9-11-2000).
4. Subs. by the Uttaranchal (Alteration of Name) Act, 2006 (52 of 2006), s. 4, for the
  word ""Uttaranchal"" (w.e.f. 1-1-2007).
5. Added by the Bihar Reorganisation Act, 2000 (30 of 2000), s. 5 (w.e.f. 15-11-
  2000).
6. Ins. by the Andhra Pradesh Reorganisation Act, 2014, s. 10 (w.e.f. 2-6-2014).
7. Entry 2 relating to ""Himachal Pradesh"" omitted and entries 3 to 10 renumbered as
   entries 2 to 9 respectively by the State of Himachal Pradesh Act, 1970 (53 of 1970),
   s. 4 (w.e.f. 25-1-1971) and subsequently entries relating to Manipur and Tripura (i.e.
   entries 2 and 3) omitted by the North-Eastern Areas (Reorganisation) Act, 1971 (81
  of 1971) s. 9 (w.e.f. 21-1-1972).
8.  Entries 4  to 9 renumbered  as  entries 2  to 7 by  the  North-Eastern Areas
  (Reorganisation) Act, 1971 (81 of 1971), s. 9 (w.e.f. 21-1-1972)."
constitution_of_india-292-c47ef2ef3355a388,constitution_of_india.pdf,292,,NO_SUPPORTED_QUESTION_PATTERN,"261         THE CONSTITUTION OF INDIA

                                  (First Schedule)


 Name                                    Territories


  1[3.] 2[Lakshadweep]  The territory specified in section 6 of the States
                      Reorganisation Act, 1956.
  3[1[4.] Dadra and     The territory  which  immediately  before    the
       Nagar Haveli    eleventh day of August, 1961 was comprised in
       and Daman      Free Dadra and   Nagar Haveli and the territories
       and Diu         specified in section 4 of the Goa, Daman and Diu
                      Reorganisation Act, 1987.]
 4[1[*]3[            *            *           *             *]
  5[1[6.] 6[Puducherry]  The  territories  which  immediately  before  the
                       sixteenth day of August, 1962, were comprised in
                       the  French  Establishments  in  India known  as
                      Pondicherry, Karikal, Mahe and Yanam.]
  7[1[7.] Chandigarh   The territories specified in section 4 of the Punjab
                      Reorganisation Act, 1966.]


______________________________________________
1. Entries 4 to 9  renumbered  as entries 2 to 7  (respectively) by the North-Eastern
  Areas (Reorganisation) Act, 1971 (81 of 1971), s. 9 (w.e.f. 21-1-1972).
2. Subs. by the Laccadive, Minicoy and Amindivi Islands (Alteration of Name) Act,
  1973 (34 of 1973),  s. 5, for ""The Laccadive, Minicoy and Amindivi Islands""
   (w.e.f. 1-11-1973).
3. Entry 4 relating to Dadra and Nagar Haveli was ins. by the Constitution (Tenth
  Amendment) Act, 1961, s.2 (w.e.f. 11-8-1961). And subsequently subs. by the
  Dadra and Nagar Haveli Daman and Diu (Merger of Union territories) Act, 2019
  (44 of 2019), s. 5 for entries 4 and 5 (w.e.f. 19-12-2019).
4. Subs. by the Goa, Daman and Diu (Reorganisation) Act, 1987 (18 of 1987), s. 5, for
   entry 5 (w.e.f. 30-5-1987).
5. Ins. by the Constitution (Fourteenth Amendment) Act, 1962, s. 3 (with retrospective
   effect).
6.  Subs. by the Pondicherry (Alteration of Name) Act, 2006 (44 of 2006), s. 5 for
  ""Pondicherry"" (w.e.f. 1-10-2006).
7. Ins. by the Punjab Reorganisation Act, 1966 (31 of 1966), s. 7 (w.e.f. 1-11-1966)."
constitution_of_india-293-2d4da1d2db3425e5,constitution_of_india.pdf,293,,NO_SUPPORTED_QUESTION_PATTERN,"262         THE CONSTITUTION OF INDIA

                                  (First Schedule)


 Name                                    Territories

 1[*           *           *           *            *]
 1[*           *           *           *            *]

  2[8. Jammu and     The territories specified in section 4 of the Jammu
   Kashmir         and Kashmir Reorganisation Act, 2019.
  9. Ladakh         The territories specified in section 3 of the Jammu
                   and Kashmir Reorganisation Act, 2019.]





______________________________________________
1. Entry 8 relating to Mizoram omitted and entry 9 relating to Arunachal Pradesh
  renumbered as entry 8 by the State of Mizoram Act, 1986 (34 of 1986), s. 4
   (w.e.f. 20-2-1987) and entry 8 relating to Arunachal Pradesh omitted by the State of
  Arunachal Pradesh Act, 1986 (69 of 1986) s. 4 (w.e.f. 15-4-1987).
2.Ins. by  the Jammu  and  Kashmir  Reorganisation  Act, 2019  (34  of  2019)
   s. 6 (w.e.f. 31-10-2019)."
constitution_of_india-301-f2a9083a3058b5e4,constitution_of_india.pdf,301,,NO_SUPPORTED_QUESTION_PATTERN,"270          THE CONSTITUTION OF INDIA

                             (Third Schedule)

                “I, A.B., having been nominated as a candidate to  fill a  seat in the
      Council of States (or the House of the People) do swear in the name of God
                                                    solemnly affirm

       that I will bear true  faith and allegiance to the Constitution of India as
     by law established and that I will uphold the sovereignty and integrity of
       India.”

                       B

     Form of oath or affirmation to be made by a member of Parliament:—

                “I,  A.B., having been elected  (or  nominated)  a member of  the
      Council of States (or the House of the People) do swear in the name of God
                                                   solemnly affirm

       that I will bear true faith and allegiance to the Constitution of India as by
     law established, that I will uphold the sovereignty and integrity of India
     and that I will faithfully discharge the duty upon which I am about to
       enter.”]

                             IV

     Form of oath or affirmation to be made by the Judges of the Supreme
Court and the Comptroller and Auditor-General of India:—

               “I, A.B., having been appointed Chief Justice (or a Judge) of  the
     Supreme Court of   India   (or Comptroller and Auditor-General   of
       India) do swear in the name of God  that I will bear true faith and
                      solemnly affirm

       faith and allegiance to the Constitution of India as by law established,
       1[that I will uphold the sovereignty and integrity of India,] that I will
      duly and  faithfully and  to the best of my  ability, knowledge and
      judgment perform the duties of my  office without  fear or favour,
       affection or ill-will and that I will uphold the Constitution and the laws.”
______________________________________________
1. Ins. by the Constitution (Sixteenth Amendment) Act, 1963, s. 5 (w.e.f. 5-10-1963)."
constitution_of_india-303-26194f0d8d52b80d,constitution_of_india.pdf,303,,NO_SUPPORTED_QUESTION_PATTERN,"272          THE CONSTITUTION OF INDIA

                             (Third Schedule)

                       B
     Form of oath or affirmation to be made by a member of the Legislature
of a State:—

            “I, A.B., having been elected (or nominated) a member of the Legislative
    Assembly (or Legislative Council), do swear in the name of God that
                                             solemnly affirm

      I  will  bear true  faith and  allegiance to the Constitution of India as by
    law established, that I will uphold the sovereignty and integrity of India
    and that I will faithfully discharge the duty upon which I am about to
     enter.”]
                                   VIII

     Form of oath or affirmation to be made by the Judges of a High Court:—

              “I, A.B., having been appointed Chief Justice (or a Judge) of the High
     Court at (or of) ……….….. do swear in the name of God that I will bear
                                    solemnly affirm

     true   faith  and   allegiance to the Constitution of India as by law
     established, 1[that I will uphold the sovereignty and integrity of India,] that
      I will duly and faithfully and to the best of my ability, knowledge and
    judgment perform the duties of my office without fear or favour, affection
     or ill-will and that I will uphold the Constitution and the laws.”





______________________________________________
1. Ins. by the Constitution (Sixteenth Amendment) Act, 1963, s. 5 (w.e.f. 5-10-1963)."
constitution_of_india-305-e3ac8c3a761c15f2,constitution_of_india.pdf,305,,NO_SUPPORTED_QUESTION_PATTERN,"274          THE CONSTITUTION OF INDIA

                             (Fourth Schedule)
  1[2[10.]]     Madhya Pradesh ..................................................  3[11]
  4[1[2[11.]      Chhattisgarh ........................................................    5]]
  5[1[2[12.]     Tamil Nadu ......................................................... 6[18]]
  7[1[2[13.]      Maharashtra  ........................................................   19]]
  8[1[2[14.]      Karnataka ............................................................   12]]
  1[2[15.]        9[Odisha] .............................................................   10]
  1[2[16.]       Punjab .................................................................   10[7]
  1[2[17.]       Rajasthan  ............................................................   10]
  1[2[18.]        Uttar Pradesh ....................................................... 11[31]
  12[1[2[19.]     13[Uttarakhand] ....................................................    3]]
  1[2[20.]      West Bengal ........................................................   16]
  14[1[2[**      *    *         *......................................................     *]
  15[16[1[2[21.]    Nagaland .............................................................    1]]
______________________________________________
1. Entries 4 to 29 renumbered as entries 5 to 30 by  the Bihar Reorganisation Act, 2000
  (30 of 2000), s. 7 (w.e.f. 15-11-2000).
2. Entries 2 to 30 renumbered as entries 3 to 31 respectively by the Andhra Pradesh
   Reorganisation Act, 2014, s. 12 (w.e.f. 2-6-2014).
3. Subs. by the Madhya Pradesh Reorganisation Act, 2000 (28 of 2000), s. 7, for ""16""
   (w.e.f. 1-11-2000).
4. Ins. by s. 7, ibid. (w.e.f. 1-11-2000).
5. Subs. by the Madras State (Alteration of Name) Act, 1968 (53 of 1968), s. 5, for ""8.
   Madras"" (renumbered as *11) (w.e.f. 14-1-1969).
6.  Subs. by the Andhra Pradesh and Madras (Alteration of Boundaries) Act, 1959
   (56 of 1959), s. 8, for ""17"" (w.e.f. 1-4-1960).
7. Ins. by the Bombay Reorganisation Act, 1960 (11 of 1960), s. 6 (w.e.f. 1-5-1960).
8. Subs. by the Mysore State (Alteration of Name) Act, 1973 (31 of 1973), s. 5, for ""10.
   Mysore"" (w.e.f. 1-11-1973).
9.  Subs. by the Orissa (Alteration of Name) Act, 2011 (15 of 2011), s. 7 for ""Orissa""
    (w.e.f. 1-11-2011).
10. Subs. by  the Punjab Reorganisation  Act, 1966 (31  of 1966),  s. 9  for ""11""
    (w.e.f. 1-11-1966).
11. Subs. by the Uttar Pradesh Reorganisation Act, 2000 (29 of 2000), s. 7 for ""34""
    (w.e.f. 9-11-2000).
12. Ins. by s. 7, ibid. (w.e.f. 9-11-2000).
13. Subs. by the Uttaranchal (Alteration of Name) Act, 2006 (52 of 2006), s. 5 for
  ""Uttaranchal"" (w.e.f. 1-1-2007).
14. ** Entry 21 relating to Jammu and Kashmir deleted by the Jammu and Kashmir
   Reorganisation Act, 2019 (34 of 2019), s. 8 (w.e.f. 31-10-2019).
15. Entries 22 to 31 re-numbered as entries 21 to 30, respectively by the Jammu and
   Kashmir Reorganisation Act, 2019 (34 of 2019), s. 8 (w.e.f. 31-10-2019).
16. Ins. by the State of Nagaland Act, 1962 (27 of 1962), s. 6 (w.e.f. 1-12-1963)."
constitution_of_india-306-d81c30e2d40542ce,constitution_of_india.pdf,306,,NO_SUPPORTED_QUESTION_PATTERN,"275          THE CONSTITUTION OF INDIA

                             (Fourth Schedule)
  1[2[3[4[22.]    Himachal Pradesh ................................................    3]]]
  3[2[4[23.]     Manipur  ..............................................................     1]
  3[2[4[24.]      Tripura ................................................................    1]]
  3[2[4[25.]     Meghalaya  ..........................................................    1]]
  5[3[2[4[26.]    Sikkim  ................................................................    1]]
  6[3[2[4[27.]    Mizoram  .............................................................    1]]
  7[3[2[4[28.]    Arunachal Pradesh ...............................................    1]]
  3[2[4[29.]      Delhi ...................................................................     3]
  3[2[4[30.]      8[Puducherry] ......................................................    1]]
  9[3[2[4[31.    Jammu and Kashmir.............................................     4]
                                    Total                         10[233]





______________________________________________
1. Ins. by the State of Himachal Pradesh Act, 1970 (53 of 1970), s. 5 (w.e.f. 25-1-1971).
2. Entries 4 to 29 renumbered as entries 5 to 30 by  the Bihar Reorganisation Act, 2000
   (30 of 2000), s. 7 (w.e.f. 15-11-2000).
3. Entries 2 to 30 renumbered as entries 3 to 31 respectively by the Andhra Pradesh
   Reorganisation Act, 2014 (6 of 2014), s. 12 (w.e.f. 2-6-2014).
4. Entries 22 to 31 renumbered as entries 21 to 30 respectively by the Jammu and
  Kashmir Reorganisation Act, 2019 (34 of 2019), s. 8 (w.e.f. 31-10-2019).
5. Ins. by the Constitution (Thirty-sixth Amenement) Act, 1975, s. 4 (w.e.f. 26-4-1975).
6. Ins. by the State of Mizoram Act, 1986 (34 of 1986), s. 5 (w.e.f. 20-2-1987).
7. Ins. by the State of Arunachal Pradesh Act, 1986 (69 of 1986), s. 5 (w.e.f. 20-2-1987).
8. Subs. by the Pondicherry (Alteration of Name) Act, 2006 (44 of 2006) s. 4, for
   ""Pondicherry"" (w.e.f. 1-10-2006).
9. Ins. by the Jammu and Kashmir Reorganisation Act, 2019 (34 of 2019),  s. 8
   (w.e.f. 31-10-2019).
10. Subs. by the Goa, Daman and Diu Reorganisation Act, 1987 (18 of 1987), s. 6, for
   ""232"" (w.e.f. 30-5-1987)."
constitution_of_india-307-f935d6513ed2b58c,constitution_of_india.pdf,307,Article 1,PROVISION_WITHOUT_SUPPORTED_QUESTION_PATTERN,"1. Interpretation.—In  this Schedule,  unless the context  otherwise
requires, the expression “State” 1*** does not include the 2[States of Assam
3[, 4[Meghalaya, Tripura and Mizoram.]]]"
constitution_of_india-341-b921dabe97b9c1c1,constitution_of_india.pdf,341,,NO_SUPPORTED_QUESTION_PATTERN,"SEVENTH SCHEDULE
                                  (Article 246)
                             List I—Union List
     1. Defence of India and every part thereof including preparation for
defence and all such acts as may be conducive in times of war to its prosecution
and after its termination to effective demobilisation.
     2. Naval, military and air forces; any other armed forces of the Union.
     1[2A. Deployment of any armed force of the Union or any other force
subject to the control of the Union or any contingent or unit thereof in any State
in aid of the civil power; powers, jurisdiction, privileges and liabilities of the
members of such forces while on such deployment.]
     3. Delimitation of cantonment areas, local self-government in such areas,
the constitution and powers within such areas of cantonment authorities and the
regulation of house accommodation (including the control of rents) in such
areas.
     4. Naval, military and air force works.
     5. Arms, firearms, ammunition and explosives.
     6. Atomic energy and mineral resources necessary for its production.
     7. Industries declared by Parliament by law to be necessary for the
purpose of defence or for the prosecution of war.
     8. Central Bureau of Intelligence and Investigation.
     9. Preventive detention for reasons connected with Defence, Foreign
Affairs, or the security of India; persons subjected to such detention.
     10. Foreign affairs; all matters which bring the Union into relation with
any foreign country.
     11. Diplomatic, consular and trade representation.
     12. United Nations Organisation.
     13.  Participation  in  international conferences,  associations and  other
bodies and implementing of decisions made thereat.
     14. Entering into treaties and agreements with foreign countries and
implementing of treaties, agreements and conventions with foreign countries.

______________________________________________
1. Ins. by the Constitution (Forty-second Amendment) Act, 1976, s. 57 (w.e.f. 3-1-1977).
                              310"
constitution_of_india-342-37e0c514a825d7f3,constitution_of_india.pdf,342,,NO_SUPPORTED_QUESTION_PATTERN,"311          THE CONSTITUTION OF INDIA

                           (Seventh Schedule)

     15. War and peace.
     16. Foreign jurisdiction.
     17. Citizenship, naturalisation and aliens.
     18. Extradition.
     19. Admission into, and emigration and expulsion from, India; passports
and visas.
     20. Pilgrimages to places outside India.
     21. Piracies and crimes committed on the high seas or in the air; offences
against the law of nations committed on land or the high seas or in the air.
     22. Railways.
     23. Highways declared by or under law made by Parliament to be national
highways.
     24. Shipping and navigation on inland waterways, declared by Parliament
by law to be national waterways, as regards mechanically propelled vessels; the
rule of the road on such waterways.
     25. Maritime shipping and navigation, including shipping and navigation
on tidal waters; provision of education and training for the mercantile marine
and regulation of such education and training provided by States and other
agencies.
     26. Lighthouses, including lightships, beacons and other provision for the
safety of shipping and aircraft.
     27. Ports declared by or under law made by Parliament or existing law to
be major ports, including their delimitation, and the constitution and powers of
port authorities therein.
     28. Port quarantine, including hospitals connected therewith; seamen's and
marine hospitals.
     29.  Airways;  aircraft  and  air  navigation;  provision  of  aerodromes;
regulation and organisation of air traffic and of aerodromes; provision for
aeronautical education and training and regulation of such education and
training provided by States and other agencies.
     30. Carriage of passengers and goods by railway, sea or air, or by national
waterways in mechanically propelled vessels."
constitution_of_india-343-ffd318c55d0c313c,constitution_of_india.pdf,343,,NO_SUPPORTED_QUESTION_PATTERN,"312          THE CONSTITUTION OF INDIA

                           (Seventh Schedule)

     31. Posts and telegraphs; telephones, wireless, broadcasting and other like
forms of communication.
     32. Property of the Union and the revenue therefrom, but as regards
property situated in a State 1*** subject to legislation by the State, save in so
far as Parliament by law otherwise provides.
     2[33*            *           *             *              *]
     34. Courts of wards for the estates of Rulers of Indian States.
     35. Public debt of the Union.
     36. Currency, coinage and legal tender; foreign exchange.
     37. Foreign loans.
     38. Reserve Bank of India.
     39. Post Office Savings Bank.
     40. Lotteries organised by the Government of India or the Government of
a State.
     41. Trade and commerce with foreign countries; import and export across
customs frontiers; definition of customs frontiers.
     42. Inter-State trade and commerce.
     43. Incorporation, regulation and winding up of trading corporations,
including banking, insurance and financial corporations, but not including
co-operative societies.
     44. Incorporation, regulation and winding up of corporations, whether
trading or  not, with objects not confined to one  State, but not including
universities.
     45. Banking.
     46.  Bills  of  exchange,  cheques,  promissory  notes  and  other  like
instruments.
     47. Insurance.
     48. Stock exchanges and futures markets.
     49. Patents, inventions and designs; copyright; trade-marks and merchandise
marks.
______________________________________________
1. The words and letters ""specified in Part A or Part B of the First Schedule"" omitted by
   the Constitution (Seventh Amendment) Act, 1956, s. 29 and Sch. (w.e.f. 1-11-1956).
2. Entry 33 omitted by s. 26, ibid. (w.e.f. 1-11-1956)."
constitution_of_india-344-b38a2f8e9cb9efa0,constitution_of_india.pdf,344,,NO_SUPPORTED_QUESTION_PATTERN,"313          THE CONSTITUTION OF INDIA

                           (Seventh Schedule)

     50. Establishment of standards of weight and measure.
     51. Establishment of standards of quality for goods to be exported out of
India or transported from one State to another.
     52. Industries, the control of which by the Union is declared by Parliament
by law to be expedient in the public interest.
     53. Regulation and development of oilfields and mineral oil resources;
petroleum and petroleum products; other liquids and substances declared by
Parliament by law to be dangerously inflammable.
     54. Regulation of mines and mineral development to the extent to which
such regulation and development under the control of the Union is declared by
Parliament by law to be expedient in the public interest.
     55. Regulation of labour and safety in mines and oilfields.
     56. Regulation and development of inter-State rivers and river valleys to
the extent to which such regulation and development under the control of the
Union is declared by Parliament by law to be expedient in the public interest.
     57. Fishing and fisheries beyond territorial waters.
     58. Manufacture, supply and distribution of  salt by Union agencies;
regulation and control of manufacture, supply and distribution of salt by other
agencies.
     59. Cultivation, manufacture, and sale for export, of opium.
     60. Sanctioning of cinematograph films for exhibition.
     61. Industrial disputes concerning Union employees.
     62. The institutions known at the commencement of this Constitution as
the National Library, the Indian Museum, the Imperial War Museum, the
Victoria Memorial and the Indian War Memorial, and any other like institution
financed by the Government of India wholly or in   part and declared by
Parliament by law to be an institution of national importance.
     63. The institutions known at the commencement of this Constitution as the
Benares Hindu  University,  the  Aligarh Muslim  University and  the 1[Delhi
University; the University established in pursuance of article 371E;] any other
institution declared by Parliament by law to be an institution of national importance.

______________________________________________
1. Subs. by the Constitution (Thirty-second Amendment) Act, 1973, s. 4, for ""Delhi
   University and"" (w.e.f. 1-7-1974)."
constitution_of_india-345-31db430bc479336e,constitution_of_india.pdf,345,,NO_SUPPORTED_QUESTION_PATTERN,"314          THE CONSTITUTION OF INDIA

                           (Seventh Schedule)

     64.  Institutions  for  scientific or technical education financed by the
Government of India wholly or in part and declared by Parliament by law to be
institutions of national importance.
     65. Union agencies and institutions for—
            (a) professional, vocational or technical  training, including the
       training of police officers; or
            (b) the promotion of special studies or research; or
            (c) scientific or technical assistance in the investigation or detection
      of crime.
     66. Co-ordination and determination of standards in institutions for higher
education or research and scientific and technical institutions.
     67. Ancient and historical monuments and records, and archaeological
sites and remains, 1[declared by or under law made by Parliament] to be of
national importance.
     68. The Survey of  India, the Geological,  Botanical, Zoological and
Anthropological Surveys of India; Meteorological organisations.
     69. Census.
     70. Union Public  Service;  All-India  Services; Union  Public Service
Commission.
     71. Union pensions, that is to say, pensions payable by the Government of
India or out of the Consolidated Fund of India.
     72. Elections to Parliament, to the Legislatures of States and to the offices
of President and Vice-President; the Election Commission.
     73. Salaries and allowances of members of Parliament, the Chairman and
Deputy Chairman of the Council of States and the Speaker and Deputy Speaker
of the House of the People.
     74. Powers, privileges and immunities of each House of Parliament and of
the members and the Committees of each House; enforcement of attendance of
persons for giving evidence or producing documents before committees of
Parliament or commissions appointed by Parliament.
     75. Emoluments, allowances, privileges, and rights in respect of leave
of  absence, of  the  President and Governors;  salaries and allowances  of
the Ministers for the Union; the salaries, allowances, and rights in respect of
leave of absence and other conditions of service of the Comptroller and
Auditor-General of India.
______________________________________________
1. Subs. by the Constitution (Seventh Amendment) Act, 1956, s. 27, for ""declared by
   Parliament by law"" (w.e.f. 1-11-1956)."
constitution_of_india-346-f64b1b2241613764,constitution_of_india.pdf,346,,NO_SUPPORTED_QUESTION_PATTERN,"315          THE CONSTITUTION OF INDIA

                           (Seventh Schedule)

     76. Audit of the accounts of the Union and of the States.
     77. Constitution, organisation, jurisdiction and powers of the Supreme
Court (including contempt of such Court), and the fees taken therein; persons
entitled to practise before the Supreme Court.
     78. Constitution and organisation 1[(including vacations)] of the High
Courts except provisions as to officers and servants of High Courts; persons
entitled to practise before the High Courts.
     2[79. Extension of the jurisdiction of a High Court to, and exclusion of the
jurisdiction of a High Court from, any Union territory.]
     80. Extension of the powers and jurisdiction of members of a police force
belonging to any State to any area outside that State, but not so as to enable the
police of one State to exercise powers and jurisdiction in any area outside that
State without the consent of the Government of the State in which such area is
situated; extension of the powers and jurisdiction of members of a police force
belonging to any State to railway areas outside that State.
     81. Inter-State migration; inter-State quarantine.
     82. Taxes on income other than agricultural income.
     83. Duties of customs including export duties.
     3[84. Duties of excise on the following goods manufactured or produced in
India, namely:—
          (a) petroleum crude;
          (b) high speed diesel;
           (c) motor spirit (commonly known as petrol);
          (d) natural gas;
           (e) aviation turbine fuel; and
            (f) tobacco and tobacco products.]
     85. Corporation tax.

______________________________________________
1. Ins. by the Constitution (Fifteenth Amendment) Act, 1963, s. 12 (with retrospective
   effect).
2. Subs. by the Constitution (Seventh Amendment) Act, 1956, s. 29 and Sch. for entry 79
   (w.e.f. 1-11-1956).
3. Subs. by the Constitution (One Hundred and First Amendment) Act, 2016, s. 17(a)(i)
   for entry 84 (w.e.f. 16-9-2016)."
constitution_of_india-347-87eafa9b4aa4ce28,constitution_of_india.pdf,347,,NO_SUPPORTED_QUESTION_PATTERN,"316          THE CONSTITUTION OF INDIA

                           (Seventh Schedule)

     86. Taxes on the capital value of the assets, exclusive of agricultural land,
of individuals and companies; taxes on the capital of companies.
     87. Estate duty in respect of property other than agricultural land.
     88. Duties in respect of succession to property other than agricultural land.
     89. Terminal taxes on goods or passengers, carried by railway, sea or air;
taxes on railway fares and freights.
     90. Taxes other than stamp duties on transactions in stock exchanges and
futures markets.
     91. Rates  of stamp duty  in respect  of  bills of exchange, cheques,
promissory notes, bills of lading, letters of credit, policies of insurance, transfer
of shares, debentures, proxies and receipts.
     1[92. *         *         *         *         *           *]
     2[92A. Taxes on the sale or purchase of goods other than newspapers,
where such sale or purchase takes place in the course of inter-State trade or
commerce.]
     3[92B. Taxes on the consignments of goods (whether the consignment is to
the person making it or to any other person), where such consignment takes
place in the course of inter-State trade or commerce.]
     4[92C. *         *         *         *         *           *]
     93. Offences against laws with respect to any of the matters in this List.
     94. Inquires, surveys and statistics for the purpose of any of the matters in
this List.
     95. Jurisdiction and powers of all courts, except the Supreme Court, with
respect to any of the matters in this List; admiralty jurisdiction.
     96. Fees in respect of any of the matters in this List, but not including fees
taken in any court.
     97. Any other matter not enumerated in List II or List III including any tax
not mentioned in either of those Lists.
______________________________________________
1. Entry 92 omitted by the Constitution (One Hundred and First Amendment) Act, 2016,
   s. 17(a)(ii) (w.e.f. 16-9-2016).
2. Ins. by the Constitution (Sixth Amendment) Act, 1956, s. 2 (w.e.f. 11-9-1956).
3. Ins.by the Constitution (Forty-sixth Amendment) Act, 1982, s. 5 (w.e.f. 2-2-1983).
4. Entry 92C was ins. by the Constitution (Eighty-eighth Amendment) Act, 2003, s. 4
  (which was not enforced) and omitted by the Constitution (One Hundred and First
  Amendment) Act, 2016, s. 17(a)(ii) (w.e.f. 16-9-2016)."
constitution_of_india-348-53fa301a30c0d458,constitution_of_india.pdf,348,,NO_SUPPORTED_QUESTION_PATTERN,"317          THE CONSTITUTION OF INDIA

                           (Seventh Schedule)

                             List II—State List
     1. Public order (but not including 1[the use of any naval, military or air
force or any other armed force of the Union or of any other force subject to the
control of the Union or of any contingent or unit thereof] in aid of the civil
power).
      2[2. Police (including railway and village police) subject to the provisions
of entry 2A of List I.]
     3. 3*** Officers and servants of the High Court; procedure in rent and
revenue courts; fees taken in all courts except the Supreme Court.
     4. Prisons, reformatories, Borstal institutions and other institutions of a
like nature, and persons detained therein; arrangements with other States for the
use of prisons and other institutions.
     5. Local government,  that  is to say, the constitution and powers of
municipal corporations, improvement trusts, districts boards, mining settlement
authorities and other local authorities for the purpose of local self-government
or village administration.
     6. Public health and sanitation; hospitals and dispensaries.
     7. Pilgrimages, other than pilgrimages to places outside India.
     8.  Intoxicating  liquors,  that  is  to  say,  the  production, manufacture,
possession, transport, purchase and sale of intoxicating liquors.
     9. Relief of the disabled and unemployable.
     10. Burials and burial grounds; cremations and cremation grounds.
     4[11*        *            *            *               *]
     12.  Libraries, museums and  other  similar  institutions  controlled  or
financed by the State; ancient and historical monuments and records other than
those 5[declared by or under law made by Parliament] to be of national
importance.

______________________________________________
1. Subs. by the Constitution (Forty-second Amendment) Act, 1976, s. 57, for certain
  words (w.e.f. 3-1-1977).
2. Subs. by s. 57, for entry 2, ibid. (w.e.f. 3-1-1977).
3. Certain words omitted by s. 57, ibid. (w.e.f. 3-1-1977).
4. Entry 11 omitted by s. 57, ibid. (w.e.f. 3-1-1977).
5. Subs. by the Constitution (Seventh Amendment) Act, 1956, s. 27, for ""declared by
   Parliament by law"" (w.e.f. 1-11-1956)."
constitution_of_india-349-8cc8df5fb31ebf7b,constitution_of_india.pdf,349,,NO_SUPPORTED_QUESTION_PATTERN,"318          THE CONSTITUTION OF INDIA

                           (Seventh Schedule)

     13. Communications, that  is to say, roads, bridges, ferries, and other
means  of communication  not  specified  in  List  I;  municipal  tramways;
ropeways; inland waterways and traffic thereon subject to the provisions of List
I and List III with regard to such waterways; vehicles other than mechanically
propelled vehicles.
     14. Agriculture, including agricultural education and research, protection
against pests and prevention of plant diseases.
     15. Preservation, protection and improvement of stock and prevention of
animal diseases; veterinary training and practice.
     16. Pounds and the prevention of cattle trespass.
     17. Water, that is to say, water supplies, irrigation and canals, drainage
and embankments, water storage and water power subject to the provisions of
entry 56 of List I.
     18. Land, that is to say, rights in or over land, land tenures including the
relation of landlord and  tenant, and the  collection of  rents;  transfer and
alienation  of  agricultural  land; land improvement and  agricultural  loans;
colonization.
     1[19*       *           *             *            *
    20*         *           *             *              *]
     21. Fisheries.
     22. Courts of wards subject to the provisions of entry 34 of List  I;
encumbered and attached estates.
     23.  Regulation  of  mines  and  mineral  development  subject  to  the
provisions of List  I with respect to regulation and development under the
control of the Union.
     24. Industries subject to the provisions of 2[entries 7 and 52] of List I.
     25. Gas and gas-works.
     26. Trade and commerce within the State subject to the provisions of entry
33 of List III.

______________________________________________
1. Entries 19 and 20 omitted by the Constitution (Forty-second Amendment) Act, 1976,
    s. 57 (w.e.f. 3-1-1977).
2. Subs. by the Constitution (Seventh Amendment) Act, 1956,  s. 28 for entry 52
   (w.e.f. 1-11-1956)."
constitution_of_india-351-9404432cb4d057ec,constitution_of_india.pdf,351,,NO_SUPPORTED_QUESTION_PATTERN,"320          THE CONSTITUTION OF INDIA

                           (Seventh Schedule)

     45. Land revenue, including the assessment and collection of revenue, the
maintenance of land records, survey for revenue purposes and records of rights,
and alienation of revenues.
     46. Taxes on agricultural income.
     47. Duties in respect of succession to agricultural land.
     48. Estate duty in respect of agricultural land.
     49. Taxes on lands and buildings.
     50. Taxes on mineral  rights  subject  to any  limitations imposed by
Parliament by law relating to mineral development.
     51. Duties of excise on the following goods manufactured or produced in
the State and countervailing duties at the same or lower rates on similar goods
manufactured or produced elsewhere in India:—
          (a) alcoholic liquors for human consumption;
          (b) opium, Indian hemp and other narcotic drugs and narcotics,
but not including medicinal and toilet preparations containing alcohol or any
substance included in sub-paragraph (b) of this entry.
     1[52. *         *         *         *         *           *]
     53. Taxes on the consumption or sale of electricity.
     2[54. Taxes on the sale of petroleum crude, high speed diesel, motor spirit
(commonly known as petrol), natural gas, aviation turbine fuel and alcoholic
liquor  for human consumption, but  not including  sale  in  the course of
inter-State trade or commerce or sale in the course of international trade or
commerce of such goods.]
     3[55. *         *         *         *         *           *]
     56. Taxes on goods and  passengers  carried by road  or on  inland
waterways.


______________________________________________
1. Entry 52 omitted by the Constitution (One Hundred and First Amendment) Act, 2016,
   s. 17(b)(i) (w.e.f. 16-9-2016).
2. Subs. by the Constitution (Sixth Amendment) Act, 1956, s. 2 (w.e.f. 11-9-1956) and
   further subs. by the Constitution (One Hundred and First Amendment) Act, 2016,
   s. 17(b)(ii) (w.e.f. 16-9-2016).
3. Entry 55 omitted by the Constitution (One Hundred and First Amendment) Act, 2016,
   s. 17(b)(iii) (w.e.f. 16-9-2016)."
constitution_of_india-352-d7f9d1c4e9d32294,constitution_of_india.pdf,352,,NO_SUPPORTED_QUESTION_PATTERN,"321          THE CONSTITUTION OF INDIA

                           (Seventh Schedule)

     57. Taxes on vehicles, whether mechanically propelled or not, suitable for
use on roads, including tramcars subject to the provisions of entry 35 of List III.
     58. Taxes on animals and boats.
     59. Tolls.
     60. Taxes on professions, trades, callings and employments.
     61. Capitation taxes.
     1[62. Taxes on entertainments and amusements to the extent levied and
collected by a Panchayat or a Municipality or a Regional Council or a District
Council.]
     63. Rates of stamp duty in respect of documents other than those specified
in the provisions of List I with regard to rates of stamp duty.
     64. Offences against laws with respect to any of the matters in this List.
     65. Jurisdiction and powers of all courts, except the Supreme Court, with
respect to any of the matters in this List.
     66. Fees in respect of any of the matters in this List, but not including fees
taken in any court.
                         List III—Concurrent List
      1. Criminal law, including all matters included in the Indian Penal Code
at the commencement of this Constitution but excluding offences against laws
with respect to any of the matters specified in List I or List II and excluding the
use of naval, military or air forces or any other armed forces of the Union in aid
of the civil power.
      2. Criminal procedure, including  all matters included in the Code of
Criminal Procedure at the commencement of this Constitution.
      3. Preventive detention for reasons connected with the security of a State,
the maintenance of public order, or the maintenance of supplies and services
essential to the community; persons subjected to such detention.
      4. Removal from one State to another State of prisoners, accused persons
and persons subjected to preventive detention for reasons specified in entry 3 of
this List.

______________________________________________
1. Subs. by the Constitution (One Hundred and First Amendment) Act, 2016, s. 17(b)(iv),
   for entry 62 (w.e.f. 16-9-2016)."
constitution_of_india-353-2d63a627012dbd33,constitution_of_india.pdf,353,,NO_SUPPORTED_QUESTION_PATTERN,"322          THE CONSTITUTION OF INDIA

                           (Seventh Schedule)

      5. Marriage and divorce; infants and minors; adoption; wills, intestacy
and succession; joint family and partition;  all matters in respect of which
parties in judicial proceedings were immediately before the commencement of
this Constitution subject to their personal law.
      6. Transfer of property other than agricultural land; registration of deeds
and documents.
      7.  Contracts, including partnership, agency, contracts of carriage, and
other  special forms  of  contracts,  but not including  contracts  relating  to
agricultural land.
      8. Actionable wrongs.
      9. Bankruptcy and insolvency.
     10. Trust and Trustees.
     11. Administrators-general and official trustees.
     1[11A. Administration of  Justice; constitution and organisation of  all
courts, except the Supreme Court and the High Courts.]
     12. Evidence and oaths; recognition of laws, public acts and records, and
judicial proceedings.
     13. Civil procedure, including all matters included in the Code of Civil
Procedure at the commencement of this Constitution, limitation and arbitration.
     14. Contempt of court, but not including contempt of the Supreme Court.
     15. Vagrancy; nomadic and migratory tribes.
     16. Lunacy and mental deficiency, including places for the reception or
treatment of lunatics and mental deficients.
     17. Prevention of cruelty to animals.
     1[17A. Forests.
    17B. Protection of wild animals and birds.]
     18. Adulteration of foodstuffs and other goods.
     19. Drugs and poisons, subject to the provisions of entry 59 of List I with
respect to opium.
     20. Economic and social planning.
     1[20A. Population control and family planning.]
______________________________________________
1. Entries 11A, 17A, 17B and 20A ins. by the Constitution (Forty-second Amendment)
  Act, 1976, s. 57 (w.e.f. 3-1-1977)."
constitution_of_india-354-69645bfcbe8f0e34,constitution_of_india.pdf,354,,NO_SUPPORTED_QUESTION_PATTERN,"323          THE CONSTITUTION OF INDIA

                           (Seventh Schedule)

     21. Commercial and industrial monopolies, combines and trusts.
     22. Trade unions; industrial and labour disputes.
     23. Social security and social insurance; employment and unemployment.
     24. Welfare of labour including conditions of work, provident funds,
employers' liability, workmen's compensation, invalidity and old age pensions
and maternity benefits.
     1[25. Education, including technical education, medical education and
universities, subject to the provisions of entries 63, 64, 65 and 66 of List I;
vocational and technical training of labour.]
     26. Legal, medical and other professions.
     27. Relief and rehabilitation of persons displaced from their original place
of residence by reason of the setting up of the Dominions of India and Pakistan.
     28. Charities  and   charitable  institutions,  charitable  and   religious
endowments and religious institutions.
     29. Prevention of the extension from one State to another of infectious or
contagious diseases or pests affecting men, animals or plants.
     30. Vital statistics including registration of births and deaths.
     31. Ports other than those declared by or under law made by Parliament or
existing law to be major ports.
     32. Shipping and navigation on inland waterways as regards mechanically
propelled vessels, and the rule of the road on such waterways, and the carriage
of passengers and goods on inland waterways subject to the provisions of List I
with respect to national waterways.
     2[33. Trade and commerce in, and the production, supply and distribution
of,—
             (a) the products of any industry where the control of such industry
      by the Union is declared by Parliament by law to be expedient in the
       public interest, and imported goods of the same kind as such products;
             (b) foodstuffs, including edible oilseeds and oils;
             (c) cattle fodder, including oilcakes and other concentrates;
             (d) raw cotton, whether ginned or unginned, and cotton seed; and
             (e) raw jute.]

______________________________________________
1. Subs. by the Constitution (Forty-second Amendment) Act, 1976, s. 57 (w.e.f. 3-1-1977).
2. Subs. by  the  Constitution  (Third Amendment)  Act, 1954,  s. 2  for  entry 33
   (w.e.f. 22-2-1955)."
constitution_of_india-355-0f70b43033ce5711,constitution_of_india.pdf,355,,NO_SUPPORTED_QUESTION_PATTERN,"324          THE CONSTITUTION OF INDIA

                           (Seventh Schedule)

    1[33A. Weights and measures except establishment of standards.]
     34. Price control.
     35. Mechanically propelled vehicles including the principles on which
taxes on such vehicles are to be levied.
     36. Factories
     37. Boilers.
     38. Electricity.
     39. Newspapers, books and printing presses.
     40. Archaeological sites and remains other than those 2[declared by or
under law made by Parliament] to be of national importance.
     41. Custody, management and disposal of property (including agricultural
land) declared by law to be evacuee property.
     3[42. Acquisition and requisitioning of property.]
     43. Recovery in a State of claims in respect of taxes and other public
demands, including arrears of land-revenue and sums recoverable as such
arrears, arising outside that State.
     44. Stamp duties other than duties or fees collected by means of judicial
stamps, but not including rates of stamp duty.
     45. Inquiries and statistics for the purposes of any of the matters specified
in List II or List III.
     46. Jurisdiction and powers of all courts, except the Supreme Court, with
respect to any of the matters in this List.
     47. Fees in respect of any of the matters in this List, but not including fees
taken in any court.




______________________________________________
1. Ins. by the Constitution (Forty-second Amendment) Act, 1976, s. 57 (w.e.f. 3-1-1977).
2. Subs. by the Constitution (Seventh Amendment) Act, 1956, s. 27, for ""declared by
   Parliament by law"" (w.e.f. 1-11-1956).
3. Subs. by s. 26, ibid. for entry 42 (w.e.f. 1-11-1956)."
constitution_of_india-356-6cf9a2d3f5c60faf,constitution_of_india.pdf,356,,NO_SUPPORTED_QUESTION_PATTERN,"EIGHTH SCHEDULE
                            [Articles 344(1) and 351]
                           Languages

       1.  Assamese.
       2.  Bengali.
       1[3.  Bodo.
       4. Dogri.]
       2[5.]  Gujarati.
       3[6.]  Hindi.
       3[7.]  Kannada.
       3[8.] Kashmiri.
       4[3[9.]  Konkani.]
       1[10. Maithili.]
       5[11.] Malayalam.
       4[6[12.] Manipuri.]
       6[13.] Marathi.
       4[6[14.] Nepali.]
       6[15.] 7[Odia].
       6[16.] Punjabi.
       6[17.] Sanskrit.

______________________________________________
1. Ins. by the Constitution (Ninety-second Amendment) Act, 2003, s. 2 (w.e.f. 7-1-2004).
2. Entry 3 renumbered as entry 5 by s. 2, ibid. (w.e.f. 7-1-2004).
3. Entries 4 to 7 renumbered as entries 6 to 9 by s. 2, ibid. (w.e.f. 7-1-2004).
4. Ins. by the Constitution (Seventy-first Amendment) Act, 1992, s. 2 (w.e.f. 31-8-1992).
5. Entry 8 renumbered as entry 11 by the Constitution (Ninety-second Amendment) Act,
  2003, s. 2 (w.e.f. 7-1-2004).
6. Entries 9 to 14 renumbered as entries 12 to 17 by s. 2, ibid. (w.e.f. 7-1-2004).
7. Subs. by the Constitution (Ninety-sixth Amendment) Act, 2011, s. 2, for ""Oriya""
   (w.e.f. 23-9-2011).


                              325"
constitution_of_india-357-3335673ec4ed645c,constitution_of_india.pdf,357,,NO_SUPPORTED_QUESTION_PATTERN,"326          THE CONSTITUTION OF INDIA
                             (Eighth Schedule)

       1[18. Santhali.]
       2[3[19.] Sindhi.]
       4[20.] Tamil.
       4[21.] Telugu.
       4[22.] Urdu.





______________________________________________
1. Ins. by the Constitution (Ninety-second Amendment) Act, 2003, s. 2 (w.e.f. 7-1-2004).
2. Added by the Constitution (Twenty-first Amendment) Act, 1967, s. 2 (w.e.f. 10-4-1967).
3. Entry 15 renumbered as entry 19 by the Constitution (Ninety-second Amendment)
  Act, 2003, s. 2 (w.e.f. 7-1-2004).
4. Entries 16 to 18 renumbered as entries 20 to 22 by s. 2, ibid. (w.e.f. 7-1-2004)."
constitution_of_india-358-0de429725d9b02f5,constitution_of_india.pdf,358,,NO_SUPPORTED_QUESTION_PATTERN,"1[NINTH SCHEDULE
                                  (Article 31B)
    1. The Bihar Land Reforms Act, 1950 (Bihar Act XXX of 1950).
    2. The Bombay Tenancy and Agricultural Lands Act, 1948. (Bombay Act
LXVII of 1948).
    3. The Bombay Maleki Tenure Abolition Act, 1949 (Bombay Act LXI of 1949).
    4. The Bombay Taluqdari Tenure Abolition Act, 1949. (Bombay Act LXII
of 1949).
    5. The Panch Mahals Mehwassi Tenure Abolition Act, 1949. (Bombay Act
LXIII of 1949).
    6. The Bombay Khoti Abolition Act, 1950 (Bombay Act VI of 1950).
    7. The Bombay Paragana and Kulkarni Watan Abolition Act, 1950.
(Bombay Act LX of 1950).
    8. The Madhya Pradesh Abolition of Proprietary Rights (Estates, Mahals,
Alienated Lands) Act, 1950 (Madhya Pradesh Act I of 1951).
    9. The Madras Estates (Abolition and Conversion into Ryotwari) Act, 1948
(Madras Act XXVI of 1948).
    10. The Madras  Estates  (Abolition  and  Conversion  into  Ryotwari)
Amendment Act, 1950 (Madras Act I of 1950).
    11. The Uttar Pradesh Zamindari Abolition and Land Reforms Act, 1950
(Uttar Pradesh Act I of 1951).
    12. The Hyderabad (Abolition of Jagirs) Regulation, 1358F (No. LXIX of
1358, Fasli).
    13. The Hyderabad Jagirs (Commutation) Regulation, 1359F (No. XXV of
1359, Fasli).]
    2[14. The Bihar Displaced Persons Rehabilitation (Acquisition of Land)
Act, 1950 (Bihar Act XXXVIII of 1950).
    15. The United Provinces Land Acquisition (Rehabilitation of Refugees)
Act, 1948 (U.P. Act XXVI of 1948).
    16. The Resettlement of Displaced Persons (Land Acquisition) Act, 1948
(Act LX of 1948).
    17. Sections 52A to 52G of the Insurance Act, 1938 (Act IV of 1938), as inserted
by section 42 of the Insurance (Amendment) Act, 1950 (Act XLVII of 1950).
    18. The Railway Companies (Emergency Provisions) Act, 1951 (Act LI of 1951).

______________________________________________
1. Ninth Schedule (entries 1 to 13) added by the Constitution (First Amendment)
   Act, 1951, s. 14 (w.e.f. 18-6-1951).
2. Ninth Schedule (entries 14 to 20) added by the Constitution (Fourth Amendment)
   Act, 1955, s. 5 (w.e.f. 27-4-1955).

                              327"
constitution_of_india-359-51c3678acdfa5f4c,constitution_of_india.pdf,359,,NO_SUPPORTED_QUESTION_PATTERN,"328          THE CONSTITUTION OF INDIA

                                  (Ninth Schedule)

    19.  Chapter  III-A  of  the  Industries  (Development  and  Regulation)
Act, 1951 (Act LXV of 1951), as inserted by section 13 of the Industries
(Development and Regulation) Amendment Act, 1953 (Act XXVI of 1953).
    20. The West  Bengal Land Development and  Planning  Act, 1948
(West Bengal Act XXI of 1948), as amended by West Bengal Act XXIX of
1951.]
    1[21. The Andhra Pradesh Ceiling on Agricultural Holdings Act, 1961
(Andhra Pradesh Act X of 1961).
    22. The Andhra Pradesh (Telangana Area) Tenancy and Agricultural Lands
(Validation) Act, 1961 (Andhra Pradesh Act XXI of 1961).
    23. The Andhra   Pradesh (Telangana  Area)  Ijara and Kowli Land
Cancellation of Irregular Pattas and Abolition of Concessional Assessment
Act, 1961 (Andhra Pradesh Act XXXVI of 1961).
    24. The Assam State Acquisition of Lands belonging to Religious or
Charitable Institution of Public Nature Act, 1959 (Assam Act IX of 1961).
    25. The Bihar Land Reforms (Amendment) Act, 1953 (Bihar Act XX of 1954).
    26. The Bihar Land Reforms (Fixation of Ceiling Area and Acquisition of
Surplus Land) Act, 1961 (Bihar Act XII of 1962), except section 28 of this Act.
    27. The Bombay Taluqdari Tenure Abolition (Amendment) Act, 1954
(Bombay Act I of 1955).
    28. The Bombay Taluqdari Tenure Abolition (Amendment) Act, 1957
(Bombay Act XVIII of 1958).
    29. The Bombay Inams (Kutch Area) Abolition Act, 1958 (Bombay
Act XCVIII of 1958).
    30. The Bombay Tenancy and Agricultural Lands (Gujarat Amendment)
Act, 1960 (Gujarat Act XVI of 1960).
    31. The Gujarat Agricultural Lands Ceiling Act, 1960 (Gujarat Act XXVI
of 1961).
    32. The Sagbara and Mehwassi Estates (Proprietary Rights Abolition, etc.)
Regulation, 1962 (Gujarat Regulation I of 1962).

______________________________________________
1. Entries 21 to 64 and Explanation added by the Constitution (Seventeenth Amendment)
Act, 1964, s. 3 (w.e.f. 20-6-1964)."
constitution_of_india-360-eca623dbcacfbd47,constitution_of_india.pdf,360,,NO_SUPPORTED_QUESTION_PATTERN,"329          THE CONSTITUTION OF INDIA

                                  (Ninth Schedule)

    33. The Gujarat Surviving Alienations Abolition Act, 1963 (Gujarat Act
XXXIII of 1963), except in so far as this Act relates to an alienation referred to
in sub-clause (d) of clause (3) of section 2 thereof.
    34. The Maharashtra Agricultural Lands (Ceiling on Holdings) Act, 1961
(Maharashtra Act XXVII of 1961).
    35. The Hyderabad Tenancy and Agricultural Lands (Re-enactment, Validation
and Further Amendment) Act, 1961 (Maharashtra Act XLV of 1961).
    36.  The  Hyderabad  Tenancy  and  Agricultural  Lands  Act,  1950
(Hyderabad Act XXI of 1950).
    37. The Jenmikaram Payment (Abolition) Act, 1960 (Kerala Act III of 1961).
    38. The Kerala Land Tax Act, 1961 (Kerala Act XIII of 1961).
    39. The Kerala Land Reforms Act, 1963 (Kerala Act I of 1964).
    40. The Madhya Pradesh Land Revenue Code, 1959 (Madhya Pradesh
Act XX of 1959).
    41. The Madhya Pradesh Ceiling on Agricultural Holdings Act, 1960
(Madhya Pradesh Act XX of 1960).
    42.   The   Madras   Cultivating   Tenants   Protection   Act,   1955
(Madras Act XXV of 1955).
    43. The Madras Cultivating Tenants (Payment of Fair Rent) Act, 1956
(Madras Act XXIV of 1956).
    44. The Madras Occupants of Kudiyiruppu (Protection from Eviction)
Act, 1961 (Madras Act XXXVIII of 1961).
    45. The  Madras  Public  Trusts  (Regulation  of  Administration  of
Agricultural Lands) Act, 1961 (Madras Act LVII of 1961).
    46. The Madras Land Reforms (Fixation of Ceiling on Land) Act, 1961
(Madras Act LVIII of 1961).
    47. The Mysore Tenancy Act, 1952 (Mysore Act XIII of 1952).
    48. The Coorg Tenants Act, 1957 (Mysore Act XIV of 1957).
    49. The Mysore Village Offices Abolition Act, 1961 (Mysore Act XIV of 1961).
    50. The Hyderabad Tenancy and Agricultural Lands (Validation) Act, 1961
(Mysore Act XXXVI of 1961).
    51. The Mysore Land Reforms Act, 1961 (Mysore Act X of 1962)."
constitution_of_india-361-6470a76cbeda2266,constitution_of_india.pdf,361,,NO_SUPPORTED_QUESTION_PATTERN,"330          THE CONSTITUTION OF INDIA

                                  (Ninth Schedule)

    52. The Orissa Land Reforms Act, 1960 (Orissa Act XVI of 1960).
    53. The Orissa Merged Territories (Village Offices Abolition) Act, 1963
(Orissa Act X of 1963).
    54. The Punjab Security of Land Tenures Act, 1953 (Punjab Act X of 1953).
    55. The Rajasthan Tenancy Act, 1955 (Rajasthan Act III of 1955).
    56.  The  Rajasthan  Zamindari  and  Biswedari  Abolition  Act,  1959
(Rajasthan Act VIII of 1959).
    57. The Kumaun and Uttarakhand Zamindari Abolition and Land Reforms
Act, 1960 (Uttar Pradesh Act XVII of 1960).
    58. The Uttar Pradesh Imposition of Ceiling on Land Holdings Act, 1960
(Uttar Pradesh Act I of 1961).
    59. The West Bengal Estates Acquisition Act, 1953 (West Bengal Act I of 1954).
    60. The West Bengal Land Reforms Act, 1955 (West Bengal Act X of 1956).
    61. The Delhi Land Reforms Act, 1954 (Delhi Act VIII of 1954).
    62. The Delhi Land Holdings (Ceiling) Act, 1960 (Central Act 24 of 1960).
    63.  The  Manipur  Land  Revenue  and  Land  Reforms  Act,  1960
(Central Act 33 of 1960).
    64.  The  Tripura  Land  Revenue  and  Land  Reforms  Act,  1960
(Central Act 43 of 1960).
    1[65.   The    Kerala   Land   Reforms   (Amendment)    Act,   1969
(Kerala Act 35 of 1969).
    66.   The    Kerala   Land    Reforms   (Amendment)    Act,   1971
(Kerala Act 25 of 1971).]
    2[67.  The  Andhra  Pradesh Land  Reforms  (Ceiling  on  Agricultural
Holdings) Act, 1973 (Andhra Pradesh Act 1 of 1973).
    68. The Bihar Land Reforms (Fixation of Ceiling Area and Acquisition of
Surplus Land) (Amendment) Act, 1972 (Bihar Act I of 1973).

______________________________________________
1. Entries 65 and 66 ins. by the Constitution (Twenty-ninth Amendment) Act, 1972, s. 2
(w.e.f. 9-6-1972).
2. Entries 67 and 86 ins.. by the Constitution (Thirty-fourth Amendment) Act, 1974, s. 2
(w.e.f. 7-9-1974)."
constitution_of_india-362-3c617bab9d22ea0f,constitution_of_india.pdf,362,,NO_SUPPORTED_QUESTION_PATTERN,"331          THE CONSTITUTION OF INDIA

                                  (Ninth Schedule)

    69. The Bihar Land Reforms (Fixation of Ceiling Area and Acquisition of
Surplus Land) (Amendment) Act, 1973 (Bihar Act IX of 1973).
    70. The Bihar Land Reforms (Amendment) Act, 1972 (Bihar Act V of
1972).
    71. The Gujarat  Agricultural Lands Ceiling (Amendment)  Act, 1972
(Gujarat Act 2 of 1974).
    72. The Haryana Ceiling on Land Holdings Act, 1972 (Haryana Act 26 of 1972).
    73. The Himachal Pradesh Ceiling on Land Holdings Act, 1972 (Himachal
Pradesh Act 19 of 1973).
    74. The Kerala Land Reforms (Amendment) Act, 1972 (Kerala Act 17 of 1972).
    75. The Madhya Pradesh Ceiling on Agricultural Holdings (Amendment)
Act, 1972 (Madhya Pradesh Act 12 of 1974).
    76. The Madhya Pradesh  Ceiling on  Agricultural Holdings (Second
Amendment) Act, 1972 (Madhya Pradesh Act 13 of 1974).
    77.   The   Mysore   Land   Reforms   (Amendment)   Act,   1973
(Karnataka Act 1 of 1974).
    78. The Punjab Land Reforms Act, 1972 (Punjab Act 10 of 1973).
    79. The Rajasthan Imposition of Ceiling on Agricultural Holdings Act,
1973 (Rajasthan Act 11 of 1973).
    80. The Gudalur Janmam Estates (Abolition and Conversion into Ryotwari)
Act, 1969 (Tamil Nadu Act 24 of 1969).
    81. The West  Bengal Land Reforms (Amendment) Act, 1972 (West
Bengal Act XII of 1972).
    82. The West Bengal Estates Acquisition (Amendment) Act, 1964 (West
Bengal Act XXII of 1964).
    83. The West Bengal Estates Acquisition (Second Amendment) Act, 1973
(West Bengal Act XXXIII of 1973).
    84. The Bombay Tenancy and Agricultural Lands (Gujarat Amendment)
Act, 1972 (Gujarat Act 5 of 1973).
    85. The Orissa Land Reforms (Amendment) Act, 1974 (Orissa Act 9 of
1974).
    86. The Tripura Land Revenue and Land Reforms (Second Amendment)
Act, 1974 (Tripura Act 7 of 1974).]"
constitution_of_india-363-b2d0391ed1c3aed1,constitution_of_india.pdf,363,,NO_SUPPORTED_QUESTION_PATTERN,"332          THE CONSTITUTION OF INDIA

                                  (Ninth Schedule)

    1[287*           *           *           *               *]
    88. The Industries (Development and Regulation) Act, 1951 (Central Act
65 of 1951).
    89. The Requisitioning and Acquisition of Immovable Property Act, 1952
(Central Act 30 of 1952).
    90. The Mines and Minerals (Regulation and Development) Act, 1957
(Central Act 67 of 1957).
     91. The Monopolies and Restrictive Trade Practices Act, 1969 (Central
Act 54 of 1969).
    2[92*          *           *            *              *]
    93. The Coking Coal Mines (Emergency Provisions) Act, 1971 (Central
Act 64 of 1971).
    94. The Coking Coal Mines (Nationalisation) Act, 1972 (Central Act 36 of
1972).
    95. The General Insurance Business (Nationalisation) Act, 1972 (Central
Act 57 of 1972).
    96. The Indian Copper Corporation (Acquisition of Undertaking) Act, 1972
(Central Act 58 of 1972).
    97. The Sick Textile Undertakings (Taking Over of Management) Act,
1972 (Central Act 72 of 1972).
    98. The Coal Mines (Taking Over of Management) Act, 1973 (Central Act
15 of 1973).
    99. The Coal Mines (Nationalisation) Act, 1973 (Central Act 26 of 1973).
     100. The Foreign Exchange Regulation Act, 1973 (Central Act 46 of
1973).
    101. The Alcock Ashdown Company Limited (Acquisition of Under-
takings) Act, 1973 (Central Act 56 of 1973).
______________________________________________
1. Entries 87 to 124 ins. by the Constitution (Thirty-ninth Amendment) Act, 1975, s. 5
   (w.e.f. 10-8-1975).
2. Entries 87 and 92 omitted by the Constitution (Forty-fourth Amendment) Act, 1978,
   s. 44 (w.e.f. 20-6-1979).
  Rep. by the Competition Act, 2002 (12 of 2003) s. 66 (w.e.f. 1-9-2009).
   Rep. by the Foreign Exchange Management Act, 1999 (42 of 1999), s. 49 (w.e.f. 1-6-2000)."
constitution_of_india-364-6e94d39cf5888cf9,constitution_of_india.pdf,364,,NO_SUPPORTED_QUESTION_PATTERN,"333          THE CONSTITUTION OF INDIA

                                  (Ninth Schedule)

    102. The Coal Mines (Conservation and Development) Act, 1974 (Central
Act 28 of 1974).
    103. The Additional Emoluments (Compulsory Deposit) Act, 1974 (Central
Act 37 of 1974).
    104. The Conservation of Foreign Exchange and Prevention of Smuggling
Activities Act, 1974 (Central Act 52 of 1974).
    105. The Sick Textile Undertakings (Nationalisation) Act, 1974 (Central
Act 57 of 1974).
    106. The  Maharashtra  Agricultural  Lands  (Ceiling  on  Holdings)
(Amendment) Act, 1964 (Maharashtra Act XVI of 1965).
    107.  The  Maharashtra  Agricultural  Lands  (Ceiling  on  Holdings)
(Amendment) Act, 1965 (Maharashtra Act XXXII of 1965).
    108.  The  Maharashtra  Agricultural  Lands  (Ceiling  on  Holdings)
(Amendment) Act, 1968 (Maharashtra Act XVI of 1968).
    109. The Maharashtra Agricultural Lands (Ceiling on Holdings) (Second
Amendment) Act, 1968 (Maharashtra Act XXXIII of 1968).
    110.  The  Maharashtra  Agricultural  Lands  (Ceiling  on  Holdings)
(Amendment) Act, 1969 (Maharashtra Act XXXVII of 1969).
    111. The Maharashtra Agricultural Lands (Ceiling on Holdings) (Second
Amendment) Act, 1969 (Maharashtra Act XXXVIII of 1969).
    112. The  Maharashtra  Agricultural  Lands  (Ceiling  on  Holdings)
(Amendment) Act, 1970 (Maharashtra Act XXVII of 1970).
    113. The  Maharashtra  Agricultural  Lands  (Ceiling  on  Holdings)
(Amendment) Act, 1972 (Maharashtra Act XIII of 1972).
    114. The   Maharashtra   Agricultural  Lands   (Ceiling on Holdings)
(Amendment) Act, 1973 (Maharashtra Act L of 1973).
    115. The Orissa Land Reforms (Amendment) Act, 1965 (Orissa Act 13 of
1965).
    116. The Orissa Land Reforms (Amendment) Act, 1966 (Orissa Act 8 of
1967).
    117. The Orissa Land Reforms (Amendment) Act, 1967 (Orissa Act 13 of
1967)."
constitution_of_india-365-46646a11b7ebe1c4,constitution_of_india.pdf,365,,NO_SUPPORTED_QUESTION_PATTERN,"334          THE CONSTITUTION OF INDIA

                                  (Ninth Schedule)

    118. The Orissa Land Reforms (Amendment) Act, 1969 (Orissa Act 13 of
1969).
    119. The Orissa Land Reforms (Amendment) Act, 1970 (Orissa Act 18 of
1970).
    120.  The  Uttar  Pradesh  Imposition  of  Ceiling  on Land  Holdings
(Amendment) Act, 1972 (Uttar Pradesh Act 18 of 1973).
    121.  The  Uttar  Pradesh  Imposition  of  Ceiling  on Land  Holdings
(Amendment) Act, 1974 (Uttar Pradesh Act 2 of 1975).
    122. The Tripura Land Revenue and Land Reforms  (Third Amendment)
Act, 1975 (Tripura Act 3 of 1975).
    123.The Dadra and Nagar Haveli Land Reforms Regulation, 1971 (3 of 1971).
    124.  The  Dadra  and  Nagar  Haveli  Land  Reforms  (Amendment)
Regulation, 1973 (5 of 1973).]
    1[125. Section 66A and Chapter IVA of the Motor Vehicles Act, 1939
(Central Act 4 of 1939).
    126. The Essential Commodities Act, 1955 (Central Act 10 of 1955).
    127. The Smugglers and Foreign Exchange Manipulators (Forfeiture of
Property) Act, 1976 (Central Act 13 of 1976).
    128. The Bonded Labour System (Abolition) Act, 1976 (Central Act 19 of
1976).
    129. The Conservation of Foreign Exchange and Prevention of Smuggling
Activities (Amendment) Act, 1976 (Central Act 20 of 1976).
   2130*           *             *            *          *
    131. The Levy Sugar Price Equalisation Fund Act, 1976 (Central Act 31 of
1976).
    132. The Urban Land (Ceiling and Regulation) Act, 1976 (Central Act 33
of 1976).

______________________________________________
1. Entries 125 to 188 ins. by the Constitution (Fortieth Amendment) Act, 1976, s. 3
   (w.e.f. 27-5-1976).
  See now the relevant provisions of the Motor Vehicles Act, 1988 (59 of 1988).
2. Entry 130 omitted by the Constitution (Forty-fourth Amendment) Act, 1978, s. 44
   (w.e.f. 20-6-1979)."
constitution_of_india-366-af7ea261c7aa9e57,constitution_of_india.pdf,366,,NO_SUPPORTED_QUESTION_PATTERN,"335          THE CONSTITUTION OF INDIA

                                  (Ninth Schedule)

    133. The Departmentalisation of Union Accounts (Transfer of Personnel)
Act, 1976 (Central Act 59 of 1976).
    134. The Assam Fixation of Ceiling on Land Holdings Act, 1956 (Assam
Act I of 1957).
    135. The Bombay Tenancy and Agricultural Lands (Vidarbha Region) Act,
1958 (Bombay Act XCIX of 1958).
    136. The Gujarat Private Forests (Acquisition) Act, 1972 (Gujarat Act 14
of 1973).
    137. The Haryana Ceiling on Land Holdings (Amendment) Act, 1976
(Haryana Act 17 of 1976).
    138. The Himachal  Pradesh Tenancy and Land Reforms  Act, 1972
(Himachal Pradesh Act 8 of 1974).
    139.  The  Himachal  Pradesh  Village Common  Lands  Vesting  and
Utilisation Act, 1974 (Himachal Pradesh Act 18 of 1974).
    140. The Karnataka Land Reforms (Second Amendment and Miscellaneous
Provisions) Act, 1974 (Karnataka Act 31 of 1974).
    141. The Karnataka Land Reforms (Second Amendment)  Act, 1976
(Karnataka Act 27 of 1976).
    142. The Kerala Prevention of Eviction Act, 1966 (Kerala Act 12 of 1966).
    143. The Thiruppuvaram Payment (Abolition) Act, 1969 (Kerala Act 19 of 1969).
    144. The Sreepadam Lands Enfranchisement Act, 1969 (Kerala Act 20 of
1969).
    145. The Sree Pandaravaka Lands (Vesting and Enfranchisement) Act,
1971 (Kerala Act 20 of 1971).
    146. The Kerala Private Forests (Vesting and Assignment) Act, 1971
(Kerala Act 26 of 1971).
    147. The Kerala Agricultural Workers Act, 1974 (Kerala Act 18 of 1974).
    148. The Kerala Cashew Factories (Acquisition) Act, 1974 (Kerala Act 29
of 1974).
    149. The Kerala Chitties Act, 1975 (Kerala Act 23 of 1975).
    150. The Kerala Scheduled Tribes (Restriction on Transfer of Lands and
Restoration of Alienated Lands) Act, 1975 (Kerala Act 31 of 1975)."
constitution_of_india-367-56f5340b6459b72b,constitution_of_india.pdf,367,,NO_SUPPORTED_QUESTION_PATTERN,"336          THE CONSTITUTION OF INDIA

                                  (Ninth Schedule)

    151. The Kerala Land Reforms (Amendment) Act, 1976 (Kerala Act 15 of
1976).
    152. The Kanam Tenancy Abolition Act, 1976 (Kerala Act 16 of 1976).
    153. The Madhya Pradesh Ceiling on Agricultural Holdings (Amendment)
Act, 1974 (Madhya Pradesh Act 20 of 1974).
    154. The Madhya Pradesh Ceiling on Agricultural Holdings (Amendment)
Act, 1975 (Madhya Pradesh Act 2 of 1976).
    155. The West Khandesh Mehwassi Estates (Proprietary Rights Abolition,
etc.) Regulation, 1961 (Maharashtra Regulation 1 of 1962).
    156. The Maharashtra Restoration of Lands to Scheduled Tribes Act, 1974
(Maharashtra Act XIV of 1975).
    157. The  Maharashtra  Agricultural  Lands  (Lowering  of  Ceiling on
Holdings) and (Amendment) Act, 1972 (Maharashtra Act XXI of 1975).
    158. The Maharashtra Private Forest (Acquisition) Act, 1975 (Maharashtra
Act XXIX of 1975).
    159. The  Maharashtra  Agricultural  Lands  (Lowering  of  Ceiling on
Holdings) and (Amendment) Amendment Act, 1975 (Maharashtra Act XLVII
of 1975).
    160.  The  Maharashtra  Agricultural  Lands  (Ceiling  on  Holdings)
(Amendment) Act, 1975 (Maharashtra Act II of 1976).
    161. The Orissa Estates Abolition Act, 1951 (Orissa Act I of 1952).
    162. The Rajasthan Colonisation Act, 1954 (Rajasthan Act XXVII of 1954).
    163. The Rajasthan Land Reforms and Acquisition of Landowners’ Estates
Act, 1963 (Rajasthan Act 11 of 1964).
    164. The  Rajasthan  Imposition  of  Ceiling on  Agricultural Holdings
(Amendment) Act, 1976 (Rajasthan Act 8 of 1976).
    165. The Rajasthan Tenancy (Amendment) Act, 1976 (Rajasthan Act 12 of
1976).
    166. The Tamil Nadu Land Reforms (Reduction of Ceiling on Land) Act,
1970 (Tamil Nadu Act 17 of 1970).
    167. The Tamil Nadu Land Reforms  (Fixation of Ceiling on Land)
Amendment Act, 1971 (Tamil Nadu Act 41 of 1971)."
constitution_of_india-368-5b337680844e6b91,constitution_of_india.pdf,368,,NO_SUPPORTED_QUESTION_PATTERN,"337          THE CONSTITUTION OF INDIA

                                  (Ninth Schedule)

    168.  The Tamil Nadu Land Reforms (Fixation of Ceiling on Land)
Amendment Act, 1972 (Tamil Nadu Act 10 of 1972).
    169. The Tamil Nadu Land Reforms (Fixation of Ceiling on Land) Second
Amendment Act, 1972 (Tamil Nadu Act 20 of 1972).
    170. The Tamil Nadu Land Reforms (Fixation of Ceiling on Land) Third
Amendment Act, 1972 (Tamil Nadu Act 37 of 1972).
    171. The Tamil Nadu Land Reforms (Fixation of Ceiling on Land) Fourth
Amendment Act, 1972 (Tamil Nadu Act 39 of 1972).
    172. The Tamil Nadu Land Reforms (Fixation of Ceiling on Land) Sixth
Amendment Act, 1972 (Tamil Nadu Act 7 of 1974).
    173. The Tamil Nadu Land Reforms (Fixation of Ceiling on Land) Fifth
Amendment Act, 1972 (Tamil Nadu Act 10 of 1974).
    174. The Tamil Nadu Land Reforms  (Fixation of Ceiling on Land)
Amendment Act, 1974 (Tamil Nadu Act 15 of 1974).
    175. The Tamil Nadu Land Reforms (Fixation of Ceiling on Land) Third
Amendment Act, 1974 (Tamil Nadu Act 30 of 1974).
    176. The Tamil Nadu Land Reforms (Fixation of Ceiling on Land) Second
Amendment Act, 1974 (Tamil Nadu Act 32 of 1974).
    177. The Tamil Nadu Land Reforms  (Fixation of Ceiling on Land)
Amendment Act, 1975 (Tamil Nadu Act 11 of 1975).
    178. The Tamil Nadu Land Reforms (Fixation of Ceiling on Land) Second
Amendment Act, 1975 (Tamil Nadu Act 21 of 1975).
    179. Amendments made to the Uttar Pradesh Zamindari Abolition and
Land Reforms Act, 1950 (Uttar Pradesh Act I of 1951) by the Uttar Pradesh
Land Laws (Amendment) Act, 1971 (Uttar Pradesh Act 21 of 1971) and the
Uttar Pradesh Land Laws (Amendment) Act, 1974 (Uttar Pradesh Act 34 of
1974).
    180.  The  Uttar  Pradesh  Imposition  of  Ceiling  on Land  Holdings
(Amendment) Act, 1976 (Uttar Pradesh Act 20 of 1976).
    181. The West Bengal Land Reforms (Second Amendment) Act, 1972
(West Bengal Act XXVIII of 1972).
    182. The West Bengal Restoration of Alienated Land Act, 1973 (West
Bengal Act XXIII of 1973)."
constitution_of_india-369-4bbb7c1e02ac2153,constitution_of_india.pdf,369,,NO_SUPPORTED_QUESTION_PATTERN,"338          THE CONSTITUTION OF INDIA

                                  (Ninth Schedule)

    183. The West Bengal Land Reforms (Amendment) Act, 1974 (West
Bengal Act XXXIII of 1974).
    184. The West Bengal Land Reforms (Amendment) Act, 1975 (West
Bengal Act XXIII of 1975).
    185. The West Bengal Land Reforms (Amendment) Act, 1976 (West
Bengal Act XII of 1976).
    186. The Delhi Land Holdings (Ceiling) Amendment Act, 1976 (Central
Act 15 of 1976).
    187. The Goa, Daman and Diu Mundkars (Protection from Eviction) Act,
1975 (Goa, Daman and Diu Act 1 of 1976).
    188. The Pondicherry Land Reforms (Fixation of Ceiling on Land) Act,
1973 (Pondicherry Act 9 of 1974).]
    1[189. The Assam (Temporarily Settled Areas) Tenancy Act, 1971 (Assam
Act XXIII of 1971).
    190. The Assam (Temporarily Settled Areas) Tenancy (Amendment) Act,
1974 (Assam Act XVIII of 1974).
    191. The Bihar Land Reforms (Fixation of Ceiling Area and Acquisition of
Surplus Land) (Amendment) Amending Act, 1974 (Bihar Act 13 of 1975).
    192. The Bihar Land Reforms (Fixation of Ceiling Area and Acquisition of
Surplus Land) (Amendment) Act, 1976 (Bihar Act 22 of 1976).
    193. The Bihar Land Reforms (Fixation of Ceiling Area and Acquisition of
Surplus Land) (Amendment) Act, 1978 (Bihar Act VII of 1978).
    194. The Land Acquisition (Bihar Amendment) Act, 1979 (Bihar Act 2 of
1980).
    195. The Haryana Ceiling on Land Holdings (Amendment) Act, 1977
(Haryana Act 14 of 1977).
    196. The Tamil Nadu Land Reforms  (Fixation of Ceiling on Land)
Amendment Act, 1978 (Tamil Nadu Act 25 of 1978).
    197. The Tamil Nadu Land Reforms  (Fixation of Ceiling on Land)
Amendment Act, 1979 (Tamil Nadu Act 11 of 1979).
______________________________________________
1.  Entries 189  to 202 were  ins. by  the  Constitution  (Forty-seventh Amendment)
   Act, 1984, s. 2 (w.e.f. 26-8-1984)."
constitution_of_india-370-3f8b1edfa7cd9746,constitution_of_india.pdf,370,,NO_SUPPORTED_QUESTION_PATTERN,"339          THE CONSTITUTION OF INDIA

                                  (Ninth Schedule)

    198. The Uttar Pradesh Zamindari Abolition Laws (Amendment) Act, 1978
(Uttar Pradesh Act 15 of 1978).
    199. The West Bengal Restoration of Alienated Land (Amendment) Act,
1978 (West Bengal Act XXIV of 1978).
    200. The West Bengal Restoration of Alienated Land (Amendment) Act,
1980 (West Bengal Act LVI of 1980).
    201. The Goa, Daman and Diu Agricultural Tenancy Act, 1964 (Goa,
Daman and Diu Act 7 of 1964).
    202. The Goa, Daman and Diu Agricultural Tenancy (Fifth Amendment)
Act, 1976 (Goa, Daman and Diu Act 17 of 1976).]
    1[203. The Andhra Pradesh Scheduled Areas Land Transfer Regulation,
1959 (Andhra Pradesh Regulation 1 of 1959).
    204.  The  Andhra  Pradesh  Scheduled  Areas  Laws  (Extension  and
Amendment) Regulation, 1963 (Andhra Pradesh Regulation 2 of 1963).
    205. The Andhra Pradesh Scheduled Areas Land Transfer (Amendment)
Regulation, 1970 (Andhra Pradesh Regulation 1 of 1970).
    206. The Andhra Pradesh Scheduled Areas Land Transfer (Amendment)
Regulation, 1971 (Andhra Pradesh Regulation 1 of 1971).
    207. The Andhra Pradesh Scheduled Areas Land Transfer (Amendment)
Regulation, 1978 (Andhra Pradesh Regulation 1 of 1978).
    208. The Bihar Tenancy Act, 1885 (Bihar Act 8 of 1885).
    209. The Chota Nagpur Tenancy Act, 1908 (Bengal Act 6 of 1908)
(Chapter VIII—sections 46, 47, 48, 48A and 49; Chapter X—sections 71, 71A
and 71B; and Chapter XVIII—sections 240, 241 and 242).
    210. The Santhal Parganas Tenancy (Supplementary Provisions) Act, 1949
(Bihar Act 14 of 1949) except section 53.
    211. The Bihar Scheduled Areas Regulation, 1969 (Bihar Regulation 1 of 1969).
    212. The Bihar Land Reforms (Fixation of Ceiling Area and Acquisition of
Surplus Land) (Amendment) Act, 1982 (Bihar Act 55 of 1982).


______________________________________________
1. Entries 203 to 257 were ins. by the Constitution (Sixty-sixth Amendment) Act, 1990,
   s. 2 (w.e.f. 7-6-1990)."
constitution_of_india-371-0d73ce22c6c256e1,constitution_of_india.pdf,371,,NO_SUPPORTED_QUESTION_PATTERN,"340          THE CONSTITUTION OF INDIA

                                  (Ninth Schedule)

    213. The Gujarat Devasthan Inams Abolition Act, 1969 (Gujarat Act 16 of
1969).
    214. The Gujarat Tenancy Laws (Amendment) Act, 1976 (Gujarat Act 37
of 1976).
    215. The Gujarat Agricultural Lands Ceiling (Amendment) Act, 1976
(President's Act 43 of 1976).
    216. The Gujarat Devasthan Inams Abolition (Amendment) Act, 1977
(Gujarat Act 27 of 1977).
    217. The Gujarat Tenancy Laws (Amendment) Act, 1977 (Gujarat Act 30
of 1977).
    218. The Bombay Land Revenue (Gujarat Second Amendment) Act, 1980
(Gujarat Act 37 of 1980).
    219. The Bombay Land Revenue Code and Land Tenure Abolition Laws
(Gujarat Amendment) Act, 1982 (Gujarat Act 8 of 1982).
    220. The Himachal Pradesh Transfer of Land (Regulation) Act, 1968
(Himachal Pradesh Act 15 of 1969).
    221. The Himachal Pradesh Transfer of Land (Regulation) (Amendment)
Act, 1986 (Himachal Pradesh Act 16 of 1986).
    222. The Karnataka Scheduled Castes and Scheduled Tribes (Prohibition of
Transfer of Certain Lands) Act, 1978 (Karnataka Act 2 of 1979).
    223. The Kerala Land Reforms (Amendment) Act, 1978 (Kerala Act 13 of 1978).
    224. The Kerala Land Reforms (Amendment) Act, 1981 (Kerala Act 19 of
1981).
    225. The Madhya Pradesh Land Revenue Code (Third Amendment) Act,
1976 (Madhya Pradesh Act 61 of 1976).
    226. The Madhya Pradesh Land Revenue Code (Amendment) Act, 1980
(Madhya Pradesh Act 15 of 1980).
    227. The Madhya Pradesh Akrishik Jot Uchchatam Seema Adhiniyam,
1981 (Madhya Pradesh Act 11 of 1981).
    228. The Madhya Pradesh Ceiling on  Agricultural Holdings (Second
Amendment) Act, 1976 (Madhya Pradesh Act 1 of 1984).
    229. The Madhya Pradesh Ceiling on Agricultural Holdings (Amendment)
Act, 1984 (Madhya Pradesh Act 14 of 1984)."
constitution_of_india-372-cb5923d6ec67adc7,constitution_of_india.pdf,372,,NO_SUPPORTED_QUESTION_PATTERN,"341          THE CONSTITUTION OF INDIA

                                  (Ninth Schedule)

    230. The Madhya Pradesh Ceiling on Agricultural Holdings (Amendment)
Act, 1989 (Madhya Pradesh Act 8 of 1989).
    231. The Maharashtra Land Revenue Code, 1966 (Maharashtra Act 41 of
1966), sections 36, 36A and 36B.
    232. The  Maharashtra  Land  Revenue  Code  and  the Maharashtra
Restoration of Lands to Scheduled Tribes (Second Amendment) Act, 1976
(Maharashtra Act 30 of 1977).
    233. The Maharashtra Abolition of Subsisting Proprietary Rights to Mines
and Minerals in certain Lands Act, 1985 (Maharashtra Act 16 of 1985).
    234. The Orissa Scheduled Areas Transfer of Immovable Property (by
Scheduled Tribes) Regulation, 1956 (Orissa Regulation 2 of 1956).
    235. The Orissa Land Reforms (Second Amendment) Act, 1975 (Orissa
Act 29 of 1976).
    236. The Orissa Land Reforms (Amendment) Act, 1976 (Orissa Act 30 of 1976).
    237. The Orissa Land Reforms (Second Amendment) Act, 1976 (Orissa
Act 44 of 1976).
    238. The Rajasthan Colonisation (Amendment) Act, 1984 (Rajasthan Act
12 of 1984).
    239. The Rajasthan Tenancy (Amendment) Act, 1984 (Rajasthan Act 13 of
1984).
    240. The Rajasthan Tenancy (Amendment) Act, 1987 (Rajasthan Act 21 of
1987).
    241. The Tamil Nadu Land Reforms (Fixation of Ceiling on Land) Second
Amendment Act, 1979 (Tamil Nadu Act 8 of 1980).
    242. The Tamil Nadu Land Reforms  (Fixation of Ceiling on Land)
Amendment Act, 1980 (Tamil Nadu Act 21 of 1980).
    243. The Tamil Nadu Land Reforms  (Fixation of Ceiling on Land)
Amendment Act, 1981 (Tamil Nadu Act 59 of 1981).
    244. The Tamil Nadu Land Reforms (Fixation of Ceiling on Land) Second
Amendment Act, 1983 (Tamil Nadu Act 2 of 1984).
    245. The Uttar Pradesh Land Laws (Amendment) Act, 1982 (Uttar Pradesh
Act 20 of 1982)."
constitution_of_india-373-115d3d7cdb50957f,constitution_of_india.pdf,373,,NO_SUPPORTED_QUESTION_PATTERN,"342          THE CONSTITUTION OF INDIA

                                  (Ninth Schedule)

    246. The West Bengal Land Reforms (Amendment) Act, 1965 (West
Bengal Act 18 of 1965).
    247. The West Bengal Land Reforms (Amendment) Act, 1966 (West
Bengal Act 11 of 1966).
    248. The West Bengal Land Reforms (Second Amendment) Act, 1969
(West Bengal Act 23 of 1969).
    249. The West Bengal Estate Acquisition (Amendment) Act, 1977 (West
Bengal Act 36 of 1977).
    250. The West Bengal Land Holding Revenue Act, 1979 (West Bengal Act
44 of 1979).
    251. The West Bengal Land Reforms (Amendment) Act, 1980 (West
Bengal Act 41 of 1980).
    252. The West Bengal Land Holding Revenue (Amendment) Act, 1981
(West Bengal Act 33 of 1981).
    253. The Calcutta Thikka Tenancy (Acquisition and Regulation) Act, 1981
(West Bengal Act 37 of 1981).
    254. The West Bengal Land Holding Revenue (Amendment) Act, 1982
(West Bengal Act 23 of 1982).
    255.  The  Calcutta  Thikka  Tenancy  (Acquisition  and  Regulation)
(Amendment) Act, 1984 (West Bengal Act 41 of 1984).
    256. The Mahe Land Reforms Act, 1968 (Pondicherry Act 1 of 1968).
    257. The Mahe Land Reforms (Amendment) Act, 1980 (Pondicherry Act 1
of 1981).]
    1[257A. The Tamil Nadu Backward  Classes, Scheduled  Castes and
Scheduled Tribes (Reservation of Seats in Educational Institutions and of
appointments or posts in the Services under the State) Act, 1993 (Tamil Nadu
Act 45 of 1994).]


______________________________________________
1. Entry 257A ins. by the Constitution (Seventy-sixth Amendment) Act, 1994, s. 2 (w.e.f.
31-8-1994)."
constitution_of_india-374-b350a2d7e9249200,constitution_of_india.pdf,374,,NO_SUPPORTED_QUESTION_PATTERN,"343          THE CONSTITUTION OF INDIA

                                  (Ninth Schedule)

    1[258. The Bihar Privileged Persons Homestead Tenancy Act, 1947 (Bihar
Act 4 of 1948).
    259. The Bihar Consolidation of Holdings and Prevention of Fragmentation
Act, 1956 (Bihar Act 22 of 1956).
    260. The Bihar Consolidation of Holdings and Prevention of Fragmentation
(Amendment) Act, 1970 (Bihar Act 7 of 1970).
    261. The Bihar Privileged Persons Homestead Tenancy (Amendment) Act,
1970 (Bihar Act 9 of 1970).
    262. The Bihar Consolidation of Holdings and Prevention of Fragmentation
(Amendment) Act, 1973 (Bihar Act 27 of 1975).
    263. The Bihar Consolidation of Holdings and Prevention of Fragmentation
(Amendment) Act, 1981 (Bihar Act 35 of 1982).
    264. The Bihar Land Reforms (Fixation of Ceiling Area and Acquisition of
Surplus Land) (Amendment) Act, 1987 (Bihar Act 21 of 1987).
    265. The Bihar Privileged Persons Homestead Tenancy (Amendment) Act,
1989 (Bihar Act 11 of 1989).
    266. The Bihar Land Reforms (Amendment) Act, 1989 (Bihar Act 11 of 1990).
    267. The Karnataka Scheduled Castes and Scheduled Tribes (Prohibition of
Transfer of Certain Lands) (Amendment) Act, 1984 (Karnataka Act 3 of 1984).
    268. The Kerala Land Reforms (Amendment) Act, 1989 (Kerala Act 16 of 1989).
    269. The Kerala Land Reforms (Second Amendment) Act, 1989 (Kerala
Act 2 of 1990).
    270. The Orissa Land Reforms (Amendment) Act, 1989 (Orissa Act 9 of
1990).
    271. The Rajasthan Tenancy (Amendment) Act, 1979 (Rajasthan Act 16 of 1979).
    272. The Rajasthan Colonisation (Amendment) Act, 1987 (Rajasthan Act 2
of 1987).
    273. The Rajasthan Colonisation (Amendment) Act, 1989 (Rajasthan Act
12 of 1989).

______________________________________________
1. Entries 258 to 284 ins. by the Constitution (Seventy-eighth Amendment) Act, 1995,
   s. 2 (w.e.f. 30-8-1995)."
constitution_of_india-380-1f14472799c00803,constitution_of_india.pdf,380,,NO_SUPPORTED_QUESTION_PATTERN,"1[ELEVENTH SCHEDULE
                                 (Article 243G)
       1.      Agriculture, including agricultural extension.
       2.     Land  improvement,  implementation  of  land  reforms,  land
              consolidation and soil conservation.
       3.     Minor    irrigation,   water   management   and   watershed
             development.
       4.     Animal husbandry, dairying and poultry.
       5.       Fisheries.
       6.      Social forestry and farm forestry.
       7.     Minor forest produce.
       8.      Small scale industries, including food processing industries.
       9.      Khadi, village and cottage industries.
      10.     Rural housing.
      11.     Drinking water.
      12.     Fuel and fodder.
      13.    Roads, culverts, bridges, ferries, waterways and other means of
             communication.
      14.     Rural electrification, including distribution of electricity.
      15.     Non-conventional energy sources.
      16.     Poverty alleviation programme.
      17.     Education, including primary and secondary schools.
      18.     Technical training and vocational education.
      19.     Adult and non-formal education.
      20.     Libraries.
      21.     Cultural activities.
      22.    Markets and fairs.
      23.     Health  and  sanitation,  including  hospitals,  primary  health
               centres and  dispensaries.
      24.    Family welfare.
      25.   Women and child development.
      26.     Social  welfare,  including  welfare  of  the  handicapped and
              mentally retarded.
      27.    Welfare  of  the weaker  sections, and  in  particular,  of  the
             Scheduled Castes and the Scheduled Tribes.
      28.     Public distribution system.
      29.    Maintenance of community assets.]
______________________________________________
1. Eleventh Schedule added by the Constitution (Seventy-third Amendment) Act, 1992,
    s. 4 (w.e.f. 24-4-1993).

                               349"
constitution_of_india-381-7224dbfb6a56727d,constitution_of_india.pdf,381,,NO_SUPPORTED_QUESTION_PATTERN,"1[TWELFTH SCHEDULE
                                 (Article 243W)


        1.    Urban planning including town planning.
        2.     Regulation of land-use and construction of buildings.
        3.     Planning for economic and social development.
        4.    Roads and bridges.
        5.     Water supply for domestic, industrial and commercial purposes.
        6.     Public   health,   sanitation  conservancy  and   solid  waste
            management.
        7.     Fire services.
        8.    Urban forestry, protection of the environment and promotion of
               ecological aspects.
        9.     Safeguarding  the  interests  of  weaker  sections  of  society,
              including the handicapped and mentally retarded.
       10.   Slum improvement and upgradation.
       11.   Urban poverty alleviation.
       12.    Provision  of urban amenities and  facilities such  as  parks,
              gardens, playgrounds.
       13.    Promotion of cultural, educational and aesthetic aspects.
       14.    Burials and burial grounds; cremations, cremation grounds; and
                electric crematoriums.
       15.    Cattle pounds; prevention of cruelty to animals.
       16.    Vital statistics including registration of births and deaths.
       17.    Public amenities including street lighting, parking lots, bus stops
            and public conveniences.
       18.    Regulation of slaughter houses and tanneries.]


______________________________________________

1. Twelfth Schedule added by the Constitution (Seventy-fourth Amendment) Act, 1992, s. 4
   (w.e.f. 1-6-1993).

                              350"
constitution_of_india-384-aae687c2635a1f3a,constitution_of_india.pdf,384,,NO_SUPPORTED_QUESTION_PATTERN,"353          THE CONSTITUTION OF INDIA

                            (Appendix I)

                THE FIRST SCHEDULE

                       [See sections 2(a), 2(b) and 3]

                         PART I
     The acquired territory in relation to Article 2 of the agreement dated the
16th day of May, 1974 and Article 3 (I) (b) (ii) (iii) (iv) (v) of the protocol dated the
6th day of September, 2011.
                         PART II
     The acquired territory in relation to Article 2 of the agreement dated the
16th day of May, 1974 and Article 3 (I) (c) (i) of the protocol dated the 6th day of
September, 2011.
                        PART  III
     The acquired territory in relation to Articles 1(12) and 2 of the agreement
dated the 16th day of May, 1974 and Articles 2 (II), 3 (I) (a) (iii) (iv) (v) (vi) of the
protocol dated the 6th day of September, 2011.

               THE SECOND SCHEDULE
                       [See sections 2(b), 2(d) and 3]
                          PART I
     The transferred territory in relation to Article 2 of the agreement dated 16th
day of May, 1974 and Article 3 (I) (d) (i) (ii) of the protocol dated 6th day of
September, 2011.
                         PART II
     The transferred territory in relation to Article 2 of the agreement dated the
16th day of May, 1974 and Article 3 (I) (b) (i) of the protocol dated 6th day of
September, 2011.
                        PART III
     The  transferred  territory  in  relation to  Articles 1(12) and 2 of the
agreement dated the 16th day of May, 1974 and Articles 2 (II), 3 (I) (a) (i) (ii) (vi)
of the protocol dated the 6th day of September, 2011."
constitution_of_india-391-5581b17b59e7929d,constitution_of_india.pdf,391,,NO_SUPPORTED_QUESTION_PATTERN,"360          THE CONSTITUTION OF INDIA

                            (Appendix I)


1              2              3             4              5            6
8.      Nazirganja          41     Boda           Haldibari          58.32
9.      Nazirganja          42     Boda           Haldibari         434.29
10.     Nazirganja          44     Boda           Haldibari          53.47
11.     Nazirganja          45     Boda           Haldibari         1.07
12.     Nazirganja          46     Boda           Haldibari          17.95
13.     Nazirganja          47     Boda           Haldibari         3.89
14.     Nazirganja          48     Boda           Haldibari          73.27
15.     Nazirganja          49     Boda           Haldibari          49.05
16.     Nazirganja          50     Boda           Haldibari         5.05
17.     Nazirganja          51     Boda           Haldibari         0.77
18.     Nazirganja          52     Boda           Haldibari         1.04
19.     Nazirganja          53     Boda           Haldibari         1.02
20.     Nazirganja          54     Boda           Haldibari         3.87
21.     Nazirganja          55     Boda           Haldibari          12.18
22.     Nazirganja          56     Boda           Haldibari          54.04
23.     Nazirganja          57     Boda           Haldibari         8.27
24.     Nazirganja          58     Boda           Haldibari          14.22
25.     Nazirganja          60     Boda           Haldibari         0.52
26.     Putimari            59     Boda           Haldibari          122.8
27.    Daikhata Chhat       38     Boda           Haldibari         499.21
28.     Salbari             37     Boda           Haldibari       1188.93
29.     Kajal Dighi          36     Boda           Haldibari         771.44
30.    Nataktoka           32     Boda           Haldibari         162.26
31.    Nataktoka           33     Boda           Haldibari         0.26
32.    Beuladanga          35     Boda           Haldibari         0.83
       Chhat
33.     Balapara             3       Debiganj       Haldibari       1752.44
        Iagrabar
34.    Bara               30     Dimla          Haldibari         7.71
        Khankikharija
        Citaldaha"
constitution_of_india-392-9c35ab795fc96236,constitution_of_india.pdf,392,,NO_SUPPORTED_QUESTION_PATTERN,"361          THE CONSTITUTION OF INDIA

                            (Appendix I)


1              2              3             4              5            6

35.    Bara            29         Dimla          Haldibari          36.83
        Khankikharija
        Citaldaha

36.    Barakhangir      28         Dimla          Haldibari          30.53

37.     Nagarjikobari      31         Dimla          Haldibari          33.41

38.     Kuchlibari       26         Patgram       Mekliganj        5.78

39.     Kuchlibari       27         Patgram       Mekliganj        2.04

40.    Bara Kuchlibari    Fragment    Patgram       Mekliganj        4.35
                            of J.L.107
                            of P.S
                          Mekliganj

41.     Jamaldaha-       6          Patgram       Mekliganj        5.24
        Balapukhari

42.    Uponchowki       115/2      Patgram       Mekliganj        0.32
        kuchlibari
43.    Uponchowki      7          Patgram       Mekliganj         44.04
        kuchlibari

44.    Bhothnri         11         Patgram       Mekliganj         36.83

45.    Balapukhari      5          Patgram       Mekliganj         55.91
46.    Bara Khangir      4          Patgram       Mekliganj         50.51

47.    Bara Khangir      9          Patgram       Mekliganj         87.42

48.    Chhat Bogdokra   10         Patgram       Mekliganj        41.7

49.    Ratanpur         11         Patgram       Mekliganj         58.91

50.    Bogdokra        12         Patgram       Mekliganj         25.49

51.     Fulker Dabri      Fragment   Patgram       Mekliganj        0.88
                            of J.L. 107
                            of P.S
                           Mekliganj"
constitution_of_india-393-0dce4b0aeaedf398,constitution_of_india.pdf,393,,NO_SUPPORTED_QUESTION_PATTERN,"362          THE CONSTITUTION OF INDIA

                            (Appendix I)

1            2            3           4            5          6

52.    Kharkharia          15      Patgram       Mekliganj         60.74
53.    Kharkharia          13      Patgram       Mekliganj         51.62
54.    Lotamari            14      Patgram       Mekliganj        110.92
55.     Bhotbari            16      Patgram       Mekliganj        205.46
56.    Komat           16A     Patgram       Mekliganj        42.8
       Changrabandha
57.    Komat           17A     Patgram       Mekliganj         16.01
       Changrabandha
58.     Panisala            17      Patgram       Mekliganj        137.66
59.    Dwarikamari         18      Patgram       Mekliganj        36.5
       Khasbash
60.     Panisala            153/P    Patgram       Mekliganj        0.27
61.     Panisala           153/O    Patgram       Mekliganj         18.01
62.     Panisala            19      Patgram       Mekliganj         64.63
63.     Panisala            21      Patgram       Mekliganj        51.4
64.    Lotamari            20      Patgram       Mekliganj        283.53
65.    Lotamari            22      Patgram       Mekliganj         98.85
66.    Dwarikamari        23      Patgram       Mekliganj         39.52
67.    Dwarikamari        25      Patgram       Mekliganj         45.73
68.    Chhat Bhothat        24      Patgram       Mekliganj         56.11
69.    Baakata            131     Patgram       Hathabhanga      22.35
70.    Baakata            132     Patgram       Hathabhanga      11.96
71.    Baakata            130     Patgram       Hathibhanga       20.48
72.    Bhogramguri        133     Patgram       Hathibhanga      1.44
73.    Chenakata          134     Patgram       Mekliganj        7.81
74.    Banskata           119     Patgram       Mathabanga      413.81
75.    Banskata           120     Patgram       Mathabanga       30.75
76.    Banskata           121     Patgram       Mathabanga       12.15
77.    Banskata           113     Patgram       Mathabanga       57.86
78.    Banskata           112     Patgram       Mathabanga      315.04
79.     Banskata           114     Patgram       Mathabanga      0.77"
constitution_of_india-394-e3e5286aa9641bfb,constitution_of_india.pdf,394,,NO_SUPPORTED_QUESTION_PATTERN,"363          THE CONSTITUTION OF INDIA

                            (Appendix I)

1            2            3           4            5          6
80.    Banskata           115     Patgram       Mathabanga      29.2
81.    Banskata           122     Patgram       Mathabanga       33.22
82.    Banskata           127     Patgram       Mathabanga       12.72
83.    Banskata           128     Patgram       Mathabanga      2.33
84.    Banskata           117     Patgram       Mathabanga      2.55
85.    Banskata           118     Patgram       Mathabanga       30.98
86.    Banskata           125     Patgram       Mathabanga      0.64
87.    Banskata           126     Patgram       Mathabanga      1.39
88.    Banskata           129     Patgram       Mathabanga      1.37
89.    Banskata           116     Patgram       Mathabanga       16.96
90.    Banskata           123     Patgram       Mathabanga       24.37
91.    Banskata           124     Patgram       Mathabanga      0.28
92.    Gotamari Chhit      135     Hatibandha     Sitalkuchi        126.59
93.    Gotamari Chhit      136     Hatibandha     Sitalkuchi         20.02
94.    Banapachai         151      Lalmonirhat    Dinhata          217.29
95.    Banapachai         152      Lalmonirhat    Dinhata            81.71
        Bhitarkuthi
96.     Dasiar Chhara       150      Fulbari        Dinhata         1643.44
97.     Dakurhat-           156     Kurigram      Dinhata            14.27
        Dakinirkuthi
98.    Kalamati           141     Bhurungamari   Dinhata            21.21
99.    Bhahobganj         153     Bhurungamari   Dinhata            31.58
100.    Baotikursa          142     Bhurungamari   Dinhata            45.63
101.    Bara Coachulka      143     Bhurungamari   Dinhata            39.99
102.    Gaochulka II        147     Bhurungamari   Dinhata            0.9
103.    Gaochulka I         146     Bhurungamari   Dinhata          8.92
104.    Dighaltari II         145     Bhurungamari   Dinhata          8.81
105.    Dighaltari I         144     Bhurungamari   Dinhata            12.31
106.    Chhoto             149     Bhurungamari   Dinhata            17.85
        Garaljhora II"
constitution_of_india-395-c6c79f837781312a,constitution_of_india.pdf,395,,NO_SUPPORTED_QUESTION_PATTERN,"364          THE CONSTITUTION OF INDIA

                            (Appendix I)

1            2            3           4            5          6

107.    Chhoto          148        Bhurungamari     Dinhata         35.74
        Garaljhora I
108.    1 chhit  without                Patgram     Mathabhanga      3.5
      name & JL No.
         at  the  southern
       and of JL No. 38
    & southern and
        of  JL  No.  39
        (locally  known
        as Ashokabari *)


                     Enclaves with Fragmented Chhits
109.      (i) Bewladanga    34          Haldibari     Boda             862.46
           (ii) Bewladanga   Fragment   Haldibari      Debiganj
110.      (i) Kotbhajni     2           Haldibari      Debiganj        2012.27
          (ii) Kotbhajni     Fragment   Haldibari      Debiganj
           (iii) Kotbhajni     Fragment   Haldibari      Debiganj
         (iv) Kotbhajni     Fragment   Haldibari      Debiganj
111.      (i) Dahala         Khagrabri   Haldibari      Debiganj        2650.35
          (ii) Dahala        Fragment   Haldibari      Debiganj
           (iii) Dahala       Fragment   Haldibari      Debiganj
         (iv) Dahala       Fragment   Haldibari      Debiganj

______________________________________________
  Corrected vide 150th (54th) India-Bangladesh Boundary Conference held at Kolkata
  from 29th September to 2nd October, 2002.
 *  Corrected  vide  152nd  (56th)  India-Bangladesh  Boundary  Conference  held  at
  Kochbihar, India from 18th—20th September, 2003."
constitution_of_india-396-fccf1dd27ac4312a,constitution_of_india.pdf,396,,NO_SUPPORTED_QUESTION_PATTERN,"365          THE CONSTITUTION OF INDIA

                            (Appendix I)

1            2            3           4            5         6
        (v) Dahala        Fragment       Haldibari     Debiganj

         (vi) Dahala       Fragment       Haldibari     Debiganj

                                                                         17160.63

     The above given details of enclaves have been jointly compared and
reconciled  with  records  held by  India and Bangladesh  during  the  Indo-
Bangladesh Conference held at Calcutta during 9th—12th October, 1996 as well as
during joint field inspection at Jalpaiguri (West Bengal) Panchagarh (Bangladesh)
sector during 21—24 November, 1996.

      Note: Name of enclave in  Sl. No. 108 above has been identified as
Ashokabari by joint ground verification during field season 1996-97.


Brig. J.R. Peter                             Md. Shafi Uddin
Director Land Records & Survey              Director-General, Land Records
(Ex-Officio) West Bengal, India &            and Surveys, Bangladesh.
Director, Eastern Circle Survey of
India, Calcutta.

  B. EXCHANGEABLE BANGLADESH ENCLAVES IN INDIA WITH AREA

Sl.    Name of Chhits        Lying  within  Lying  within     J.L.    Area
No.                             Police station   Police station    No.     in
                      W. Bengal     Bangladesh              acres
1              2              3            4            5      6

                   A. Enclaves with independent chhits

1.      Chhit Kuchlibari       Mekliganj     Patgram        22      370.64
2.     Chhit Land of         Mekliganj     Patgram        24      1.83
        Kuchlibari
3.      Balapukhari           Mekliganj     Patgram        21      331.64
4.      Chhit Land of Panbari   Mekliganj     Patgram        20      1.13
       No. 2"
constitution_of_india-397-5e037e8fb28bae60,constitution_of_india.pdf,397,,NO_SUPPORTED_QUESTION_PATTERN,"366          THE CONSTITUTION OF INDIA

                            (Appendix I)

1              2               3            4         5      6
5.      Chhit Panbari         Mekliganj     Patgram        18      108.59
6.      Dhabalsati Mirgipur    Mekliganj     Patgram        15      173.88
7.     Bamandal             Mekliganj     Patgram        11      2.24
8.      Chhit Dhabalsati       Mekliganj     Patgram        14       66.58
9.      Dhabalsati            Mekliganj     Patgram        13       60.45
10.     Srirampur            Mekliganj     Patgram        8       1.05
11.     Jote Nijjama          Mekliganj     Patgram        3        87.54
12.     Chhit Land of         Mathabhanga   Patgram        37       69.84
        Jagatber No. 3
13.     Chhit Land of         Mathabhanga   Patgram        35       30.66
        Jagatber No.1
14.     Chhit Land of         Mathabhanga   Patgram        36       27.09
        Jagatber No. 2
15.     Chhit Kokoabari      Mathabhanga   Patgram        47       29.49
16.     Chhit Bhandardaha    Mathabhanga   Patgram        67       39.96
17.     Dhabalguri           Mathabhanga   Patgram        52      12.5
18.     Chhit Dhabalguri      Mathabhanga   Patgram        53       22.31
19.     Chhit Land of         Mathabhanga   Patgram        70      1.33
        Dhabalguri No. 3
20.     Chhit Land of         Mathabhanga   Patgram        71      4.55
        Dhabalguri No. 4
21.     Chhit Land of         Mathabhanga   Patgram        72      4.12
        Dhabalguri No. 5
22.     Chhit Land of         Mathabhanga   Patgram        68       26.83
        Dhabalguri No. 1
23.     Chhit Land of         Mathabhanga   Patgram        69       13.95
        Dhabalguri No. 2
24.    Mahishmari            Sitalkuchi     Patgram        54      122.77
25.    Bura Saradubi          Sitalkuchi      Hatibandha     13       34.96"
constitution_of_india-398-35879777864a9166,constitution_of_india.pdf,398,,NO_SUPPORTED_QUESTION_PATTERN,"367          THE CONSTITUTION OF INDIA

                            (Appendix I)

1              2               3            4         5      6
26.     Falnapur               Sitalkuchi     Patgram        64      505.56
27.    Amjhol                 Sitalkuchi      Hatibandha     57      1.25
28.    Kismat Batrigachh     Dinhata        Kaliganj        82      209.95
29.    Durgapur             Dinhata        Kaliganj        83       20.96
30.    Bansua Khamar        Dinhata        Lalmonirhat      1        24.54
        Gitaldaha
31.     Poaturkuthi           Dinhata        Lalmonirhat     37      589.94
32.    Paschim Bakalir       Dinhata        Bhurungamari    38      151.98
       Chhara
33.    Madhya Bakalir       Dinhata        Bhurungamari    39     32.72
       Chhara
34.     Purba Bakalir         Dinhata        Bhurungamari    40     12.23
       Chhara
35.    Madhya Masaldanga   Dinhata        Bhurungamari    3      136.66
36.    Madhya Chhit         Dinhata        Bhurungamari    8      11.87
       Masaldanga
37.     Paschim Chhit         Dinhata        Bhurungamari    7        7.6
       Masaldanga
38.     Uttar Masaldanga      Dinhata        Bhurungamari    2      27.29
39.    Kachua               Dinhata        Bhurungamari    5      119.74
40.     Uttar Bansjani         Tufanganj      Bhurungamari    1      47.17
41.     Chhat Tilai           Tufanganj      Bhurungamari    17     81.56

                   B. Enclaves with Fragmented Chhits
42.       (i) Nalgram             Sitalkuchi     Patgarm        65    1397.34
           (ii) Nalgram            Sitalkuchi     Patgarm        65
       (Fragment)
           (iii) Nalgram           Sitalkuchi     Patgarm        65
       (Fragment)"
constitution_of_india-400-56151f4daa30cf23,constitution_of_india.pdf,400,,NO_SUPPORTED_QUESTION_PATTERN,"369          THE CONSTITUTION OF INDIA

                            (Appendix I)



1              2               3            4         5      6
48.      (i) Paschim            Dinhata        Bhurungamari     4     29.49
       Masaldanga
            (ii) Paschim            Dinhata        Bhurungamari     4
       Masaldanga (Fragment)
49.      (i) Purba Chhit         Dinhata        Bhurungamari    10     35.01
       Masaldanga
             (ii) Purba Chhit          Dinhata        Bhurungamari    10
        Masaldanga (Fragment)
50.       (i) Purba Masaldanga   Dinhata        Bhurungamari    11   153.89
           (ii) Purba Masaldanga   Dinhata        Bhurungamari    11
        (Fragment)

51.       (i) Uttar Dhaldanga     Tufanganj      Bhurungamari    14    24.98
           (ii) Uttar Dhaldanga    Tufanganj      Bhurungamari    14
        (Fragment)
            (iii) Uttar Dhaldanga    Tufanganj      Bhurungamari    14
        (Fragment)

        Total Area                                                           7,110.02


     The above given details of enclaves have been jointly compared and
reconciled  with  records  held by  India and Bangladesh  during  the  Indo-
Bangladesh Conference held at Calcutta during 9th—12th October, 1996 as well as
during joint field inspection at Jalpaiguri (West Bengal) – Panchagarh (Bangladesh)
sector during 21—24 November, 1996.


Brig. J.R. Peter                             Md. Shafi Uddin
Director Land Records & Survey              Director General, Land Records
(Ex officio) West Bengal, India &             and Surveys, Bangladesh.
Director, Eastern Circle Survey of
India, Calcutta."
