candidate_id,question,answer,source_filename,page,legal_reference,evidence,question_type,validation_flags,duplicate_flags,review_status,reviewer_decision,reviewer_notes
e56a5ee6449d9576,What does Article 127 state about Appointment of ad hoc Judges?,"(1) If at any time there should
not be a quorum of the Judges of the Supreme Court available to hold or
continue any session of the Court,  1[the National  Judicial Appointments
Commission on a reference made to it by the Chief Justice of India, may with
the previous consent of the President] and after consultation with the Chief
Justice of the High Court concerned, request in writing the attendance at the
sittings of the Court, as an ad hoc Judge, for such period as may be necessary,
of a Judge of a High Court duly qualified for appointment as a Judge of the
Supreme Court to be designated by the Chief Justice of India.",constitution_of_india.pdf,91,Article 127,"127. Appointment of ad hoc Judges.—(1) If at any time there should
not be a quorum of the Judges of the Supreme Court available to hold or
continue any session of the Court,  1[the National  Judicial Appointments
Commission on a reference made to it by the Chief Justice of India, may with
the previous consent of the President] and after consultation with the Chief
Justice of the High Court concerned, request in writing the attendance at the
sittings of the Court, as an ad hoc Judge, for such period as may be necessary,
of a Judge of a High Court duly qualified for appointment as a Judge of the
Supreme Court to be designated by the Chief Justice of India.
       (2) It shall be the duty of the Judge who has been so designated, in
priority to other duties of his office, to attend the sittings of the Supreme Court
at the time and for the period for which his attendance is required, and while so
attending he shall have all the jurisdiction, powers and privileges, and shall
discharge the duties, of a Judge of the Supreme Court.
      128. Attendance  of  retired Judges  at  sittings  of  the Supreme
Court.—Notwithstanding anything in  this Chapter, 2[the National Judicial
Appointments Commission] may at any time, with the previous consent of the
President, request any person who has held the office of a Judge of the
Supreme Court or of the Federal Court 3[or who has held the office of a Judge
of a High Court and  is duly qualified for appointment as a Judge of the
Supreme Court] to sit and act as a Judge of the Supreme Court, and every such
person so requested shall, while so sitting and acting, be entitled to such
allowances  as  the  President may by  order  determine and have  all  the
jurisdiction, powers and privileges of, but shall not otherwise be deemed to be,
a Judge of that Court:

______________________________________________
1. Subs. by the Constitution (Ninety-ninth Amendment) Act, 2014, s. 4,  for ""the Chief
   Justice of India may, with the previous consent of the President"" (w.e.f. 13-4-2015).
   This amendment has been struck down by the Supreme Court in the case of Supreme
  Court Advocates-on-Record  Association and  another  vs. Union  of  India  in  its
  judgment dated 16-10-2015, AIR 2016 SC 117.
2. Subs. by s. 5, ibid., for ""the Chief Justice of India"" (w.e.f. 13-4-2015). This amendment
   has been struck down by the Supreme Court in the case of Supreme Court Advocates-
  on-Record Association and another Vs. Union of India in its judgment dated 16-10-
  2015, AIR 2016 SC 117.
3. Ins. by the Constitution (Fifteenth Amendment) Act, 1963, s. 3 (w.e.f. 5-10-1963).",direct_factual,,,PENDING_HUMAN_REVIEW,,
ea2b2954215e3081,"According to the passage, what happens if it considers necessary?","if it considers necessary, by notification, designate
of any        any statutory authority or body to exercise the powers and perform the functions of the
statutory       Central Authority referred to in section 10.",consumer_protection_act_2019.pdf,16,,"16           THE GAZETTE OF INDIA EXTRAORDINARY         [PART II—


Designation          23. The Central Government may, if it considers necessary, by notification, designate
of any        any statutory authority or body to exercise the powers and perform the functions of the
statutory       Central Authority referred to in section 10.authority or
body to
function as
Central
Authority.

Appeal.             24. A person aggrieved by any order passed by the Central Authority under
               sections 20 and 21 may file an appeal to the National Commission within a period of thirty
             days from the date of receipt of such order.

Grants by            25. The Central Government may, after due appropriation made by Parliament by law in
Central         this behalf, make to the Central Authority grants of such sums of money as that Government
Government.          may think fit for being utilised for the purposes of this Act.

Accounts and         26. (1) The Central Authority shall maintain proper accounts and other relevant records
audit.         and prepare an annual statement of accounts in such form and manner as may be prescribed
                in consultation with the Comptroller and Auditor-General of India.

                      (2) The accounts of the Central Authority shall be audited by the Comptroller and
              Auditor-General of India at such intervals as may be specified by him and any expenditure
              incurred in connection with such audit shall be payable by the Central Authority to the
              Comptroller and Auditor-General of India.

                      (3) The Comptroller and Auditor-General of India or any other person appointed by
            him in connection with the audit of the accounts of the Central Authority shall have the same
                rights, privileges and authority in connection with such audit as the Comptroller and
              Auditor-General of India generally has, in connection with the audit of the Government
              accounts and, in particular, shall have the right to demand the production of books, accounts,
             connected vouchers and other documents and papers and to inspect any of the offices of
               the Central Authority.

                     (4) The accounts of the Central Authority as certified by the Comptroller and
              Auditor-General of India or any other person appointed by him in this behalf together with
               the audit report thereon shall be forwarded annually to the Central Government which shall
              cause the same to be laid before each House of Parliament.

Furnishing of         27. (1) The Central Authority shall prepare once in every year, in such form, manner
annual        and at such time as may be prescribed, an annual report giving full account of its activities
reports, etc.
              during the previous year and such other reports and returns, as may be directed, and copies
              of such report and returns shall be forwarded to the Central Government.

                      (2) A copy of the annual report received under sub-section (1) shall be laid, as soon as
          may be after it is received, before each House of Parliament.

                                   CHAPTER IV

                                 CONSUMER DISPUTES REDRESSAL COMMISSION

Establishment        28. (1) The State Government shall, by notification, establish a District Consumer
of District      Disputes Redressal Commission, to be known as the District Commission, in each district of
Consumer
Disputes        the State:
Redressal                   Provided that the State Government may, if it deems fit, establish more than oneCommission.
                District Commission in a district.
                      (2) Each District Commission shall consist of—
                            (a) a President; and
                            (b) not less than two and not more than such number of members as may be
                     prescribed, in consultation with the Central Government.",scenario,,,PENDING_HUMAN_REVIEW,,
979c6fe811670522,How does the Act define Scheduled Castes?,"(24) “Scheduled Castes” means such castes, races or tribes or
       parts of or groups within such castes, races or tribes as are deemed under
       article 341 to be Scheduled Castes for the purposes of this Constitution;",constitution_of_india.pdf,256,,"225          THE CONSTITUTION OF INDIA

                               (Part XIX.—MISCELLANEOUS)

             (16) “Part” means a Part of this Constitution;
             (17) “pension” means a pension, whether contributory or not, of
     any kind whatsoever payable to or in respect of any person, and includes
       retired pay so payable; a gratuity so payable and any sum or sums so
      payable by way of the return, with or without interest thereon or any
      other addition thereto, of subscriptions to a provident fund;
             (18) “Proclamation of Emergency” means a Proclamation issued
      under clause (1) of article 352;
             (19) “public notification” means a notification in the Gazette of
       India, or, as the case may be, the Official Gazette of a State;
             (20) “railway” does not include—
                 (a) a tramway wholly within a municipal area; or
                 (b) any other line of communication wholly situate in one State
           and declared by Parliament by law not to be a railway;
             1[(21)*               *               *                *]
             2[(22) “Ruler” means the Prince, Chief or other person who, at any
      time  before  the commencement  of  the  Constitution  (Twenty-sixth
     Amendment) Act, 1971, was recognised by the President as the Ruler of
     an  Indian  State  or  any  person  who,  at  any  time  before  such
     commencement, was recognised by the President as the successor of
      such Ruler;]
             (23) “Schedule” means a Schedule to this Constitution;
             (24) “Scheduled Castes” means such castes, races or tribes or
       parts of or groups within such castes, races or tribes as are deemed under
       article 341 to be Scheduled Castes for the purposes of this Constitution;
             (25) “Scheduled Tribes” means such tribes or tribal communities
      or parts of or groups within such tribes or tribal communities as are
     deemed under article 342 to be Scheduled Tribes for the purposes of this
       Constitution;
______________________________________________
1. Cl. (21) omitted by the Constitution (Seventh Amendment) Act, 1956, s. 29 and Sch.
   (w.e.f. 1-11-1956).
2. Subs. by the Constitution (Twenty-sixth Amendment) Act, 1971, s. 4 (w.e.f. 28-12-1971).",definition,,,PENDING_HUMAN_REVIEW,,
786eaa28e579d59d,How does the Act define e-commerce?,"(16) ""e-commerce"" means buying or selling of goods or services including
       digital products over digital or electronic network;",consumer_protection_act_2019.pdf,4,,"4            THE GAZETTE OF INDIA EXTRAORDINARY         [PART II—


                        (iii) the right to be assured, wherever possible, access to a variety of
           goods, products or services at competitive prices;

                     (iv) the right to be heard and to be assured that consumer's interests will
            receive due consideration at appropriate fora;

                    (v) the right to seek redressal against unfair trade practice or restrictive
            trade practices or unscrupulous exploitation of consumers; and

                     (vi) the right to consumer awareness;

           (10) ""defect"" means any fault, imperfection or shortcoming in the quality,
      quantity, potency, purity or standard which is required to be maintained by or under
     any law for the time being in force or under any contract, express or implied or as is
     claimed by the trader in any manner whatsoever in relation to any goods or product
     and the expression ""defective"" shall be construed accordingly;

            (11) ""deficiency"" means any fault, imperfection, shortcoming or inadequacy in
      the quality, nature and manner of performance which is required to be maintained by or
     under any law for the time being in force or has been undertaken to be performed by a
     person in pursuance of a contract or otherwise in relation to any service and includes—

                       (i) any act of negligence or omission or commission by such person which
           causes loss or injury to the consumer; and

                        (ii) deliberate withholding of relevant information by such person to the
          consumer;

            (12) ""design"", in relation to a product, means the intended or known physical
     and material characteristics of such product and includes any intended or known
     formulation or content of such product and the usual result of the intended
     manufacturing or other process used to produce such product;

            (13) ""direct selling"" means marketing, distribution and sale of goods or provision
      of services through a network of sellers, other than through a permanent retail location;

           (14) ""Director-General"" means the Director-General appointed under
      sub-section (2) of section 15;

            (15) ""District Commission"" means a District Consumer Disputes Redressal
     Commission established under sub-section (1) of section 28;

            (16) ""e-commerce"" means buying or selling of goods or services including
       digital products over digital or electronic network;

            (17) ""electronic service provider"" means a person who provides technologies
      or processes to enable a product seller to engage in advertising or selling goods or
      services to a consumer and includes any online market place or online auction sites;

            (18) ""endorsement"", in relation to an advertisement, means—

                       (i) any message, verbal statement, demonstration; or

                        (ii) depiction of the name, signature, likeness or other identifiable personal
             characteristics of an individual; or

                        (iii) depiction of the name or seal of any institution or organisation,

which makes the consumer to believe that it reflects the opinion, finding or experience of the
person making such endorsement;

           (19) ""establishment"" includes an advertising agency, commission agent,
      manufacturing, trading or any other commercial agency which carries on any business,
      trade or profession or any work in connection with or incidental or ancillary to any",definition,,,PENDING_HUMAN_REVIEW,,
dfb9cfb673807a74,What procedure or remedy does the passage describe?,"Appellate jurisdiction of the Supreme Court in appeals from
          High Courts in certain cases.",constitution_of_india.pdf,11,,"(viii)                            Contents

ARTICLES

  115.      Supplementary, additional or excess grants.
  116.     Votes on account, votes of credit and exceptional grants.
  117.      Special provisions as to financial Bills.
                           Procedure Generally
  118.     Rules of procedure.
  119.      Regulation by law of procedure in Parliament in relation to
             financial business.
  120.     Language to be used in Parliament.
  121.      Restriction on discussion in Parliament.
  122.      Courts not to inquire into proceedings of Parliament.
           CHAPTER III.  LEGISLATIVE POWERS OF THE
                          PRESIDENT
  123.     Power of President to promulgate Ordinances during recess of
            Parliament.
              CHAPTER IV.  THE UNION JUDICIARY
  124.     Establishment and constitution of the Supreme Court.
  124A.    National Judicial Appointments Commission.
  124B.    Functions of Commission.
  124C.   Power of Parliament to make law.
  125.      Salaries, etc., of Judges.
  126.     Appointment of acting Chief Justice.
  127.     Appointment of ad hoc Judges.
  128.     Attendance of retired Judges at sittings of the Supreme Court.
  129.    Supreme Court to be a court of record.
  130.     Seat of Supreme Court.
  131.     Original jurisdiction of the Supreme Court.
 [131A.    Exclusive jurisdiction of the Supreme Court in regard to questions
            as to constitutional validity of Central laws.  Omitted.]
  132.     Appellate jurisdiction of the Supreme Court in appeals from
          High Courts in certain cases.
  133.     Appellate jurisdiction of the Supreme Court in appeals from
          High Courts in regard to civil matters.
  134.     Appellate jurisdiction of the Supreme Court in regard to criminal
             matters.",procedure_remedy,,,PENDING_HUMAN_REVIEW,,
6643eb4c0c281e66,"According to the passage, what happens if it is satisfied that there was sufficient cause for not filing it within that period: Provided further that no appeal by a person?","if it is satisfied that there was sufficient cause for not filing it within
                that period:

                   Provided further that no appeal by a person, who is required to pay any amount in
              terms of an order of the District Commission, shall be entertained by the State Commission
              unless the appellant has deposited fifty per cent.",consumer_protection_act_2019.pdf,22,,"22           THE GAZETTE OF INDIA EXTRAORDINARY         [PART II—


                                  (l) to issue corrective advertisement to neutralise the effect of misleading
                    advertisement at the cost of the opposite party responsible for issuing such misleading
                    advertisement;

                       (m) to provide for adequate costs to parties; and

                            (n) to cease and desist from issuing any misleading advertisement.

                      (2) Any amount obtained under sub-section (1) shall be credited to such fund and
                utilised in such manner as may be prescribed.

                      (3) In any proceeding conducted by the President and a member and if they differ on
             any point or points, they shall state the point or points on which they differ and refer the
            same to another member for hearing on such point or points and the opinion of the majority
                shall be the order of the District Commission:

                   Provided that the other member shall give his opinion on such point or points referred
               to him within a period of one month from the date of such reference.

                      (4) Every order made by the District Commission under sub-section (1) shall be signed
            by the President and the member who conducted the proceeding:

                   Provided that where the order is made as per majority opinion under sub-section (3),
             such order shall also be signed by the other member.

Review by            40. The District Commission shall have the power to review any of the order passed
District       by it if there is an error apparent on the face of the record, either of its own motion or on an
Commission    application made by any of the parties within thirty days of such order.
in certain
cases.

Appeal              41. Any person aggrieved by an order made by the District Commission may prefer an
against order    appeal against such order to the State Commission on the grounds of facts or law within a
of District      period of forty-five days from the date of the order, in such form and manner, as may be
Commission.
               prescribed:

                   Provided that the State Commission may entertain an appeal after the expiry of the said
              period of forty-five days, if it is satisfied that there was sufficient cause for not filing it within
                that period:

                   Provided further that no appeal by a person, who is required to pay any amount in
              terms of an order of the District Commission, shall be entertained by the State Commission
              unless the appellant has deposited fifty per cent. of that amount in the manner as may be
               prescribed:

                   Provided also that no appeal shall lie from any order passed under sub-section (1) of
              section 81 by the District Commission pursuant to a settlement by mediation under
               section 80.

Establishment        42. (1) The State Government shall, by notification, establish a State Consumer
of State        Disputes Redressal Commission, to be known as the State Commission, in the State.
Consumer
Disputes              (2) The State Commission shall ordinarily function at the State capital and perform its
Redressal       functions at such other places as the State Government may in consultation with the State
Commission.
            Commission notify in the Official Gazette:

                   Provided that the State Government may, by notification, establish regional benches
              of the State Commission, at such places, as it deems fit.

                      (3) Each State Commission shall consist of—

                            (a) a President; and

                            (b) not less than four or not more than such number of members as may be
                    prescribed in consultation with the Central Government.",scenario,,,PENDING_HUMAN_REVIEW,,
c1aa30f9d89d50e5,What does the provision state the State shall not do?,"the Legislature of a State shall not
      have, power to make laws—
                 (i) with respect to any of the matters which under clause (3) of
           article 16, clause (3) of article 32, article 33 and article 34 may be
         provided for by law made by Parliament;",constitution_of_india.pdf,51,Article 35,"35.  Legislation to give  effect to the provisions of  this Part.—
Notwithstanding anything in this Constitution,—
          (a) Parliament shall have, and the Legislature of a State shall not
      have, power to make laws—
                 (i) with respect to any of the matters which under clause (3) of
           article 16, clause (3) of article 32, article 33 and article 34 may be
         provided for by law made by Parliament; and
                 (ii) for prescribing punishment for those acts which are declared
          to be offences under this Part,
     and Parliament shall, as soon as may be after the commencement of this
       Constitution, make laws for prescribing punishment for the acts referred
       to in sub-clause (ii);
          (b) any law in force immediately before the commencement of this
      Constitution in the territory of India with respect to any of the matters
       referred to in sub-clause (i) of clause (a) or providing for punishment for
     any act referred to in sub-clause (ii) of that clause shall, subject to the
      terms thereof and to any adaptations and modifications that may be made
       therein under article 372, continue in force until altered or repealed or
     amended by Parliament.
      Explanation.—In this article, the expression ""law in force'' has the same
meaning as in article 372.",rights_duties,,,PENDING_HUMAN_REVIEW,,
8cfb200fc613a875,How does the Act define product?,"(33) ""product"" means any article or goods or substance or raw material or any
     extended cycle of such product, which may be in gaseous, liquid, or solid state
      possessing intrinsic value which is capable of delivery either as wholly assembled or
      as a component part and is produced for introduction to trade or commerce, but does
      not include human tissues, blood, blood products and organs;",consumer_protection_act_2019.pdf,6,,"6            THE GAZETTE OF INDIA EXTRAORDINARY         [PART II—


            (30) ""notification"" means a notification published in the Official Gazette and the
     term ""notify"" shall be construed accordingly;

            (31) ""person"" includes—

                       (i) an individual;

                        (ii) a firm whether registered or not;

                        (iii) a Hindu undivided family;

                     (iv) a co-operative society;

                   (v) an association of persons whether registered under the Societies
            Registration Act, 1860 or not;                                                 21 of 1860.

                   (vi) any corporation, company or a body of individuals whether
            incorporated or not;

                      (vii) any artificial juridical person, not falling within any of the preceding
           sub-clauses;

            (32) ""prescribed"" means prescribed by rules made by the Central Government,
       or, as the case may be, the State Government;

            (33) ""product"" means any article or goods or substance or raw material or any
     extended cycle of such product, which may be in gaseous, liquid, or solid state
      possessing intrinsic value which is capable of delivery either as wholly assembled or
      as a component part and is produced for introduction to trade or commerce, but does
      not include human tissues, blood, blood products and organs;

            (34) ""product liability"" means the responsibility of a product manufacturer or
      product seller, of any product or service, to compensate for any harm caused to a
     consumer by such defective product manufactured or sold or by deficiency in services
      relating thereto;

            (35) ""product liability action"" means a complaint filed by a person before a
       District Commission or State Commission or National Commission, as the case may be,
      for claiming compensation for the harm caused to him;

            (36) ""product manufacturer"" means a person who—

                       (i) makes any product or parts thereof; or

                        (ii) assembles parts thereof made by others; or

                        (iii) puts or causes to be put his own mark on any products made by any
            other person; or

                    (iv) makes a product and sells, distributes, leases, installs, prepares,
           packages, labels, markets, repairs, maintains such product or is otherwise involved
            in placing such product for commercial purpose; or

                   (v) designs, produces, fabricates, constructs or re-manufactures any
           product before its sale; or

                     (vi) being a product seller of a product, is also a manufacturer of such
           product;

            (37) ""product seller"", in relation to a product, means a person who, in the course
      of business, imports, sells, distributes, leases, installs, prepares, packages, labels,
      markets, repairs, maintains, or otherwise is involved in placing such product for
     commercial purpose and includes—

                       (i) a manufacturer who is also a product seller; or",definition,,,PENDING_HUMAN_REVIEW,,
7c70beac21aba4f8,What condition or exception does the passage state?,if a Proclamation of Emergency is in operation.,constitution_of_india.pdf,20,,"(xvii)                            Contents

ARTICLES

                    PART XI
         RELATIONS BETWEEN THE UNION AND THE
                       STATES
            CHAPTER I.  LEGISLATIVE RELATIONS
                       Distribution of Legislative Powers
  245.      Extent of laws made by Parliament and by the Legislatures of
             States.
  246.      Subject-matter  of  laws made  by  Parliament  and  by  the
            Legislatures of States.
  246A.    Special provision with respect to goods and services tax.
  247.     Power of Parliament to provide for the establishment of certain
             additional courts.
  248.     Residuary powers of legislation.
  249.     Power of Parliament to legislate with respect to a matter in the
            State List in the national interest.
  250.     Power of Parliament to legislate with respect to any matter in the
            State List if a Proclamation of Emergency is in operation.
  251.      Inconsistency between laws made by Parliament under articles
          249 and 250 and laws made by the Legislatures of States.
  252.     Power of Parliament to legislate for two or more States by
           consent and adoption of such legislation by any other State.
  253.      Legislation for giving effect to international agreements.
  254.      Inconsistency between laws made by Parliament and laws made
          by the Legislatures of States.
  255.     Requirements as to recommendations and previous sanctions to
           be regarded as matters of procedure only.
           CHAPTER II.   ADMINISTRATIVE RELATIONS
                               General
  256.      Obligation of States and the Union.
  257.      Control of the Union over States in certain cases.
 [257A.    Assistance to States by deployment of armed forces or other
            forces of the Union.  Omitted.]
  258.     Power of the Union to confer powers, etc., on States in certain
             cases.",condition_exception,,,PENDING_HUMAN_REVIEW,,
ed16679b96a7d216,"According to the passage, what happens if the opposite party on receipt of a complaint referred to him under clause (a) denies or disputes the allegations contained in the complaint?","if the opposite party on receipt of a complaint referred to him under clause (a)
      denies or disputes the allegations contained in the complaint, or omits or fails to take
     any action to represent his case within the time given by the District Commission,
     proceed to settle the consumer dispute in the manner specified in clauses (c) to (g);",consumer_protection_act_2019.pdf,19,,"SEC. 1]         THE GAZETTE OF INDIA EXTRAORDINARY              19


matter for mediation, and in such case, the provisions of Chapter V, relating to mediation,
shall apply.

      38. (1) The District Commission shall, on admission of a complaint, or in respect of   Procedure on
cases referred for mediation on failure of settlement by mediation, proceed with such   admission of
complaint.                                                                                       complaint.

      (2) Where the complaint relates to any goods, the District Commission shall,—

             (a) refer a copy of the admitted complaint, within twenty-one days from the date
      of its admission to the opposite party mentioned in the complaint directing him to give
      his version of the case within a period of thirty days or such extended period not
     exceeding fifteen days as may be granted by it;

             (b) if the opposite party on receipt of a complaint referred to him under clause (a)
      denies or disputes the allegations contained in the complaint, or omits or fails to take
     any action to represent his case within the time given by the District Commission,
     proceed to settle the consumer dispute in the manner specified in clauses (c) to (g);

             (c) if the complaint alleges a defect in the goods which cannot be determined
      without proper analysis or test of the goods, obtain a sample of the goods from the
      complainant, seal it and authenticate it in the manner as may be prescribed and refer
      the sample so sealed to the appropriate laboratory along with a direction that such
      laboratory to make an analysis or test, whichever may be necessary, with a view to
      finding out whether such goods suffer from any defect alleged in the complaint or
     from any other defect and to report its findings thereon to the District Commission
      within a period of forty-five days of the receipt of the reference or within such extended
      period as may be granted by it;

             (d) before any sample of the goods is referred to any appropriate laboratory
     under clause (c), require the complainant to deposit to the credit of the Commission
     such fees as may be specified, for payment to the appropriate laboratory for carrying
      out the necessary analysis or test in relation to the goods in question;

             (e) remit the amount deposited to its credit under clause (d) to the appropriate
      laboratory to enable it to carry out the analysis or test mentioned in clause (c) and on
      receipt of the report from the appropriate laboratory, it shall forward a copy of the
      report along with such remarks as it may feel appropriate to the opposite party;

               (f) if any of the parties disputes the correctness of the findings of the appropriate
      laboratory, or disputes the correctness of the methods of analysis or test adopted by
      the appropriate laboratory, require the opposite party or the complainant to submit in
      writing his objections with regard to the report made by the appropriate laboratory;

             (g) give a reasonable opportunity to the complainant as well as the opposite
      party of being heard as to the correctness or otherwise of the report made by the
      appropriate laboratory and also as to the objection made in relation thereto under
      clause (f) and issue an appropriate order under section 39.

      (3) The District Commission shall, if the complaint admitted by it under sub-section (2)
of section 36 relates to goods in respect of which the procedure specified in sub-section (2)
cannot be followed, or if the complaint relates to any services,—

             (a) refer a copy of such complaint to the opposite party directing him to give his
      version of the case within a period of thirty days or such extended period not exceeding
      fifteen days as may be granted by the District Commission;

             (b) if the opposite party, on receipt of a copy of the complaint, referred to him
     under clause (a) denies or disputes the allegations contained in the complaint, or
     omits or fails to take any action to represent his case within the time given by the
      District Commission, it shall proceed to settle the consumer dispute—",scenario,,,PENDING_HUMAN_REVIEW,,
35b552a11159d139,What comparison does the passage explicitly make?,"The Constitution (Application  to Jammu and Kashmir)
Order, 2019 and the declaration under article 370(3) of the
Constitution have been provided respectively in Appendix II and
Appendix III for reference.",constitution_of_india.pdf,2,,"PREFACE

     This is the  sixth  pocket size edition of the Constitution of
India  in  the  diglot  form.  In  this  edition,  the  text  of  the
Constitution  of  India  has  been  brought  up-to-date  by
incorporating therein all the amendments up to the Constitution
(One Hundred and Sixth Amendment) Act, 2023. The foot notes
below the  text indicate the Constitution Amendment Acts by
which such amendments have been made.

    The Constitution (One Hundredth Amendment) Act, 2015
containing  details  of  acquired  and  transferred  territories
between the Governments of India and Bangladesh has been
provided in Appendix I.

    The Constitution (Application  to Jammu and Kashmir)
Order, 2019 and the declaration under article 370(3) of the
Constitution have been provided respectively in Appendix II and
Appendix III for reference.



New Delhi;                              Dr. Rajiv Mani,
1st May, 2024                         Secretary to the Government of India.",comparison,,,PENDING_HUMAN_REVIEW,,
abd04090ff1936c3,How does Section 2(4) define Central Authority?,"(4) ""Central Authority"" means the Central Consumer Protection Authority
                     established under section 10;",consumer_protection_act_2019.pdf,2,Section 2(4),"2. In this Act, unless the context otherwise requires,—

                           (1) ""advertisement"" means any audio or visual publicity, representation,
                  endorsement or pronouncement made by means of light, sound, smoke, gas, print,
                     electronic media, internet or website and includes any notice, circular, label, wrapper,
                    invoice or such other documents;

                            (2) ""appropriate laboratory"" means a laboratory or an organisation—

                                          (i) recognised by the Central Government; or

                                           (ii) recognised by a State Government, subject to such guidelines as may
                       be issued by the Central Government in this behalf; or

                                            (iii) established by or under any law for the time being in force, which is
                          maintained, financed or aided by the Central Government or a State Government
                            for carrying out analysis or test of any goods with a view to determining whether
                        such goods suffer from any defect;

                            (3) ""branch office"" means—

                                           (i) any office or place of work described as a branch by the establishment; or

                                           (ii) any establishment carrying on either the same or substantially the
                     same activity carried on by the head office of the establishment;

                           (4) ""Central Authority"" means the Central Consumer Protection Authority
                     established under section 10;

                            (5) ""complainant"" means—

                                          (i) a consumer; or

                                           (ii) any voluntary consumer association registered under any law for the
                        time being in force; or

                                            (iii) the Central Government or any State Government; or

                                      (iv) the Central Authority; or

                                    (v) one or more consumers, where there are numerous consumers having
                           the same interest; or

                                      (vi) in case of death of a consumer, his legal heir or legal representative; or

                                        (vii) in case of a consumer being a minor, his parent or legal guardian;

                            (6) ""complaint"" means any allegation in writing, made by a complainant for
                    obtaining any relief provided by or under this Act, that—

                                          (i) an unfair contract or unfair trade practice or a restrictive trade practice
                        has been adopted by any trader or service provider;

                                           (ii) the goods bought by him or agreed to be bought by him suffer from
                      one or more defects;

                                            (iii) the services hired or availed of or agreed to be hired or availed of by
                     him suffer from any deficiency;

                                      (iv) a trader or a service provider, as the case may be, has charged for the
                       goods or for the services mentioned in the complaint, a price in excess of the
                      price—

                                         (a) fixed by or under any law for the time being in force; or",definition,,,PENDING_HUMAN_REVIEW,,
a1054941f237ea42,"What does Article 243H state about Powers to impose taxes by, and Funds of, the Panchayats?","The Legislature of a State may, by law,—
           (a) authorise a Panchayat to levy, collect and appropriate such taxes,
       duties, tolls and fees in accordance with such procedure and subject to
      such limits;
           (b) assign to a Panchayat such taxes, duties, tolls and fees levied and
       collected by the State Government for such purposes and subject to such
      conditions and limits;
            (c) provide for making such grants-in-aid to the Panchayats from the
      Consolidated Fund of the State; and
           (d) provide for constitution of such Funds for crediting all moneys
       received, respectively, by or on behalf of the Panchayats and also for the
      withdrawal of such moneys therefrom,
as may be specified in the law.",constitution_of_india.pdf,154,Article 243H,"243H. Powers to impose taxes by, and Funds of, the Panchayats.—
The Legislature of a State may, by law,—
           (a) authorise a Panchayat to levy, collect and appropriate such taxes,
       duties, tolls and fees in accordance with such procedure and subject to
      such limits;
           (b) assign to a Panchayat such taxes, duties, tolls and fees levied and
       collected by the State Government for such purposes and subject to such
      conditions and limits;
            (c) provide for making such grants-in-aid to the Panchayats from the
      Consolidated Fund of the State; and
           (d) provide for constitution of such Funds for crediting all moneys
       received, respectively, by or on behalf of the Panchayats and also for the
      withdrawal of such moneys therefrom,
as may be specified in the law.
      243I.  Constitution  of Finance Commission  to review  financial
position.—(1) The Governor of a State shall, as soon as may be within one
year from the commencement of the Constitution (Seventy-third Amendment)
Act, 1992, and thereafter at the expiration of every fifth year, constitute a
Finance Commission to review the financial position of the Panchayats and to
make recommendations to the Governor as to—
          (a) the principles which should govern—
                     (i) the distribution between the State and the Panchayats of the
             net proceeds of the taxes, duties, tolls and fees leviable by the
              State, which may be divided between them under this Part and the
             allocation between the Panchayats at all levels of their respective
             shares of such proceeds;",direct_factual,,,PENDING_HUMAN_REVIEW,,
d8f62501cf2dc57e,"According to the passage, what happens if mediation. it appears to the District Commission that there exists elements of a settlement which may be acceptable to the parties?","if
mediation.        it appears to the District Commission that there exists elements of a settlement which may be
              acceptable to the parties, except in such cases as may be prescribed, it may direct the parties
               to give in writing, within five days, consent to have their dispute settled by mediation in
             accordance with the provisions of Chapter V.",consumer_protection_act_2019.pdf,18,,"18           THE GAZETTE OF INDIA EXTRAORDINARY         [PART II—


                      (3) The District Commission shall ordinarily function in the district headquarters and
          may perform its functions at such other place in the district, as the State Government may, in
               consultation with the State Commission, notify in the Official Gazette from time to time.

Manner in            35. (1) A complaint, in relation to any goods sold or delivered or agreed to be sold or
which          delivered or any service provided or agreed to be provided, may be filed with a District
complaint
shall be made.  Commission by—
                            (a) the consumer,—

                                          (i) to whom such goods are sold or delivered or agreed to be sold or
                          delivered or such service is provided or agreed to be provided; or

                                           (ii) who alleges unfair trade practice in respect of such goods or service;

                            (b) any recognised consumer association, whether the consumer to whom such
                  goods are sold or delivered or agreed to be sold or delivered or such service is provided
                    or agreed to be provided, or who alleges unfair trade practice in respect of such goods
                    or service, is a member of such association or not;

                             (c) one or more consumers, where there are numerous consumers having the
                same interest, with the permission of the District Commission, on behalf of, or for the
                     benefit of, all consumers so interested; or

                            (d) the Central Government, the Central Authority or the State Government, as
                     the case may be:

                   Provided that the complaint under this sub-section may be filed electronically in such
            manner as may be prescribed.

                 Explanation.—For the purposes of this sub-section, ""recognised consumer
               association"" means any voluntary consumer association registered under any law for the
              time being in force.

                      (2) Every complaint filed under sub-section (1) shall be accompanied with such fee
             and payable in such manner, including electronic form, as may be prescribed.

Proceedings          36. (1) Every proceeding before the District Commission shall be conducted by the
before         President of that Commission and atleast one member thereof, sitting together:
District
Commission.         Provided that where a member, for any reason, is unable to conduct a proceeding till it
                  is completed, the President and the other member shall continue the proceeding from the
               stage at which it was last heard by the previous member.

                      (2) On receipt of a complaint made under section 35, the District Commission may, by
                order, admit the complaint for being proceeded with or reject the same:

                   Provided that a complaint shall not be rejected under this section unless an opportunity
              of being heard has been given to the complainant:

                   Provided further that the admissibility of the complaint shall ordinarily be decided
              within twenty-one days from the date on which the complaint was filed.

                      (3) Where the District Commission does not decide the issue of admissibility of the
              complaint within the period so specified, it shall be deemed to have been admitted.

Reference to          37. (1) At the first hearing of the complaint after its admission, or at any later stage, if
mediation.        it appears to the District Commission that there exists elements of a settlement which may be
              acceptable to the parties, except in such cases as may be prescribed, it may direct the parties
               to give in writing, within five days, consent to have their dispute settled by mediation in
             accordance with the provisions of Chapter V.

                      (2) Where the parties agree for settlement by mediation and give their consent in
               writing, the District Commission shall, within five days of receipt of such consent, refer the",scenario,,,PENDING_HUMAN_REVIEW,,
69bc916fc3e678fe,"What right, duty, or requirement does the passage state?","Right to Freedom of Religion

  25.",constitution_of_india.pdf,5,,"(ii)                              Contents

ARTICLES

                     PART III

               FUNDAMENTAL RIGHTS
                               General
  12.        Definition.
  13.      Laws inconsistent with or in derogation of the fundamental
              rights.
                                   Right to Equality
  14.       Equality before law.
  15.       Prohibition of discrimination on grounds of religion, race, caste,
           sex or place of birth.
  16.       Equality of opportunity in matters of public employment.
  17.       Abolition of Untouchability.
  18.       Abolition of titles.
                            Right to Freedom

  19.       Protection of certain rights regarding freedom of speech, etc.
  20.       Protection in respect of conviction for offences.
  21.       Protection of life and personal liberty.
  21A.     Right to education.
  22.       Protection against arrest and detention in certain cases.

                        Right against Exploitation

  23.       Prohibition of traffic in human beings and forced labour.
  24.       Prohibition of employment of children in factories, etc.

                      Right to Freedom of Religion

  25.      Freedom  of  conscience  and  free  profession,  practice  and
            propagation of religion.
  26.      Freedom to manage religious affairs.
  27.      Freedom as to payment of taxes for promotion of any particular
             religion.
  28.      Freedom as to attendance at religious instruction or religious
           worship in certain educational institutions.",rights_duties,,,PENDING_HUMAN_REVIEW,,
70daeb6de3f1216e,How does the Act define manufacturer had employed reasonable?,"manufacturer had employed reasonable means to give the warnings or instructions for
                   usage of such product to such expert or class of experts;",consumer_protection_act_2019.pdf,32,,"32           THE GAZETTE OF INDIA EXTRAORDINARY         [PART II—


                      (2) A product manufacturer shall be liable in a product liability action even if he proves
                that he was not negligent or fraudulent in making the express warranty of a product.

Liability of           85. A product service provider shall be liable in a product liability action, if—
product
service                      (a) the service provided by him was faulty or imperfect or deficient or inadequate
provider.              in quality, nature or manner of performance which is required to be provided by or
                   under any law for the time being in force, or pursuant to any contract or otherwise; or

                            (b) there was an act of omission or commission or negligence or conscious
                   withholding any information which caused harm; or

                             (c) the service provider did not issue adequate instructions or warnings to
                    prevent any harm; or

                            (d) the service did not conform to express warranty or the terms and conditions
                    of the contract.

Liability of           86. A product seller who is not a product manufacturer shall be liable in a product
product sellers.  liability action, if—

                          (a) he has exercised substantial control over the designing, testing,
                   manufacturing, packaging or labelling of a product that caused harm; or

                            (b) he has altered or modified the product and such alteration or modification
                was the substantial factor in causing the harm; or

                             (c) he has made an express warranty of a product independent of any express
                   warranty made by a manufacturer and such product failed to conform to the express
                   warranty made by the product seller which caused the harm; or

                            (d) the product has been sold by him and the identity of product manufacturer
                    of such product is not known, or if known, the service of notice or process or warrant
                   cannot be effected on him or he is not subject to the law which is in force in India or the
                      order, if any, passed or to be passed cannot be enforced against him; or

                             (e) he failed to exercise reasonable care in assembling, inspecting or maintaining
                  such product or he did not pass on the warnings or instructions of the product
                   manufacturer regarding the dangers involved or proper usage of the product while
                      selling such product and such failure was the proximate cause of the harm.

Exceptions to        87. (1) A product liability action cannot be brought against the product seller if, at the
product        time of harm, the product was misused, altered, or modified.
liability
action.                (2) In any product liability action based on the failure to provide adequate warnings or
                instructions, the product manufacturer shall not be liable, if—

                            (a) the product was purchased by an employer for use at the workplace and the
                   product manufacturer had provided warnings or instructions to such employer;

                            (b) the product was sold as a component or material to be used in another
                    product and necessary warnings or instructions were given by the product manufacturer
                      to the purchaser of such component or material, but the harm was caused to the
                   complainant by use of the end product in which such component or material was
                   used;

                             (c) the product was one which was legally meant to be used or dispensed only
                 by or under the supervision of an expert or a class of experts and the product
                   manufacturer had employed reasonable means to give the warnings or instructions for
                   usage of such product to such expert or class of experts; or

                            (d) the complainant, while using such product, was under the influence of alcohol
                    or any prescription drug which had not been prescribed by a medical practitioner.",definition,,,PENDING_HUMAN_REVIEW,,
73f1e7263eea6a16,What does Article 211 state about Restriction on discussion in the Legislature?,"No discussion
shall take place in the Legislature of a State with respect to the conduct of any
Judge of the Supreme Court or of a High Court in the discharge of his duties.",constitution_of_india.pdf,128,Article 211,"211. Restriction on discussion in the Legislature.—No discussion
shall take place in the Legislature of a State with respect to the conduct of any
Judge of the Supreme Court or of a High Court in the discharge of his duties.",direct_factual,,,PENDING_HUMAN_REVIEW,,
05e3e807159d9670,"According to the passage, what happens if the complainant fails to appear on the date of hearing. (4) For the purposes of sub-sections (2) and (3)?","if the complainant fails to appear on the date
      of hearing.

      (4) For the purposes of sub-sections (2) and (3), the District Commission may, by
order, require an electronic service provider to provide such information, documents or
records, as may be specified in that order.",consumer_protection_act_2019.pdf,20,,"20           THE GAZETTE OF INDIA EXTRAORDINARY         [PART II—


                       (i) on the basis of evidence brought to its notice by the complainant and
            the opposite party, if the opposite party denies or disputes the allegations
           contained in the complaint, or

                      (ii) ex parte on the basis of evidence brought to its notice by the
           complainant, where the opposite party omits or fails to take any action to represent
            his case within the time given by the Commission;

             (c) decide the complaint on merits if the complainant fails to appear on the date
      of hearing.

      (4) For the purposes of sub-sections (2) and (3), the District Commission may, by
order, require an electronic service provider to provide such information, documents or
records, as may be specified in that order.

      (5) No proceedings complying with the procedure laid down in sub-sections (1) and
(2) shall be called in question in any court on the ground that the principles of natural justice
have not been complied with.

      (6) Every complaint shall be heard by the District Commission on the basis of affidavit
and documentary evidence placed on record:

     Provided that where an application is made for hearing or for examination of parties in
person or through video conferencing, the District Commission may, on sufficient cause
being shown, and after recording its reasons in writing, allow the same.

      (7) Every complaint shall be disposed of as expeditiously as possible and endeavour
shall be made to decide the complaint within a period of three months from the date of receipt
of notice by opposite party where the complaint does not require analysis or testing of
commodities and within five months if it requires analysis or testing of commodities:

     Provided that no adjournment shall ordinarily be granted by the District Commission
unless sufficient cause is shown and the reasons for grant of adjournment have been recorded
in writing by the Commission:

     Provided further that the District Commission shall make such orders as to the costs
occasioned by the adjournment as may be specified by regulations:

     Provided also that in the event of a complaint being disposed of after the period so
specified, the District Commission shall record in writing, the reasons for the same at the time
of disposing of the said complaint.

      (8) Where during the pendency of any proceeding before the District Commission, if
it appears necessary, it may pass such interim order as is just and proper in the facts and
circumstances of the case.

      (9) For the purposes of this section, the District Commission shall have the same
powers as are vested in a civil court under the Code of Civil Procedure, 1908 while trying a   5 of 1908.
suit in respect of the following matters, namely:—

             (a) the summoning and enforcing the attendance of any defendant or witness
     and examining the witness on oath;

             (b) requiring the discovery and production of any document or other material
      object as evidence;

             (c) receiving of evidence on affidavits;

             (d) the requisitioning of the report of the concerned analysis or test from the
      appropriate laboratory or from any other relevant source;

             (e) issuing of commissions for the examination of any witness, or document;
     and",scenario,,,PENDING_HUMAN_REVIEW,,
2004747402f14c27,What does Article 22 state about Protection against arrest and detention in certain cases?,"(1) No
person who is arrested shall be detained in custody without being informed, as
soon as may be, of the grounds for such arrest nor shall he be denied the right
to consult, and to be defended by, a legal practitioner of his choice.",constitution_of_india.pdf,42,Article 22,"22. Protection against arrest and detention in certain cases.—(1) No
person who is arrested shall be detained in custody without being informed, as
soon as may be, of the grounds for such arrest nor shall he be denied the right
to consult, and to be defended by, a legal practitioner of his choice.

______________________________________________
1.  Subs. by the Constitution (First Amendment) Act, 1951, s. 3, for certain words
   (w.e.f. 18-6-1951).
2  Ins. by the Constitution (Eighty-sixth Amendment) Act, 2002, s. 2 (w.e.f. 1-4-2010).",direct_factual,,,PENDING_HUMAN_REVIEW,,
c0002d84f6221f4f,How does the Act define consumer?,"(7) ""consumer"" means any person who—

                       (i) buys any goods for a consideration which has been paid or promised
            or partly paid and partly promised, or under any system of deferred payment
          and includes any user of such goods other than the person who buys such
          goods for consideration paid or promised or partly paid or partly promised, or
           under any system of deferred payment, when such use is made with the approval
           of such person, but does not include a person who obtains such goods for
            resale or for any commercial purpose;",consumer_protection_act_2019.pdf,3,,"SEC. 1]         THE GAZETTE OF INDIA EXTRAORDINARY               3


                          (b) displayed on the goods or any package containing such goods; or

                          (c) displayed on the price list exhibited by him by or under any law
                   for the time being in force; or

                         (d) agreed between the parties;

                    (v) the goods, which are hazardous to life and safety when used, are being
            offered for sale to the public—

                         (a) in contravention of standards relating to safety of such goods
                 as required to be complied with, by or under any law for the time being in
                   force;

                         (b) where the trader knows that the goods so offered are unsafe to
                  the public;

                     (vi) the services which are hazardous or likely to be hazardous to life and
            safety of the public when used, are being offered by a person who provides any
            service and who knows it to be injurious to life and safety;

                    (vii) a claim for product liability action lies against the product
           manufacturer, product seller or product service provider, as the case may be;

             (7) ""consumer"" means any person who—

                       (i) buys any goods for a consideration which has been paid or promised
            or partly paid and partly promised, or under any system of deferred payment
          and includes any user of such goods other than the person who buys such
          goods for consideration paid or promised or partly paid or partly promised, or
           under any system of deferred payment, when such use is made with the approval
           of such person, but does not include a person who obtains such goods for
            resale or for any commercial purpose; or

                        (ii) hires or avails of any service for a consideration which has been paid
            or promised or partly paid and partly promised, or under any system of deferred
          payment and includes any beneficiary of such service other than the person
        who hires or avails of the services for consideration paid or promised, or partly
           paid and partly promised, or under any system of deferred payment, when such
            services are availed of with the approval of the first mentioned person, but does
           not include a person who avails of such service for any commercial purpose.

               Explanation.—For the purposes of this clause,—

                         (a) the expression ""commercial purpose"" does not include use by a
                person of goods bought and used by him exclusively for the purpose of
                 earning his livelihood, by means of self-employment;

                         (b) the expressions ""buys any goods"" and ""hires or avails any
                  services"" includes offline or online transactions through electronic means
                 or by teleshopping or direct selling or multi-level marketing;

            (8) ""consumer dispute"" means a dispute where the person against whom a
     complaint has been made, denies or disputes the allegations contained in the complaint;

             (9) ""consumer rights"" includes,—

                       (i) the right to be protected against the marketing of goods, products or
            services which are hazardous to life and property;

                        (ii) the right to be informed about the quality, quantity, potency, purity,
           standard and price of goods, products or services, as the case may be, so as to
            protect the consumer against unfair trade practices;",definition,,,PENDING_HUMAN_REVIEW,,
56c18756cb754597,What does Article 151 state about Audit reports?,"(1) The reports of the Comptroller and Auditor-
General of India relating to the accounts of the Union shall be submitted to the
President, who shall cause them to be laid before each House of Parliament.",constitution_of_india.pdf,100,Article 151,"151. Audit reports.—(1) The reports of the Comptroller and Auditor-
General of India relating to the accounts of the Union shall be submitted to the
President, who shall cause them to be laid before each House of Parliament.
       (2) The reports of the Comptroller and Auditor-General of India relating
to the accounts of a State shall be submitted to the Governor 3*** of the State,
who shall cause them to be laid before the Legislature of the State.





______________________________________________
1. Subs. by the Constitution (Forty-second Amendment) Act, 1976, s. 27, for art.150
   (w.e.f. 1-4-1977).
2. Subs. by the Constitution (Forty-fourth Amendment) Act, 1978,  s. 22, for ""after
   consultation with"" (w.e.f. 20-6-1979).
3. The words ""or Rajpramukh"" omitted by the Constitution (Seventh Amendment)
  Act, 1956, s. 29 and Sch. (w.e.f. 1-11-1956).",direct_factual,,,PENDING_HUMAN_REVIEW,,
50c593c79519232d,"According to the passage, what happens if the Central Authority is of the opinion that it is necessary to impose a penalty in respect of such false or misleading advertisement?","if the Central Authority
                  is of the opinion that it is necessary to impose a penalty in respect of such false or misleading
               advertisement, by a manufacturer or an endorser, it may, by order, impose on manufacturer or
              endorser a penalty which may extend to ten lakh rupees:

                   Provided that the Central Authority may, for every subsequent contravention by a",consumer_protection_act_2019.pdf,14,,"14           THE GAZETTE OF INDIA EXTRAORDINARY         [PART II—


                                   (j) issue safety notices to alert consumers against dangerous or hazardous or
                   unsafe goods or services;

                             (k) advise the Ministries and Departments of the Central and State Governments
                 on consumer welfare measures;

                                  (l) issue necessary guidelines to prevent unfair trade practices and protect
                   consumers' interest.

Power of             19. (1) The Central Authority may, after receiving any information or complaint or
Central         directions from the Central Government or of its own motion, conduct or cause to be conducted
Authority to
refer matter    a preliminary inquiry as to whether there exists a prima facie case of violation of consumer
for             rights or any unfair trade practice or any false or misleading advertisement, by any person,
investigation   which is prejudicial to the public interest or to the interests of consumers and if it is satisfied
or to other      that there exists a prima facie case, it shall cause investigation to be made by the Director-
Regulator.
             General or by the District Collector.

                      (2) Where, after preliminary inquiry, the Central Authority is of the opinion that the
              matter is to be dealt with by a Regulator established under any other law for the time being
               in force, it may refer such matter to the concerned Regulator along with its report.

                      (3) For the purposes of investigation under sub-section (1), the Central Authority, the
             Director General or the District Collector may call upon a person referred to in
               sub-section (1) and also direct him to produce any document or record in his possession.

Power of             20. Where the Central Authority is satisfied on the basis of investigation that there is
Central         sufficient evidence to show violation of consumer rights or unfair trade practice by a person,
Authority to      it may pass such order as may be necessary, including—
recall goods,
etc.                         (a) recalling of goods or withdrawal of services which are dangerous, hazardous
                    or unsafe;

                            (b) reimbursement of the prices of goods or services so recalled to purchasers of
                  such goods or services; and

                             (c) discontinuation of practices which are unfair and prejudicial to consumers'
                        interest:

                   Provided that the Central Authority shall give the person an opportunity of being
              heard before passing an order under this section.

Power of            21. (1) Where the Central Authority is satisfied after investigation that any
Central        advertisement is false or misleading and is prejudicial to the interest of any consumer or is in
Authority to    contravention of consumer rights, it may, by order, issue directions to the concerned trader
issue
              or manufacturer or endorser or advertiser or publisher, as the case may be, to discontinuedirections and
penalties      such advertisement or to modify the same in such manner and within such time as may be
against false     specified in that order.
or misleading
advertisements.
                      (2) Notwithstanding the order passed under sub-section (1), if the Central Authority
                  is of the opinion that it is necessary to impose a penalty in respect of such false or misleading
               advertisement, by a manufacturer or an endorser, it may, by order, impose on manufacturer or
              endorser a penalty which may extend to ten lakh rupees:

                   Provided that the Central Authority may, for every subsequent contravention by a
              manufacturer or endorser, impose a penalty, which may extend to fifty lakh rupees.

                     (3) Notwithstanding any order under sub-sections (1) and (2), where the Central
              Authority deems it necessary, it may, by order, prohibit the endorser of a false or misleading
              advertisement from making endorsement of any product or service for a period which may
              extend to one year:",scenario,,,PENDING_HUMAN_REVIEW,,
f95544d910858159,What does Article 120 state about Language to be used in Parliament?,"(1)  Notwithstanding
anything in Part XVII, but subject to the provisions of article 348, business in
Parliament shall be transacted in Hindi or in English:
      Provided that the Chairman of the Council of States or Speaker of the
House of the People, or person acting as such, as the case may be, may permit
any member who cannot adequately express himself in Hindi or in English to
address the House in his mother-tongue.",constitution_of_india.pdf,87,Article 120,"120. Language  to be  used  in  Parliament.—(1)  Notwithstanding
anything in Part XVII, but subject to the provisions of article 348, business in
Parliament shall be transacted in Hindi or in English:
      Provided that the Chairman of the Council of States or Speaker of the
House of the People, or person acting as such, as the case may be, may permit
any member who cannot adequately express himself in Hindi or in English to
address the House in his mother-tongue.
       (2) Unless Parliament by law otherwise provides, this article shall, after
the expiration of a period of fifteen years from the commencement of this
Constitution, have  effect  as  if  the words “or  in English” were omitted
therefrom.",direct_factual,,,PENDING_HUMAN_REVIEW,,
34376f718f4bccd7,How does the Act define Commission either by way of inspection or by any other?,"Commission either by way of inspection or by any other means, as the National
                 Commission may like to order from time to time, to ensure that the objects and purposes
                    of the Act are best served and the standards set by the National Commission are
                  implemented without interfering with their quasi-judicial freedom.

                      (2) There shall be a monitoring cell to be constituted by the President of the National
            Commission to oversee the functioning of the State Commissions from the administrative
               point of view.

                     (3) The State Commission shall have administrative control over all the District
            Commissions within its jurisdiction in all matters referred to in sub-section (1).

                      (4) The National Commission and the State Commissions shall furnish to the Central
            Government periodically or as and when required, any information including the pendency
              of cases in such form and manner as may be prescribed.

                      (5) The State Commission shall furnish, periodically or as and when required to the
               State Government any information including pendency of cases in such form and manner as
          may be prescribed.

                    71. Every order made by a District Commission, State Commission or the National  Enforcement
            Commission shall be enforced by it in the same manner as if it were a decree made by a Court   of orders of
               in a suit before it and the provisions of Order XXI of the First Schedule to the Code of Civil   District
                                                                                                         Commission,
5 of 1908.     Procedure, 1908 shall, as far as may be, applicable, subject to the modification that every   State
               reference therein to the decree shall be construed as reference to the order made under this  Commission
              Act.                                                                                        and National
                                                                                                         Commission.
                    72. (1) Whoever fails to comply with any order made by the District Commission or the   Penalty for
               State Commission or the National Commission, as the case may be, shall be punishable with   non-
             imprisonment for a term which shall not be less than one month, but which may extend to   compliance of
                                                                                                                                    order.
               three years, or with fine, which shall not be less than twenty-five thousand rupees, but
            which may extend to one lakh rupees, or with both.

2 of 1974.            (2) Notwithstanding anything contained in the Code of Criminal Procedure, 1973, the
                District Commission, the State Commission or the National Commission, as the case may be,
                shall have the power of a Judicial Magistrate of first class for the trial of offences under
               sub-section (1), and on conferment of such powers, the District Commission or the State
            Commission or the National Commission, as the case may be, shall be deemed to be a Judicial
              Magistrate of first class for the purposes of the Code of Criminal Procedure, 1973.

                     (3) Save as otherwise provided, the offences under sub-section (1) shall be tried
             summarily by the District Commission or the State Commission or the National Commission,
              as the case may be.

2 of 1974.           73. (1) Notwithstanding anything contained in the Code of Criminal Procedure, 1973,  Appeal against
            where an order is passed under sub-section (1) of section 72, an appeal shall lie, both on   order passed
                facts and on law from—                                                                        under section 72.

                            (a) the order made by the District Commission to the State Commission;",consumer_protection_act_2019.pdf,29,,"SEC. 1]         THE GAZETTE OF INDIA EXTRAORDINARY              29


                           (d) overseeing the functioning of the State Commission or the District
                 Commission either by way of inspection or by any other means, as the National
                 Commission may like to order from time to time, to ensure that the objects and purposes
                    of the Act are best served and the standards set by the National Commission are
                  implemented without interfering with their quasi-judicial freedom.

                      (2) There shall be a monitoring cell to be constituted by the President of the National
            Commission to oversee the functioning of the State Commissions from the administrative
               point of view.

                     (3) The State Commission shall have administrative control over all the District
            Commissions within its jurisdiction in all matters referred to in sub-section (1).

                      (4) The National Commission and the State Commissions shall furnish to the Central
            Government periodically or as and when required, any information including the pendency
              of cases in such form and manner as may be prescribed.

                      (5) The State Commission shall furnish, periodically or as and when required to the
               State Government any information including pendency of cases in such form and manner as
          may be prescribed.

                    71. Every order made by a District Commission, State Commission or the National  Enforcement
            Commission shall be enforced by it in the same manner as if it were a decree made by a Court   of orders of
               in a suit before it and the provisions of Order XXI of the First Schedule to the Code of Civil   District
                                                                                                         Commission,
5 of 1908.     Procedure, 1908 shall, as far as may be, applicable, subject to the modification that every   State
               reference therein to the decree shall be construed as reference to the order made under this  Commission
              Act.                                                                                        and National
                                                                                                         Commission.
                    72. (1) Whoever fails to comply with any order made by the District Commission or the   Penalty for
               State Commission or the National Commission, as the case may be, shall be punishable with   non-
             imprisonment for a term which shall not be less than one month, but which may extend to   compliance of
                                                                                                                                    order.
               three years, or with fine, which shall not be less than twenty-five thousand rupees, but
            which may extend to one lakh rupees, or with both.

2 of 1974.            (2) Notwithstanding anything contained in the Code of Criminal Procedure, 1973, the
                District Commission, the State Commission or the National Commission, as the case may be,
                shall have the power of a Judicial Magistrate of first class for the trial of offences under
               sub-section (1), and on conferment of such powers, the District Commission or the State
            Commission or the National Commission, as the case may be, shall be deemed to be a Judicial
              Magistrate of first class for the purposes of the Code of Criminal Procedure, 1973.

                     (3) Save as otherwise provided, the offences under sub-section (1) shall be tried
             summarily by the District Commission or the State Commission or the National Commission,
              as the case may be.

2 of 1974.           73. (1) Notwithstanding anything contained in the Code of Criminal Procedure, 1973,  Appeal against
            where an order is passed under sub-section (1) of section 72, an appeal shall lie, both on   order passed
                facts and on law from—                                                                        under section 72.

                            (a) the order made by the District Commission to the State Commission;

                            (b) the order made by the State Commission to the National Commission; and

                             (c) the order made by the National Commission to the Supreme Court.

                       (2) Except as provided in sub-section (1), no appeal shall lie before any court, from
             any order of a District Commission or a State Commission or the National Commission, as the
              case may be.

                      (3) Every appeal under this section shall be preferred within a period of thirty days
            from the date of order of a District Commission or a State Commission or the National
             Commission, as the case may be:",definition,,,PENDING_HUMAN_REVIEW,,
bacbdd38e942b805,"According to the passage, what happens if a person sits or votes as a member of the Legislative Assembly or the Legislative Council of a State before he has complied with the requirements of article 188?","If a person
sits or votes as a member of the Legislative Assembly or the Legislative
Council of a State before he has complied with the requirements of article 188,
or when he knows that he  is not qualified or that he  is disqualified for
membership thereof, or that he is prohibited from so doing by the provisions of
any law made by Parliament or the Legislature of the State, he shall be liable in
respect of each day on",constitution_of_india.pdf,118,,"87          THE CONSTITUTION OF INDIA

                             (Part VI.—The States)

       (2) Before giving any decision on any such question, the Governor shall
obtain the opinion of the Election Commission and shall act according to such
opinion.]
      193. Penalty for sitting and voting before making oath or affirmation
under article 188 or when not qualified or when disqualified.—If a person
sits or votes as a member of the Legislative Assembly or the Legislative
Council of a State before he has complied with the requirements of article 188,
or when he knows that he  is not qualified or that he  is disqualified for
membership thereof, or that he is prohibited from so doing by the provisions of
any law made by Parliament or the Legislature of the State, he shall be liable in
respect of each day on which he so sits or votes to a penalty of five hundred
rupees to be recovered as a debt due to the State.
          Powers, Privileges and Immunities of State Legislatures
                        and their Members
      194. Powers, privileges, etc., of the Houses of Legislatures and of the
members and committees thereof.—(1) Subject to the provisions of this
Constitution and to the rules and standing orders regulating the procedure of the
Legislature, there shall be freedom of speech in the Legislature of every State.
       (2) No member of the Legislature of a State shall be liable to any
proceedings in any court in respect of anything said or any vote given by him in
the Legislature or any committee thereof, and no person shall be so liable in
respect of the publication by or under the authority of a House of such a
Legislature of any report, paper, votes or proceedings.
       1[(3) In other respects, the powers, privileges and immunities of a House
of the Legislature of a State, and of the members and the committees of a
House of such Legislature, shall be such as may from time to time be defined

______________________________________________
1. Subs. by the Constitution (Forty-second Amendment) Act, 1976, s. 34 to read as
   follows :
        ""(3) In other respects, the powers, privileges and immunities of a House of the
   Legislature of  a State, and of the members and the committees of a House of such
   Legislature, shall be those of that House, and of its members and Committees, at the
  commencement of section 34 of the Constitution (Forty-second Amendment) Act,
   1976, and as may be evolved by such House of the House of the People, and of its
  members and committees where such House  is the Legislative Assembly and in
   accordance with those of the Council of States, and of its members and committees
   where such House is the Legislative Council."" (date not notified). This amendment
  was  omitted by  the  Constitution  (Forty-fourth Amendment)  Act, 1978,  s. 45
   (w.e.f. 19-6-1979).""",scenario,,,PENDING_HUMAN_REVIEW,,
b5d11d4739ca8d47,How does the Act define District Commission?,"(15) ""District Commission"" means a District Consumer Disputes Redressal
     Commission established under sub-section (1) of section 28;",consumer_protection_act_2019.pdf,4,,"4            THE GAZETTE OF INDIA EXTRAORDINARY         [PART II—


                        (iii) the right to be assured, wherever possible, access to a variety of
           goods, products or services at competitive prices;

                     (iv) the right to be heard and to be assured that consumer's interests will
            receive due consideration at appropriate fora;

                    (v) the right to seek redressal against unfair trade practice or restrictive
            trade practices or unscrupulous exploitation of consumers; and

                     (vi) the right to consumer awareness;

           (10) ""defect"" means any fault, imperfection or shortcoming in the quality,
      quantity, potency, purity or standard which is required to be maintained by or under
     any law for the time being in force or under any contract, express or implied or as is
     claimed by the trader in any manner whatsoever in relation to any goods or product
     and the expression ""defective"" shall be construed accordingly;

            (11) ""deficiency"" means any fault, imperfection, shortcoming or inadequacy in
      the quality, nature and manner of performance which is required to be maintained by or
     under any law for the time being in force or has been undertaken to be performed by a
     person in pursuance of a contract or otherwise in relation to any service and includes—

                       (i) any act of negligence or omission or commission by such person which
           causes loss or injury to the consumer; and

                        (ii) deliberate withholding of relevant information by such person to the
          consumer;

            (12) ""design"", in relation to a product, means the intended or known physical
     and material characteristics of such product and includes any intended or known
     formulation or content of such product and the usual result of the intended
     manufacturing or other process used to produce such product;

            (13) ""direct selling"" means marketing, distribution and sale of goods or provision
      of services through a network of sellers, other than through a permanent retail location;

           (14) ""Director-General"" means the Director-General appointed under
      sub-section (2) of section 15;

            (15) ""District Commission"" means a District Consumer Disputes Redressal
     Commission established under sub-section (1) of section 28;

            (16) ""e-commerce"" means buying or selling of goods or services including
       digital products over digital or electronic network;

            (17) ""electronic service provider"" means a person who provides technologies
      or processes to enable a product seller to engage in advertising or selling goods or
      services to a consumer and includes any online market place or online auction sites;

            (18) ""endorsement"", in relation to an advertisement, means—

                       (i) any message, verbal statement, demonstration; or

                        (ii) depiction of the name, signature, likeness or other identifiable personal
             characteristics of an individual; or

                        (iii) depiction of the name or seal of any institution or organisation,

which makes the consumer to believe that it reflects the opinion, finding or experience of the
person making such endorsement;

           (19) ""establishment"" includes an advertising agency, commission agent,
      manufacturing, trading or any other commercial agency which carries on any business,
      trade or profession or any work in connection with or incidental or ancillary to any",definition,,,PENDING_HUMAN_REVIEW,,
0d15b291ec22c82a,What does Article 225 state about Jurisdiction of existing High Courts?,"Subject to the provisions
of  this Constitution and to the provisions of any law of the appropriate
Legislature made by virtue of powers conferred on that Legislature by this
Constitution, the jurisdiction of, and the law administered in, any existing High
Court, and the respective powers of the Judges thereof in relation to the
administration of justice in the Court, including any power to make rules of
Court and to regulate the sittings of the Court and of members thereof sitting
alone or in Division Courts, shall be the same as immediately before the
commencement of this Constitution:
      1[Provided  that any  restriction  to which  the  exercise  of  original
jurisdiction by any of the High Courts with respect to any matter concerning
the revenue or concerning any act ordered or done in the collection thereof was
subject immediately before the commencement of this Constitution shall no
longer apply to the exercise of such jurisdiction.]
       2[226.",constitution_of_india.pdf,135,Article 225,"225. Jurisdiction of existing High Courts.—Subject to the provisions
of  this Constitution and to the provisions of any law of the appropriate
Legislature made by virtue of powers conferred on that Legislature by this
Constitution, the jurisdiction of, and the law administered in, any existing High
Court, and the respective powers of the Judges thereof in relation to the
administration of justice in the Court, including any power to make rules of
Court and to regulate the sittings of the Court and of members thereof sitting
alone or in Division Courts, shall be the same as immediately before the
commencement of this Constitution:
      1[Provided  that any  restriction  to which  the  exercise  of  original
jurisdiction by any of the High Courts with respect to any matter concerning
the revenue or concerning any act ordered or done in the collection thereof was
subject immediately before the commencement of this Constitution shall no
longer apply to the exercise of such jurisdiction.]
       2[226.  Power  of  High  Courts  to  issue  certain  writs.—(1)
Notwithstanding anything in article 32 3***, every High Court shall have
power, throughout the territories in relation to which it exercises jurisdiction, to
issue  to  any  person  or  authority,  including  in  appropriate  cases, any
Government, within those  territories directions, orders or  writs, including
4[writs in the nature of habeas corpus, mandamus, prohibition, quo warranto
and certiorari, or any of them, for the enforcement of any of the rights
conferred by Part III and for any other purpose.]
       (2) The power conferred by clause (1) to issue directions, orders or writs
to any Government, authority or person may also be exercised by any High
Court exercising jurisdiction in relation to the territories within which the cause
of  action,  wholly  or  in  part,  arises  for  the  exercise  of  such  power,
______________________________________________
1.  Omitted  by  the  Constitution  (Forty-second Amendment)    Act,  1976,  s. 37
   (w.e.f. 1-2-1977) and subsequently ins. by the Constitution (Forty-fourth Amendment)
  Act, 1978, s. 29 (w.e.f. 20-6-1979).
2. Subs. by the Constitution (Forty-second Amendment) Act, 1976, s. 38 for art. 226
   (w.e.f. 1-2-1977).
3. The words, figures and letters ""but subject to the provisions of article 131A and article
  226A""  omitted by  the  Constitution  (Forty-third Amendment)  Act, 1977,  s. 7
   (w.e.f. 13-4-1978).
4. Subs. by the Constitution (Forty-fourth Amendment) Act, 1978, s. 30, for the portion
  beginning with ""writs in the nature of habeas corpus, mandamus, prohibition, quo
  warranto and certiorari, or any of them"" and ending with ""such illegality has resulted
   in substantial failure of justice."" (w.e.f. 1-8-1979).",direct_factual,,,PENDING_HUMAN_REVIEW,,
543da34254756607,"According to the passage, what happens if the complainant satisfies the District Commission?","if the complainant satisfies the
                District Commission, the State Commission or the National Commission, as the case may be,
                that he had sufficient cause for not filing the complaint within such period:

                   Provided that no such complaint shall be entertained unless the District Comm",consumer_protection_act_2019.pdf,28,,"28           THE GAZETTE OF INDIA EXTRAORDINARY         [PART II—


                      (4) All notices required to be served on an opposite party or to complainant, as the
              case may be, shall be deemed to be sufficiently served, if addressed in the case of the
              opposite party, to the place where business or profession is carried on, and in case of the
              complainant, the place where such person actually and voluntarily resides.

Experts to           66. Where the National Commission or the State Commission, as the case may be, on
assist         an application by a complainant or otherwise, is of the opinion that it involves the larger
National
Commission     interest of consumers, it may direct any individual or organisation or expert to assist the
or State        National Commission or the State Commission, as the case may be.
Commission.

Appeal against        67. Any person, aggrieved by an order made by the National Commission in exercise
order of        of its powers conferred by sub-clause (i) or (ii) of clause (a) of sub-section (1) of section 58,National
Commission.   may prefer an appeal against such order to the Supreme Court within a period of thirty days
            from the date of the order:

                   Provided that the Supreme Court may entertain an appeal after the expiry of the said
              period of thirty days if it is satisfied that there was sufficient cause for not filing it within that
               period:

                   Provided further that no appeal by a person who is required to pay any amount in
              terms of an order of the National Commission shall be entertained by the Supreme Court
              unless that person has deposited fifty per cent. of that amount in the manner as may be
               prescribed.

Finality of           68. Every order of a District Commission or the State Commission or the National
orders.        Commission, as the case may be, shall, if no appeal has been preferred against such order
             under the provisions of this Act, be final.

Limitation           69. (1) The District Commission, the State Commission or the National Commission
period.          shall not admit a complaint unless it is filed within two years from the date on which the
              cause of action has arisen.

                     (2) Notwithstanding anything contained in sub-section (1), a complaint may be
               entertained after the period specified in sub-section (1), if the complainant satisfies the
                District Commission, the State Commission or the National Commission, as the case may be,
                that he had sufficient cause for not filing the complaint within such period:

                   Provided that no such complaint shall be entertained unless the District Commission
              or the State Commission or the National Commission, as the case may be, records its reasons
                for condoning such delay.

Administrative        70. (1) The National Commission shall have the authority to lay down such adequate
control.        standards in consultation with the Central Government from time to time, for better protection
              of the interests of consumers and for that purpose, shall have administrative control over all
               the State Commissions in the following matters, namely:—

                            (a) monitoring performance of the State Commissions in terms of their disposal
                 by calling for periodical returns regarding the institution, disposal and pendency of
                    cases;

                            (b) investigating into any allegations against the President and members of a
                     State Commission and submitting inquiry report to the State Government concerned
                   along with copy endorsed to the Central Government for necessary action;

                             (c) issuance of instructions regarding adoption of uniform procedure in the
                    hearing of matters, prior service of copies of documents produced by one party to the
                    opposite parties, furnishing of english translation of judgments written in any language,
                  speedy grant of copies of documents;",scenario,,,PENDING_HUMAN_REVIEW,,
bddcba508cef1fea,What does Article 2 state about Admission or establishment of new States?,"Parliament may
by law admit into the Union, or establish, new States on such terms and
conditions as it thinks fit.",constitution_of_india.pdf,33,Article 2,"2. Admission or establishment of new States.—Parliament may
by law admit into the Union, or establish, new States on such terms and
conditions as it thinks fit.
      3[2A. [Sikkim to be associated with the Union.] —Omitted by the
Constitution (Thirty-sixth Amendment) Act, 1975, s. 5 (w.e.f. 26-4-1975).]
      3.  Formation  of  new  States  and  alteration  of  areas,
boundaries or names of existing States.—Parliament may by law—
            (a) form a new State by separation of territory from any
      State or by uniting two or more States or parts of States or by
      uniting any territory to a part of any State;
            (b) increase the area of any State;
             (c) diminish the area of any State;

            (d) alter the boundaries of any State;
             (e) alter the name of any State:
______________________________________________
1.  Subs. by  the  Constitution (Seventh Amendment) Act, 1956,  s.  2,  for  cl.  (2)
   (w.e.f. 1-11-1956).
2. Subs. by s. 2 ibid. for sub-clause (b) (w.e.f. 1-11-1956).
3. Ins. by the Constitution (Thirty-fifth Amendment) Act, 1974, s. 2 (w.e.f. 1-3-1975).


                            2",direct_factual,,,PENDING_HUMAN_REVIEW,,
ef2d752b6f5fe120,How does the Act define association?,"association"" means any voluntary consumer association registered under any law for the
              time being in force.

                      (2) Every complaint filed under sub-section (1) shall be accompanied with such fee
             and payable in such manner, including electronic form, as may be prescribed.

Proceedings          36. (1) Every proceeding before the District Commission shall be conducted by the
before         President of that Commission and atleast one member thereof, sitting together:
District
Commission.         Provided that where a member, for any reason, is unable to conduct a proceeding till it
                  is completed, the President and the other member shall continue the proceeding from the
               stage at which it was last heard by the previous member.

                      (2) On receipt of a complaint made under section 35, the District Commission may, by
                order, admit the complaint for being proceeded with or reject the same:

                   Provided that a complaint shall not be rejected under this section unless an opportunity
              of being heard has been given to the complainant:

                   Provided further that the admissibility of the complaint shall ordinarily be decided
              within twenty-one days from the date on which the complaint was filed.

                      (3) Where the District Commission does not decide the issue of admissibility of the
              complaint within the period so specified, it shall be deemed to have been admitted.

Reference to          37. (1) At the first hearing of the complaint after its admission, or at any later stage, if
mediation.        it appears to the District Commission that there exists elements of a settlement which may be
              acceptable to the parties, except in such cases as may be prescribed, it may direct the parties
               to give in writing, within five days, consent to have their dispute settled by mediation in
             accordance with the provisions of Chapter V.

                      (2) Where the parties agree for settlement by mediation and give their consent in
               writing, the District Commission shall, within five days of receipt of such consent, refer the",consumer_protection_act_2019.pdf,18,,"18           THE GAZETTE OF INDIA EXTRAORDINARY         [PART II—


                      (3) The District Commission shall ordinarily function in the district headquarters and
          may perform its functions at such other place in the district, as the State Government may, in
               consultation with the State Commission, notify in the Official Gazette from time to time.

Manner in            35. (1) A complaint, in relation to any goods sold or delivered or agreed to be sold or
which          delivered or any service provided or agreed to be provided, may be filed with a District
complaint
shall be made.  Commission by—
                            (a) the consumer,—

                                          (i) to whom such goods are sold or delivered or agreed to be sold or
                          delivered or such service is provided or agreed to be provided; or

                                           (ii) who alleges unfair trade practice in respect of such goods or service;

                            (b) any recognised consumer association, whether the consumer to whom such
                  goods are sold or delivered or agreed to be sold or delivered or such service is provided
                    or agreed to be provided, or who alleges unfair trade practice in respect of such goods
                    or service, is a member of such association or not;

                             (c) one or more consumers, where there are numerous consumers having the
                same interest, with the permission of the District Commission, on behalf of, or for the
                     benefit of, all consumers so interested; or

                            (d) the Central Government, the Central Authority or the State Government, as
                     the case may be:

                   Provided that the complaint under this sub-section may be filed electronically in such
            manner as may be prescribed.

                 Explanation.—For the purposes of this sub-section, ""recognised consumer
               association"" means any voluntary consumer association registered under any law for the
              time being in force.

                      (2) Every complaint filed under sub-section (1) shall be accompanied with such fee
             and payable in such manner, including electronic form, as may be prescribed.

Proceedings          36. (1) Every proceeding before the District Commission shall be conducted by the
before         President of that Commission and atleast one member thereof, sitting together:
District
Commission.         Provided that where a member, for any reason, is unable to conduct a proceeding till it
                  is completed, the President and the other member shall continue the proceeding from the
               stage at which it was last heard by the previous member.

                      (2) On receipt of a complaint made under section 35, the District Commission may, by
                order, admit the complaint for being proceeded with or reject the same:

                   Provided that a complaint shall not be rejected under this section unless an opportunity
              of being heard has been given to the complainant:

                   Provided further that the admissibility of the complaint shall ordinarily be decided
              within twenty-one days from the date on which the complaint was filed.

                      (3) Where the District Commission does not decide the issue of admissibility of the
              complaint within the period so specified, it shall be deemed to have been admitted.

Reference to          37. (1) At the first hearing of the complaint after its admission, or at any later stage, if
mediation.        it appears to the District Commission that there exists elements of a settlement which may be
              acceptable to the parties, except in such cases as may be prescribed, it may direct the parties
               to give in writing, within five days, consent to have their dispute settled by mediation in
             accordance with the provisions of Chapter V.

                      (2) Where the parties agree for settlement by mediation and give their consent in
               writing, the District Commission shall, within five days of receipt of such consent, refer the",definition,,,PENDING_HUMAN_REVIEW,,
cd9570e3764943b7,"According to the passage, what happens if any question arises whether any matter is or is not a matter as respects which the Governor is by or under this Constitution required to act in his discretion?","If any question arises whether any matter is or is not a matter as
respects which the Governor is by or under this Constitution required to act in
his discretion, the decision of the Governor in his discretion shall be final, and
the validity of anything done by the Governor shall not be called in question on
the ground that he ought or ought not to have acted in his discretion.",constitution_of_india.pdf,103,Article 163,"163. Council of Ministers to aid and advise Governor.—(1) There shall
be a Council of Ministers with the Chief Minister at the head to aid and advise the
Governor in the exercise of his functions, except in so far as he is by or under this
Constitution required to exercise his functions or any of them in his discretion.
       (2) If any question arises whether any matter is or is not a matter as
respects which the Governor is by or under this Constitution required to act in
his discretion, the decision of the Governor in his discretion shall be final, and
the validity of anything done by the Governor shall not be called in question on
the ground that he ought or ought not to have acted in his discretion.
       (3) The question whether any, and if so what, advice was tendered by
Ministers to the Governor shall not be inquired into in any court.",scenario,,,PENDING_HUMAN_REVIEW,,
824f31d20d1e5fe9,How does the Act define direct selling?,"(13) ""direct selling"" means marketing, distribution and sale of goods or provision
      of services through a network of sellers, other than through a permanent retail location;",consumer_protection_act_2019.pdf,4,,"4            THE GAZETTE OF INDIA EXTRAORDINARY         [PART II—


                        (iii) the right to be assured, wherever possible, access to a variety of
           goods, products or services at competitive prices;

                     (iv) the right to be heard and to be assured that consumer's interests will
            receive due consideration at appropriate fora;

                    (v) the right to seek redressal against unfair trade practice or restrictive
            trade practices or unscrupulous exploitation of consumers; and

                     (vi) the right to consumer awareness;

           (10) ""defect"" means any fault, imperfection or shortcoming in the quality,
      quantity, potency, purity or standard which is required to be maintained by or under
     any law for the time being in force or under any contract, express or implied or as is
     claimed by the trader in any manner whatsoever in relation to any goods or product
     and the expression ""defective"" shall be construed accordingly;

            (11) ""deficiency"" means any fault, imperfection, shortcoming or inadequacy in
      the quality, nature and manner of performance which is required to be maintained by or
     under any law for the time being in force or has been undertaken to be performed by a
     person in pursuance of a contract or otherwise in relation to any service and includes—

                       (i) any act of negligence or omission or commission by such person which
           causes loss or injury to the consumer; and

                        (ii) deliberate withholding of relevant information by such person to the
          consumer;

            (12) ""design"", in relation to a product, means the intended or known physical
     and material characteristics of such product and includes any intended or known
     formulation or content of such product and the usual result of the intended
     manufacturing or other process used to produce such product;

            (13) ""direct selling"" means marketing, distribution and sale of goods or provision
      of services through a network of sellers, other than through a permanent retail location;

           (14) ""Director-General"" means the Director-General appointed under
      sub-section (2) of section 15;

            (15) ""District Commission"" means a District Consumer Disputes Redressal
     Commission established under sub-section (1) of section 28;

            (16) ""e-commerce"" means buying or selling of goods or services including
       digital products over digital or electronic network;

            (17) ""electronic service provider"" means a person who provides technologies
      or processes to enable a product seller to engage in advertising or selling goods or
      services to a consumer and includes any online market place or online auction sites;

            (18) ""endorsement"", in relation to an advertisement, means—

                       (i) any message, verbal statement, demonstration; or

                        (ii) depiction of the name, signature, likeness or other identifiable personal
             characteristics of an individual; or

                        (iii) depiction of the name or seal of any institution or organisation,

which makes the consumer to believe that it reflects the opinion, finding or experience of the
person making such endorsement;

           (19) ""establishment"" includes an advertising agency, commission agent,
      manufacturing, trading or any other commercial agency which carries on any business,
      trade or profession or any work in connection with or incidental or ancillary to any",definition,,,PENDING_HUMAN_REVIEW,,
309de3f4c5980b38,What does Article 313 state about Transitional provisions?,"Until other provision is made in this
behalf under this Constitution, all the laws in force immediately before the
commencement of this Constitution and applicable to any public service or any
post which continues to exist after the commencement of this Constitution, as
an all-India service or as service or post under the Union or a State shall
continue in force so far as consistent with the provisions of this Constitution.",constitution_of_india.pdf,208,Article 313,"313. Transitional provisions.—Until other provision is made in this
behalf under this Constitution, all the laws in force immediately before the
commencement of this Constitution and applicable to any public service or any
post which continues to exist after the commencement of this Constitution, as
an all-India service or as service or post under the Union or a State shall
continue in force so far as consistent with the provisions of this Constitution.
      314. [Provision for protection of existing officers of certain services.].—
Omitted  by   the   Constitution  (Twenty-eighth  Amendment)   Act,  1972,
s. 3 (w.e.f. 29-8-1972).
             CHAPTER II.— PUBLIC SERVICE COMMISSIONS",direct_factual,,,PENDING_HUMAN_REVIEW,,
f3b22e8a4abe8af4,"According to the passage, what happens if the National Commission is satisfied that the case involves a substantial question of law. (3) In an appeal involving a question of law?","if the National Commission is satisfied that the case
              involves a substantial question of law.

                      (3) In an appeal involving a question of law, the memorandum of appeal shall precisely
                state the substantial question of law involved in the appeal.",consumer_protection_act_2019.pdf,24,,"24           THE GAZETTE OF INDIA EXTRAORDINARY         [PART II—


             be decided according to the opinion of the majority of the members who have heard the case,
              including those who first heard it:

                   Provided that the President or the other members, as the case may be, shall give
              opinion on the point or points so referred within a period of one month from the date of such
               reference.

                      (4) A complaint shall be instituted in a State Commission within the limits of whose
               jurisdiction,—

                            (a) the opposite party or each of the opposite parties, where there are more than
                    one, at the time of the institution of the complaint, ordinarily resides or carries on
                    business or has a branch office or personally works for gain; or

                            (b) any of the opposite parties, where there are more than one, at the time of the
                       institution of the complaint, actually and voluntarily resides, or carries on business or
                   has a branch office or personally works for gain, provided in such case, the permission
                    of the State Commission is given; or

                             (c) the cause of action, wholly or in part, arises; or

                            (d) the complainant resides or personally works for gain.

Transfer of           48. On the application of the complainant or of its own motion, the State Commission
cases.        may, at any stage of the proceeding, transfer any complaint pending before a District
            Commission to another District Commission within the State if the interest of justice so
                requires.

Procedure            49. (1) The provisions relating to complaints under sections 35, 36, 37, 38 and 39 shall,
applicable to    with such modifications as may be necessary, be applicable to the disposal of complaints by
State           the State Commission.Commission.
                      (2) Without prejudice to the provisions of sub-section (1), the State Commission may
               also declare any terms of contract, which is unfair to any consumer, to be null and void.

Review by            50. The State Commission shall have the power to review any of the order passed by
State               it if there is an error apparent on the face of the record, either of its own motion or on an
Commission in  application made by any of the parties within thirty days of such order.certain cases.

Appeal to            51. (1) Any person aggrieved by an order made by the State Commission in exercise of
National          its powers conferred by sub-clause (i) or (ii) of clause (a) of sub-section (1) of section 47
Commission.   may prefer an appeal against such order to the National Commission within a period of thirty
             days from the date of the order in such form and manner as may be prescribed:

                   Provided that the National Commission shall not entertain the appeal after the expiry
              of the said period of thirty days unless it is satisfied that there was sufficient cause for not
                 filing it within that period:

                   Provided further that no appeal by a person, who is required to pay any amount in
              terms of an order of the State Commission, shall be entertained by the National Commission
              unless the appellant has deposited fifty per cent. of that amount in the manner as may be
               prescribed.

                      (2) Save as otherwise expressly provided under this Act or by any other law for the
              time being in force, an appeal shall lie to the National Commission from any order passed in
              appeal by any State Commission, if the National Commission is satisfied that the case
              involves a substantial question of law.

                      (3) In an appeal involving a question of law, the memorandum of appeal shall precisely
                state the substantial question of law involved in the appeal.

                      (4) Where the National Commission is satisfied that a substantial question of law is
              involved in any case, it shall formulate that question and hear the appeal on that question:",scenario,,,PENDING_HUMAN_REVIEW,,
e14f63a0a6b03616,"What does Article 115 state about Supplementary, additional or excess grants?","(1) The President
shall—
            (a) if the amount authorised by any law made in accordance with the
      provisions of article 114 to be expended for a particular service for the
       current financial year is found to be insufficient for the purposes of that
      year or when a need has arisen during the current financial year for
      supplementary or additional expenditure upon some new service not
      contemplated in the annual financial statement for that year; or
            (b) if any money has been spent on any service during a financial
      year in excess of the amount granted for that service and for that year,
cause to be laid before both the Houses of Parliament another statement
showing the estimated amount of that expenditure or cause to be presented to
the House of the People a demand for such excess, as the case may be.",constitution_of_india.pdf,84,Article 115,"115. Supplementary, additional or excess grants.—(1) The President
shall—
            (a) if the amount authorised by any law made in accordance with the
      provisions of article 114 to be expended for a particular service for the
       current financial year is found to be insufficient for the purposes of that
      year or when a need has arisen during the current financial year for
      supplementary or additional expenditure upon some new service not
      contemplated in the annual financial statement for that year; or
            (b) if any money has been spent on any service during a financial
      year in excess of the amount granted for that service and for that year,
cause to be laid before both the Houses of Parliament another statement
showing the estimated amount of that expenditure or cause to be presented to
the House of the People a demand for such excess, as the case may be.",direct_factual,,,PENDING_HUMAN_REVIEW,,
c8a853bbded0c2f2,How does the Act define manufacturer?,"(24) ""manufacturer"" means a person who—

                                          (i) makes any goods or parts thereof;",consumer_protection_act_2019.pdf,5,,"SEC. 1]         THE GAZETTE OF INDIA EXTRAORDINARY               5


                  commercial activity, trade or profession, or such other class or classes of persons
                    including public utility entities in the manner as may be prescribed;

                           (20) ""express warranty"" means any material statement, affirmation of fact, promise
                    or description relating to a product or service warranting that it conforms to such
                    material statement, affirmation, promise or description and includes any sample or
                 model of a product warranting that the whole of such product conforms to such
                  sample or model;

                          (21) ""goods"" means every kind of movable property and includes ""food"" as
                    defined in clause (j) of sub-section (1) of section 3 of the Food Safety and Standards
34 of 2006.          Act, 2006;

                          (22) ""harm"", in relation to a product liability, includes—

                                          (i) damage to any property, other than the product itself;

                                           (ii) personal injury, illness or death;

                                            (iii) mental agony or emotional distress attendant to personal injury or
                              illness or damage to property; or

                                      (iv) any loss of consortium or services or other loss resulting from a harm
                           referred to in sub-clause (i) or sub-clause (ii) or sub-clause (iii),

                    but shall not include any harm caused to a product itself or any damage to the property
                 on account of breach of warranty conditions or any commercial or economic loss,
                    including any direct, incidental or consequential loss relating thereto;

                          (23) ""injury"" means any harm whatever illegally caused to any person, in body,
                mind or property;

                          (24) ""manufacturer"" means a person who—

                                          (i) makes any goods or parts thereof; or

                                           (ii) assembles any goods or parts thereof made by others; or

                                            (iii) puts or causes to be put his own mark on any goods made by any
                          other person;

                          (25) ""mediation"" means the process by which a mediator mediates the consumer
                    disputes;

                          (26) ""mediator"" means a mediator referred to in section 75;

                          (27) ""member"" includes the President and a member of the National Commission
                    or a State Commission or a District Commission, as the case may be;

                          (28) ""misleading advertisement"" in relation to any product or service, means an
                    advertisement, which—

                                          (i) falsely describes such product or service; or

                                           (ii) gives a false guarantee to, or is likely to mislead the consumers as to
                          the nature, substance, quantity or quality of such product or service; or

                                            (iii) conveys an express or implied representation which, if made by the
                        manufacturer or seller or service provider thereof, would constitute an unfair
                           trade practice; or

                                      (iv) deliberately conceals important information;

                          (29) ""National Commission"" means the National Consumer Disputes Redressal
                 Commission established under sub-section (1) of section 53;",definition,,,PENDING_HUMAN_REVIEW,,
eae889ac14f0b087,"According to the passage, what happens if for a period of sixty days a member of either House of Parliament is without permission of the House absent from all meetings thereof?","If for a period of sixty days a member of either House of Parliament
is without permission of the House absent from all meetings thereof, the House
may declare his seat vacant:
      Provided that in computing the said period of sixty days no account shall
be taken of any period during which the House is prorogued or is adjourned for
more than four consecutive days.",constitution_of_india.pdf,76,,"45          THE CONSTITUTION OF INDIA

                         (Part V.—The Union)

       (2) No person shall be a member both of Parliament and of a House of
the Legislature of a State 1***, and if a person is chosen a member both of
Parliament and of a House of the Legislature of 2[a  State], then, at the
expiration of such period as may be specified in rules made by the President,
that person’s seat in Parliament shall become vacant, unless he has previously
resigned his seat in the Legislature of the State.
       (3) If a member of either House of Parliament—
          (a) becomes subject to any of the disqualifications mentioned in
       3[clause (1) or clause (2) of article 102]; or
           4[(b) resigns his seat by writing under his hand addressed to the
     Chairman or the Speaker, as the case may be, and his resignation is
      accepted by the Chairman or the Speaker, as the case may be,]
his seat shall thereupon become vacant:
       5[Provided that in the case of any resignation referred to in sub-clause (b),
if from information received or otherwise and after making such inquiry as he
thinks fit, the Chairman or the Speaker, as the case may be, is satisfied that
such  resignation  is  not  voluntary  or  genuine, he  shall  not  accept such
resignation.]
       (4) If for a period of sixty days a member of either House of Parliament
is without permission of the House absent from all meetings thereof, the House
may declare his seat vacant:
      Provided that in computing the said period of sixty days no account shall
be taken of any period during which the House is prorogued or is adjourned for
more than four consecutive days.

______________________________________________
1. The words and letters ""specified in Part A or Part B of the First Schedule"" omitted by
   the Constitution (Seventh Amendment) Act, 1956, s. 29 and Sch. (w.e.f. 1-11-1956).
2. Subs. by s. 29 and Sch., ibid., for ""such a State"" (w.e.f. 1-11-1956).
   See the Prohibition of Simultaneous Membership Rules, 1950, published with the
  Ministry of Law, notifn. No. F. 46/50-C, dated the 26th January, 1950, Gazette of
   India, Extraordinary, P. 678.
3. Subs. by the Constitution (Fifty-second Amendment) Act, 1985, s. 2, for ""cl. (1) of art.
  102"" (w.e.f. 1-3-1985).
4. Subs. by the Constitution (Thirty-third Amendment) Act, 1974, s. 2 (w.e.f. 19-5-1974).
5. Ins. by s.2, ibid. (w.e.f. 19-5-1974).",scenario,,,PENDING_HUMAN_REVIEW,,
4c949127df66d990,How does the Act define goods?,"(21) ""goods"" means every kind of movable property and includes ""food"" as
                    defined in clause (j) of sub-section (1) of section 3 of the Food Safety and Standards
34 of 2006.          Act, 2006;",consumer_protection_act_2019.pdf,5,,"SEC. 1]         THE GAZETTE OF INDIA EXTRAORDINARY               5


                  commercial activity, trade or profession, or such other class or classes of persons
                    including public utility entities in the manner as may be prescribed;

                           (20) ""express warranty"" means any material statement, affirmation of fact, promise
                    or description relating to a product or service warranting that it conforms to such
                    material statement, affirmation, promise or description and includes any sample or
                 model of a product warranting that the whole of such product conforms to such
                  sample or model;

                          (21) ""goods"" means every kind of movable property and includes ""food"" as
                    defined in clause (j) of sub-section (1) of section 3 of the Food Safety and Standards
34 of 2006.          Act, 2006;

                          (22) ""harm"", in relation to a product liability, includes—

                                          (i) damage to any property, other than the product itself;

                                           (ii) personal injury, illness or death;

                                            (iii) mental agony or emotional distress attendant to personal injury or
                              illness or damage to property; or

                                      (iv) any loss of consortium or services or other loss resulting from a harm
                           referred to in sub-clause (i) or sub-clause (ii) or sub-clause (iii),

                    but shall not include any harm caused to a product itself or any damage to the property
                 on account of breach of warranty conditions or any commercial or economic loss,
                    including any direct, incidental or consequential loss relating thereto;

                          (23) ""injury"" means any harm whatever illegally caused to any person, in body,
                mind or property;

                          (24) ""manufacturer"" means a person who—

                                          (i) makes any goods or parts thereof; or

                                           (ii) assembles any goods or parts thereof made by others; or

                                            (iii) puts or causes to be put his own mark on any goods made by any
                          other person;

                          (25) ""mediation"" means the process by which a mediator mediates the consumer
                    disputes;

                          (26) ""mediator"" means a mediator referred to in section 75;

                          (27) ""member"" includes the President and a member of the National Commission
                    or a State Commission or a District Commission, as the case may be;

                          (28) ""misleading advertisement"" in relation to any product or service, means an
                    advertisement, which—

                                          (i) falsely describes such product or service; or

                                           (ii) gives a false guarantee to, or is likely to mislead the consumers as to
                          the nature, substance, quantity or quality of such product or service; or

                                            (iii) conveys an express or implied representation which, if made by the
                        manufacturer or seller or service provider thereof, would constitute an unfair
                           trade practice; or

                                      (iv) deliberately conceals important information;

                          (29) ""National Commission"" means the National Consumer Disputes Redressal
                 Commission established under sub-section (1) of section 53;",definition,,,PENDING_HUMAN_REVIEW,,
17e410850d063e25,What does Article 5 state about Law applicable to Scheduled Areas?,"(1) Notwithstanding anything
in this Constitution, the Governor 1*** may by public notification direct that
any particular Act of Parliament or of the Legislature of the State shall not
apply to a Scheduled Area or any part thereof in the State or shall apply to a
Scheduled Area or any part thereof in the State subject to such exceptions and
modifications as he may specify in the notification and any direction given
under this sub-paragraph may be given so as to have retrospective effect.",constitution_of_india.pdf,308,Article 5,"5. Law applicable to Scheduled Areas.—(1) Notwithstanding anything
in this Constitution, the Governor 1*** may by public notification direct that
any particular Act of Parliament or of the Legislature of the State shall not
apply to a Scheduled Area or any part thereof in the State or shall apply to a
Scheduled Area or any part thereof in the State subject to such exceptions and
modifications as he may specify in the notification and any direction given
under this sub-paragraph may be given so as to have retrospective effect.
       (2) The Governor may make  regulations  for  the peace and good
government of any area in a State which is for the time being a Scheduled Area.
      In particular and without prejudice to the generality of the foregoing
power, such regulations may—
             (a) prohibit or restrict the transfer of land by or among members
      of the Scheduled Tribes in such area;
             (b) regulate the allotment of land to members of the Scheduled
      Tribes in such area;

______________________________________________
1. The words ""or Rajpramukh, as the case may be"" omitted by the Constitution (Seventh
  Amendment) Act, 1956, s. 29 and Sch. (w.e.f. 1-11-1956).
2. The words ""or Rajpramukh"" omitted by s. 29 and Sch., ibid. (w.e.f. 1-11-1956).",direct_factual,,,PENDING_HUMAN_REVIEW,,
a57f62f3b539c0aa,"According to the passage, what happens if there is an error apparent on the face of the record?","if there is an error apparent on the face of the record, either of its own motion or on an
Commission    application made by any of the parties within thirty days of such order.",consumer_protection_act_2019.pdf,22,,"22           THE GAZETTE OF INDIA EXTRAORDINARY         [PART II—


                                  (l) to issue corrective advertisement to neutralise the effect of misleading
                    advertisement at the cost of the opposite party responsible for issuing such misleading
                    advertisement;

                       (m) to provide for adequate costs to parties; and

                            (n) to cease and desist from issuing any misleading advertisement.

                      (2) Any amount obtained under sub-section (1) shall be credited to such fund and
                utilised in such manner as may be prescribed.

                      (3) In any proceeding conducted by the President and a member and if they differ on
             any point or points, they shall state the point or points on which they differ and refer the
            same to another member for hearing on such point or points and the opinion of the majority
                shall be the order of the District Commission:

                   Provided that the other member shall give his opinion on such point or points referred
               to him within a period of one month from the date of such reference.

                      (4) Every order made by the District Commission under sub-section (1) shall be signed
            by the President and the member who conducted the proceeding:

                   Provided that where the order is made as per majority opinion under sub-section (3),
             such order shall also be signed by the other member.

Review by            40. The District Commission shall have the power to review any of the order passed
District       by it if there is an error apparent on the face of the record, either of its own motion or on an
Commission    application made by any of the parties within thirty days of such order.
in certain
cases.

Appeal              41. Any person aggrieved by an order made by the District Commission may prefer an
against order    appeal against such order to the State Commission on the grounds of facts or law within a
of District      period of forty-five days from the date of the order, in such form and manner, as may be
Commission.
               prescribed:

                   Provided that the State Commission may entertain an appeal after the expiry of the said
              period of forty-five days, if it is satisfied that there was sufficient cause for not filing it within
                that period:

                   Provided further that no appeal by a person, who is required to pay any amount in
              terms of an order of the District Commission, shall be entertained by the State Commission
              unless the appellant has deposited fifty per cent. of that amount in the manner as may be
               prescribed:

                   Provided also that no appeal shall lie from any order passed under sub-section (1) of
              section 81 by the District Commission pursuant to a settlement by mediation under
               section 80.

Establishment        42. (1) The State Government shall, by notification, establish a State Consumer
of State        Disputes Redressal Commission, to be known as the State Commission, in the State.
Consumer
Disputes              (2) The State Commission shall ordinarily function at the State capital and perform its
Redressal       functions at such other places as the State Government may in consultation with the State
Commission.
            Commission notify in the Official Gazette:

                   Provided that the State Government may, by notification, establish regional benches
              of the State Commission, at such places, as it deems fit.

                      (3) Each State Commission shall consist of—

                            (a) a President; and

                            (b) not less than four or not more than such number of members as may be
                    prescribed in consultation with the Central Government.",scenario,,,PENDING_HUMAN_REVIEW,,
04cfabb205e28c0b,What does Article 316 state about Appointment and term of office of members?,"(1) The Chairman
and other members of a Public Service Commission shall be appointed, in the
case of the Union Commission or a Joint Commission, by the President, and in
the case of a State Commission, by the Governor of the State:

______________________________________________
1.",constitution_of_india.pdf,208,Article 316,"316. Appointment and term of office of members.—(1) The Chairman
and other members of a Public Service Commission shall be appointed, in the
case of the Union Commission or a Joint Commission, by the President, and in
the case of a State Commission, by the Governor of the State:

______________________________________________
1. The words ""or Rajpramukh"" omitted by the Constitution (Seventh Amendment)
  Act, 1956, s. 29 and Sch. (w.e.f. 1-11-1956).",direct_factual,,,PENDING_HUMAN_REVIEW,,
9c002ee81561a83d,How does the Act define National Commission?,"(29) ""National Commission"" means the National Consumer Disputes Redressal
                 Commission established under sub-section (1) of section 53;",consumer_protection_act_2019.pdf,5,,"SEC. 1]         THE GAZETTE OF INDIA EXTRAORDINARY               5


                  commercial activity, trade or profession, or such other class or classes of persons
                    including public utility entities in the manner as may be prescribed;

                           (20) ""express warranty"" means any material statement, affirmation of fact, promise
                    or description relating to a product or service warranting that it conforms to such
                    material statement, affirmation, promise or description and includes any sample or
                 model of a product warranting that the whole of such product conforms to such
                  sample or model;

                          (21) ""goods"" means every kind of movable property and includes ""food"" as
                    defined in clause (j) of sub-section (1) of section 3 of the Food Safety and Standards
34 of 2006.          Act, 2006;

                          (22) ""harm"", in relation to a product liability, includes—

                                          (i) damage to any property, other than the product itself;

                                           (ii) personal injury, illness or death;

                                            (iii) mental agony or emotional distress attendant to personal injury or
                              illness or damage to property; or

                                      (iv) any loss of consortium or services or other loss resulting from a harm
                           referred to in sub-clause (i) or sub-clause (ii) or sub-clause (iii),

                    but shall not include any harm caused to a product itself or any damage to the property
                 on account of breach of warranty conditions or any commercial or economic loss,
                    including any direct, incidental or consequential loss relating thereto;

                          (23) ""injury"" means any harm whatever illegally caused to any person, in body,
                mind or property;

                          (24) ""manufacturer"" means a person who—

                                          (i) makes any goods or parts thereof; or

                                           (ii) assembles any goods or parts thereof made by others; or

                                            (iii) puts or causes to be put his own mark on any goods made by any
                          other person;

                          (25) ""mediation"" means the process by which a mediator mediates the consumer
                    disputes;

                          (26) ""mediator"" means a mediator referred to in section 75;

                          (27) ""member"" includes the President and a member of the National Commission
                    or a State Commission or a District Commission, as the case may be;

                          (28) ""misleading advertisement"" in relation to any product or service, means an
                    advertisement, which—

                                          (i) falsely describes such product or service; or

                                           (ii) gives a false guarantee to, or is likely to mislead the consumers as to
                          the nature, substance, quantity or quality of such product or service; or

                                            (iii) conveys an express or implied representation which, if made by the
                        manufacturer or seller or service provider thereof, would constitute an unfair
                           trade practice; or

                                      (iv) deliberately conceals important information;

                          (29) ""National Commission"" means the National Consumer Disputes Redressal
                 Commission established under sub-section (1) of section 53;",definition,,,PENDING_HUMAN_REVIEW,,
e7d4b276c259e253,"According to the passage, what happens if the President is satisfied that a grave emergency exists whereby the security of India or of any part of the territory thereof is threatened?","If the President is satisfied that
a grave emergency exists whereby the security of India or of any part of the
territory thereof is threatened, whether by war or external aggression or 1[armed
rebellion], he may, by Proclamation, make a declaration to that effect 2[in
respect of the whole of India or of such part of the territory thereof as may be
specified in the Proclamation.",constitution_of_india.pdf,239,Article 352,"352. Proclamation of Emergency.—(1) If the President is satisfied that
a grave emergency exists whereby the security of India or of any part of the
territory thereof is threatened, whether by war or external aggression or 1[armed
rebellion], he may, by Proclamation, make a declaration to that effect 2[in
respect of the whole of India or of such part of the territory thereof as may be
specified in the Proclamation.]
      3[Explanation.—A  Proclamation  of  Emergency  declaring  that  the
security of India or any part of the territory thereof is threatened by war or by
external aggression or by armed rebellion may be made before the actual
occurrence of war or of any such aggression or rebellion, if the President is
satisfied that there is imminent danger thereof.]
       4[(2) A Proclamation issued under clause (1) may be varied or revoked
by a subsequent Proclamation.
       (3) The President shall not issue a Proclamation under clause (1) or a
Proclamation varying such Proclamation unless the decision of the Union
Cabinet (that is to say, the Council consisting of the Prime Minister and other
Ministers of Cabinet rank appointed under article 75) that such a Proclamation
may be issued has been communicated to him in writing.
       (4) Every Proclamation issued under this article shall be laid before each
House of Parliament and shall, except where it is a Proclamation revoking a
previous Proclamation, cease to operate at the expiration of one month unless
before the expiration of that period it has been approved by resolutions of both
Houses of Parliament:

______________________________________________
1. Subs. by the Constitution (Forty-fourth Amendment) Act, 1978, s. 37, for ""internal
  disturbance"" (w.e.f. 20-6-1979).
2. Ins. by the Constitution (Forty-second Amendment) Act, 1976, s. 48 (w.e.f. 3-1-1977).
3. Ins. by the Constitution (Forty-fourth Amendment) Act, 1978, s. 37 (w.e.f. 20-6-1979).
4. Subs. by s. 37, ibid., for cls. (2), (2A) and (3) (w.e.f. 20-6-1979).
                              208",scenario,,,PENDING_HUMAN_REVIEW,,
9e98a073202e87a7,How does the Act define mediation?,"(25) ""mediation"" means the process by which a mediator mediates the consumer
                    disputes;",consumer_protection_act_2019.pdf,5,,"SEC. 1]         THE GAZETTE OF INDIA EXTRAORDINARY               5


                  commercial activity, trade or profession, or such other class or classes of persons
                    including public utility entities in the manner as may be prescribed;

                           (20) ""express warranty"" means any material statement, affirmation of fact, promise
                    or description relating to a product or service warranting that it conforms to such
                    material statement, affirmation, promise or description and includes any sample or
                 model of a product warranting that the whole of such product conforms to such
                  sample or model;

                          (21) ""goods"" means every kind of movable property and includes ""food"" as
                    defined in clause (j) of sub-section (1) of section 3 of the Food Safety and Standards
34 of 2006.          Act, 2006;

                          (22) ""harm"", in relation to a product liability, includes—

                                          (i) damage to any property, other than the product itself;

                                           (ii) personal injury, illness or death;

                                            (iii) mental agony or emotional distress attendant to personal injury or
                              illness or damage to property; or

                                      (iv) any loss of consortium or services or other loss resulting from a harm
                           referred to in sub-clause (i) or sub-clause (ii) or sub-clause (iii),

                    but shall not include any harm caused to a product itself or any damage to the property
                 on account of breach of warranty conditions or any commercial or economic loss,
                    including any direct, incidental or consequential loss relating thereto;

                          (23) ""injury"" means any harm whatever illegally caused to any person, in body,
                mind or property;

                          (24) ""manufacturer"" means a person who—

                                          (i) makes any goods or parts thereof; or

                                           (ii) assembles any goods or parts thereof made by others; or

                                            (iii) puts or causes to be put his own mark on any goods made by any
                          other person;

                          (25) ""mediation"" means the process by which a mediator mediates the consumer
                    disputes;

                          (26) ""mediator"" means a mediator referred to in section 75;

                          (27) ""member"" includes the President and a member of the National Commission
                    or a State Commission or a District Commission, as the case may be;

                          (28) ""misleading advertisement"" in relation to any product or service, means an
                    advertisement, which—

                                          (i) falsely describes such product or service; or

                                           (ii) gives a false guarantee to, or is likely to mislead the consumers as to
                          the nature, substance, quantity or quality of such product or service; or

                                            (iii) conveys an express or implied representation which, if made by the
                        manufacturer or seller or service provider thereof, would constitute an unfair
                           trade practice; or

                                      (iv) deliberately conceals important information;

                          (29) ""National Commission"" means the National Consumer Disputes Redressal
                 Commission established under sub-section (1) of section 53;",definition,,,PENDING_HUMAN_REVIEW,,
8259ba9b33115832,What does Article 102 state about Disqualifications for membership?,"(1) A  person  shall  be
disqualified for being chosen as, and for being, a member of either House of
Parliament—
           1[(a)  if he holds any office of profit under the Government of India
      or the Government of any State, other than an  office declared by
      Parliament by law not to disqualify its holder;]
          (b) if he is of unsound mind and stands so declared by a competent
       court;
           (c) if he is an undischarged insolvent;
          (d) if he is not a citizen of India, or has voluntarily acquired the
       citizenship of a foreign State, or  is under any acknowledgment of
       allegiance or adherence to a foreign State;
           (e) if he is so disqualified by or under any law made by Parliament.",constitution_of_india.pdf,77,Article 102,"102. Disqualifications  for  membership.—(1) A  person  shall  be
disqualified for being chosen as, and for being, a member of either House of
Parliament—
           1[(a)  if he holds any office of profit under the Government of India
      or the Government of any State, other than an  office declared by
      Parliament by law not to disqualify its holder;]
          (b) if he is of unsound mind and stands so declared by a competent
       court;
           (c) if he is an undischarged insolvent;
          (d) if he is not a citizen of India, or has voluntarily acquired the
       citizenship of a foreign State, or  is under any acknowledgment of
       allegiance or adherence to a foreign State;
           (e) if he is so disqualified by or under any law made by Parliament.
      2[Explanation.—For the purposes of this clause] a person shall not be
deemed to hold an office of profit under the Government of India or the
Government of any State by reason only that he is a Minister either for the
Union or for such State.
       3[(2) A person shall be disqualified for being a member of either House
of Parliament if he is so disqualified under the Tenth Schedule.]
      4[103. Decision on questions as to disqualifications of members.—
(1) If any question arises as to whether a member of either House of Parliament
has become subject to any of the disqualifications mentioned in clause (1) of
article 102, the question shall be referred for the decision of the President and
his decision shall be final.
______________________________________________
1. Subs. by the Constitution (Forty-second Amendment) Act, 1976, s. 19 to read as ""(a) if
  he holds any such office of profit under the Government of India or the Government of
  any State as is declared by Parliament by law to disqualify  its holder"" (date not
   notified). This amendment was omitted by the Constitution (Forty-fourth Amendment)
   Act, 1978, s. 45 (w.e.f. 20-6-1979).
2. Subs. by the Constitution (Fifty-second Amendment) Act, 1985, s. 3, for ""(2) for the
  purposes of this art."" (w.e.f. 1-3-1985).
3. Ins. by s. 3, ibid. (w.e.f. 1-3-1985).
4. Subs. by the Constitution (Forty-second Amendment) Act, 1976, s. 20, for art. 103
   (w.e.f. 3-1-1977) and further subs. by the Constitution (Forty-fourth Amendment)
  Act, 1978, s. 14, for art. 103 (w.e.f. 20-6-1979).",direct_factual,,,PENDING_HUMAN_REVIEW,,
ec4b088d67c22e55,"According to the passage, what happens if it is satisfied or to other that there exists a prima facie case?","if it is satisfied
or to other      that there exists a prima facie case, it shall cause investigation to be made by the Director-
Regulator.",consumer_protection_act_2019.pdf,14,,"14           THE GAZETTE OF INDIA EXTRAORDINARY         [PART II—


                                   (j) issue safety notices to alert consumers against dangerous or hazardous or
                   unsafe goods or services;

                             (k) advise the Ministries and Departments of the Central and State Governments
                 on consumer welfare measures;

                                  (l) issue necessary guidelines to prevent unfair trade practices and protect
                   consumers' interest.

Power of             19. (1) The Central Authority may, after receiving any information or complaint or
Central         directions from the Central Government or of its own motion, conduct or cause to be conducted
Authority to
refer matter    a preliminary inquiry as to whether there exists a prima facie case of violation of consumer
for             rights or any unfair trade practice or any false or misleading advertisement, by any person,
investigation   which is prejudicial to the public interest or to the interests of consumers and if it is satisfied
or to other      that there exists a prima facie case, it shall cause investigation to be made by the Director-
Regulator.
             General or by the District Collector.

                      (2) Where, after preliminary inquiry, the Central Authority is of the opinion that the
              matter is to be dealt with by a Regulator established under any other law for the time being
               in force, it may refer such matter to the concerned Regulator along with its report.

                      (3) For the purposes of investigation under sub-section (1), the Central Authority, the
             Director General or the District Collector may call upon a person referred to in
               sub-section (1) and also direct him to produce any document or record in his possession.

Power of             20. Where the Central Authority is satisfied on the basis of investigation that there is
Central         sufficient evidence to show violation of consumer rights or unfair trade practice by a person,
Authority to      it may pass such order as may be necessary, including—
recall goods,
etc.                         (a) recalling of goods or withdrawal of services which are dangerous, hazardous
                    or unsafe;

                            (b) reimbursement of the prices of goods or services so recalled to purchasers of
                  such goods or services; and

                             (c) discontinuation of practices which are unfair and prejudicial to consumers'
                        interest:

                   Provided that the Central Authority shall give the person an opportunity of being
              heard before passing an order under this section.

Power of            21. (1) Where the Central Authority is satisfied after investigation that any
Central        advertisement is false or misleading and is prejudicial to the interest of any consumer or is in
Authority to    contravention of consumer rights, it may, by order, issue directions to the concerned trader
issue
              or manufacturer or endorser or advertiser or publisher, as the case may be, to discontinuedirections and
penalties      such advertisement or to modify the same in such manner and within such time as may be
against false     specified in that order.
or misleading
advertisements.
                      (2) Notwithstanding the order passed under sub-section (1), if the Central Authority
                  is of the opinion that it is necessary to impose a penalty in respect of such false or misleading
               advertisement, by a manufacturer or an endorser, it may, by order, impose on manufacturer or
              endorser a penalty which may extend to ten lakh rupees:

                   Provided that the Central Authority may, for every subsequent contravention by a
              manufacturer or endorser, impose a penalty, which may extend to fifty lakh rupees.

                     (3) Notwithstanding any order under sub-sections (1) and (2), where the Central
              Authority deems it necessary, it may, by order, prohibit the endorser of a false or misleading
              advertisement from making endorsement of any product or service for a period which may
              extend to one year:",scenario,,,PENDING_HUMAN_REVIEW,,
81442a894d170b41,What does Article 129 state about Supreme Court to be a court of record?,"The Supreme Court
shall be a court of record and shall have all the powers of such a court including
the power to punish for contempt of itself.",constitution_of_india.pdf,92,Article 129,"129. Supreme Court to be a court of record.—The Supreme Court
shall be a court of record and shall have all the powers of such a court including
the power to punish for contempt of itself.",direct_factual,,,PENDING_HUMAN_REVIEW,,
63abdc3363300b73,How does the Act define adulterant?,"""adulterant"" means any material including extraneous matter which is
                 employed or used for making a product unsafe;",consumer_protection_act_2019.pdf,33,,"SEC. 1]         THE GAZETTE OF INDIA EXTRAORDINARY              33


                      (3) A product manufacturer shall not be liable for failure to instruct or warn about a
             danger which is obvious or commonly known to the user or consumer of such product or
             which, such user or consumer, ought to have known, taking into account the characteristics
              of such product.

                                  CHAPTER VII

                                          OFFENCES AND PENALTIES

                    88. Whoever, fails to comply with any direction of the Central Authority under   Penalty for
               sections 20 and 21, shall be punished with imprisonment for a term which may extend to six  non-
            months or with fine which may extend to twenty lakh rupees, or with both.                   compliance of                                                                                                                                direction of
                                                                                                                      Central
                                                                                                                       Authority.

                   89. Any manufacturer or service provider who causes a false or misleading  Punishment
              advertisement to be made which is prejudicial to the interest of consumers shall be punished   for false or
                                                                                                                       misleading
              with imprisonment for a term which may extend to two years and with fine which may extend                                                                                                                      advertisement.
               to ten lakh rupees; and for every subsequent offence, be punished with imprisonment for a
             term which may extend to five years and with fine which may extend to fifty lakh rupees.

                    90. (1) Whoever, by himself or by any other person on his behalf, manufactures for  Punishment
                sale or stores or sells or distributes or imports any product containing an adulterant shall be   for
                                                                                                                manufacturing
              punished, if such act—                                                                                       for sale or
                                                                                                                                         storing, selling                            (a) does not result in any injury to the consumer, with imprisonment for a term                                                                                                                              or distributing
                 which may extend to six months and with fine which may extend to one lakh rupees;   or importing
                                                                                                                     products
                           (b) causing injury not amounting to grievous hurt to the consumer, with  containing
                  imprisonment for a term which may extend to one year and with fine which may extend   adulterant.
                      to three lakh rupees;

                             (c) causing injury resulting in grievous hurt to the consumer, with imprisonment
                      for a term which may extend to seven years and with fine which may extend to five lakh
                    rupees; and

                            (d) results in the death of a consumer, with imprisonment for a term which shall
                    not be less than seven years, but which may extend to imprisonment for life and with
                      fine which shall not be less than ten lakh rupees.

                      (2) The offences under clauses (c) and (d) of sub-section (1) shall be cognizable and
               non-bailable.

                      (3) Notwithstanding the punishment under sub-section (1), the court may, in case of
                   first conviction, suspend any licence issued to the person referred to in that sub-section,
             under any law for the time being in force, for a period up to two years, and in case of second
              or subsequent conviction, cancel the licence.

                  Explanation.—For the purposes of this section,—

                            (a) ""adulterant"" means any material including extraneous matter which is
                 employed or used for making a product unsafe;

                            (b) ""grievous hurt"" shall have the same meaning as assigned to it in section 320
45 of 1860.          of the Indian Penal Code.

                    91. (1) Whoever, by himself or by any other person on his behalf, manufactures for  Punishment
                sale or stores or sells or distributes or imports any spurious goods shall be punished, if such   for
           act—                                                                                           manufacturing                                                                                                                                       for sale or for
                           (a) causing injury not amounting to grievous hurt to the consumer, with   storing or
                                                                                                                                          selling or
                  imprisonment for a term which may extend to one year and with fine which may extend                                                                                                                                       distributing or
                      to three lakh rupees;                                                                    importing
                                                                                                                             spurious goods.",definition,,,PENDING_HUMAN_REVIEW,,
8683cf0dbaca01ac,"According to the passage, what happens if he was immediately before such commencement drawing any amount as allowance in addition to his salary?","if he
was  immediately  before  such commencement  drawing  any  amount  as
allowance in addition to his salary, be entitled to receive in respect of time
spent on actual service as such Chief Justice, the same amount as allowance in
addition to the salary specified in sub-paragraph (1) of this paragraph.",constitution_of_india.pdf,298,,"267          THE CONSTITUTION OF INDIA

                          (Second Schedule)

      Provided that if a Judge of a High Court at the time of his appointment is in
receipt of a pension (other than a disability or wound pension) in respect of any
previous  service under the Government of  India or any of  its predecessor
Governments or under  the Government of a State or any of  its predecessor
Governments, his salary in respect of service in the High Court shall be reduced—
          (a) by the amount of that pension; and
          (b) if he has, before such appointment, received in lieu of a portion of
      the pension due to him in respect of such previous service the commuted
      value thereof, by the amount of that portion of the pension; and
           (c) if he has, before such appointment, received a retirement gratuity in
       respect  of such previous  service, by the pension equivalent of  that
       gratuity.]
       (2) Every person who immediately before the commencement of this
Constitution—
           (a) was holding office as the Chief Justice of a High Court in any
      Province and has on such commencement become the Chief Justice of the
     High Court in the corresponding State under clause (1) of article 376; or
           (b) was holding office as any other Judge of a High Court in any Province
      and has on such commencement become a Judge (other than the Chief
       Justice) of the High Court in the corresponding State under the said clause,
shall, if he was immediately before such commencement drawing a salary at a
rate higher than that specified in sub-paragraph (1) of this paragraph, be
entitled to receive in respect of time spent on actual service as such Chief
Justice or other Judge, as the case may be, in addition to the salary specified in
the said sub-paragraph as special pay an amount equivalent to the difference
between  the  salary so  specified and  the  salary which he was drawing
immediately before such commencement.
       1[(3) Any person who, immediately before the commencement of the
Constitution (Seventh Amendment) Act, 1956, was holding office as the Chief
Justice of the High Court of  a State specified in Part B of the First Schedule
and has on such commencement become the Chief Justice of the High Court of
a State specified in the said Schedule as amended by the said Act, shall, if he
was  immediately  before  such commencement  drawing  any  amount  as
allowance in addition to his salary, be entitled to receive in respect of time
spent on actual service as such Chief Justice, the same amount as allowance in
addition to the salary specified in sub-paragraph (1) of this paragraph.].
______________________________________________
1. Subs. by the Constitution (Seventh Amendment) Act, 1956,  s. 25(c),  (ii), for
  sub-paragraphs (3) and (4) (w.e.f. 1-11-1956).",scenario,,,PENDING_HUMAN_REVIEW,,
aa750a15f2cfd825,How does the Act define consumer dispute?,"(8) ""consumer dispute"" means a dispute where the person against whom a
     complaint has been made, denies or disputes the allegations contained in the complaint;",consumer_protection_act_2019.pdf,3,,"SEC. 1]         THE GAZETTE OF INDIA EXTRAORDINARY               3


                          (b) displayed on the goods or any package containing such goods; or

                          (c) displayed on the price list exhibited by him by or under any law
                   for the time being in force; or

                         (d) agreed between the parties;

                    (v) the goods, which are hazardous to life and safety when used, are being
            offered for sale to the public—

                         (a) in contravention of standards relating to safety of such goods
                 as required to be complied with, by or under any law for the time being in
                   force;

                         (b) where the trader knows that the goods so offered are unsafe to
                  the public;

                     (vi) the services which are hazardous or likely to be hazardous to life and
            safety of the public when used, are being offered by a person who provides any
            service and who knows it to be injurious to life and safety;

                    (vii) a claim for product liability action lies against the product
           manufacturer, product seller or product service provider, as the case may be;

             (7) ""consumer"" means any person who—

                       (i) buys any goods for a consideration which has been paid or promised
            or partly paid and partly promised, or under any system of deferred payment
          and includes any user of such goods other than the person who buys such
          goods for consideration paid or promised or partly paid or partly promised, or
           under any system of deferred payment, when such use is made with the approval
           of such person, but does not include a person who obtains such goods for
            resale or for any commercial purpose; or

                        (ii) hires or avails of any service for a consideration which has been paid
            or promised or partly paid and partly promised, or under any system of deferred
          payment and includes any beneficiary of such service other than the person
        who hires or avails of the services for consideration paid or promised, or partly
           paid and partly promised, or under any system of deferred payment, when such
            services are availed of with the approval of the first mentioned person, but does
           not include a person who avails of such service for any commercial purpose.

               Explanation.—For the purposes of this clause,—

                         (a) the expression ""commercial purpose"" does not include use by a
                person of goods bought and used by him exclusively for the purpose of
                 earning his livelihood, by means of self-employment;

                         (b) the expressions ""buys any goods"" and ""hires or avails any
                  services"" includes offline or online transactions through electronic means
                 or by teleshopping or direct selling or multi-level marketing;

            (8) ""consumer dispute"" means a dispute where the person against whom a
     complaint has been made, denies or disputes the allegations contained in the complaint;

             (9) ""consumer rights"" includes,—

                       (i) the right to be protected against the marketing of goods, products or
            services which are hazardous to life and property;

                        (ii) the right to be informed about the quality, quantity, potency, purity,
           standard and price of goods, products or services, as the case may be, so as to
            protect the consumer against unfair trade practices;",definition,,,PENDING_HUMAN_REVIEW,,
5527485128e1d56f,"What does Article 243S state about Constitution and composition of Wards Committees, etc?","(1)
There shall be constituted Wards Committees, consisting of one or more wards,
within the territorial area of a Municipality having a population of three lakhs
or more.",constitution_of_india.pdf,160,Article 243S,"243S. Constitution and composition of Wards Committees, etc.—(1)
There shall be constituted Wards Committees, consisting of one or more wards,
within the territorial area of a Municipality having a population of three lakhs
or more.

       (2) The Legislature of a State may, by law, make provision with respect
to—

          (a) the composition and the territorial area of a Wards Committee;

          (b) the manner in which the seats in a Wards Committee shall be
        filled.

       (3) A member of a Municipality representing a ward within the territorial
area of the Wards Committee shall be a member of that Committee.

       (4) Where a Wards Committee consists of—

          (a) one ward, the member representing that ward in the Municipality;
      or

          (b) two or more wards, one of the members representing such wards
       in the Municipality elected by the members of the Wards Committee,

shall be the Chairperson of that Committee.

       (5) Nothing in this article shall be deemed to prevent the Legislature of a
State from making any provision for the constitution of Committees in addition
to the Wards Committees.",direct_factual,,,PENDING_HUMAN_REVIEW,,
201eff2ab4cba732,"According to the passage, what happens if the complaint admitted by it under sub-section (2) of section 36 relates to goods in respect of which the procedure specified in sub-section (2) cannot be followed?","if the complaint admitted by it under sub-section (2)
of section 36 relates to goods in respect of which the procedure specified in sub-section (2)
cannot be followed, or if the complaint relates to any services,—

             (a) refer a copy of such complaint to the opposite party directing him to give his
      version of the case within a period of thirty days or such extended period not exceeding
      fifteen days as",consumer_protection_act_2019.pdf,19,,"SEC. 1]         THE GAZETTE OF INDIA EXTRAORDINARY              19


matter for mediation, and in such case, the provisions of Chapter V, relating to mediation,
shall apply.

      38. (1) The District Commission shall, on admission of a complaint, or in respect of   Procedure on
cases referred for mediation on failure of settlement by mediation, proceed with such   admission of
complaint.                                                                                       complaint.

      (2) Where the complaint relates to any goods, the District Commission shall,—

             (a) refer a copy of the admitted complaint, within twenty-one days from the date
      of its admission to the opposite party mentioned in the complaint directing him to give
      his version of the case within a period of thirty days or such extended period not
     exceeding fifteen days as may be granted by it;

             (b) if the opposite party on receipt of a complaint referred to him under clause (a)
      denies or disputes the allegations contained in the complaint, or omits or fails to take
     any action to represent his case within the time given by the District Commission,
     proceed to settle the consumer dispute in the manner specified in clauses (c) to (g);

             (c) if the complaint alleges a defect in the goods which cannot be determined
      without proper analysis or test of the goods, obtain a sample of the goods from the
      complainant, seal it and authenticate it in the manner as may be prescribed and refer
      the sample so sealed to the appropriate laboratory along with a direction that such
      laboratory to make an analysis or test, whichever may be necessary, with a view to
      finding out whether such goods suffer from any defect alleged in the complaint or
     from any other defect and to report its findings thereon to the District Commission
      within a period of forty-five days of the receipt of the reference or within such extended
      period as may be granted by it;

             (d) before any sample of the goods is referred to any appropriate laboratory
     under clause (c), require the complainant to deposit to the credit of the Commission
     such fees as may be specified, for payment to the appropriate laboratory for carrying
      out the necessary analysis or test in relation to the goods in question;

             (e) remit the amount deposited to its credit under clause (d) to the appropriate
      laboratory to enable it to carry out the analysis or test mentioned in clause (c) and on
      receipt of the report from the appropriate laboratory, it shall forward a copy of the
      report along with such remarks as it may feel appropriate to the opposite party;

               (f) if any of the parties disputes the correctness of the findings of the appropriate
      laboratory, or disputes the correctness of the methods of analysis or test adopted by
      the appropriate laboratory, require the opposite party or the complainant to submit in
      writing his objections with regard to the report made by the appropriate laboratory;

             (g) give a reasonable opportunity to the complainant as well as the opposite
      party of being heard as to the correctness or otherwise of the report made by the
      appropriate laboratory and also as to the objection made in relation thereto under
      clause (f) and issue an appropriate order under section 39.

      (3) The District Commission shall, if the complaint admitted by it under sub-section (2)
of section 36 relates to goods in respect of which the procedure specified in sub-section (2)
cannot be followed, or if the complaint relates to any services,—

             (a) refer a copy of such complaint to the opposite party directing him to give his
      version of the case within a period of thirty days or such extended period not exceeding
      fifteen days as may be granted by the District Commission;

             (b) if the opposite party, on receipt of a copy of the complaint, referred to him
     under clause (a) denies or disputes the allegations contained in the complaint, or
     omits or fails to take any action to represent his case within the time given by the
      District Commission, it shall proceed to settle the consumer dispute—",scenario,,,PENDING_HUMAN_REVIEW,,
0f31ba4e2e65d149,What does Article 61 state about Procedure for impeachment of the President?,"(1) When a
President is to be impeached for violation of the Constitution, the charge shall
be preferred by either House of Parliament.",constitution_of_india.pdf,60,Article 61,"61. Procedure  for impeachment  of the President.—(1) When a
President is to be impeached for violation of the Constitution, the charge shall
be preferred by either House of Parliament.
       (2) No such charge shall be preferred unless—
          (a) the proposal to prefer such charge is contained in a resolution
     which has been moved after at least fourteen days' notice in writing
      signed by not less than one-fourth of the total number of members of the
     House has been given of their intention to move the resolution, and
          (b) such resolution has been passed by a majority of not less than
      two-thirds of the total membership of the House.
       (3) When a charge has been so preferred by either House of Parliament,
the  other House  shall  investigate  the charge or cause  the charge  to be
investigated and the President  shall have the  right  to appear and to be
represented at such investigation.
       (4) If as a result of the investigation a resolution is passed by a majority
of not less than two-thirds of the total membership of the House by which the
charge was investigated or caused to be investigated, declaring that the charge
preferred against the President has been sustained, such resolution shall have
the effect of removing the President from his office as from the date on which
the resolution is so passed.
      62. Time of holding election to fill vacancy in the office of President
and the term of office of person elected to fill casual vacancy.—(1) An
election to fill a vacancy caused by the expiration of the term of office of
President shall be completed before the expiration of the term.
        (2) An election to fill a vacancy in the office of President occurring by
reason of his death, resignation or removal, or otherwise shall be held as soon
as possible after,  and in no case later than six months from, the date of
occurrence of the vacancy; and the person elected to fill the vacancy shall,
subject to the provisions of article 56, be entitled to hold office for the full term
of five years from the date on which he enters upon his office.",direct_factual,,,PENDING_HUMAN_REVIEW,,
2bd04d981f936756,How does Section 2(5) define complainant?,"(5) ""complainant"" means—

                                          (i) a consumer;",consumer_protection_act_2019.pdf,2,Section 2(5),"2. In this Act, unless the context otherwise requires,—

                           (1) ""advertisement"" means any audio or visual publicity, representation,
                  endorsement or pronouncement made by means of light, sound, smoke, gas, print,
                     electronic media, internet or website and includes any notice, circular, label, wrapper,
                    invoice or such other documents;

                            (2) ""appropriate laboratory"" means a laboratory or an organisation—

                                          (i) recognised by the Central Government; or

                                           (ii) recognised by a State Government, subject to such guidelines as may
                       be issued by the Central Government in this behalf; or

                                            (iii) established by or under any law for the time being in force, which is
                          maintained, financed or aided by the Central Government or a State Government
                            for carrying out analysis or test of any goods with a view to determining whether
                        such goods suffer from any defect;

                            (3) ""branch office"" means—

                                           (i) any office or place of work described as a branch by the establishment; or

                                           (ii) any establishment carrying on either the same or substantially the
                     same activity carried on by the head office of the establishment;

                           (4) ""Central Authority"" means the Central Consumer Protection Authority
                     established under section 10;

                            (5) ""complainant"" means—

                                          (i) a consumer; or

                                           (ii) any voluntary consumer association registered under any law for the
                        time being in force; or

                                            (iii) the Central Government or any State Government; or

                                      (iv) the Central Authority; or

                                    (v) one or more consumers, where there are numerous consumers having
                           the same interest; or

                                      (vi) in case of death of a consumer, his legal heir or legal representative; or

                                        (vii) in case of a consumer being a minor, his parent or legal guardian;

                            (6) ""complaint"" means any allegation in writing, made by a complainant for
                    obtaining any relief provided by or under this Act, that—

                                          (i) an unfair contract or unfair trade practice or a restrictive trade practice
                        has been adopted by any trader or service provider;

                                           (ii) the goods bought by him or agreed to be bought by him suffer from
                      one or more defects;

                                            (iii) the services hired or availed of or agreed to be hired or availed of by
                     him suffer from any deficiency;

                                      (iv) a trader or a service provider, as the case may be, has charged for the
                       goods or for the services mentioned in the complaint, a price in excess of the
                      price—

                                         (a) fixed by or under any law for the time being in force; or",definition,,,PENDING_HUMAN_REVIEW,,
792f8b99de888666,"According to the passage, what happens if and so often as a resolution approving the continuance in force of such a Proclamation is passed by both Houses of Parliament the Proclamation shall?","if and so often as a resolution approving the continuance in
force of such a Proclamation  is passed by both Houses of Parliament the
Proclamation shall, unless revoked, continue in force for a further period of six
months from the date on which it would otherwise have ceased to operate under
this clause:
      Provided further that if the dissolution of the House of the People takes
place during any such perio",constitution_of_india.pdf,240,,"209          THE CONSTITUTION OF INDIA

                         (Part XVIII.—EMERGENCY PROVISIONS)

      Provided  that  if any such Proclamation (not being a Proclamation
revoking a previous Proclamation) is issued at a time when the House of the
People has been dissolved, or the dissolution of the House of the People takes
place during the period of one month referred to in this clause, and  if a
resolution approving the Proclamation has been passed by the Council of
States, but no resolution with respect to such Proclamation has been passed by
the House of the People before the expiration of that period, the Proclamation
shall cease to operate at the expiration of thirty days from the date on which the
House of  the People  first  sits  after  its  reconstitution,  unless before the
expiration  of  the  said period  of  thirty days a  resolution approving  the
Proclamation has been also passed by the House of the People.
       (5) A Proclamation so approved shall, unless revoked, cease to operate
on the expiration of a period of six months from the date of the passing of the
second of the resolutions approving the Proclamation under clause (4):
      Provided that if and so often as a resolution approving the continuance in
force of such a Proclamation  is passed by both Houses of Parliament the
Proclamation shall, unless revoked, continue in force for a further period of six
months from the date on which it would otherwise have ceased to operate under
this clause:
      Provided further that if the dissolution of the House of the People takes
place during any such period of six months and a resolution approving the
continuance in force of such Proclamation has been passed by the Council of
States but no resolution with respect to the continuance in force of such
Proclamation has been passed by the House of the People during the said
period, the Proclamation shall cease to operate at the expiration of thirty days
from the date on which the House of the People first sits after its reconstitution
unless before the expiration of the said period  of thirty days, a resolution
approving the continuance in force  of the Proclamation has been also passed
by the House of the People.
       (6) For the purposes of clauses (4) and (5), a resolution may be passed
by either House of Parliament only by a majority of the total membership of
that House and by a majority of not less than two-thirds of the Members of that
House present and voting.
       (7) Notwithstanding anything contained in the foregoing clauses, the
President shall revoke a Proclamation issued under clause (1) or a Proclamation
varying such Proclamation  if the House of the People passes a resolution
disapproving, or, as the case may be, disapproving the continuance in force  of,
such Proclamation.",scenario,,,PENDING_HUMAN_REVIEW,,
03bf0128a6e34e13,How does the Act define bargain price?,"""bargain price"" means,—

                       (A) a price that is stated in any advertisement to be a bargain price,
              by reference to an ordinary price or otherwise;",consumer_protection_act_2019.pdf,9,,"SEC. 1]         THE GAZETTE OF INDIA EXTRAORDINARY               9


        if such purported warranty or guarantee or promise is materially misleading or if there
       is no reasonable prospect that such warranty, guarantee or promise will be carried out;

               (i) materially misleads the public concerning the price at which a product or like
      products or goods or services, have been or are, ordinarily sold or provided, and, for
       this purpose, a representation as to price shall be deemed to refer to the price at which
      the product or goods or services has or have been sold by sellers or provided by
      suppliers generally in the relevant market unless it is clearly specified to be the price at
     which the product has been sold or services have been provided by the person by
    whom or on whose behalf the representation is made;

               (j) gives false or misleading facts disparaging the goods, services or trade of
      another person.

     Explanation.—For the purposes of this sub-clause, a statement that is,—

           (A) expressed on an article offered or displayed for sale, or on its wrapper or
      container; or

           (B) expressed on anything attached to, inserted in, or accompanying, an article
      offered or displayed for sale, or on anything on which the article is mounted for
      display or sale; or

           (C) contained in or on anything that is sold, sent, delivered, transmitted or in
     any other manner whatsoever made available to a member of the public,

shall be deemed to be a statement made to the public by, and only by, the person who had
caused the statement to be so expressed, made or contained;

                       (ii) permitting the publication of any advertisement, whether in any
          newspaper or otherwise, including by way of electronic record, for the sale or
           supply at a bargain price of goods or services that are not intended to be offered
            for sale or supply at the bargain price, or for a period that is, and in quantities
             that are, reasonable, having regard to the nature of the market in which the
           business is carried on, the nature and size of business, and the nature of the
           advertisement.

     Explanation.—For the purpose of this sub-clause, ""bargain price"" means,—

                       (A) a price that is stated in any advertisement to be a bargain price,
              by reference to an ordinary price or otherwise; or

                       (B) a price that a person who reads, hears or sees the advertisement,
              would reasonably understand to be a bargain price having regard to the
                  prices at which the product advertised or like products are ordinarily sold;

                        (iii) permitting—

                         (a) the offering of gifts, prizes or other items with the intention of
                 not providing them as offered or creating impression that something is
                being given or offered free of charge when it is fully or partly covered by
                  the amount charged, in the transaction as a whole;

                         (b) the conduct of any contest, lottery, game of chance or skill, for
                  the purpose of promoting, directly or indirectly, the sale, use or supply of
               any product or any business interest, except such contest, lottery, game
                 of chance or skill as may be prescribed;

                          (c) withholding from the participants of any scheme offering gifts,
                  prizes or other items free of charge on its closure, the information about
                    final results of the scheme.",definition,,,PENDING_HUMAN_REVIEW,,
871cfd141862c737,"What does Article 261 state about Public acts, records and judicial proceedings?","(1) Full faith and
credit shall be given throughout the territory of India to public acts, records and
judicial proceedings of the Union and of every State.",constitution_of_india.pdf,182,Article 261,"261. Public acts, records and judicial proceedings.—(1) Full faith and
credit shall be given throughout the territory of India to public acts, records and
judicial proceedings of the Union and of every State.
       (2) The manner in which and the conditions under which the acts,
records and proceedings referred to in clause (1) shall be proved and the effect
thereof determined shall be as provided by law made by Parliament.
       (3) Final judgments or orders delivered or passed by civil courts in any
part of the territory of India shall be capable of execution anywhere within that
territory according to law.
                        Disputes relating to Waters
      262. Adjudication of disputes relating to waters of inter-State rivers
or river valleys.—(1) Parliament may by law provide for the adjudication of
any dispute or complaint with respect to the use, distribution or control of the
waters of, or in, any inter-State river or river valley.
       (2) Notwithstanding anything in this Constitution, Parliament may by
law provide that neither the Supreme Court nor any other court shall exercise
jurisdiction in respect of any such dispute or complaint as is referred to in
clause (1).
                       Co-ordination between States",direct_factual,,,PENDING_HUMAN_REVIEW,,
d492adaa794a1117,"According to the passage, what happens if there is a majority?","if there is a majority, but if the members are
equally divided, they shall state the point or points on which they differ, and make a reference
to the President who shall either hear the point or points himself or refer the case for hearing
on such point or points by one or more of t",consumer_protection_act_2019.pdf,23,,"SEC. 1]         THE GAZETTE OF INDIA EXTRAORDINARY              23


      43. The Central Government may, by notification, make rules to provide for the   Qualifications,
qualification for appointment, method of recruitment, procedure of appointment, term of   etc., of
                                                                                                          President and
office, resignation and removal of the President and members of the State Commission.      members of
                                                                                                           State
                                                                                          Commission.
      44. The State Government may, by notification, make rules to provide for salaries and   Salaries,
allowances and other terms and conditions of service of the President and members of the  allowances and
State Commission.                                                                                   other terms
                                                                                             and conditions
                                                                                                            of service of
                                                                                                          President and
                                                                                     members of
                                                                                                          State
                                                                                          Commission.

      45. Any person appointed as President or, as the case may be, a member of the State   Transitional
Commission immediately before the commencement of this Act shall hold office as such, as   provision.
President or member, as the case may be, till the completion of his term.

      46. (1) The State Government shall determine the nature and categories of the officers   Officers and
and other employees required to assist the State Commission in the discharge of its functions  employees of
and provide the Commission with such officers and other employees as it may think fit.       State                                                                                          Commission.
      (2) The officers and other employees of the State Commission shall discharge their
functions under the general superintendence of the President.

      (3) The salaries and allowances payable to and the other terms and conditions of
service of, the officers and other employees of the State Commission shall be such as may be
prescribed.

      47. (1) Subject to the other provisions of this Act, the State Commission shall have   Jurisdiction of
jurisdiction—                                                                                           State
                                                                                           Commission.
             (a) to entertain—

                     (i) complaints where the value of the goods or services paid as
            consideration, exceeds rupees one crore, but does not exceed rupees ten crore:

                Provided that where the Central Government deems it necessary so to do,
                 it may prescribe such other value, as it deems fit;

                       (ii) complaints against unfair contracts, where the value of goods or
            services paid as consideration does not exceed ten crore rupees;

                        (iii) appeals against the orders of any District Commission within the
             State; and

             (b) to call for the records and pass appropriate orders in any consumer dispute
     which is pending before or has been decided by any District Commission within the
      State, where it appears to the State Commission that such District Commission has
      exercised a jurisdiction not vested in it by law, or has failed to exercise a jurisdiction so
      vested or has acted in exercise of its jurisdiction illegally or with material irregularity.

      (2) The jurisdiction, powers and authority of the State Commission may be exercised
by Benches thereof, and a Bench may be constituted by the President with one or more
members as the President may deem fit:

     Provided that the senior-most member shall preside over the Bench.

      (3) Where the members of a Bench differ in opinion on any point, the points shall be
decided according to the opinion of the majority, if there is a majority, but if the members are
equally divided, they shall state the point or points on which they differ, and make a reference
to the President who shall either hear the point or points himself or refer the case for hearing
on such point or points by one or more of the other members and such point or points shall",scenario,,,PENDING_HUMAN_REVIEW,,
719590b9c30d93a4,What does Article 117 state about Special provisions as to financial Bills?,"(1) A Bill or amendment
making provision for any of the matters specified in sub-clauses (a) to (f) of
clause (1) of  article 110 shall not be introduced or moved except on the
recommendation of the President and a Bill making such provision shall not be
introduced in the Council of States:
      Provided that no recommendation shall be required under this clause for
the moving of an amendment making provision for the reduction or abolition of
any tax.",constitution_of_india.pdf,85,Article 117,"117. Special provisions as to financial Bills.—(1) A Bill or amendment
making provision for any of the matters specified in sub-clauses (a) to (f) of
clause (1) of  article 110 shall not be introduced or moved except on the
recommendation of the President and a Bill making such provision shall not be
introduced in the Council of States:
      Provided that no recommendation shall be required under this clause for
the moving of an amendment making provision for the reduction or abolition of
any tax.",direct_factual,,,PENDING_HUMAN_REVIEW,,
1216cfb723742030,How does the Act define g the notice or had refused to accept the notice by any other?,"g the notice or had refused to accept the notice by any other means specified
in sub-section (1) when tendered or transmitted to him, the District Commission or the State
Commission or the National Commission, as the case may be, shall declare that the notice
has been duly served on the opposite party or to the complainant, as the case may be:

     Provided that where the notice was properly addressed, pre-paid and duly sent by
registered post acknowledgment due, a declaration referred to in this sub-section shall be
made notwithstanding the fact that the acknowledgment has been lost or misplaced, or for
any other reason, has not been received by the District Commission, the State Commission
or the National Commission, as the case may be, within thirty days from the date of issue of
notice.",consumer_protection_act_2019.pdf,27,,"SEC. 1]         THE GAZETTE OF INDIA EXTRAORDINARY              27

      60. The National Commission shall have the power to review any of the order passed  Review by
by it if there is an error apparent on the face of the record, either of its own motion or on an  National                                                                                       Commission in
application made by any of the parties within thirty days of such order.                          certain cases.

      61. Where an order is passed by the National Commission ex parte, the aggrieved  Power to set
party may make an application to the Commission for setting aside such order.                  aside ex parte
                                                                                                               orders.

      62. On the application of the complainant or of its own motion, the National Commission   Transfer of
may, at any stage of the proceeding, in the interest of justice, transfer any complaint pending   cases.
before the District Commission of one State to a District Commission of another State or
before one State Commission to another State Commission.

      63. When the office of President of the National Commission is vacant or a person   Vacancy in
occupying such office is, by reason of absence or otherwise, unable to perform the duties of   office of
his office, these shall be performed by the senior-most member of the National Commission:   President of                                                                                                  National
     Provided that where a retired Judge of a High Court or a person who has been a  Commission.
Judicial Member is a member of the National Commission, such member or where the number
of such members is more than one, the senior-most person amongst such members, shall
preside over the National Commission in the absence of President of that Commission.

      64. No act or proceeding of the District Commission, the State Commission or the   Vacancies or
National Commission shall be invalid by reason only of the existence of any vacancy amongst   defects in
                                                                                          appointment
its members or any defect in the constitution thereof.                                                                                                   not to
                                                                                                             invalidate
                                                                                                               orders.

      65. (1) All notices, required by this Act to be served, shall be served by delivering or   Service of
transmitting a copy thereof by registered post acknowledgment due addressed to opposite   notice, etc.
party against whom complaint is made or to the complainant by speed post or by such
courier service, approved by the District Commission, the State Commission or the National
Commission, as the case may be, or by any other mode of transmission of documents
including electronic means.

      (2) Without prejudice to the provisions contained in sub-section (1), the notice required
by this Act may be served on an electronic service provider at the address provided by it on
the electronic platform from where it provides its services as such and for this purpose, the
electronic service provider shall designate a nodal officer to accept and process such notices.

      (3) When an acknowledgment or any other receipt purporting to be signed by the
opposite party or his agent or, as the case may be, by the complainant is received by the
District Commission, the State Commission or the National Commission, as the case may be,
or postal article containing the notice is received back by such District Commission, State
Commission or the National Commission, with an endorsement purporting to have been
made by a postal employee or by any person authorised by the courier service to the effect
that the opposite party or his agent or complainant had refused to take delivery of the postal
article containing the notice or had refused to accept the notice by any other means specified
in sub-section (1) when tendered or transmitted to him, the District Commission or the State
Commission or the National Commission, as the case may be, shall declare that the notice
has been duly served on the opposite party or to the complainant, as the case may be:

     Provided that where the notice was properly addressed, pre-paid and duly sent by
registered post acknowledgment due, a declaration referred to in this sub-section shall be
made notwithstanding the fact that the acknowledgment has been lost or misplaced, or for
any other reason, has not been received by the District Commission, the State Commission
or the National Commission, as the case may be, within thirty days from the date of issue of
notice.",definition,,,PENDING_HUMAN_REVIEW,,
8dab6fe83ce4e835,"According to the passage, what happens if he holds any office of profit under the Government of India or the Government of any State specified in the First Schedule?","if he holds any office of profit under the Government of India or
      the Government of any State specified in the First Schedule, other than
      an office declared by the Legislature of the State by law not to disqualify
        its holder;",constitution_of_india.pdf,117,Article 191,"191.  Disqualifications  for membership.—(1) A  person  shall  be
disqualified for being chosen as, and for being, a member of the Legislative
Assembly or Legislative Council of a State—
           1[(a) if he holds any office of profit under the Government of India or
      the Government of any State specified in the First Schedule, other than
      an office declared by the Legislature of the State by law not to disqualify
        its holder;]
          (b) if he is of unsound mind and stands so declared by a competent
       court;
           (c) if he is an undischarged insolvent;
          (d) if he is not a citizen of India, or has voluntarily acquired the
       citizenship of a foreign State, or  is under any acknowledgment of
       allegiance or adherence to a foreign State;
           (e) if he is so disqualified by or under any law made by Parliament.
      2[Explanation.—For the purposes of this clause], a person shall not be
deemed to hold an office of profit under the Government of India or the
Government of any State specified in the First Schedule by reason only that he
is a Minister either for the Union or for such State.
       3[(2) A person  shall be  disqualified  for  being a member  of  the
Legislative Assembly or Legislative Council of a State if he is so disqualified
under the Tenth Schedule.]
       4[192. Decision on questions as to disqualifications of members.—(1)
If any question arises as to whether a member of a House of the Legislature of a
State has become subject to any of the disqualifications mentioned in clause (1)
of article 191, the question shall be referred for the decision of the Governor
and his decision shall be final.
______________________________________________
1. Subs. by the Constitution (Forty-second Amendment) Act, 1976, s. 32 to read as ""(a) if
  he holds any such office of profit under the Government of India or the Government of
  any State specified in the First Schedule as is declared by Parliament by law to
   disqualify  its holder"" (date not  notified). This amendment was omitted by  the
   Constitution (Forty-fourth Amendment) Act, 1978, s. 45 (w.e.f. 20-6-1979).
2. Subs. by the Constitution (Fifty-second Amendment) Act, 1985, s. 5, for ""(2) For the
  purposes of this article"" (w.e.f. 1-3-1985).
3. Ins. by s. 5, ibid. (w.e.f. 1-3-1985).
4. Subs. by the Constitution (Forty-second Amendment) Act, 1976, s. 33, for art. 192
   (w.e.f. 3-1-1977) and further subs. by the Constitution (Forty-fourth Amendment)
  Act, 1978, s. 25, for art. 192 (w.e.f. 20-6-1979).",scenario,,,PENDING_HUMAN_REVIEW,,
08ae9e2d67413828,How does the Act define Director-General?,"(14) ""Director-General"" means the Director-General appointed under
      sub-section (2) of section 15;",consumer_protection_act_2019.pdf,4,,"4            THE GAZETTE OF INDIA EXTRAORDINARY         [PART II—


                        (iii) the right to be assured, wherever possible, access to a variety of
           goods, products or services at competitive prices;

                     (iv) the right to be heard and to be assured that consumer's interests will
            receive due consideration at appropriate fora;

                    (v) the right to seek redressal against unfair trade practice or restrictive
            trade practices or unscrupulous exploitation of consumers; and

                     (vi) the right to consumer awareness;

           (10) ""defect"" means any fault, imperfection or shortcoming in the quality,
      quantity, potency, purity or standard which is required to be maintained by or under
     any law for the time being in force or under any contract, express or implied or as is
     claimed by the trader in any manner whatsoever in relation to any goods or product
     and the expression ""defective"" shall be construed accordingly;

            (11) ""deficiency"" means any fault, imperfection, shortcoming or inadequacy in
      the quality, nature and manner of performance which is required to be maintained by or
     under any law for the time being in force or has been undertaken to be performed by a
     person in pursuance of a contract or otherwise in relation to any service and includes—

                       (i) any act of negligence or omission or commission by such person which
           causes loss or injury to the consumer; and

                        (ii) deliberate withholding of relevant information by such person to the
          consumer;

            (12) ""design"", in relation to a product, means the intended or known physical
     and material characteristics of such product and includes any intended or known
     formulation or content of such product and the usual result of the intended
     manufacturing or other process used to produce such product;

            (13) ""direct selling"" means marketing, distribution and sale of goods or provision
      of services through a network of sellers, other than through a permanent retail location;

           (14) ""Director-General"" means the Director-General appointed under
      sub-section (2) of section 15;

            (15) ""District Commission"" means a District Consumer Disputes Redressal
     Commission established under sub-section (1) of section 28;

            (16) ""e-commerce"" means buying or selling of goods or services including
       digital products over digital or electronic network;

            (17) ""electronic service provider"" means a person who provides technologies
      or processes to enable a product seller to engage in advertising or selling goods or
      services to a consumer and includes any online market place or online auction sites;

            (18) ""endorsement"", in relation to an advertisement, means—

                       (i) any message, verbal statement, demonstration; or

                        (ii) depiction of the name, signature, likeness or other identifiable personal
             characteristics of an individual; or

                        (iii) depiction of the name or seal of any institution or organisation,

which makes the consumer to believe that it reflects the opinion, finding or experience of the
person making such endorsement;

           (19) ""establishment"" includes an advertising agency, commission agent,
      manufacturing, trading or any other commercial agency which carries on any business,
      trade or profession or any work in connection with or incidental or ancillary to any",definition,,,PENDING_HUMAN_REVIEW,,
61a747ff84a4fe1f,What does Article 89 state about The Chairman and Deputy Chairman of the Council of States?,"(1)
The Vice- President of India shall be ex officio Chairman of the Council of States.",constitution_of_india.pdf,72,Article 89,"89. The Chairman and Deputy Chairman of the Council of States.—(1)
The Vice- President of India shall be ex officio Chairman of the Council of States.
       (2) The Council of States shall, as soon as may be, choose a member of
the Council to be Deputy Chairman thereof and, so often as the office of
Deputy Chairman becomes vacant, the Council shall choose another member to
be Deputy Chairman thereof.
      90. Vacation and resignation of, and removal from, the office of
Deputy Chairman.—A member holding office as Deputy Chairman of the
Council of States—
          (a) shall vacate his office if he ceases to be a member of the Council;
          (b) may at any time, by writing under his hand addressed to the
      Chairman, resign his office; and
           (c) may be removed from his office by a resolution of the Council
      passed by a majority of all the then members of the Council:
      Provided that no resolution for the purpose of clause (c) shall be moved
unless at least fourteen days’ notice has been given of the intention to move the
resolution.
      91. Power of the Deputy Chairman or other person to perform the
duties of the office of, or to act as, Chairman.—(1) While the office of
Chairman is vacant, or during any period when the Vice-President is acting as,
or discharging the functions of, President, the duties of the office shall be
performed by the Deputy Chairman, or, if the office of Deputy Chairman is
also vacant, by such member of the Council of States as the President may
appoint for the purpose.
       (2) During the absence of the Chairman from any sitting of the Council of
States the Deputy Chairman, or,  if he is also absent, such person as may be
determined by the rules of procedure of the Council, or, if no such person is present,
such other person as may be determined by the Council, shall act as Chairman.
      92. The Chairman or the Deputy Chairman not to preside while a
resolution for his removal from office is under consideration.—(1) At any
sitting of the Council of States, while any resolution for the removal of the
Vice-President from his office is under consideration, the Chairman, or while
any resolution for the removal of the Deputy Chairman from his office is under
consideration, the Deputy Chairman, shall not, though he is present, preside,
and the provisions of clause (2) of article 91 shall apply in relation to every
such sitting as they apply in relation to a sitting from which the Chairman, or,
as the case may be, the Deputy Chairman, is absent.",direct_factual,,,PENDING_HUMAN_REVIEW,,
f9c4cbcca36e0c87,"According to the passage, what happens if addressed in the case of the opposite party?","if addressed in the case of the
              opposite party, to the place where business or profession is carried on, and in case of the
              complainant, the place where such person actually and voluntarily resides.",consumer_protection_act_2019.pdf,28,,"28           THE GAZETTE OF INDIA EXTRAORDINARY         [PART II—


                      (4) All notices required to be served on an opposite party or to complainant, as the
              case may be, shall be deemed to be sufficiently served, if addressed in the case of the
              opposite party, to the place where business or profession is carried on, and in case of the
              complainant, the place where such person actually and voluntarily resides.

Experts to           66. Where the National Commission or the State Commission, as the case may be, on
assist         an application by a complainant or otherwise, is of the opinion that it involves the larger
National
Commission     interest of consumers, it may direct any individual or organisation or expert to assist the
or State        National Commission or the State Commission, as the case may be.
Commission.

Appeal against        67. Any person, aggrieved by an order made by the National Commission in exercise
order of        of its powers conferred by sub-clause (i) or (ii) of clause (a) of sub-section (1) of section 58,National
Commission.   may prefer an appeal against such order to the Supreme Court within a period of thirty days
            from the date of the order:

                   Provided that the Supreme Court may entertain an appeal after the expiry of the said
              period of thirty days if it is satisfied that there was sufficient cause for not filing it within that
               period:

                   Provided further that no appeal by a person who is required to pay any amount in
              terms of an order of the National Commission shall be entertained by the Supreme Court
              unless that person has deposited fifty per cent. of that amount in the manner as may be
               prescribed.

Finality of           68. Every order of a District Commission or the State Commission or the National
orders.        Commission, as the case may be, shall, if no appeal has been preferred against such order
             under the provisions of this Act, be final.

Limitation           69. (1) The District Commission, the State Commission or the National Commission
period.          shall not admit a complaint unless it is filed within two years from the date on which the
              cause of action has arisen.

                     (2) Notwithstanding anything contained in sub-section (1), a complaint may be
               entertained after the period specified in sub-section (1), if the complainant satisfies the
                District Commission, the State Commission or the National Commission, as the case may be,
                that he had sufficient cause for not filing the complaint within such period:

                   Provided that no such complaint shall be entertained unless the District Commission
              or the State Commission or the National Commission, as the case may be, records its reasons
                for condoning such delay.

Administrative        70. (1) The National Commission shall have the authority to lay down such adequate
control.        standards in consultation with the Central Government from time to time, for better protection
              of the interests of consumers and for that purpose, shall have administrative control over all
               the State Commissions in the following matters, namely:—

                            (a) monitoring performance of the State Commissions in terms of their disposal
                 by calling for periodical returns regarding the institution, disposal and pendency of
                    cases;

                            (b) investigating into any allegations against the President and members of a
                     State Commission and submitting inquiry report to the State Government concerned
                   along with copy endorsed to the Central Government for necessary action;

                             (c) issuance of instructions regarding adoption of uniform procedure in the
                    hearing of matters, prior service of copies of documents produced by one party to the
                    opposite parties, furnishing of english translation of judgments written in any language,
                  speedy grant of copies of documents;",scenario,,,PENDING_HUMAN_REVIEW,,
0c62f282fe7deac9,What does Article 112 state about Annual financial statement?,"(1) The President shall in respect of
every financial year cause to be laid before both the Houses of Parliament a
statement of the estimated receipts and expenditure of the Government of India
for that year, in this Part referred to as the ""annual financial statement''.",constitution_of_india.pdf,82,Article 112,"112. Annual financial statement.—(1) The President shall in respect of
every financial year cause to be laid before both the Houses of Parliament a
statement of the estimated receipts and expenditure of the Government of India
for that year, in this Part referred to as the ""annual financial statement''.
       (2) The estimates of expenditure embodied in the annual financial
statement shall show separately—",direct_factual,,,PENDING_HUMAN_REVIEW,,
e6ac3c62fe82db7c,How does the Act define deficiency?,"(11) ""deficiency"" means any fault, imperfection, shortcoming or inadequacy in
      the quality, nature and manner of performance which is required to be maintained by or
     under any law for the time being in force or has been undertaken to be performed by a
     person in pursuance of a contract or otherwise in relation to any service and includes—

                       (i) any act of negligence or omission or commission by such person which
           causes loss or injury to the consumer;",consumer_protection_act_2019.pdf,4,,"4            THE GAZETTE OF INDIA EXTRAORDINARY         [PART II—


                        (iii) the right to be assured, wherever possible, access to a variety of
           goods, products or services at competitive prices;

                     (iv) the right to be heard and to be assured that consumer's interests will
            receive due consideration at appropriate fora;

                    (v) the right to seek redressal against unfair trade practice or restrictive
            trade practices or unscrupulous exploitation of consumers; and

                     (vi) the right to consumer awareness;

           (10) ""defect"" means any fault, imperfection or shortcoming in the quality,
      quantity, potency, purity or standard which is required to be maintained by or under
     any law for the time being in force or under any contract, express or implied or as is
     claimed by the trader in any manner whatsoever in relation to any goods or product
     and the expression ""defective"" shall be construed accordingly;

            (11) ""deficiency"" means any fault, imperfection, shortcoming or inadequacy in
      the quality, nature and manner of performance which is required to be maintained by or
     under any law for the time being in force or has been undertaken to be performed by a
     person in pursuance of a contract or otherwise in relation to any service and includes—

                       (i) any act of negligence or omission or commission by such person which
           causes loss or injury to the consumer; and

                        (ii) deliberate withholding of relevant information by such person to the
          consumer;

            (12) ""design"", in relation to a product, means the intended or known physical
     and material characteristics of such product and includes any intended or known
     formulation or content of such product and the usual result of the intended
     manufacturing or other process used to produce such product;

            (13) ""direct selling"" means marketing, distribution and sale of goods or provision
      of services through a network of sellers, other than through a permanent retail location;

           (14) ""Director-General"" means the Director-General appointed under
      sub-section (2) of section 15;

            (15) ""District Commission"" means a District Consumer Disputes Redressal
     Commission established under sub-section (1) of section 28;

            (16) ""e-commerce"" means buying or selling of goods or services including
       digital products over digital or electronic network;

            (17) ""electronic service provider"" means a person who provides technologies
      or processes to enable a product seller to engage in advertising or selling goods or
      services to a consumer and includes any online market place or online auction sites;

            (18) ""endorsement"", in relation to an advertisement, means—

                       (i) any message, verbal statement, demonstration; or

                        (ii) depiction of the name, signature, likeness or other identifiable personal
             characteristics of an individual; or

                        (iii) depiction of the name or seal of any institution or organisation,

which makes the consumer to believe that it reflects the opinion, finding or experience of the
person making such endorsement;

           (19) ""establishment"" includes an advertising agency, commission agent,
      manufacturing, trading or any other commercial agency which carries on any business,
      trade or profession or any work in connection with or incidental or ancillary to any",definition,,,PENDING_HUMAN_REVIEW,,
1ddcd39e06622117,"According to the passage, what happens if the following proviso were added to paragraph (i) of sub-clause (e) of clause (2) thereof?","if
   the following proviso were added to paragraph (i) of sub-clause  (e) of clause (2)
   thereof, namely:—
         ""Provided that the Governor may, on the advice of the Chief Minister, appoint
  any person as Minister for Tuensang affairs to act as such until such time as persons
   are chosen in accordance with law to fill the seats allocated to the Tuen",constitution_of_india.pdf,266,,"235          THE CONSTITUTION OF INDIA

               (Part XXI.—Temporary, Transitional and Special Provisions)

                  (iv) the procedure and conduct of business of the regional council;
                (v) the appointment of officers and staff of the regional council
        and their conditions of services; and
                  (vi) any other matter in respect of which it is necessary to make
          rules for the constitution and proper functioning of the regional council.
       (2) Notwithstanding anything in this Constitution, for a period of ten
years from the date of the formation of the State of Nagaland or for such further
period as the Governor may, on the recommendation of the regional council, by
public notification specify in this behalf,—
          (a) the administration of the Tuensang district shall be carried on by
      the Governor;
          (b) where any money is provided by the Government of India to the
     Government of Nagaland to meet the requirements of the State of
      Nagaland as a whole, the Governor shall in his discretion arrange for an
       equitable allocation of that money between the Tuensang district and the
       rest of the State;
           (c) no Act of the Legislature of Nagaland shall apply to Tuensang
        district unless the Governor, on the recommendation of the regional
       council, by public notification so directs and the Governor in giving such
       direction with respect to any such Act may direct that the Act shall in its
       application to the Tuensang  district or any part thereof have effect
       subject to such exceptions or modifications as the Governor may specify
     on the recommendation of the regional council:
            Provided that any direction given under this sub-clause may be
      given so as to have retrospective effect;
           (d) the Governor may make regulations for the peace, progress and good
      government of the Tuensang district and any regulations so made may repeal
       or amend with retrospective effect, if necessary, any Act of Parliament or any
       other law which is for the time being applicable to that district;
           (e) (i) one of the members representing the Tuensang district in the
       Legislative Assembly of Nagaland  shall be appointed Minister  for
     Tuensang affairs by the Governor on the advice of the Chief Minister
     and  the  Chief  Minister  in  tendering  his  advice  shall  act on  the
      recommendation of the majority of the members as aforesaid1;

______________________________________________
1. Paragraph 2 of the Constitution (Removal of Difficulties) Order No. X  provides
   (w.e.f. 1-12-1963) that article 371A of the Constitution of India shall have effect as if
   the following proviso were added to paragraph (i) of sub-clause  (e) of clause (2)
   thereof, namely:—
         ""Provided that the Governor may, on the advice of the Chief Minister, appoint
  any person as Minister for Tuensang affairs to act as such until such time as persons
   are chosen in accordance with law to fill the seats allocated to the Tuensang district, in
   the Legislative Assembly of Nagaland."".",scenario,,,PENDING_HUMAN_REVIEW,,
6ad655d919f95c7e,How does the Act define defect?,"(10) ""defect"" means any fault, imperfection or shortcoming in the quality,
      quantity, potency, purity or standard which is required to be maintained by or under
     any law for the time being in force or under any contract, express or implied or as is
     claimed by the trader in any manner whatsoever in relation to any goods or product
     and the expression ""defective"" shall be construed accordingly;",consumer_protection_act_2019.pdf,4,,"4            THE GAZETTE OF INDIA EXTRAORDINARY         [PART II—


                        (iii) the right to be assured, wherever possible, access to a variety of
           goods, products or services at competitive prices;

                     (iv) the right to be heard and to be assured that consumer's interests will
            receive due consideration at appropriate fora;

                    (v) the right to seek redressal against unfair trade practice or restrictive
            trade practices or unscrupulous exploitation of consumers; and

                     (vi) the right to consumer awareness;

           (10) ""defect"" means any fault, imperfection or shortcoming in the quality,
      quantity, potency, purity or standard which is required to be maintained by or under
     any law for the time being in force or under any contract, express or implied or as is
     claimed by the trader in any manner whatsoever in relation to any goods or product
     and the expression ""defective"" shall be construed accordingly;

            (11) ""deficiency"" means any fault, imperfection, shortcoming or inadequacy in
      the quality, nature and manner of performance which is required to be maintained by or
     under any law for the time being in force or has been undertaken to be performed by a
     person in pursuance of a contract or otherwise in relation to any service and includes—

                       (i) any act of negligence or omission or commission by such person which
           causes loss or injury to the consumer; and

                        (ii) deliberate withholding of relevant information by such person to the
          consumer;

            (12) ""design"", in relation to a product, means the intended or known physical
     and material characteristics of such product and includes any intended or known
     formulation or content of such product and the usual result of the intended
     manufacturing or other process used to produce such product;

            (13) ""direct selling"" means marketing, distribution and sale of goods or provision
      of services through a network of sellers, other than through a permanent retail location;

           (14) ""Director-General"" means the Director-General appointed under
      sub-section (2) of section 15;

            (15) ""District Commission"" means a District Consumer Disputes Redressal
     Commission established under sub-section (1) of section 28;

            (16) ""e-commerce"" means buying or selling of goods or services including
       digital products over digital or electronic network;

            (17) ""electronic service provider"" means a person who provides technologies
      or processes to enable a product seller to engage in advertising or selling goods or
      services to a consumer and includes any online market place or online auction sites;

            (18) ""endorsement"", in relation to an advertisement, means—

                       (i) any message, verbal statement, demonstration; or

                        (ii) depiction of the name, signature, likeness or other identifiable personal
             characteristics of an individual; or

                        (iii) depiction of the name or seal of any institution or organisation,

which makes the consumer to believe that it reflects the opinion, finding or experience of the
person making such endorsement;

           (19) ""establishment"" includes an advertising agency, commission agent,
      manufacturing, trading or any other commercial agency which carries on any business,
      trade or profession or any work in connection with or incidental or ancillary to any",definition,,,PENDING_HUMAN_REVIEW,,
f7f8e1e318730f4d,"What does Article 145 state about Rules of Court, etc?","(1) Subject to the provisions of any law
made by Parliament, the Supreme Court may from time to time, with the
approval of the President, make rules for regulating generally the practice and
procedure of the Court including—
             (a) rules as to the persons practising before the Court;
______________________________________________
1.",constitution_of_india.pdf,96,Article 145,"145. Rules of Court, etc.—(1) Subject to the provisions of any law
made by Parliament, the Supreme Court may from time to time, with the
approval of the President, make rules for regulating generally the practice and
procedure of the Court including—
             (a) rules as to the persons practising before the Court;
______________________________________________
1. See the Supreme Court (Decrees and Orders) Enforcement Order, 1954 (C.O. 47).
2. The words, brackets and figure ""clause (i) of"" omitted by the Constitution (Seventh
  Amendment) Act, 1956, s. 29 and Sch. (w.e.f. 1-11-1956).
3. Subs. by  s. 29 and Sch., ibid., for ""said clause"" (w.e.f. 1-11-1956).
4. Ins. by the Constitution (Forty-second Amendment) Act, 1976, s. 25 (w.e.f. 1-2-1977).",direct_factual,,,PENDING_HUMAN_REVIEW,,
36fd9620e11c9497,"According to the passage, what happens if made by the manufacturer or seller or service provider thereof?","if made by the
                        manufacturer or seller or service provider thereof, would constitute an unfair
                           trade practice;",consumer_protection_act_2019.pdf,5,,"SEC. 1]         THE GAZETTE OF INDIA EXTRAORDINARY               5


                  commercial activity, trade or profession, or such other class or classes of persons
                    including public utility entities in the manner as may be prescribed;

                           (20) ""express warranty"" means any material statement, affirmation of fact, promise
                    or description relating to a product or service warranting that it conforms to such
                    material statement, affirmation, promise or description and includes any sample or
                 model of a product warranting that the whole of such product conforms to such
                  sample or model;

                          (21) ""goods"" means every kind of movable property and includes ""food"" as
                    defined in clause (j) of sub-section (1) of section 3 of the Food Safety and Standards
34 of 2006.          Act, 2006;

                          (22) ""harm"", in relation to a product liability, includes—

                                          (i) damage to any property, other than the product itself;

                                           (ii) personal injury, illness or death;

                                            (iii) mental agony or emotional distress attendant to personal injury or
                              illness or damage to property; or

                                      (iv) any loss of consortium or services or other loss resulting from a harm
                           referred to in sub-clause (i) or sub-clause (ii) or sub-clause (iii),

                    but shall not include any harm caused to a product itself or any damage to the property
                 on account of breach of warranty conditions or any commercial or economic loss,
                    including any direct, incidental or consequential loss relating thereto;

                          (23) ""injury"" means any harm whatever illegally caused to any person, in body,
                mind or property;

                          (24) ""manufacturer"" means a person who—

                                          (i) makes any goods or parts thereof; or

                                           (ii) assembles any goods or parts thereof made by others; or

                                            (iii) puts or causes to be put his own mark on any goods made by any
                          other person;

                          (25) ""mediation"" means the process by which a mediator mediates the consumer
                    disputes;

                          (26) ""mediator"" means a mediator referred to in section 75;

                          (27) ""member"" includes the President and a member of the National Commission
                    or a State Commission or a District Commission, as the case may be;

                          (28) ""misleading advertisement"" in relation to any product or service, means an
                    advertisement, which—

                                          (i) falsely describes such product or service; or

                                           (ii) gives a false guarantee to, or is likely to mislead the consumers as to
                          the nature, substance, quantity or quality of such product or service; or

                                            (iii) conveys an express or implied representation which, if made by the
                        manufacturer or seller or service provider thereof, would constitute an unfair
                           trade practice; or

                                      (iv) deliberately conceals important information;

                          (29) ""National Commission"" means the National Consumer Disputes Redressal
                 Commission established under sub-section (1) of section 53;",scenario,,,PENDING_HUMAN_REVIEW,,
c59ea113e9e15cca,What does Article 5 state about Exemption?,"Notwithstanding anything contained in this Schedule, a
person who has been elected to the office of the Speaker or the Deputy Speaker
of the House of the People or the Deputy Chairman of the Council of States or
the Chairman or the Deputy Chairman of the Legislative Council of a State or
the Speaker or the Deputy Speaker of the Legislative Assembly of a State, shall
not be disqualified under this Schedule,—
             (a) if he, by reason of his election to such office, voluntarily gives
     up  the membership  of  the  political  party  to which  he  belonged
      immediately before such election and does not, so long as he continues
       to hold such office thereafter, rejoin that political party or become a
     member of another political party; or
              (b) if he, having given up by reason of his election to such office his
      membership of the political party to which he belonged immediately before
      such election, rejoins such political party after he ceases to hold such office.",constitution_of_india.pdf,378,Article 5,"5. Exemption.—Notwithstanding anything contained in this Schedule, a
person who has been elected to the office of the Speaker or the Deputy Speaker
of the House of the People or the Deputy Chairman of the Council of States or
the Chairman or the Deputy Chairman of the Legislative Council of a State or
the Speaker or the Deputy Speaker of the Legislative Assembly of a State, shall
not be disqualified under this Schedule,—
             (a) if he, by reason of his election to such office, voluntarily gives
     up  the membership  of  the  political  party  to which  he  belonged
      immediately before such election and does not, so long as he continues
       to hold such office thereafter, rejoin that political party or become a
     member of another political party; or
              (b) if he, having given up by reason of his election to such office his
      membership of the political party to which he belonged immediately before
      such election, rejoins such political party after he ceases to hold such office.
       6.  Decision on questions as  to  disqualification on   ground  of
defection.—(1) If any question arises as to whether a member of a House has
become subject to disqualification  under this Schedule, the question shall be
referred for the decision of the Chairman or, as the case may be, the Speaker of
such House and his decision shall be final:
      Provided that where the question which has arisen is as to whether the
Chairman or the Speaker of a House has become subject to such disqualification,
the question shall be referred for the decision of such member of the House as the
House may elect in this behalf and his decision shall be final.
       (2) All proceedings under sub-paragraph (1) of this paragraph in relation
to any question as to disqualification of a member of a House under this
Schedule shall be deemed to be proceedings in Parliament within the meaning
of article 122 or, as the case may be, proceedings in the Legislature of a State
within the meaning of article 212.",direct_factual,,,PENDING_HUMAN_REVIEW,,
a0462a5dc241e382,How does the Act define unfair contract?,"(46) ""unfair contract"" means a contract between a manufacturer or trader or
      service provider on one hand, and a consumer on the other, having such terms which",consumer_protection_act_2019.pdf,7,,"SEC. 1]         THE GAZETTE OF INDIA EXTRAORDINARY               7


                        (ii) a service provider,

           but does not include—

                   (a) a seller of immovable property, unless such person is engaged in the
            sale of constructed house or in the construction of homes or flats;

                   (b) a provider of professional services in any transaction in which, the
            sale or use of a product is only incidental thereto, but furnishing of opinion, skill
            or services being the essence of such transaction;

                    (c) a person who—

                             (I) acts only in a financial capacity with respect to the sale of the
                 product;

                              (II) is not a manufacturer, wholesaler, distributor, retailer, direct seller
                 or an electronic service provider;

                             (III) leases a product, without having a reasonable opportunity to
                  inspect and discover defects in the product, under a lease arrangement in
              which the selection, possession, maintenance, and operation of the
                 product are controlled by a person other than the lessor;

            (38) ""product service provider"", in relation to a product, means a person who
      provides any service in respect of such product;

            (39) ""regulations"" means the regulations made by the National Commission, or
      as the case may be, the Central Authority;

            (40) ""Regulator"" means a body or any authority established under any other
     law for the time being in force;

            (41) ""restrictive trade practice"" means a trade practice which tends to bring
     about manipulation of price or its conditions of delivery or to affect flow of supplies in
      the market relating to goods or services in such a manner as to impose on the consumers
      unjustified costs or restrictions and shall include—

                       (i) delay beyond the period agreed to by a trader in supply of such goods
            or in providing the services which has led or is likely to lead to rise in the price;

                        (ii) any trade practice which requires a consumer to buy, hire or avail of
          any goods or, as the case may be, services as condition precedent for buying,
            hiring or availing of other goods or services;

            (42) ""service"" means service of any description which is made available to
      potential users and includes, but not limited to, the provision of facilities in connection
     with banking, financing, insurance, transport, processing, supply of electrical or other
      energy, telecom, boarding or lodging or both, housing construction, entertainment,
     amusement or the purveying of news or other information, but does not include the
      rendering of any service free of charge or under a contract of personal service;

           (43) ""spurious goods"" means such goods which are falsely claimed to be
     genuine;

           (44) ""State Commission"" means a State Consumer Disputes Redressal
     Commission established under sub-section (1) of section 42;

            (45) ""trader"", in relation to any goods, means a person who sells or distributes
     any goods for sale and includes the manufacturer thereof, and where such goods are
      sold or distributed in package form, includes the packer thereof;

            (46) ""unfair contract"" means a contract between a manufacturer or trader or
      service provider on one hand, and a consumer on the other, having such terms which",definition,,,PENDING_HUMAN_REVIEW,,
1c3619d40642aa70,"According to the passage, what happens if the Legislative Assembly accepts any of the recommendations of the Legislative Council?","If the Legislative Assembly accepts any of the recommendations of
the Legislative Council, the Money Bill shall be deemed to have been passed
by both Houses with the amendments recommended by the Legislative Council
and accepted by the Legislative Assembly.",constitution_of_india.pdf,120,Article 198,"198. Special procedure in respect of Money Bills.—(1) A Money Bill
shall not be introduced in a Legislative Council.
       (2) After a Money Bill has been passed by the Legislative Assembly of a
State having a Legislative Council,  it shall be transmitted to the Legislative
Council for  its recommendations, and the Legislative Council shall within a
period of fourteen days from the date of its receipt of the Bill return the Bill to the
Legislative Assembly with its recommendations, and the Legislative Assembly
may thereupon either accept or reject all or any of the recommendations of the
Legislative Council.
       (3) If the Legislative Assembly accepts any of the recommendations of
the Legislative Council, the Money Bill shall be deemed to have been passed
by both Houses with the amendments recommended by the Legislative Council
and accepted by the Legislative Assembly.
       (4)   If  the  Legislative  Assembly  does  not  accept  any  of  the",scenario,,,PENDING_HUMAN_REVIEW,,
4c91aaac49a177c5,"According to the passage, what happens if such purported warranty or guarantee or promise is materially misleading or if there is no reasonable prospect that such warranty?","if such purported warranty or guarantee or promise is materially misleading or if there
       is no reasonable prospect that such warranty, guarantee or promise will be carried out;",consumer_protection_act_2019.pdf,9,,"SEC. 1]         THE GAZETTE OF INDIA EXTRAORDINARY               9


        if such purported warranty or guarantee or promise is materially misleading or if there
       is no reasonable prospect that such warranty, guarantee or promise will be carried out;

               (i) materially misleads the public concerning the price at which a product or like
      products or goods or services, have been or are, ordinarily sold or provided, and, for
       this purpose, a representation as to price shall be deemed to refer to the price at which
      the product or goods or services has or have been sold by sellers or provided by
      suppliers generally in the relevant market unless it is clearly specified to be the price at
     which the product has been sold or services have been provided by the person by
    whom or on whose behalf the representation is made;

               (j) gives false or misleading facts disparaging the goods, services or trade of
      another person.

     Explanation.—For the purposes of this sub-clause, a statement that is,—

           (A) expressed on an article offered or displayed for sale, or on its wrapper or
      container; or

           (B) expressed on anything attached to, inserted in, or accompanying, an article
      offered or displayed for sale, or on anything on which the article is mounted for
      display or sale; or

           (C) contained in or on anything that is sold, sent, delivered, transmitted or in
     any other manner whatsoever made available to a member of the public,

shall be deemed to be a statement made to the public by, and only by, the person who had
caused the statement to be so expressed, made or contained;

                       (ii) permitting the publication of any advertisement, whether in any
          newspaper or otherwise, including by way of electronic record, for the sale or
           supply at a bargain price of goods or services that are not intended to be offered
            for sale or supply at the bargain price, or for a period that is, and in quantities
             that are, reasonable, having regard to the nature of the market in which the
           business is carried on, the nature and size of business, and the nature of the
           advertisement.

     Explanation.—For the purpose of this sub-clause, ""bargain price"" means,—

                       (A) a price that is stated in any advertisement to be a bargain price,
              by reference to an ordinary price or otherwise; or

                       (B) a price that a person who reads, hears or sees the advertisement,
              would reasonably understand to be a bargain price having regard to the
                  prices at which the product advertised or like products are ordinarily sold;

                        (iii) permitting—

                         (a) the offering of gifts, prizes or other items with the intention of
                 not providing them as offered or creating impression that something is
                being given or offered free of charge when it is fully or partly covered by
                  the amount charged, in the transaction as a whole;

                         (b) the conduct of any contest, lottery, game of chance or skill, for
                  the purpose of promoting, directly or indirectly, the sale, use or supply of
               any product or any business interest, except such contest, lottery, game
                 of chance or skill as may be prescribed;

                          (c) withholding from the participants of any scheme offering gifts,
                  prizes or other items free of charge on its closure, the information about
                    final results of the scheme.",scenario,,,PENDING_HUMAN_REVIEW,,
ce9fe4f0adcb8c1b,What does Article 352 state about Proclamation of Emergency?,"(1) If the President is satisfied that
a grave emergency exists whereby the security of India or of any part of the
territory thereof is threatened, whether by war or external aggression or 1[armed
rebellion], he may, by Proclamation, make a declaration to that effect 2[in
respect of the whole of India or of such part of the territory thereof as may be
specified in the Proclamation.]
      3[Explanation.—A  Proclamation  of  Emergency  declaring  that  the
security of India or any part of the territory thereof is threatened by war or by
external aggression or by armed rebellion may be made before the actual
occurrence of war or of any such aggression or rebellion, if the President is
satisfied that there is imminent danger thereof.]
       4[(2) A Proclamation issued under clause (1) may be varied or revoked
by a subsequent Proclamation.",constitution_of_india.pdf,239,Article 352,"352. Proclamation of Emergency.—(1) If the President is satisfied that
a grave emergency exists whereby the security of India or of any part of the
territory thereof is threatened, whether by war or external aggression or 1[armed
rebellion], he may, by Proclamation, make a declaration to that effect 2[in
respect of the whole of India or of such part of the territory thereof as may be
specified in the Proclamation.]
      3[Explanation.—A  Proclamation  of  Emergency  declaring  that  the
security of India or any part of the territory thereof is threatened by war or by
external aggression or by armed rebellion may be made before the actual
occurrence of war or of any such aggression or rebellion, if the President is
satisfied that there is imminent danger thereof.]
       4[(2) A Proclamation issued under clause (1) may be varied or revoked
by a subsequent Proclamation.
       (3) The President shall not issue a Proclamation under clause (1) or a
Proclamation varying such Proclamation unless the decision of the Union
Cabinet (that is to say, the Council consisting of the Prime Minister and other
Ministers of Cabinet rank appointed under article 75) that such a Proclamation
may be issued has been communicated to him in writing.
       (4) Every Proclamation issued under this article shall be laid before each
House of Parliament and shall, except where it is a Proclamation revoking a
previous Proclamation, cease to operate at the expiration of one month unless
before the expiration of that period it has been approved by resolutions of both
Houses of Parliament:

______________________________________________
1. Subs. by the Constitution (Forty-fourth Amendment) Act, 1978, s. 37, for ""internal
  disturbance"" (w.e.f. 20-6-1979).
2. Ins. by the Constitution (Forty-second Amendment) Act, 1976, s. 48 (w.e.f. 3-1-1977).
3. Ins. by the Constitution (Forty-fourth Amendment) Act, 1978, s. 37 (w.e.f. 20-6-1979).
4. Subs. by s. 37, ibid., for cls. (2), (2A) and (3) (w.e.f. 20-6-1979).
                              208",direct_factual,,,PENDING_HUMAN_REVIEW,,
e96283f3685a438c,How does the Act define restrictive trade practice?,"(41) ""restrictive trade practice"" means a trade practice which tends to bring
     about manipulation of price or its conditions of delivery or to affect flow of supplies in
      the market relating to goods or services in such a manner as to impose on the consumers
      unjustified costs or restrictions and shall include—

                       (i) delay beyond the period agreed to by a trader in supply of such goods
            or in providing the services which has led or is likely to lead to rise in the price;",consumer_protection_act_2019.pdf,7,,"SEC. 1]         THE GAZETTE OF INDIA EXTRAORDINARY               7


                        (ii) a service provider,

           but does not include—

                   (a) a seller of immovable property, unless such person is engaged in the
            sale of constructed house or in the construction of homes or flats;

                   (b) a provider of professional services in any transaction in which, the
            sale or use of a product is only incidental thereto, but furnishing of opinion, skill
            or services being the essence of such transaction;

                    (c) a person who—

                             (I) acts only in a financial capacity with respect to the sale of the
                 product;

                              (II) is not a manufacturer, wholesaler, distributor, retailer, direct seller
                 or an electronic service provider;

                             (III) leases a product, without having a reasonable opportunity to
                  inspect and discover defects in the product, under a lease arrangement in
              which the selection, possession, maintenance, and operation of the
                 product are controlled by a person other than the lessor;

            (38) ""product service provider"", in relation to a product, means a person who
      provides any service in respect of such product;

            (39) ""regulations"" means the regulations made by the National Commission, or
      as the case may be, the Central Authority;

            (40) ""Regulator"" means a body or any authority established under any other
     law for the time being in force;

            (41) ""restrictive trade practice"" means a trade practice which tends to bring
     about manipulation of price or its conditions of delivery or to affect flow of supplies in
      the market relating to goods or services in such a manner as to impose on the consumers
      unjustified costs or restrictions and shall include—

                       (i) delay beyond the period agreed to by a trader in supply of such goods
            or in providing the services which has led or is likely to lead to rise in the price;

                        (ii) any trade practice which requires a consumer to buy, hire or avail of
          any goods or, as the case may be, services as condition precedent for buying,
            hiring or availing of other goods or services;

            (42) ""service"" means service of any description which is made available to
      potential users and includes, but not limited to, the provision of facilities in connection
     with banking, financing, insurance, transport, processing, supply of electrical or other
      energy, telecom, boarding or lodging or both, housing construction, entertainment,
     amusement or the purveying of news or other information, but does not include the
      rendering of any service free of charge or under a contract of personal service;

           (43) ""spurious goods"" means such goods which are falsely claimed to be
     genuine;

           (44) ""State Commission"" means a State Consumer Disputes Redressal
     Commission established under sub-section (1) of section 42;

            (45) ""trader"", in relation to any goods, means a person who sells or distributes
     any goods for sale and includes the manufacturer thereof, and where such goods are
      sold or distributed in package form, includes the packer thereof;

            (46) ""unfair contract"" means a contract between a manufacturer or trader or
      service provider on one hand, and a consumer on the other, having such terms which",definition,,,PENDING_HUMAN_REVIEW,,
0aa79f74a025b3fb,What does Article 121 state about Restriction on discussion in Parliament?,"No discussion shall
take place in Parliament with respect to the conduct of any Judge of the
Supreme Court or of a High Court in the discharge of his duties except upon a
motion for presenting an address to the President praying for the removal of the
Judge as hereinafter provided.",constitution_of_india.pdf,87,Article 121,"121. Restriction on discussion in Parliament.—No discussion shall
take place in Parliament with respect to the conduct of any Judge of the
Supreme Court or of a High Court in the discharge of his duties except upon a
motion for presenting an address to the President praying for the removal of the
Judge as hereinafter provided.",direct_factual,,,PENDING_HUMAN_REVIEW,,
c73c30a882246025,"According to the passage, what happens if an agreement is reached between the parties with Settlement respect to all of the issues involved in the consumer dispute or with respect to only some of through the issues?","if an agreement is reached between the parties with  Settlement
respect to all of the issues involved in the consumer dispute or with respect to only some of  through
the issues, the terms of such agreement shall be reduced to writing accordingly, and signed  mediation.",consumer_protection_act_2019.pdf,31,,"SEC. 1]         THE GAZETTE OF INDIA EXTRAORDINARY              31


      79. (1) The mediation shall be held in the consumer mediation cell attached to the   Procedure for
District Commission, the State Commission or the National Commission, as the case may be.   mediation.

      (2) Where a consumer dispute is referred for mediation by the District Commission or
the State Commission or the National Commission, as the case may be, the mediator nominated
by such Commission shall have regard to the rights and obligations of the parties, the
usages of trade, if any, the circumstances giving rise to the consumer dispute and such other
relevant factors, as he may deem necessary and shall be guided by the principles of natural
justice while carrying out mediation.

      (3) The mediator so nominated shall conduct mediation within such time and in such
manner as may be specified by regulations.

      80. (1) Pursuant to mediation, if an agreement is reached between the parties with  Settlement
respect to all of the issues involved in the consumer dispute or with respect to only some of  through
the issues, the terms of such agreement shall be reduced to writing accordingly, and signed  mediation.
by the parties to such dispute or their authorised representatives.

      (2) The mediator shall prepare a settlement report of the settlement and forward the
signed agreement along with such report to the concerned Commission.

      (3) Where no agreement is reached between the parties within the specified time or the
mediator is of the opinion that settlement is not possible, he shall prepare his report
accordingly and submit the same to the concerned Commission.

      81. (1) The District Commission or the State Commission or the National Commission,   Recording
as the case may be, shall, within seven days of the receipt of the settlement report, pass   settlement and
suitable order recording such settlement of consumer dispute and dispose of the matter   passing of                                                                                                                 order.
accordingly.

      (2) Where the consumer dispute is settled only in part, the District Commission or the
State Commission or the National Commission, as the case may be, shall record settlement of
the issues which have been so settled and continue to hear other issues involved in such
consumer dispute.

      (3) Where the consumer dispute could not be settled by mediation, the District
Commission or the State Commission or the National Commission, as the case may be, shall
continue to hear all the issues involved in such consumer dispute.

                         CHAPTER VI

                              PRODUCT LIABILITY

      82. This Chapter shall apply to every claim for compensation under a product liability   Application of
action by a complainant for any harm caused by a defective product manufactured by a   Chapter.
product manufacturer or serviced by a product service provider or sold by a product seller.

      83. A product liability action may be brought by a complainant against a product  Product
manufacturer or a product service provider or a product seller, as the case may be, for any   liability
                                                                                                           action.
harm caused to him on account of a defective product.

      84. (1) A product manufacturer shall be liable in a product liability action, if—            Liability of
                                                                                                   product
             (a) the product contains a manufacturing defect; or                                manufacturer.

             (b) the product is defective in design; or

             (c) there is a deviation from manufacturing specifications; or

             (d) the product does not conform to the express warranty; or

             (e) the product fails to contain adequate instructions of correct usage to prevent
     any harm or any warning regarding improper or incorrect usage.",scenario,,,PENDING_HUMAN_REVIEW,,
3567c8a4e8a2a2d9,How does Article 243P define Metropolitan area?,"“Metropolitan area” means an area having a population of ten
      lakhs or more, comprised in one or more districts and consisting of two
      or more  Municipalities  or  Panchayats  or  other  contiguous  areas,
       specified by the Governor by public notification to be a Metropolitan
      area for the purposes of this Part;",constitution_of_india.pdf,158,Article 243P,"243P.  Definitions.—In  this  Part,  unless  the  context  otherwise
requires,—

          (a) “Committee” means a Committee constituted under article 243S;

          (b) “district” means a district in a State;

           (c) “Metropolitan area” means an area having a population of ten
      lakhs or more, comprised in one or more districts and consisting of two
      or more  Municipalities  or  Panchayats  or  other  contiguous  areas,
       specified by the Governor by public notification to be a Metropolitan
      area for the purposes of this Part;

          (d) “Municipal area” means the territorial area of a Municipality as is
       notified by the Governor;

           (e)  “Municipality”  means  an   institution  of  self-government
       constituted under article 243Q;

             (f) “Panchayat” means a Panchayat constituted under article 243B;

          (g) “population” means the population as ascertained at the  last
      preceding census of which the relevant figures have been published.",definition,,,PENDING_HUMAN_REVIEW,,
c6d1e0d9ed74bfeb,How does Section 2(3) define branch office?,"(3) ""branch office"" means—

                                           (i) any office or place of work described as a branch by the establishment;",consumer_protection_act_2019.pdf,2,Section 2(3),"2. In this Act, unless the context otherwise requires,—

                           (1) ""advertisement"" means any audio or visual publicity, representation,
                  endorsement or pronouncement made by means of light, sound, smoke, gas, print,
                     electronic media, internet or website and includes any notice, circular, label, wrapper,
                    invoice or such other documents;

                            (2) ""appropriate laboratory"" means a laboratory or an organisation—

                                          (i) recognised by the Central Government; or

                                           (ii) recognised by a State Government, subject to such guidelines as may
                       be issued by the Central Government in this behalf; or

                                            (iii) established by or under any law for the time being in force, which is
                          maintained, financed or aided by the Central Government or a State Government
                            for carrying out analysis or test of any goods with a view to determining whether
                        such goods suffer from any defect;

                            (3) ""branch office"" means—

                                           (i) any office or place of work described as a branch by the establishment; or

                                           (ii) any establishment carrying on either the same or substantially the
                     same activity carried on by the head office of the establishment;

                           (4) ""Central Authority"" means the Central Consumer Protection Authority
                     established under section 10;

                            (5) ""complainant"" means—

                                          (i) a consumer; or

                                           (ii) any voluntary consumer association registered under any law for the
                        time being in force; or

                                            (iii) the Central Government or any State Government; or

                                      (iv) the Central Authority; or

                                    (v) one or more consumers, where there are numerous consumers having
                           the same interest; or

                                      (vi) in case of death of a consumer, his legal heir or legal representative; or

                                        (vii) in case of a consumer being a minor, his parent or legal guardian;

                            (6) ""complaint"" means any allegation in writing, made by a complainant for
                    obtaining any relief provided by or under this Act, that—

                                          (i) an unfair contract or unfair trade practice or a restrictive trade practice
                        has been adopted by any trader or service provider;

                                           (ii) the goods bought by him or agreed to be bought by him suffer from
                      one or more defects;

                                            (iii) the services hired or availed of or agreed to be hired or availed of by
                     him suffer from any deficiency;

                                      (iv) a trader or a service provider, as the case may be, has charged for the
                       goods or for the services mentioned in the complaint, a price in excess of the
                      price—

                                         (a) fixed by or under any law for the time being in force; or",definition,,,PENDING_HUMAN_REVIEW,,
490eb4e527d4ab73,What does Article 26 state about Freedom to manage religious affairs?,"Subject to public order,
morality and health, every religious denomination or any section thereof shall
have the right—
          (a) to establish and maintain institutions for religious and charitable
      purposes;",constitution_of_india.pdf,45,Article 26,"26. Freedom to manage religious affairs.—Subject to public order,
morality and health, every religious denomination or any section thereof shall
have the right—
          (a) to establish and maintain institutions for religious and charitable
      purposes;",direct_factual,,,PENDING_HUMAN_REVIEW,,
91f99bdb4ed5bb81,"According to the passage, what happens if such hoarding or destruction or refusal raises or tends to raise or is intended to raise?","if such
                        hoarding or destruction or refusal raises or tends to raise or is intended to raise,
                           the cost of those or other similar goods or services;",consumer_protection_act_2019.pdf,10,,"10           THE GAZETTE OF INDIA EXTRAORDINARY         [PART II—


                  Explanation.—For the purpose of this sub-clause, the participants of a scheme shall
             be deemed to have been informed of the final results of the scheme where such results are
              within a reasonable time published, prominently in the same newspaper in which the scheme
            was originally advertised;

                                      (iv) permitting the sale or supply of goods intended to be used, or are of
                        a kind likely to be used by consumers, knowing or having reason to believe that
                          the goods do not comply with the standards prescribed by the competent
                           authority relating to performance, composition, contents, design, constructions,
                            finishing or packaging as are necessary to prevent or reduce the risk of injury to
                           the person using the goods;

                                    (v) permitting the hoarding or destruction of goods, or refusal to sell the
                       goods or to make them available for sale or to provide any service, if such
                        hoarding or destruction or refusal raises or tends to raise or is intended to raise,
                           the cost of those or other similar goods or services;

                                      (vi) manufacturing of spurious goods or offering such goods for sale or
                         adopting deceptive practices in the provision of services;

                                        (vii) not issuing bill or cash memo or receipt for the goods sold or services
                         rendered in such manner as may be prescribed;

                                         (viii) refusing, after selling goods or rendering services, to take back or
                       withdraw defective goods or to withdraw or discontinue deficient services and
                            to refund the consideration thereof, if paid, within the period stipulated in the
                                 bill or cash memo or receipt or in the absence of such stipulation, within a period
                          of thirty days;

                                    (ix) disclosing to other person any personal information given in
                         confidence by the consumer unless such disclosure is made in accordance with
                           the provisions of any law for the time being in force.

                                   CHAPTER II

                                   CONSUMER PROTECTION COUNCILS

Central                3. (1) The Central Government shall, by notification, establish with effect from such
Consumer      date as it may specify in that notification, the Central Consumer Protection Council to be
Protection
Council.      known as the Central Council.
                      (2) The Central Council shall be an advisory council and consist of the following
             members, namely:—

                            (a) the Minister-in-charge of the Department of Consumer Affairs in the Central
                  Government, who shall be the Chairperson; and

                            (b) such number of other official or non-official members representing such
                       interests as may be prescribed.

Procedure for          4. (1) The Central Council shall meet as and when necessary, but at least one meeting
meetings of     of the Council shall be held every year.
Central
Council.              (2) The Central Council shall meet at such time and place as the Chairperson may think
                    fit and shall observe such procedure in regard to the transaction of its business as may be
               prescribed.

Objects of             5. The objects of the Central Council shall be to render advice on promotion and
Central         protection of the consumers' rights under this Act.
Council.",scenario,,,PENDING_HUMAN_REVIEW,,
58352813caa4e15f,What does Article 212 state about Courts not to inquire into proceedings of the Legislature?,"(1)
The validity of any proceedings in the Legislature of a State shall not be called
in question on the ground of any alleged irregularity of procedure.",constitution_of_india.pdf,128,Article 212,"212. Courts not to inquire into proceedings of the Legislature.—(1)
The validity of any proceedings in the Legislature of a State shall not be called
in question on the ground of any alleged irregularity of procedure.
       (2) No officer or member of the Legislature of a State in whom powers
are vested by or under this Constitution for regulating procedure or the conduct
of business, or for maintaining order, in the Legislature shall be subject to the
jurisdiction of any court in respect of the exercise by him of those powers.
          CHAPTER IV.—LEGISLATIVE POWER OF THE GOVERNOR
      213. Power of Governor to promulgate Ordinances during recess of
Legislature.—(1) If at any time, except when the Legislative Assembly of a
State is in session, or where there is a Legislative Council in a State, except
when both Houses of the Legislature are in session, the Governor is satisfied
that circumstances exist which render it necessary for him to take immediate
action, he may promulgate  such Ordinances as the circumstances appear to
him to require:
      Provided that the Governor shall  not, without instructions from the
President, promulgate any such Ordinance if—
             (a) a  Bill containing the same  provisions would under  this
      Constitution have required the previous sanction of the President for the
       introduction thereof into the Legislature; or
             (b) he would have deemed it necessary to reserve a Bill containing
      the same provisions for the consideration of the President; or
              (c) an Act of the Legislature of the State containing the same
      provisions would under  this Constitution have been invalid unless,
      having been reserved for the consideration of the President,  it had
      received the assent of the President.
       (2) An Ordinance promulgated under this article shall have the same
force and effect as an Act of the Legislature of the State assented to by the
Governor, but every such Ordinance—",direct_factual,,,PENDING_HUMAN_REVIEW,,
0ec618f350b6cc5d,How does the Act define product liability?,"(34) ""product liability"" means the responsibility of a product manufacturer or
      product seller, of any product or service, to compensate for any harm caused to a
     consumer by such defective product manufactured or sold or by deficiency in services
      relating thereto;",consumer_protection_act_2019.pdf,6,,"6            THE GAZETTE OF INDIA EXTRAORDINARY         [PART II—


            (30) ""notification"" means a notification published in the Official Gazette and the
     term ""notify"" shall be construed accordingly;

            (31) ""person"" includes—

                       (i) an individual;

                        (ii) a firm whether registered or not;

                        (iii) a Hindu undivided family;

                     (iv) a co-operative society;

                   (v) an association of persons whether registered under the Societies
            Registration Act, 1860 or not;                                                 21 of 1860.

                   (vi) any corporation, company or a body of individuals whether
            incorporated or not;

                      (vii) any artificial juridical person, not falling within any of the preceding
           sub-clauses;

            (32) ""prescribed"" means prescribed by rules made by the Central Government,
       or, as the case may be, the State Government;

            (33) ""product"" means any article or goods or substance or raw material or any
     extended cycle of such product, which may be in gaseous, liquid, or solid state
      possessing intrinsic value which is capable of delivery either as wholly assembled or
      as a component part and is produced for introduction to trade or commerce, but does
      not include human tissues, blood, blood products and organs;

            (34) ""product liability"" means the responsibility of a product manufacturer or
      product seller, of any product or service, to compensate for any harm caused to a
     consumer by such defective product manufactured or sold or by deficiency in services
      relating thereto;

            (35) ""product liability action"" means a complaint filed by a person before a
       District Commission or State Commission or National Commission, as the case may be,
      for claiming compensation for the harm caused to him;

            (36) ""product manufacturer"" means a person who—

                       (i) makes any product or parts thereof; or

                        (ii) assembles parts thereof made by others; or

                        (iii) puts or causes to be put his own mark on any products made by any
            other person; or

                    (iv) makes a product and sells, distributes, leases, installs, prepares,
           packages, labels, markets, repairs, maintains such product or is otherwise involved
            in placing such product for commercial purpose; or

                   (v) designs, produces, fabricates, constructs or re-manufactures any
           product before its sale; or

                     (vi) being a product seller of a product, is also a manufacturer of such
           product;

            (37) ""product seller"", in relation to a product, means a person who, in the course
      of business, imports, sells, distributes, leases, installs, prepares, packages, labels,
      markets, repairs, maintains, or otherwise is involved in placing such product for
     commercial purpose and includes—

                       (i) a manufacturer who is also a product seller; or",definition,,,PENDING_HUMAN_REVIEW,,
93af4ba06399a825,"According to the passage, what happens if at any time there should not be a quorum of the Judges of the Supreme Court available to hold or continue any session of the Court?","If at any time there should
not be a quorum of the Judges of the Supreme Court available to hold or
continue any session of the Court,  1[the National  Judicial Appointments
Commission on a reference made to it by the Chief Justice of India, may with
the previous consent of the President] and after consultation with the Chief
Justice of the High Court concerned, request in writing the attendan",constitution_of_india.pdf,91,Article 127,"127. Appointment of ad hoc Judges.—(1) If at any time there should
not be a quorum of the Judges of the Supreme Court available to hold or
continue any session of the Court,  1[the National  Judicial Appointments
Commission on a reference made to it by the Chief Justice of India, may with
the previous consent of the President] and after consultation with the Chief
Justice of the High Court concerned, request in writing the attendance at the
sittings of the Court, as an ad hoc Judge, for such period as may be necessary,
of a Judge of a High Court duly qualified for appointment as a Judge of the
Supreme Court to be designated by the Chief Justice of India.
       (2) It shall be the duty of the Judge who has been so designated, in
priority to other duties of his office, to attend the sittings of the Supreme Court
at the time and for the period for which his attendance is required, and while so
attending he shall have all the jurisdiction, powers and privileges, and shall
discharge the duties, of a Judge of the Supreme Court.
      128. Attendance  of  retired Judges  at  sittings  of  the Supreme
Court.—Notwithstanding anything in  this Chapter, 2[the National Judicial
Appointments Commission] may at any time, with the previous consent of the
President, request any person who has held the office of a Judge of the
Supreme Court or of the Federal Court 3[or who has held the office of a Judge
of a High Court and  is duly qualified for appointment as a Judge of the
Supreme Court] to sit and act as a Judge of the Supreme Court, and every such
person so requested shall, while so sitting and acting, be entitled to such
allowances  as  the  President may by  order  determine and have  all  the
jurisdiction, powers and privileges of, but shall not otherwise be deemed to be,
a Judge of that Court:

______________________________________________
1. Subs. by the Constitution (Ninety-ninth Amendment) Act, 2014, s. 4,  for ""the Chief
   Justice of India may, with the previous consent of the President"" (w.e.f. 13-4-2015).
   This amendment has been struck down by the Supreme Court in the case of Supreme
  Court Advocates-on-Record  Association and  another  vs. Union  of  India  in  its
  judgment dated 16-10-2015, AIR 2016 SC 117.
2. Subs. by s. 5, ibid., for ""the Chief Justice of India"" (w.e.f. 13-4-2015). This amendment
   has been struck down by the Supreme Court in the case of Supreme Court Advocates-
  on-Record Association and another Vs. Union of India in its judgment dated 16-10-
  2015, AIR 2016 SC 117.
3. Ins. by the Constitution (Fifteenth Amendment) Act, 1963, s. 3 (w.e.f. 5-10-1963).",scenario,,,PENDING_HUMAN_REVIEW,,
0836ecdbf28363b0,How does Section 2(1) define advertisement?,"(1) ""advertisement"" means any audio or visual publicity, representation,
                  endorsement or pronouncement made by means of light, sound, smoke, gas, print,
                     electronic media, internet or website and includes any notice, circular, label, wrapper,
                    invoice or such other documents;",consumer_protection_act_2019.pdf,2,Section 2(1),"2. In this Act, unless the context otherwise requires,—

                           (1) ""advertisement"" means any audio or visual publicity, representation,
                  endorsement or pronouncement made by means of light, sound, smoke, gas, print,
                     electronic media, internet or website and includes any notice, circular, label, wrapper,
                    invoice or such other documents;

                            (2) ""appropriate laboratory"" means a laboratory or an organisation—

                                          (i) recognised by the Central Government; or

                                           (ii) recognised by a State Government, subject to such guidelines as may
                       be issued by the Central Government in this behalf; or

                                            (iii) established by or under any law for the time being in force, which is
                          maintained, financed or aided by the Central Government or a State Government
                            for carrying out analysis or test of any goods with a view to determining whether
                        such goods suffer from any defect;

                            (3) ""branch office"" means—

                                           (i) any office or place of work described as a branch by the establishment; or

                                           (ii) any establishment carrying on either the same or substantially the
                     same activity carried on by the head office of the establishment;

                           (4) ""Central Authority"" means the Central Consumer Protection Authority
                     established under section 10;

                            (5) ""complainant"" means—

                                          (i) a consumer; or

                                           (ii) any voluntary consumer association registered under any law for the
                        time being in force; or

                                            (iii) the Central Government or any State Government; or

                                      (iv) the Central Authority; or

                                    (v) one or more consumers, where there are numerous consumers having
                           the same interest; or

                                      (vi) in case of death of a consumer, his legal heir or legal representative; or

                                        (vii) in case of a consumer being a minor, his parent or legal guardian;

                            (6) ""complaint"" means any allegation in writing, made by a complainant for
                    obtaining any relief provided by or under this Act, that—

                                          (i) an unfair contract or unfair trade practice or a restrictive trade practice
                        has been adopted by any trader or service provider;

                                           (ii) the goods bought by him or agreed to be bought by him suffer from
                      one or more defects;

                                            (iii) the services hired or availed of or agreed to be hired or availed of by
                     him suffer from any deficiency;

                                      (iv) a trader or a service provider, as the case may be, has charged for the
                       goods or for the services mentioned in the complaint, a price in excess of the
                      price—

                                         (a) fixed by or under any law for the time being in force; or",definition,,,PENDING_HUMAN_REVIEW,,
929007aa350f3196,What does Article 216 state about Constitution of High Courts?,"Every High Court shall consist of a
Chief Justice and such other Judges as the President may from time to time
deem it necessary to appoint.",constitution_of_india.pdf,130,Article 216,"216. Constitution of High Courts.—Every High Court shall consist of a
Chief Justice and such other Judges as the President may from time to time
deem it necessary to appoint.
      3*            *           *             *             *
      217. Appointment and conditions of the office of a Judge of a High
Court.—(1) Every Judge of a High Court shall be appointed by the President
by warrant under his hand and seal 4[on the recommendation of the National
Judicial Appointments Commission  referred to in  article 124A], and the
Governor of the State, and, in the case of appointment of a Judge other than the
Chief Justice, the Chief Justice of the High Court,  5[shall hold office, in the
case of an additional or acting Judge, as provided in article 224, and in any
other case, until he attains the age of 6[sixty-two years:]]
      Provided that—
          (a) a Judge may, by writing under  his hand addressed  to the
       President, resign his office;
          (b) a Judge may be removed from his office by the President in the
______________________________________________
1. The bracket and figure ""(1)"" omitted by the Constitution (Seventh Amendment) Act,
  1956, s. 29 and Sch. (w.e.f. 1-11-1956).
2. Cls. (2) and (3) omitted by s. 29 and Sch., ibid. (w.e.f. 1-11-1956).
3.  Proviso  omitted by  the  Constitution  (Seventh Amendment)  Act, 1956,  s. 11
   (w.e.f. 1-11-1956).
4. Subs. by the Constitution (Ninety-ninth Amendment) Act, 2014,  s. 6,   for ""after
   consultation with the Chief Justice of India, the Governor of the State, and, in the case
  of appointment of a Judge other than the Chief Justice, the Chief Justice of the High
  Court""  (w.e.f. 13-4-2015). This amendment has been struck down by the Supreme
  Court in the case of Supreme Court Advocates-on-Record Association and Another Vs.
  Union of India in its judgment dated 16-10-2015, AIR 2016 SC 117.
5. Subs. by the Constitution (Seventh Amendment) Act, 1956, s. 12, for ""shall hold office
   until he attains the age of sixty years"" (w.e.f. 1-11-1956).
6. Subs. by the Constitution (Fifteenth Amendment) Act, 1963, s. 4(a), for ""sixty years""
   (w.e.f. 5-10-1963).",direct_factual,,,PENDING_HUMAN_REVIEW,,
af95c96203ee4e56,"According to the passage, what happens if the interest of justice so requires. Procedure 49. (1) The provisions relating to complaints under sections 35?","if the interest of justice so
                requires.

Procedure            49. (1) The provisions relating to complaints under sections 35, 36, 37, 38 and 39 shall,
applicable to    with such modifications as may be necessary, be applicable to the disposal of complaints by
State           the State Commission.",consumer_protection_act_2019.pdf,24,,"24           THE GAZETTE OF INDIA EXTRAORDINARY         [PART II—


             be decided according to the opinion of the majority of the members who have heard the case,
              including those who first heard it:

                   Provided that the President or the other members, as the case may be, shall give
              opinion on the point or points so referred within a period of one month from the date of such
               reference.

                      (4) A complaint shall be instituted in a State Commission within the limits of whose
               jurisdiction,—

                            (a) the opposite party or each of the opposite parties, where there are more than
                    one, at the time of the institution of the complaint, ordinarily resides or carries on
                    business or has a branch office or personally works for gain; or

                            (b) any of the opposite parties, where there are more than one, at the time of the
                       institution of the complaint, actually and voluntarily resides, or carries on business or
                   has a branch office or personally works for gain, provided in such case, the permission
                    of the State Commission is given; or

                             (c) the cause of action, wholly or in part, arises; or

                            (d) the complainant resides or personally works for gain.

Transfer of           48. On the application of the complainant or of its own motion, the State Commission
cases.        may, at any stage of the proceeding, transfer any complaint pending before a District
            Commission to another District Commission within the State if the interest of justice so
                requires.

Procedure            49. (1) The provisions relating to complaints under sections 35, 36, 37, 38 and 39 shall,
applicable to    with such modifications as may be necessary, be applicable to the disposal of complaints by
State           the State Commission.Commission.
                      (2) Without prejudice to the provisions of sub-section (1), the State Commission may
               also declare any terms of contract, which is unfair to any consumer, to be null and void.

Review by            50. The State Commission shall have the power to review any of the order passed by
State               it if there is an error apparent on the face of the record, either of its own motion or on an
Commission in  application made by any of the parties within thirty days of such order.certain cases.

Appeal to            51. (1) Any person aggrieved by an order made by the State Commission in exercise of
National          its powers conferred by sub-clause (i) or (ii) of clause (a) of sub-section (1) of section 47
Commission.   may prefer an appeal against such order to the National Commission within a period of thirty
             days from the date of the order in such form and manner as may be prescribed:

                   Provided that the National Commission shall not entertain the appeal after the expiry
              of the said period of thirty days unless it is satisfied that there was sufficient cause for not
                 filing it within that period:

                   Provided further that no appeal by a person, who is required to pay any amount in
              terms of an order of the State Commission, shall be entertained by the National Commission
              unless the appellant has deposited fifty per cent. of that amount in the manner as may be
               prescribed.

                      (2) Save as otherwise expressly provided under this Act or by any other law for the
              time being in force, an appeal shall lie to the National Commission from any order passed in
              appeal by any State Commission, if the National Commission is satisfied that the case
              involves a substantial question of law.

                      (3) In an appeal involving a question of law, the memorandum of appeal shall precisely
                state the substantial question of law involved in the appeal.

                      (4) Where the National Commission is satisfied that a substantial question of law is
              involved in any case, it shall formulate that question and hear the appeal on that question:",scenario,,,PENDING_HUMAN_REVIEW,,
3867ca276d98a415,What does Article 156 state about Term of office of Governor?,"(1) The Governor shall hold office
during the pleasure of the President.",constitution_of_india.pdf,101,Article 156,"156. Term of office of Governor.—(1) The Governor shall hold office
during the pleasure of the President.
       (2) The Governor may, by writing under his hand addressed to the
President, resign his office.
       (3) Subject to the foregoing provisions of this article, a Governor shall
hold office for a term of five years from the date on which he enters upon his
office:
______________________________________________
1. The words ""IN PART A OF THE FIRST SCHEDULE"" omitted by the Constitution
  (Seventh Amendment) Act, 1956, s. 29 and Sch. (w.e.f. 1-11-1956).
2. Subs. by s. 29 and Sch. ibid., for ""means a State specified in Part A of the First
  Schedule"" (w.e.f. 1-11-1956).
3. Added by s. 6, ibid. (w.e.f. 1-11-1956).

                               70",direct_factual,,,PENDING_HUMAN_REVIEW,,
b64face8837d1b60,How does the Act define electronic service provider?,"(17) ""electronic service provider"" means a person who provides technologies
      or processes to enable a product seller to engage in advertising or selling goods or
      services to a consumer and includes any online market place or online auction sites;",consumer_protection_act_2019.pdf,4,,"4            THE GAZETTE OF INDIA EXTRAORDINARY         [PART II—


                        (iii) the right to be assured, wherever possible, access to a variety of
           goods, products or services at competitive prices;

                     (iv) the right to be heard and to be assured that consumer's interests will
            receive due consideration at appropriate fora;

                    (v) the right to seek redressal against unfair trade practice or restrictive
            trade practices or unscrupulous exploitation of consumers; and

                     (vi) the right to consumer awareness;

           (10) ""defect"" means any fault, imperfection or shortcoming in the quality,
      quantity, potency, purity or standard which is required to be maintained by or under
     any law for the time being in force or under any contract, express or implied or as is
     claimed by the trader in any manner whatsoever in relation to any goods or product
     and the expression ""defective"" shall be construed accordingly;

            (11) ""deficiency"" means any fault, imperfection, shortcoming or inadequacy in
      the quality, nature and manner of performance which is required to be maintained by or
     under any law for the time being in force or has been undertaken to be performed by a
     person in pursuance of a contract or otherwise in relation to any service and includes—

                       (i) any act of negligence or omission or commission by such person which
           causes loss or injury to the consumer; and

                        (ii) deliberate withholding of relevant information by such person to the
          consumer;

            (12) ""design"", in relation to a product, means the intended or known physical
     and material characteristics of such product and includes any intended or known
     formulation or content of such product and the usual result of the intended
     manufacturing or other process used to produce such product;

            (13) ""direct selling"" means marketing, distribution and sale of goods or provision
      of services through a network of sellers, other than through a permanent retail location;

           (14) ""Director-General"" means the Director-General appointed under
      sub-section (2) of section 15;

            (15) ""District Commission"" means a District Consumer Disputes Redressal
     Commission established under sub-section (1) of section 28;

            (16) ""e-commerce"" means buying or selling of goods or services including
       digital products over digital or electronic network;

            (17) ""electronic service provider"" means a person who provides technologies
      or processes to enable a product seller to engage in advertising or selling goods or
      services to a consumer and includes any online market place or online auction sites;

            (18) ""endorsement"", in relation to an advertisement, means—

                       (i) any message, verbal statement, demonstration; or

                        (ii) depiction of the name, signature, likeness or other identifiable personal
             characteristics of an individual; or

                        (iii) depiction of the name or seal of any institution or organisation,

which makes the consumer to believe that it reflects the opinion, finding or experience of the
person making such endorsement;

           (19) ""establishment"" includes an advertising agency, commission agent,
      manufacturing, trading or any other commercial agency which carries on any business,
      trade or profession or any work in connection with or incidental or ancillary to any",definition,,,PENDING_HUMAN_REVIEW,,
7c26468a334e5e02,"According to the passage, what happens if at any time it appears to the President that a question of law or fact has arisen?","If at
any time it appears to the President that a question of law or fact has arisen, or
is likely to arise, which is of such a nature and of such public importance that it
is expedient to obtain the opinion of the Supreme Court upon it, he may refer
the question to that Court for consideration and the Court may, after such
hearing as it thinks",constitution_of_india.pdf,96,Article 143,"143. Power of the President to consult the Supreme Court.—(1) If at
any time it appears to the President that a question of law or fact has arisen, or
is likely to arise, which is of such a nature and of such public importance that it
is expedient to obtain the opinion of the Supreme Court upon it, he may refer
the question to that Court for consideration and the Court may, after such
hearing as it thinks fit, report to the President its opinion thereon.
       (2) The President may, notwithstanding anything in 2*** the proviso to
article 131, refer a dispute of the kind mentioned in the 3[said proviso] to the
Supreme Court for opinion and the Supreme Court shall, after such hearing as it
thinks fit, report to the President its opinion thereon.
      144. Civil and judicial authorities to act in aid of the Supreme
Court.—All authorities, civil and judicial, in the territory of India shall act in
aid of the Supreme Court.
      4[144A. [Special provisions as  to disposal  of questions relating to
constitutional  validity of laws.].—Omitted by the Constitution (Forty-third
Amendment) Act, 1977, s. 5 (w.e.f. 13-4-1978).]",scenario,,,PENDING_HUMAN_REVIEW,,
dcf65f1ca46e7b49,How does the Act define injury?,"(23) ""injury"" means any harm whatever illegally caused to any person, in body,
                mind or property;",consumer_protection_act_2019.pdf,5,,"SEC. 1]         THE GAZETTE OF INDIA EXTRAORDINARY               5


                  commercial activity, trade or profession, or such other class or classes of persons
                    including public utility entities in the manner as may be prescribed;

                           (20) ""express warranty"" means any material statement, affirmation of fact, promise
                    or description relating to a product or service warranting that it conforms to such
                    material statement, affirmation, promise or description and includes any sample or
                 model of a product warranting that the whole of such product conforms to such
                  sample or model;

                          (21) ""goods"" means every kind of movable property and includes ""food"" as
                    defined in clause (j) of sub-section (1) of section 3 of the Food Safety and Standards
34 of 2006.          Act, 2006;

                          (22) ""harm"", in relation to a product liability, includes—

                                          (i) damage to any property, other than the product itself;

                                           (ii) personal injury, illness or death;

                                            (iii) mental agony or emotional distress attendant to personal injury or
                              illness or damage to property; or

                                      (iv) any loss of consortium or services or other loss resulting from a harm
                           referred to in sub-clause (i) or sub-clause (ii) or sub-clause (iii),

                    but shall not include any harm caused to a product itself or any damage to the property
                 on account of breach of warranty conditions or any commercial or economic loss,
                    including any direct, incidental or consequential loss relating thereto;

                          (23) ""injury"" means any harm whatever illegally caused to any person, in body,
                mind or property;

                          (24) ""manufacturer"" means a person who—

                                          (i) makes any goods or parts thereof; or

                                           (ii) assembles any goods or parts thereof made by others; or

                                            (iii) puts or causes to be put his own mark on any goods made by any
                          other person;

                          (25) ""mediation"" means the process by which a mediator mediates the consumer
                    disputes;

                          (26) ""mediator"" means a mediator referred to in section 75;

                          (27) ""member"" includes the President and a member of the National Commission
                    or a State Commission or a District Commission, as the case may be;

                          (28) ""misleading advertisement"" in relation to any product or service, means an
                    advertisement, which—

                                          (i) falsely describes such product or service; or

                                           (ii) gives a false guarantee to, or is likely to mislead the consumers as to
                          the nature, substance, quantity or quality of such product or service; or

                                            (iii) conveys an express or implied representation which, if made by the
                        manufacturer or seller or service provider thereof, would constitute an unfair
                           trade practice; or

                                      (iv) deliberately conceals important information;

                          (29) ""National Commission"" means the National Consumer Disputes Redressal
                 Commission established under sub-section (1) of section 53;",definition,,,PENDING_HUMAN_REVIEW,,
a03575d9c0ad4bea,What does Article 7 state about District and Regional Funds?,"(1) There shall be constituted for
each autonomous district, a District Fund and for each autonomous region, a
Regional Fund to which shall be credited all moneys received respectively
by the District Council for that district and the Regional Council for that
region in the course of the administration of such district or region, as the
case may be, in accordance with the provisions of this Constitution.",constitution_of_india.pdf,322,Article 7,"7. District and Regional Funds.—(1) There shall be constituted for
each autonomous district, a District Fund and for each autonomous region, a
Regional Fund to which shall be credited all moneys received respectively
by the District Council for that district and the Regional Council for that
region in the course of the administration of such district or region, as the
case may be, in accordance with the provisions of this Constitution.

______________________________________________
1. Ins. by the Assam Reorganisation (Meghalaya) Act, 1969 (55 of 1969), s. 74 and
   Fourth Sch. (w.e.f. 2-4-1970).
2. Subs. by  s. 74 and Fourth Sch., ibid. for ""paragraph 6"" (w.e.f. 2-4-1970).
3. Subs. by the Repealing and Amending Act, 1974 (56 of 1974), s. 4, for ""cattle
   ponds"" (w.e.f. 20-12-1974).
4. The words ""of Assam or Meghalaya, as the case may be,"" omitted by the North-
   Eastern Areas (Reorganisation) Act, 1971 (81 of 1971), s. 71(i) and Eighth Sch.
   (w.e.f. 21-1-1972).",direct_factual,,,PENDING_HUMAN_REVIEW,,
f67233b310381d6f,"According to the passage, what happens if the complaint alleges a defect in the goods which cannot be determined without proper analysis or test of the goods?","if the complaint alleges a defect in the goods which cannot be determined
      without proper analysis or test of the goods, obtain a sample of the goods from the
      complainant, seal it and authenticate it in the manner as may be prescribed and refer
      the sample so sealed to the appropriate laboratory along with a direction that such
      laboratory to make an analysis or",consumer_protection_act_2019.pdf,19,,"SEC. 1]         THE GAZETTE OF INDIA EXTRAORDINARY              19


matter for mediation, and in such case, the provisions of Chapter V, relating to mediation,
shall apply.

      38. (1) The District Commission shall, on admission of a complaint, or in respect of   Procedure on
cases referred for mediation on failure of settlement by mediation, proceed with such   admission of
complaint.                                                                                       complaint.

      (2) Where the complaint relates to any goods, the District Commission shall,—

             (a) refer a copy of the admitted complaint, within twenty-one days from the date
      of its admission to the opposite party mentioned in the complaint directing him to give
      his version of the case within a period of thirty days or such extended period not
     exceeding fifteen days as may be granted by it;

             (b) if the opposite party on receipt of a complaint referred to him under clause (a)
      denies or disputes the allegations contained in the complaint, or omits or fails to take
     any action to represent his case within the time given by the District Commission,
     proceed to settle the consumer dispute in the manner specified in clauses (c) to (g);

             (c) if the complaint alleges a defect in the goods which cannot be determined
      without proper analysis or test of the goods, obtain a sample of the goods from the
      complainant, seal it and authenticate it in the manner as may be prescribed and refer
      the sample so sealed to the appropriate laboratory along with a direction that such
      laboratory to make an analysis or test, whichever may be necessary, with a view to
      finding out whether such goods suffer from any defect alleged in the complaint or
     from any other defect and to report its findings thereon to the District Commission
      within a period of forty-five days of the receipt of the reference or within such extended
      period as may be granted by it;

             (d) before any sample of the goods is referred to any appropriate laboratory
     under clause (c), require the complainant to deposit to the credit of the Commission
     such fees as may be specified, for payment to the appropriate laboratory for carrying
      out the necessary analysis or test in relation to the goods in question;

             (e) remit the amount deposited to its credit under clause (d) to the appropriate
      laboratory to enable it to carry out the analysis or test mentioned in clause (c) and on
      receipt of the report from the appropriate laboratory, it shall forward a copy of the
      report along with such remarks as it may feel appropriate to the opposite party;

               (f) if any of the parties disputes the correctness of the findings of the appropriate
      laboratory, or disputes the correctness of the methods of analysis or test adopted by
      the appropriate laboratory, require the opposite party or the complainant to submit in
      writing his objections with regard to the report made by the appropriate laboratory;

             (g) give a reasonable opportunity to the complainant as well as the opposite
      party of being heard as to the correctness or otherwise of the report made by the
      appropriate laboratory and also as to the objection made in relation thereto under
      clause (f) and issue an appropriate order under section 39.

      (3) The District Commission shall, if the complaint admitted by it under sub-section (2)
of section 36 relates to goods in respect of which the procedure specified in sub-section (2)
cannot be followed, or if the complaint relates to any services,—

             (a) refer a copy of such complaint to the opposite party directing him to give his
      version of the case within a period of thirty days or such extended period not exceeding
      fifteen days as may be granted by the District Commission;

             (b) if the opposite party, on receipt of a copy of the complaint, referred to him
     under clause (a) denies or disputes the allegations contained in the complaint, or
     omits or fails to take any action to represent his case within the time given by the
      District Commission, it shall proceed to settle the consumer dispute—",scenario,,,PENDING_HUMAN_REVIEW,,
395ca88d1bed3157,What does Article 110 state about Definition of “Money Bills”?,"(1)  For  the  purposes  of  this
Chapter, a Bill shall be deemed to be a Money Bill if it contains only provisions
dealing with all or any of the following matters, namely:—
           (a) the imposition, abolition, remission, alteration or regulation of any
       tax;
          (b) the regulation of the borrowing of money or the giving of any
      guarantee by the Government of India, or the amendment of the law with
      respect to any financial obligations undertaken or to be undertaken by
      the Government of India;
           (c) the custody of the Consolidated Fund or the Contingency Fund of
       India, the payment of moneys into or the withdrawal of moneys from any
      such Fund;
           (d) the appropriation of moneys out of the Consolidated Fund of India;
           (e) the declaring of any expenditure to be expenditure charged on the
      Consolidated Fund of India or the increasing of the amount of any such
      expenditure;",constitution_of_india.pdf,81,Article 110,"110. Definition  of “Money  Bills”.—(1)  For  the  purposes  of  this
Chapter, a Bill shall be deemed to be a Money Bill if it contains only provisions
dealing with all or any of the following matters, namely:—
           (a) the imposition, abolition, remission, alteration or regulation of any
       tax;
          (b) the regulation of the borrowing of money or the giving of any
      guarantee by the Government of India, or the amendment of the law with
      respect to any financial obligations undertaken or to be undertaken by
      the Government of India;
           (c) the custody of the Consolidated Fund or the Contingency Fund of
       India, the payment of moneys into or the withdrawal of moneys from any
      such Fund;
           (d) the appropriation of moneys out of the Consolidated Fund of India;
           (e) the declaring of any expenditure to be expenditure charged on the
      Consolidated Fund of India or the increasing of the amount of any such
      expenditure;",direct_factual,,,PENDING_HUMAN_REVIEW,,
25238753138181cb,"According to the passage, what happens if this Act 68 of 1986. had not come into force. Other officers 57. (1) The Central Government shall provide?","if this Act   68 of 1986.
             had not come into force.

Other officers         57. (1) The Central Government shall provide, in consultation with the President of the
and           National Commission, such number of officers and other employees to assist the National
employees of
            Commission in the discharge of its functions as it may think fit.",consumer_protection_act_2019.pdf,26,,"26           THE GAZETTE OF INDIA EXTRAORDINARY         [PART II—


Transitional          56. The President and every other member appointed immediately before the
provision.     commencement of section 177 of the Finance Act, 2017 shall continue to be governed by the   7 of 2017.
               provisions of the Consumer Protection Act, 1986 and the rules made thereunder as if this Act   68 of 1986.
             had not come into force.

Other officers         57. (1) The Central Government shall provide, in consultation with the President of the
and           National Commission, such number of officers and other employees to assist the National
employees of
            Commission in the discharge of its functions as it may think fit.National
Commission.          (2) The officers and other employees of the National Commission shall discharge their
               functions under the general superintendence of the President of the National Commission.

                      (3) The salaries and allowances payable to, and the other terms and conditions of
               service of, the officers and other employees of the National Commission shall be such as
          may be prescribed.

Jurisdiction of         58. (1) Subject to the other provisions of this Act, the National Commission shall have
National       jurisdiction—
Commission.
                            (a) to entertain—

                                      (i) complaints where the value of the goods or services paid as
                          consideration exceeds rupees ten crore:

                             Provided that where the Central Government deems it necessary so to do,
                                       it may prescribe such other value, as it deems fit;

                                          (ii) complaints against unfair contracts, where the value of goods or
                           services paid as consideration exceeds ten crore rupees;

                                            (iii) appeals against the orders of any State Commission;

                                      (iv) appeals against the orders of the Central Authority; and

                            (b) to call for the records and pass appropriate orders in any consumer dispute
                 which is pending before or has been decided by any State Commission where it
                   appears to the National Commission that such State Commission has exercised a
                      jurisdiction not vested in it by law, or has failed to exercise a jurisdiction so vested, or
                   has acted in the exercise of its jurisdiction illegally or with material irregularity.

                      (2) The jurisdiction, powers and authority of the National Commission may be exercised
            by Benches thereof and a Bench may be constituted by the President with one or more
            members as he may deem fit:

                   Provided that the senior-most member of the Bench shall preside over the Bench.

                      (3) Where the members of a Bench differ in opinion on any point, the points shall be
              decided according to the opinion of the majority, if there is a majority, but if the members are
              equally divided, they shall state the point or points on which they differ, and make a reference
               to the President who shall either hear the point or points himself or refer the case for hearing
            on such point or points by one or more of the other members and such point or points shall
             be decided according to the opinion of the majority of the members who have heard the case,
              including those who first heard it:

                   Provided that the President or the other member, as the case may be, shall give opinion
            on the point or points so referred within a period of two months from the date of such
               reference.

Procedure            59. (1) The provisions relating to complaints under sections 35, 36, 37, 38 and 39 shall,
applicable to   with such modifications as may be considered necessary, be applicable to the disposal of
National       complaints by the National Commission.
Commission.
                      (2) Without prejudice to sub-section (1), the National Commission may also declare
             any terms of contract, which is unfair to any consumer to be null and void.",scenario,,,PENDING_HUMAN_REVIEW,,
73664eda341fefbc,How does Article 243 define district?,“district” means a district in a State;,constitution_of_india.pdf,150,Article 243,"243. Definitions.—In this Part, unless the context otherwise requires,—
          (a) “district” means a district in a State;
          (b) “Gram Sabha” means a body consisting of persons registered in
      the electoral rolls relating to a village comprised within the area of
      Panchayat at the village level;
           (c) “intermediate level” means a level between the  village and
        district levels specified by the Governor of a State by public notification
       to be the intermediate level for the purposes of this Part;
          (d) “Panchayat” means an institution (by whatever name called) of
      self-government constituted under article 243B, for the rural areas;
           (e) “Panchayat area” means the territorial area of a Panchayat;
             (f) “Population” means the population as ascertained at the  last
      preceding census of which the relevant figures have been published;
          (g) “village” means a village specified by the Governor by public
       notification to be a village for the purposes of this Part and includes a
      group of villages so specified.",definition,,,PENDING_HUMAN_REVIEW,,
861cba8ae736dd82,How does the Act define including electronic?,"including electronic means.

      (2) Without prejudice to the provisions contained in sub-section (1), the notice required
by this Act may be served on an electronic service provider at the address provided by it on
the electronic platform from where it provides its services as such and for this purpose, the
electronic service provider shall designate a nodal officer to accept and process such notices.

      (3) When an acknowledgment or any other receipt purporting to be signed by the
opposite party or his agent or, as the case may be, by the complainant is received by the
District Commission, the State Commission or the National Commission, as the case may be,
or postal article containing the notice is received back by such District Commission, State
Commission or the National Commission, with an endorsement purporting to have been
made by a postal employee or by any person authorised by the courier service to the effect
that the opposite party or his agent or complainant had refused to take delivery of the postal
article containin",consumer_protection_act_2019.pdf,27,,"SEC. 1]         THE GAZETTE OF INDIA EXTRAORDINARY              27

      60. The National Commission shall have the power to review any of the order passed  Review by
by it if there is an error apparent on the face of the record, either of its own motion or on an  National                                                                                       Commission in
application made by any of the parties within thirty days of such order.                          certain cases.

      61. Where an order is passed by the National Commission ex parte, the aggrieved  Power to set
party may make an application to the Commission for setting aside such order.                  aside ex parte
                                                                                                               orders.

      62. On the application of the complainant or of its own motion, the National Commission   Transfer of
may, at any stage of the proceeding, in the interest of justice, transfer any complaint pending   cases.
before the District Commission of one State to a District Commission of another State or
before one State Commission to another State Commission.

      63. When the office of President of the National Commission is vacant or a person   Vacancy in
occupying such office is, by reason of absence or otherwise, unable to perform the duties of   office of
his office, these shall be performed by the senior-most member of the National Commission:   President of                                                                                                  National
     Provided that where a retired Judge of a High Court or a person who has been a  Commission.
Judicial Member is a member of the National Commission, such member or where the number
of such members is more than one, the senior-most person amongst such members, shall
preside over the National Commission in the absence of President of that Commission.

      64. No act or proceeding of the District Commission, the State Commission or the   Vacancies or
National Commission shall be invalid by reason only of the existence of any vacancy amongst   defects in
                                                                                          appointment
its members or any defect in the constitution thereof.                                                                                                   not to
                                                                                                             invalidate
                                                                                                               orders.

      65. (1) All notices, required by this Act to be served, shall be served by delivering or   Service of
transmitting a copy thereof by registered post acknowledgment due addressed to opposite   notice, etc.
party against whom complaint is made or to the complainant by speed post or by such
courier service, approved by the District Commission, the State Commission or the National
Commission, as the case may be, or by any other mode of transmission of documents
including electronic means.

      (2) Without prejudice to the provisions contained in sub-section (1), the notice required
by this Act may be served on an electronic service provider at the address provided by it on
the electronic platform from where it provides its services as such and for this purpose, the
electronic service provider shall designate a nodal officer to accept and process such notices.

      (3) When an acknowledgment or any other receipt purporting to be signed by the
opposite party or his agent or, as the case may be, by the complainant is received by the
District Commission, the State Commission or the National Commission, as the case may be,
or postal article containing the notice is received back by such District Commission, State
Commission or the National Commission, with an endorsement purporting to have been
made by a postal employee or by any person authorised by the courier service to the effect
that the opposite party or his agent or complainant had refused to take delivery of the postal
article containing the notice or had refused to accept the notice by any other means specified
in sub-section (1) when tendered or transmitted to him, the District Commission or the State
Commission or the National Commission, as the case may be, shall declare that the notice
has been duly served on the opposite party or to the complainant, as the case may be:

     Provided that where the notice was properly addressed, pre-paid and duly sent by
registered post acknowledgment due, a declaration referred to in this sub-section shall be
made notwithstanding the fact that the acknowledgment has been lost or misplaced, or for
any other reason, has not been received by the District Commission, the State Commission
or the National Commission, as the case may be, within thirty days from the date of issue of
notice.",definition,,,PENDING_HUMAN_REVIEW,,
891c6702d13812ab,What does Article 265 state about Taxes not to be imposed save by authority of law?,"No tax shall
be levied or collected except by authority of law.",constitution_of_india.pdf,183,Article 265,"265. Taxes not to be imposed save by authority of law.—No tax shall
be levied or collected except by authority of law.
      266. Consolidated Funds and public accounts of India and of the
States.—(1) Subject to the provisions of article 267 and to the provisions of
this Chapter with respect to the assignment of the whole or part of the net
proceeds of certain taxes and duties to States, all revenues received by the
Government of India, all loans raised by that Government by the issue of
treasury bills, loans or ways and means advances and all moneys received by
that Government in repayment of loans shall form one consolidated fund to be
entitled  “the Consolidated Fund of India”, and all revenues received by the
Government of a State, all loans raised by that Government by the issue of
treasury bills, loans or ways and means advances and all moneys received by
that Government in repayment of loans shall form one consolidated fund to be
entitled “the Consolidated Fund of the State”.
       (2) All other public moneys received by or on behalf of the Government
of India or the Government of a State shall be credited to the public account of
India or the public account of the State, as the case may be.
       (3) No moneys  out  of  the  Consolidated Fund  of  India  or  the
Consolidated Fund of a State shall be appropriated except in accordance with
law and for the purposes and in the manner provided in this Constitution.",direct_factual,,,PENDING_HUMAN_REVIEW,,
478556e4287f48c9,"According to the passage, what happens if it deems fit?","if it deems fit, establish more than oneCommission.",consumer_protection_act_2019.pdf,16,,"16           THE GAZETTE OF INDIA EXTRAORDINARY         [PART II—


Designation          23. The Central Government may, if it considers necessary, by notification, designate
of any        any statutory authority or body to exercise the powers and perform the functions of the
statutory       Central Authority referred to in section 10.authority or
body to
function as
Central
Authority.

Appeal.             24. A person aggrieved by any order passed by the Central Authority under
               sections 20 and 21 may file an appeal to the National Commission within a period of thirty
             days from the date of receipt of such order.

Grants by            25. The Central Government may, after due appropriation made by Parliament by law in
Central         this behalf, make to the Central Authority grants of such sums of money as that Government
Government.          may think fit for being utilised for the purposes of this Act.

Accounts and         26. (1) The Central Authority shall maintain proper accounts and other relevant records
audit.         and prepare an annual statement of accounts in such form and manner as may be prescribed
                in consultation with the Comptroller and Auditor-General of India.

                      (2) The accounts of the Central Authority shall be audited by the Comptroller and
              Auditor-General of India at such intervals as may be specified by him and any expenditure
              incurred in connection with such audit shall be payable by the Central Authority to the
              Comptroller and Auditor-General of India.

                      (3) The Comptroller and Auditor-General of India or any other person appointed by
            him in connection with the audit of the accounts of the Central Authority shall have the same
                rights, privileges and authority in connection with such audit as the Comptroller and
              Auditor-General of India generally has, in connection with the audit of the Government
              accounts and, in particular, shall have the right to demand the production of books, accounts,
             connected vouchers and other documents and papers and to inspect any of the offices of
               the Central Authority.

                     (4) The accounts of the Central Authority as certified by the Comptroller and
              Auditor-General of India or any other person appointed by him in this behalf together with
               the audit report thereon shall be forwarded annually to the Central Government which shall
              cause the same to be laid before each House of Parliament.

Furnishing of         27. (1) The Central Authority shall prepare once in every year, in such form, manner
annual        and at such time as may be prescribed, an annual report giving full account of its activities
reports, etc.
              during the previous year and such other reports and returns, as may be directed, and copies
              of such report and returns shall be forwarded to the Central Government.

                      (2) A copy of the annual report received under sub-section (1) shall be laid, as soon as
          may be after it is received, before each House of Parliament.

                                   CHAPTER IV

                                 CONSUMER DISPUTES REDRESSAL COMMISSION

Establishment        28. (1) The State Government shall, by notification, establish a District Consumer
of District      Disputes Redressal Commission, to be known as the District Commission, in each district of
Consumer
Disputes        the State:
Redressal                   Provided that the State Government may, if it deems fit, establish more than oneCommission.
                District Commission in a district.
                      (2) Each District Commission shall consist of—
                            (a) a President; and
                            (b) not less than two and not more than such number of members as may be
                     prescribed, in consultation with the Central Government.",scenario,,,PENDING_HUMAN_REVIEW,,
e271006d8b08ae5d,What does Article 358 state about Suspension of provisions of article 19 during emergencies?,"2[(1)] 3[While a Proclamation of Emergency declaring that the security of India
or any  part of the  territory thereof  is threatened by war or by external
aggression is in operation], nothing in article 19 shall restrict the power of the
State as defined in Part III to make any law or to take any executive action
which the  State would but  for the provisions contained in  that Part be
competent to make or to take, but any law so made shall, to the extent of the
incompetency, cease to have effect as soon as the Proclamation ceases to
operate, except as respects things done or omitted to be done before the law so
ceases to have effect:
      4[Provided that 5[where such Proclamation of Emergency] is in operation
only in any part of the territory of India, any such law may be made, or any
such executive action may be taken, under this article in relation to or in any
State or Union territory in which or in any part of which the Proclamation of
Emergency is not in operation, if and in so far as the security of India or any
part of the territory thereof is threatened by activities in or in relation to the part
of the  territory of  India  in which the Proclamation of Emergency  is in
operation.]
       6[(2) Nothing in clause (1) shall apply—
______________________________________________
1.",constitution_of_india.pdf,246,Article 358,"358. Suspension of provisions of article 19 during emergencies.—
2[(1)] 3[While a Proclamation of Emergency declaring that the security of India
or any  part of the  territory thereof  is threatened by war or by external
aggression is in operation], nothing in article 19 shall restrict the power of the
State as defined in Part III to make any law or to take any executive action
which the  State would but  for the provisions contained in  that Part be
competent to make or to take, but any law so made shall, to the extent of the
incompetency, cease to have effect as soon as the Proclamation ceases to
operate, except as respects things done or omitted to be done before the law so
ceases to have effect:
      4[Provided that 5[where such Proclamation of Emergency] is in operation
only in any part of the territory of India, any such law may be made, or any
such executive action may be taken, under this article in relation to or in any
State or Union territory in which or in any part of which the Proclamation of
Emergency is not in operation, if and in so far as the security of India or any
part of the territory thereof is threatened by activities in or in relation to the part
of the  territory of  India  in which the Proclamation of Emergency  is in
operation.]
       6[(2) Nothing in clause (1) shall apply—
______________________________________________
1. Subs. by the Constitution (Forty-second Amendment) Act, 1976, s. 51 (w.e.f. 3-1-1977).
2. Art. 358 re-numbered as  cl. (1)  by the Constitution   (Forty-fourth Amendment)
  Act, 1978, s. 39 (w.e.f. 20-6-1979).
3. Subs. by  s. 39, ibid, for ""While a Proclamation of Emergency  is in operation""
   (w.e.f. 20-6-1979).
4. Added  by  the  Constitution    (Forty-second  Amendment)    Act,  1976,  s.  52
   (w.e.f. 3-1-1977).
5. Subs. by the Constitution  (Forty-fourth Amendment)  Act, 1978, s. 39,  for ""where a
  Proclamation of Emergency"" (w.e.f. 20-6-1979).
6. Ins. by s. 39, ibid. (w.e.f. 20-6-1979).",direct_factual,,,PENDING_HUMAN_REVIEW,,
31796fc22fdbf703,How does the Act define unfair trade practice?,"(47) ""unfair trade practice"" means a trade practice which, for the purpose of
     promoting the sale, use or supply of any goods or for the provision of any service,
      adopts any unfair method or unfair or deceptive practice including any of the following
      practices, namely:—

                       (i) making any statement, whether orally or in writing or by visible
            representation including by means of electronic record, which—

                         (a) falsely represents that the goods are of a particular standard,
                   quality, quantity, grade, composition, style or model;",consumer_protection_act_2019.pdf,8,,"8            THE GAZETTE OF INDIA EXTRAORDINARY         [PART II—


     cause significant change in the rights of such consumer, including the following,
     namely:—

                       (i) requiring manifestly excessive security deposits to be given by a
          consumer for the performance of contractual obligations; or

                        (ii) imposing any penalty on the consumer, for the breach of contract
            thereof which is wholly disproportionate to the loss occurred due to such breach
            to the other party to the contract; or

                        (iii) refusing to accept early repayment of debts on payment of applicable
            penalty; or

                     (iv) entitling a party to the contract to terminate such contract unilaterally,
           without reasonable cause; or

                    (v) permitting or has the effect of permitting one party to assign the contract
            to the detriment of the other party who is a consumer, without his consent; or

                     (vi) imposing on the consumer any unreasonable charge, obligation or
            condition which puts such consumer to disadvantage;

            (47) ""unfair trade practice"" means a trade practice which, for the purpose of
     promoting the sale, use or supply of any goods or for the provision of any service,
      adopts any unfair method or unfair or deceptive practice including any of the following
      practices, namely:—

                       (i) making any statement, whether orally or in writing or by visible
            representation including by means of electronic record, which—

                         (a) falsely represents that the goods are of a particular standard,
                   quality, quantity, grade, composition, style or model;

                         (b) falsely represents that the services are of a particular standard,
                  quality or grade;

                         (c) falsely represents any re-built, second-hand, renovated,
                 reconditioned or old goods as new goods;

                         (d) represents that the goods or services have sponsorship, approval,
                performance, characteristics, accessories, uses or benefits which such
               goods or services do not have;

                          (e) represents that the seller or the supplier has a sponsorship or
                 approval or affiliation which such seller or supplier does not have;

                               (f) makes a false or misleading representation concerning the need
                     for, or the usefulness of, any goods or services;

                         (g) gives to the public any warranty or guarantee of the performance,
                  efficacy or length of life of a product or of any goods that is not based on
               an adequate or proper test thereof:

                     Provided that where a defence is raised to the effect that such
                warranty or guarantee is based on adequate or proper test, the burden of
                 proof of such defence shall lie on the person raising such defence;

                         (h) makes to the public a representation in a form that purports to
           be—

                             (A) a warranty or guarantee of a product or of any goods or
                          services; or

                            (B) a promise to replace, maintain or repair an article or any
                         part thereof or to repeat or continue a service until it has achieved a
                        specified result,",definition,,,PENDING_HUMAN_REVIEW,,
6234cac142808c41,"According to the passage, what happens if there is a Legislative Council?","if there is a
Legislative Council, of the Chairman and Deputy Chairman thereof.",constitution_of_india.pdf,350,,"319          THE CONSTITUTION OF INDIA

                           (Seventh Schedule)

     27. Production, supply and distribution of goods subject to the provisions
of entry 33 of List III.
     28. Markets and fairs.
     1[29*          *           *            *              *]
     30. Money-lending and money-lenders; relief of agricultural indebtedness.
     31. Inns and inn-keepers.
     32. Incorporation, regulation and winding up of corporations, other than
those specified in List  I, and universities; unincorporated trading, literary,
scientific, religious and other societies and associations; co-operative societies.
     33. Theatres and dramatic performances; cinemas subject to the provisions
of entry 60 of List I; sports, entertainments and amusements.
     34. Betting and gambling.
     35. Works, lands and buildings vested in or in the possession of the State.
     2[36*          *           *            *              *]
     37. Elections to the Legislature of the State subject to the provisions of
any law made by Parliament.
     38. Salaries and allowances of members of the Legislature of the State, of
the Speaker and Deputy Speaker of the Legislative Assembly and, if there is a
Legislative Council, of the Chairman and Deputy Chairman thereof.
     39. Powers, privileges and immunities of the Legislative Assembly and of
the members and the committees thereof, and, if there is a Legislative Council,
of that Council and of the members and the committees thereof; enforcement of
attendance of persons for giving evidence or producing documents before
committees of the Legislature of the State.
     40. Salaries and allowances of Ministers for the State.
     41. State public services; State Public Service Commission.
     42. State pensions, that is to say, pensions payable by the State or out of
the Consolidated Fund of the State.
     43. Public debt of the State.
     44. Treasure trove.
______________________________________________
1. Entry 29 omitted by the Constitution (Forty-second Amendment) Act, 1976, s. 57
   (w.e.f. 3-1-1977).
2. Entry 36 omitted by  the Constitution (Seventh Amendment) Act, 1956,  s. 26
   (w.e.f. 1-11-1956).",scenario,,,PENDING_HUMAN_REVIEW,,
b45254f6b4caaba2,How does the Act define includes offline or online transactions through electronic?,"includes offline or online transactions through electronic means
                 or by teleshopping or direct selling or multi-level marketing;",consumer_protection_act_2019.pdf,3,,"SEC. 1]         THE GAZETTE OF INDIA EXTRAORDINARY               3


                          (b) displayed on the goods or any package containing such goods; or

                          (c) displayed on the price list exhibited by him by or under any law
                   for the time being in force; or

                         (d) agreed between the parties;

                    (v) the goods, which are hazardous to life and safety when used, are being
            offered for sale to the public—

                         (a) in contravention of standards relating to safety of such goods
                 as required to be complied with, by or under any law for the time being in
                   force;

                         (b) where the trader knows that the goods so offered are unsafe to
                  the public;

                     (vi) the services which are hazardous or likely to be hazardous to life and
            safety of the public when used, are being offered by a person who provides any
            service and who knows it to be injurious to life and safety;

                    (vii) a claim for product liability action lies against the product
           manufacturer, product seller or product service provider, as the case may be;

             (7) ""consumer"" means any person who—

                       (i) buys any goods for a consideration which has been paid or promised
            or partly paid and partly promised, or under any system of deferred payment
          and includes any user of such goods other than the person who buys such
          goods for consideration paid or promised or partly paid or partly promised, or
           under any system of deferred payment, when such use is made with the approval
           of such person, but does not include a person who obtains such goods for
            resale or for any commercial purpose; or

                        (ii) hires or avails of any service for a consideration which has been paid
            or promised or partly paid and partly promised, or under any system of deferred
          payment and includes any beneficiary of such service other than the person
        who hires or avails of the services for consideration paid or promised, or partly
           paid and partly promised, or under any system of deferred payment, when such
            services are availed of with the approval of the first mentioned person, but does
           not include a person who avails of such service for any commercial purpose.

               Explanation.—For the purposes of this clause,—

                         (a) the expression ""commercial purpose"" does not include use by a
                person of goods bought and used by him exclusively for the purpose of
                 earning his livelihood, by means of self-employment;

                         (b) the expressions ""buys any goods"" and ""hires or avails any
                  services"" includes offline or online transactions through electronic means
                 or by teleshopping or direct selling or multi-level marketing;

            (8) ""consumer dispute"" means a dispute where the person against whom a
     complaint has been made, denies or disputes the allegations contained in the complaint;

             (9) ""consumer rights"" includes,—

                       (i) the right to be protected against the marketing of goods, products or
            services which are hazardous to life and property;

                        (ii) the right to be informed about the quality, quantity, potency, purity,
           standard and price of goods, products or services, as the case may be, so as to
            protect the consumer against unfair trade practices;",definition,,,PENDING_HUMAN_REVIEW,,
9c6db9d9b20704fa,What does Article 235 state about Control over subordinate courts?,"The  control over  district
courts and courts subordinate thereto including the posting and promotion of,
and the grant of leave to, persons belonging to the judicial service of a State
and holding any post inferior to the post of district judge shall be vested in the
High Court, but nothing in this article shall be construed as taking away from
any such person any  right of appeal which he may have under the law
regulating the conditions of his service or as authorising the High Court to deal
with him otherwise than in accordance with the conditions of his service
prescribed under such law.",constitution_of_india.pdf,141,Article 235,"235. Control over subordinate courts.—The  control over  district
courts and courts subordinate thereto including the posting and promotion of,
and the grant of leave to, persons belonging to the judicial service of a State
and holding any post inferior to the post of district judge shall be vested in the
High Court, but nothing in this article shall be construed as taking away from
any such person any  right of appeal which he may have under the law
regulating the conditions of his service or as authorising the High Court to deal
with him otherwise than in accordance with the conditions of his service
prescribed under such law.",direct_factual,,,PENDING_HUMAN_REVIEW,,
0e0d65ee348114ef,"According to the passage, what happens if any of the parties disputes the correctness of the findings of the appropriate laboratory?","if any of the parties disputes the correctness of the findings of the appropriate
      laboratory, or disputes the correctness of the methods of analysis or test adopted by
      the appropriate laboratory, require the opposite party or the complainant to submit in
      writing his objections with regard to the report made by the appropriate laboratory;",consumer_protection_act_2019.pdf,19,,"SEC. 1]         THE GAZETTE OF INDIA EXTRAORDINARY              19


matter for mediation, and in such case, the provisions of Chapter V, relating to mediation,
shall apply.

      38. (1) The District Commission shall, on admission of a complaint, or in respect of   Procedure on
cases referred for mediation on failure of settlement by mediation, proceed with such   admission of
complaint.                                                                                       complaint.

      (2) Where the complaint relates to any goods, the District Commission shall,—

             (a) refer a copy of the admitted complaint, within twenty-one days from the date
      of its admission to the opposite party mentioned in the complaint directing him to give
      his version of the case within a period of thirty days or such extended period not
     exceeding fifteen days as may be granted by it;

             (b) if the opposite party on receipt of a complaint referred to him under clause (a)
      denies or disputes the allegations contained in the complaint, or omits or fails to take
     any action to represent his case within the time given by the District Commission,
     proceed to settle the consumer dispute in the manner specified in clauses (c) to (g);

             (c) if the complaint alleges a defect in the goods which cannot be determined
      without proper analysis or test of the goods, obtain a sample of the goods from the
      complainant, seal it and authenticate it in the manner as may be prescribed and refer
      the sample so sealed to the appropriate laboratory along with a direction that such
      laboratory to make an analysis or test, whichever may be necessary, with a view to
      finding out whether such goods suffer from any defect alleged in the complaint or
     from any other defect and to report its findings thereon to the District Commission
      within a period of forty-five days of the receipt of the reference or within such extended
      period as may be granted by it;

             (d) before any sample of the goods is referred to any appropriate laboratory
     under clause (c), require the complainant to deposit to the credit of the Commission
     such fees as may be specified, for payment to the appropriate laboratory for carrying
      out the necessary analysis or test in relation to the goods in question;

             (e) remit the amount deposited to its credit under clause (d) to the appropriate
      laboratory to enable it to carry out the analysis or test mentioned in clause (c) and on
      receipt of the report from the appropriate laboratory, it shall forward a copy of the
      report along with such remarks as it may feel appropriate to the opposite party;

               (f) if any of the parties disputes the correctness of the findings of the appropriate
      laboratory, or disputes the correctness of the methods of analysis or test adopted by
      the appropriate laboratory, require the opposite party or the complainant to submit in
      writing his objections with regard to the report made by the appropriate laboratory;

             (g) give a reasonable opportunity to the complainant as well as the opposite
      party of being heard as to the correctness or otherwise of the report made by the
      appropriate laboratory and also as to the objection made in relation thereto under
      clause (f) and issue an appropriate order under section 39.

      (3) The District Commission shall, if the complaint admitted by it under sub-section (2)
of section 36 relates to goods in respect of which the procedure specified in sub-section (2)
cannot be followed, or if the complaint relates to any services,—

             (a) refer a copy of such complaint to the opposite party directing him to give his
      version of the case within a period of thirty days or such extended period not exceeding
      fifteen days as may be granted by the District Commission;

             (b) if the opposite party, on receipt of a copy of the complaint, referred to him
     under clause (a) denies or disputes the allegations contained in the complaint, or
     omits or fails to take any action to represent his case within the time given by the
      District Commission, it shall proceed to settle the consumer dispute—",scenario,,,PENDING_HUMAN_REVIEW,,
66160cd39a73afd4,What does Article 122 state about Courts not to inquire into proceedings of Parliament?,"(1) The
validity of any proceedings in Parliament shall not be called in question on the
ground of any alleged irregularity of procedure.",constitution_of_india.pdf,87,Article 122,"122. Courts not to inquire into proceedings of Parliament.—(1) The
validity of any proceedings in Parliament shall not be called in question on the
ground of any alleged irregularity of procedure.
       (2) No officer or member of Parliament in whom powers are vested by
or under this Constitution for regulating procedure or the conduct of business,
or for maintaining order, in Parliament shall be subject to the jurisdiction of any
court in respect of the exercise by him of those powers.
         CHAPTER III.—LEGISLATIVE POWERS OF THE PRESIDENT
      123. Power of President to promulgate Ordinances during recess of
Parliament.—(1) If at any time, except when both Houses of Parliament are in
session, the President  is satisfied that circumstances exist which render  it
necessary  for him  to  take immediate  action,  he may  promulgate such
Ordinances as the circumstances appear to him to require.
       (2) An Ordinance promulgated under this article shall have the same
force and effect as an Act of Parliament, but every such Ordinance—
          (a) shall be laid before both Houses of Parliament and shall cease to
      operate at the expiration of six weeks from the reassembly of Parliament,
       or, if before the expiration of that period resolutions disapproving it are
      passed by both Houses, upon the passing  of the second of those
       resolutions; and",direct_factual,,,PENDING_HUMAN_REVIEW,,
6f5b382ad4806277,"According to the passage, what happens if they differ on any point or points?","if they differ on
             any point or points, they shall state the point or points on which they differ and refer the
            same to another member for hearing on such point or points and the opinion of the majority
                shall be the order of the District Commission:

                   Pr",consumer_protection_act_2019.pdf,22,,"22           THE GAZETTE OF INDIA EXTRAORDINARY         [PART II—


                                  (l) to issue corrective advertisement to neutralise the effect of misleading
                    advertisement at the cost of the opposite party responsible for issuing such misleading
                    advertisement;

                       (m) to provide for adequate costs to parties; and

                            (n) to cease and desist from issuing any misleading advertisement.

                      (2) Any amount obtained under sub-section (1) shall be credited to such fund and
                utilised in such manner as may be prescribed.

                      (3) In any proceeding conducted by the President and a member and if they differ on
             any point or points, they shall state the point or points on which they differ and refer the
            same to another member for hearing on such point or points and the opinion of the majority
                shall be the order of the District Commission:

                   Provided that the other member shall give his opinion on such point or points referred
               to him within a period of one month from the date of such reference.

                      (4) Every order made by the District Commission under sub-section (1) shall be signed
            by the President and the member who conducted the proceeding:

                   Provided that where the order is made as per majority opinion under sub-section (3),
             such order shall also be signed by the other member.

Review by            40. The District Commission shall have the power to review any of the order passed
District       by it if there is an error apparent on the face of the record, either of its own motion or on an
Commission    application made by any of the parties within thirty days of such order.
in certain
cases.

Appeal              41. Any person aggrieved by an order made by the District Commission may prefer an
against order    appeal against such order to the State Commission on the grounds of facts or law within a
of District      period of forty-five days from the date of the order, in such form and manner, as may be
Commission.
               prescribed:

                   Provided that the State Commission may entertain an appeal after the expiry of the said
              period of forty-five days, if it is satisfied that there was sufficient cause for not filing it within
                that period:

                   Provided further that no appeal by a person, who is required to pay any amount in
              terms of an order of the District Commission, shall be entertained by the State Commission
              unless the appellant has deposited fifty per cent. of that amount in the manner as may be
               prescribed:

                   Provided also that no appeal shall lie from any order passed under sub-section (1) of
              section 81 by the District Commission pursuant to a settlement by mediation under
               section 80.

Establishment        42. (1) The State Government shall, by notification, establish a State Consumer
of State        Disputes Redressal Commission, to be known as the State Commission, in the State.
Consumer
Disputes              (2) The State Commission shall ordinarily function at the State capital and perform its
Redressal       functions at such other places as the State Government may in consultation with the State
Commission.
            Commission notify in the Official Gazette:

                   Provided that the State Government may, by notification, establish regional benches
              of the State Commission, at such places, as it deems fit.

                      (3) Each State Commission shall consist of—

                            (a) a President; and

                            (b) not less than four or not more than such number of members as may be
                    prescribed in consultation with the Central Government.",scenario,,,PENDING_HUMAN_REVIEW,,
803108f3b5faaf2f,How does the Act define existing law?,"(10) “existing law” means any law, Ordinance, order, bye-law,
       rule or regulation passed or made before the commencement of this
      Constitution by any Legislature, authority or person having power to
     make such a law, Ordinance, order, bye-law, rule or regulation;",constitution_of_india.pdf,255,,"224          THE CONSTITUTION OF INDIA

                               (Part XIX.—MISCELLANEOUS)

             (8) “debt” includes any liability in respect of any obligation to
      repay capital sums by way of annuities and any liability under any
      guarantee, and “debt charges” shall be construed accordingly;
             (9) “estate duty” means a duty to be assessed on or by reference to
      the principal value, ascertained in accordance with such rules as may be
      prescribed by or under laws made by Parliament or the Legislature of a
       State relating to the duty, of all property passing upon death or deemed,
      under the provisions of the said laws, so to pass;
             (10) “existing law” means any law, Ordinance, order, bye-law,
       rule or regulation passed or made before the commencement of this
      Constitution by any Legislature, authority or person having power to
     make such a law, Ordinance, order, bye-law, rule or regulation;
             (11) “Federal Court” means the Federal Court constituted under
      the Government of India Act, 1935;
             (12) “goods” includes all materials, commodities, and articles;
            1[(12A) “goods and services tax” means any tax on supply of
      goods, or services or both except taxes on the supply of the alcoholic
       liquor for human consumption];
             (13) “guarantee” includes any obligation undertaken before the
     commencement of this Constitution to make payments in the event of the
       profits of an undertaking falling short of a specified amount;
             (14) “High Court” means any Court which is deemed for the
      purposes of this Constitution to be a High Court for any State and
      includes—
                    (a) any Court  in  the  territory  of  India  constituted or
             reconstituted under this Constitution as a High Court; and
                    (b) any other Court in the territory of India which may be
            declared by Parliament by law to be a High Court for all or any of
             the purposes of this Constitution;
             (15) “Indian State” means any territory which the Government of
      the Dominion of India recognised as such a State;

______________________________________________
1. Ins. by the Constitution (One Hundred and First Amendment) Act, 2016, s. 14(i)
   (w.e.f. 16-9-2016).",definition,,,PENDING_HUMAN_REVIEW,,
c4a5713fb9e61bba,How does the Act define regulations?,"(39) ""regulations"" means the regulations made by the National Commission, or
      as the case may be, the Central Authority;",consumer_protection_act_2019.pdf,7,,"SEC. 1]         THE GAZETTE OF INDIA EXTRAORDINARY               7


                        (ii) a service provider,

           but does not include—

                   (a) a seller of immovable property, unless such person is engaged in the
            sale of constructed house or in the construction of homes or flats;

                   (b) a provider of professional services in any transaction in which, the
            sale or use of a product is only incidental thereto, but furnishing of opinion, skill
            or services being the essence of such transaction;

                    (c) a person who—

                             (I) acts only in a financial capacity with respect to the sale of the
                 product;

                              (II) is not a manufacturer, wholesaler, distributor, retailer, direct seller
                 or an electronic service provider;

                             (III) leases a product, without having a reasonable opportunity to
                  inspect and discover defects in the product, under a lease arrangement in
              which the selection, possession, maintenance, and operation of the
                 product are controlled by a person other than the lessor;

            (38) ""product service provider"", in relation to a product, means a person who
      provides any service in respect of such product;

            (39) ""regulations"" means the regulations made by the National Commission, or
      as the case may be, the Central Authority;

            (40) ""Regulator"" means a body or any authority established under any other
     law for the time being in force;

            (41) ""restrictive trade practice"" means a trade practice which tends to bring
     about manipulation of price or its conditions of delivery or to affect flow of supplies in
      the market relating to goods or services in such a manner as to impose on the consumers
      unjustified costs or restrictions and shall include—

                       (i) delay beyond the period agreed to by a trader in supply of such goods
            or in providing the services which has led or is likely to lead to rise in the price;

                        (ii) any trade practice which requires a consumer to buy, hire or avail of
          any goods or, as the case may be, services as condition precedent for buying,
            hiring or availing of other goods or services;

            (42) ""service"" means service of any description which is made available to
      potential users and includes, but not limited to, the provision of facilities in connection
     with banking, financing, insurance, transport, processing, supply of electrical or other
      energy, telecom, boarding or lodging or both, housing construction, entertainment,
     amusement or the purveying of news or other information, but does not include the
      rendering of any service free of charge or under a contract of personal service;

           (43) ""spurious goods"" means such goods which are falsely claimed to be
     genuine;

           (44) ""State Commission"" means a State Consumer Disputes Redressal
     Commission established under sub-section (1) of section 42;

            (45) ""trader"", in relation to any goods, means a person who sells or distributes
     any goods for sale and includes the manufacturer thereof, and where such goods are
      sold or distributed in package form, includes the packer thereof;

            (46) ""unfair contract"" means a contract between a manufacturer or trader or
      service provider on one hand, and a consumer on the other, having such terms which",definition,,,PENDING_HUMAN_REVIEW,,
6dbe887ae8ae18cf,What does Article 7 state about Rights of citizenship of certain migrants to Pakistan?,"Notwithstanding anything in articles 5 and 6, a person who has after the first
day of March, 1947, migrated from the territory of India to the territory now
included in Pakistan shall not be deemed to be a citizen of India:

                               4",constitution_of_india.pdf,35,Article 7,"7.  Rights  of  citizenship  of  certain  migrants  to  Pakistan.—
Notwithstanding anything in articles 5 and 6, a person who has after the first
day of March, 1947, migrated from the territory of India to the territory now
included in Pakistan shall not be deemed to be a citizen of India:

                               4",direct_factual,,,PENDING_HUMAN_REVIEW,,
4a5bb3db622b62f9,"According to the passage, what happens if the opposite party?","if the opposite party, on receipt of a copy of the complaint, referred to him
     under clause (a) denies or disputes the allegations contained in the complaint, or
     omits or fails to take any action to represent his case within the time given by the
      District Commission,",consumer_protection_act_2019.pdf,19,,"SEC. 1]         THE GAZETTE OF INDIA EXTRAORDINARY              19


matter for mediation, and in such case, the provisions of Chapter V, relating to mediation,
shall apply.

      38. (1) The District Commission shall, on admission of a complaint, or in respect of   Procedure on
cases referred for mediation on failure of settlement by mediation, proceed with such   admission of
complaint.                                                                                       complaint.

      (2) Where the complaint relates to any goods, the District Commission shall,—

             (a) refer a copy of the admitted complaint, within twenty-one days from the date
      of its admission to the opposite party mentioned in the complaint directing him to give
      his version of the case within a period of thirty days or such extended period not
     exceeding fifteen days as may be granted by it;

             (b) if the opposite party on receipt of a complaint referred to him under clause (a)
      denies or disputes the allegations contained in the complaint, or omits or fails to take
     any action to represent his case within the time given by the District Commission,
     proceed to settle the consumer dispute in the manner specified in clauses (c) to (g);

             (c) if the complaint alleges a defect in the goods which cannot be determined
      without proper analysis or test of the goods, obtain a sample of the goods from the
      complainant, seal it and authenticate it in the manner as may be prescribed and refer
      the sample so sealed to the appropriate laboratory along with a direction that such
      laboratory to make an analysis or test, whichever may be necessary, with a view to
      finding out whether such goods suffer from any defect alleged in the complaint or
     from any other defect and to report its findings thereon to the District Commission
      within a period of forty-five days of the receipt of the reference or within such extended
      period as may be granted by it;

             (d) before any sample of the goods is referred to any appropriate laboratory
     under clause (c), require the complainant to deposit to the credit of the Commission
     such fees as may be specified, for payment to the appropriate laboratory for carrying
      out the necessary analysis or test in relation to the goods in question;

             (e) remit the amount deposited to its credit under clause (d) to the appropriate
      laboratory to enable it to carry out the analysis or test mentioned in clause (c) and on
      receipt of the report from the appropriate laboratory, it shall forward a copy of the
      report along with such remarks as it may feel appropriate to the opposite party;

               (f) if any of the parties disputes the correctness of the findings of the appropriate
      laboratory, or disputes the correctness of the methods of analysis or test adopted by
      the appropriate laboratory, require the opposite party or the complainant to submit in
      writing his objections with regard to the report made by the appropriate laboratory;

             (g) give a reasonable opportunity to the complainant as well as the opposite
      party of being heard as to the correctness or otherwise of the report made by the
      appropriate laboratory and also as to the objection made in relation thereto under
      clause (f) and issue an appropriate order under section 39.

      (3) The District Commission shall, if the complaint admitted by it under sub-section (2)
of section 36 relates to goods in respect of which the procedure specified in sub-section (2)
cannot be followed, or if the complaint relates to any services,—

             (a) refer a copy of such complaint to the opposite party directing him to give his
      version of the case within a period of thirty days or such extended period not exceeding
      fifteen days as may be granted by the District Commission;

             (b) if the opposite party, on receipt of a copy of the complaint, referred to him
     under clause (a) denies or disputes the allegations contained in the complaint, or
     omits or fails to take any action to represent his case within the time given by the
      District Commission, it shall proceed to settle the consumer dispute—",scenario,,,PENDING_HUMAN_REVIEW,,
b76d7bcaf35dc207,What does Article 1 state about Name and territory of the Union?,"(1) India, that is Bharat,
shall be a Union of States.",constitution_of_india.pdf,33,Article 1,"1. Name and territory of the Union.—(1) India, that is Bharat,
shall be a Union of States.
      1[(2) The States and the territories thereof shall be as specified in
the First Schedule.]
      (3) The territory of India shall comprise—
            (a) the territories of the States;
             2[(b) the Union territories specified in the First Schedule;
     and]
             (c) such other territories as may be acquired.",direct_factual,,,PENDING_HUMAN_REVIEW,,
1cdb3bae73df97e4,How does the Act define spurious goods?,"(43) ""spurious goods"" means such goods which are falsely claimed to be
     genuine;",consumer_protection_act_2019.pdf,7,,"SEC. 1]         THE GAZETTE OF INDIA EXTRAORDINARY               7


                        (ii) a service provider,

           but does not include—

                   (a) a seller of immovable property, unless such person is engaged in the
            sale of constructed house or in the construction of homes or flats;

                   (b) a provider of professional services in any transaction in which, the
            sale or use of a product is only incidental thereto, but furnishing of opinion, skill
            or services being the essence of such transaction;

                    (c) a person who—

                             (I) acts only in a financial capacity with respect to the sale of the
                 product;

                              (II) is not a manufacturer, wholesaler, distributor, retailer, direct seller
                 or an electronic service provider;

                             (III) leases a product, without having a reasonable opportunity to
                  inspect and discover defects in the product, under a lease arrangement in
              which the selection, possession, maintenance, and operation of the
                 product are controlled by a person other than the lessor;

            (38) ""product service provider"", in relation to a product, means a person who
      provides any service in respect of such product;

            (39) ""regulations"" means the regulations made by the National Commission, or
      as the case may be, the Central Authority;

            (40) ""Regulator"" means a body or any authority established under any other
     law for the time being in force;

            (41) ""restrictive trade practice"" means a trade practice which tends to bring
     about manipulation of price or its conditions of delivery or to affect flow of supplies in
      the market relating to goods or services in such a manner as to impose on the consumers
      unjustified costs or restrictions and shall include—

                       (i) delay beyond the period agreed to by a trader in supply of such goods
            or in providing the services which has led or is likely to lead to rise in the price;

                        (ii) any trade practice which requires a consumer to buy, hire or avail of
          any goods or, as the case may be, services as condition precedent for buying,
            hiring or availing of other goods or services;

            (42) ""service"" means service of any description which is made available to
      potential users and includes, but not limited to, the provision of facilities in connection
     with banking, financing, insurance, transport, processing, supply of electrical or other
      energy, telecom, boarding or lodging or both, housing construction, entertainment,
     amusement or the purveying of news or other information, but does not include the
      rendering of any service free of charge or under a contract of personal service;

           (43) ""spurious goods"" means such goods which are falsely claimed to be
     genuine;

           (44) ""State Commission"" means a State Consumer Disputes Redressal
     Commission established under sub-section (1) of section 42;

            (45) ""trader"", in relation to any goods, means a person who sells or distributes
     any goods for sale and includes the manufacturer thereof, and where such goods are
      sold or distributed in package form, includes the packer thereof;

            (46) ""unfair contract"" means a contract between a manufacturer or trader or
      service provider on one hand, and a consumer on the other, having such terms which",definition,,,PENDING_HUMAN_REVIEW,,
4803aa378093f7ea,"According to the passage, what happens if circumstances exist which?","if circumstances exist which, in the opinion
of the Governor, render the holding of elections impracticable, be extended
by the Governor for a period not exceeding one year at a time and in any
case where a Proclamation of Emergency is in operation not extending
beyond a period of six mont",constitution_of_india.pdf,314,,"283         THE CONSTITUTION OF INDIA

                             (Sixth Schedule)

                 (f) any other matter relating to or connected with elections or
      nominations to such Councils;
              (g) the procedure and the conduct of business 1[(including the
     power  to  act  notwithstanding any vacancy)]  in  the  District and
      Regional Councils;
             (h) the appointment of officers and staff of the District and
      Regional Councils.
      1[(6A) The elected members of the District Council shall hold office
for a term of five years from the date appointed for the first meeting of the
Council  after the general elections to the Council, unless the  District
Council is sooner dissolved under paragraph 16 and a nominated member
shall hold office at the pleasure of the Governor:
      Provided that the said period of five years may, while a Proclamation
of Emergency is in operation or if circumstances exist which, in the opinion
of the Governor, render the holding of elections impracticable, be extended
by the Governor for a period not exceeding one year at a time and in any
case where a Proclamation of Emergency is in operation not extending
beyond a period of six months after the Proclamation has ceased to operate:
      Provided further that a member elected to fill a casual vacancy shall
hold office only for the remainder of the term of office of the member
whom he replaces.]
       (7) The  District  or  the  Regional  Council may  after  its  first
constitution make rules 1[with the approval of the Governor] with regard to
the matters specified in sub-paragraph (6) of this paragraph and may also
make rules 1[with like approval] regulating—
             (a) the formation of subordinate local Councils or Boards and
       their procedure and the conduct of their business; and
             (b) generally all matters relating to the transaction of business
       pertaining to the administration of the district or region, as the case
     may be:

______________________________________________
1. Ins. by the Assam Reorganisation (Meghalaya) Act, 1969 (55 of 1969), s. 74 and
   Fourth Sch. (w.e.f. 2-4-1970).",scenario,,,PENDING_HUMAN_REVIEW,,
f8e7031cf9f886b8,"According to the passage, what happens if the opposite party denies or disputes the allegations contained in the complaint?","if the opposite party denies or disputes the allegations
           contained in the complaint, or

                      (ii) ex parte on the basis of evidence brought to its notice by the
           complainant, where the opposite party omits or fails to take any action to represent
            his case within the time given by the Commission;",consumer_protection_act_2019.pdf,20,,"20           THE GAZETTE OF INDIA EXTRAORDINARY         [PART II—


                       (i) on the basis of evidence brought to its notice by the complainant and
            the opposite party, if the opposite party denies or disputes the allegations
           contained in the complaint, or

                      (ii) ex parte on the basis of evidence brought to its notice by the
           complainant, where the opposite party omits or fails to take any action to represent
            his case within the time given by the Commission;

             (c) decide the complaint on merits if the complainant fails to appear on the date
      of hearing.

      (4) For the purposes of sub-sections (2) and (3), the District Commission may, by
order, require an electronic service provider to provide such information, documents or
records, as may be specified in that order.

      (5) No proceedings complying with the procedure laid down in sub-sections (1) and
(2) shall be called in question in any court on the ground that the principles of natural justice
have not been complied with.

      (6) Every complaint shall be heard by the District Commission on the basis of affidavit
and documentary evidence placed on record:

     Provided that where an application is made for hearing or for examination of parties in
person or through video conferencing, the District Commission may, on sufficient cause
being shown, and after recording its reasons in writing, allow the same.

      (7) Every complaint shall be disposed of as expeditiously as possible and endeavour
shall be made to decide the complaint within a period of three months from the date of receipt
of notice by opposite party where the complaint does not require analysis or testing of
commodities and within five months if it requires analysis or testing of commodities:

     Provided that no adjournment shall ordinarily be granted by the District Commission
unless sufficient cause is shown and the reasons for grant of adjournment have been recorded
in writing by the Commission:

     Provided further that the District Commission shall make such orders as to the costs
occasioned by the adjournment as may be specified by regulations:

     Provided also that in the event of a complaint being disposed of after the period so
specified, the District Commission shall record in writing, the reasons for the same at the time
of disposing of the said complaint.

      (8) Where during the pendency of any proceeding before the District Commission, if
it appears necessary, it may pass such interim order as is just and proper in the facts and
circumstances of the case.

      (9) For the purposes of this section, the District Commission shall have the same
powers as are vested in a civil court under the Code of Civil Procedure, 1908 while trying a   5 of 1908.
suit in respect of the following matters, namely:—

             (a) the summoning and enforcing the attendance of any defendant or witness
     and examining the witness on oath;

             (b) requiring the discovery and production of any document or other material
      object as evidence;

             (c) receiving of evidence on affidavits;

             (d) the requisitioning of the report of the concerned analysis or test from the
      appropriate laboratory or from any other relevant source;

             (e) issuing of commissions for the examination of any witness, or document;
     and",scenario,,,PENDING_HUMAN_REVIEW,,
c0b9a1045ad4b93a,What does Article 371E state about Establishment of Central University in Andhra Pradesh?,"Parliament may by law provide for the establishment of a University in the
State of Andhra Pradesh.]

      1[371F.",constitution_of_india.pdf,272,Article 371E,"371E. Establishment of Central University in Andhra Pradesh.—
Parliament may by law provide for the establishment of a University in the
State of Andhra Pradesh.]

      1[371F. Special provisions with respect to the State of Sikkim.—
Notwithstanding anything in this Constitution,—

          (a) the Legislative Assembly of the State of Sikkim shall consist of
      not less than thirty members;

          (b)  as  from  the  date  of commencement  of  the  Constitution
       (Thirty-sixth Amendment) Act, 1975 (hereafter in this article referred to
      as the appointed day)—

                     (i) the Assembly for Sikkim formed as a result of the elections
         held in Sikkim in April, 1974 with thirty-two members elected in the
          said elections (hereinafter referred to as the sitting members) shall be
        deemed to be the Legislative Assembly of the State of Sikkim duly
          constituted under this Constitution;
                   (ii) the sitting members shall be deemed to be the members of
          the Legislative Assembly of the State of Sikkim duly elected under
           this Constitution; and
                    (iii) the said Legislative Assembly of the State of Sikkim shall
          exercise the powers and perform the functions of the Legislative
        Assembly of a State under this Constitution;
______________________________________________
1. Art 371F  ins. by  the  Constitution  (Thirty-sixth Amendment) Act, 1975,  s. 3
   (w.e.f. 26-4-1975).",direct_factual,,,PENDING_HUMAN_REVIEW,,
2aaf6c48d064abb6,How does the Act define express warranty?,"(20) ""express warranty"" means any material statement, affirmation of fact, promise
                    or description relating to a product or service warranting that it conforms to such
                    material statement, affirmation, promise or description and includes any sample or
                 model of a product warranting that the whole of such product conforms to such
                  sample or model;",consumer_protection_act_2019.pdf,5,,"SEC. 1]         THE GAZETTE OF INDIA EXTRAORDINARY               5


                  commercial activity, trade or profession, or such other class or classes of persons
                    including public utility entities in the manner as may be prescribed;

                           (20) ""express warranty"" means any material statement, affirmation of fact, promise
                    or description relating to a product or service warranting that it conforms to such
                    material statement, affirmation, promise or description and includes any sample or
                 model of a product warranting that the whole of such product conforms to such
                  sample or model;

                          (21) ""goods"" means every kind of movable property and includes ""food"" as
                    defined in clause (j) of sub-section (1) of section 3 of the Food Safety and Standards
34 of 2006.          Act, 2006;

                          (22) ""harm"", in relation to a product liability, includes—

                                          (i) damage to any property, other than the product itself;

                                           (ii) personal injury, illness or death;

                                            (iii) mental agony or emotional distress attendant to personal injury or
                              illness or damage to property; or

                                      (iv) any loss of consortium or services or other loss resulting from a harm
                           referred to in sub-clause (i) or sub-clause (ii) or sub-clause (iii),

                    but shall not include any harm caused to a product itself or any damage to the property
                 on account of breach of warranty conditions or any commercial or economic loss,
                    including any direct, incidental or consequential loss relating thereto;

                          (23) ""injury"" means any harm whatever illegally caused to any person, in body,
                mind or property;

                          (24) ""manufacturer"" means a person who—

                                          (i) makes any goods or parts thereof; or

                                           (ii) assembles any goods or parts thereof made by others; or

                                            (iii) puts or causes to be put his own mark on any goods made by any
                          other person;

                          (25) ""mediation"" means the process by which a mediator mediates the consumer
                    disputes;

                          (26) ""mediator"" means a mediator referred to in section 75;

                          (27) ""member"" includes the President and a member of the National Commission
                    or a State Commission or a District Commission, as the case may be;

                          (28) ""misleading advertisement"" in relation to any product or service, means an
                    advertisement, which—

                                          (i) falsely describes such product or service; or

                                           (ii) gives a false guarantee to, or is likely to mislead the consumers as to
                          the nature, substance, quantity or quality of such product or service; or

                                            (iii) conveys an express or implied representation which, if made by the
                        manufacturer or seller or service provider thereof, would constitute an unfair
                           trade practice; or

                                      (iv) deliberately conceals important information;

                          (29) ""National Commission"" means the National Consumer Disputes Redressal
                 Commission established under sub-section (1) of section 53;",definition,,,PENDING_HUMAN_REVIEW,,
eef03ff453f7b853,What does Article 395 state about Repeals?,"The  Indian  Independence  Act,  1947,  and  the
Government of India Act, 1935, together with all enactments amending or
supplementing the latter Act, but not including the Abolition of Privy Council
Jurisdiction Act, 1949, are hereby repealed.",constitution_of_india.pdf,283,Article 395,"395.  Repeals.—  The  Indian  Independence  Act,  1947,  and  the
Government of India Act, 1935, together with all enactments amending or
supplementing the latter Act, but not including the Abolition of Privy Council
Jurisdiction Act, 1949, are hereby repealed.

______________________________________________
1. Ins. by the Constitution (Fifty-eighth Amendment) Act, 1987, s. 2 (w.e.f. 9-12-1987).
2. Art 394A, Ins. by s. 3, ibid. (w.e.f. 9-12-1987).
                              252",direct_factual,,,PENDING_HUMAN_REVIEW,,
23df6c896acf9330,"According to the passage, what happens if no appeal has been preferred against such order under the provisions of this Act?","if no appeal has been preferred against such order
             under the provisions of this Act, be final.",consumer_protection_act_2019.pdf,28,,"28           THE GAZETTE OF INDIA EXTRAORDINARY         [PART II—


                      (4) All notices required to be served on an opposite party or to complainant, as the
              case may be, shall be deemed to be sufficiently served, if addressed in the case of the
              opposite party, to the place where business or profession is carried on, and in case of the
              complainant, the place where such person actually and voluntarily resides.

Experts to           66. Where the National Commission or the State Commission, as the case may be, on
assist         an application by a complainant or otherwise, is of the opinion that it involves the larger
National
Commission     interest of consumers, it may direct any individual or organisation or expert to assist the
or State        National Commission or the State Commission, as the case may be.
Commission.

Appeal against        67. Any person, aggrieved by an order made by the National Commission in exercise
order of        of its powers conferred by sub-clause (i) or (ii) of clause (a) of sub-section (1) of section 58,National
Commission.   may prefer an appeal against such order to the Supreme Court within a period of thirty days
            from the date of the order:

                   Provided that the Supreme Court may entertain an appeal after the expiry of the said
              period of thirty days if it is satisfied that there was sufficient cause for not filing it within that
               period:

                   Provided further that no appeal by a person who is required to pay any amount in
              terms of an order of the National Commission shall be entertained by the Supreme Court
              unless that person has deposited fifty per cent. of that amount in the manner as may be
               prescribed.

Finality of           68. Every order of a District Commission or the State Commission or the National
orders.        Commission, as the case may be, shall, if no appeal has been preferred against such order
             under the provisions of this Act, be final.

Limitation           69. (1) The District Commission, the State Commission or the National Commission
period.          shall not admit a complaint unless it is filed within two years from the date on which the
              cause of action has arisen.

                     (2) Notwithstanding anything contained in sub-section (1), a complaint may be
               entertained after the period specified in sub-section (1), if the complainant satisfies the
                District Commission, the State Commission or the National Commission, as the case may be,
                that he had sufficient cause for not filing the complaint within such period:

                   Provided that no such complaint shall be entertained unless the District Commission
              or the State Commission or the National Commission, as the case may be, records its reasons
                for condoning such delay.

Administrative        70. (1) The National Commission shall have the authority to lay down such adequate
control.        standards in consultation with the Central Government from time to time, for better protection
              of the interests of consumers and for that purpose, shall have administrative control over all
               the State Commissions in the following matters, namely:—

                            (a) monitoring performance of the State Commissions in terms of their disposal
                 by calling for periodical returns regarding the institution, disposal and pendency of
                    cases;

                            (b) investigating into any allegations against the President and members of a
                     State Commission and submitting inquiry report to the State Government concerned
                   along with copy endorsed to the Central Government for necessary action;

                             (c) issuance of instructions regarding adoption of uniform procedure in the
                    hearing of matters, prior service of copies of documents produced by one party to the
                    opposite parties, furnishing of english translation of judgments written in any language,
                  speedy grant of copies of documents;",scenario,,,PENDING_HUMAN_REVIEW,,
3607d2ba8b01c08c,How does the Act define pension?,"(17) “pension” means a pension, whether contributory or not, of
     any kind whatsoever payable to or in respect of any person, and includes
       retired pay so payable;",constitution_of_india.pdf,256,,"225          THE CONSTITUTION OF INDIA

                               (Part XIX.—MISCELLANEOUS)

             (16) “Part” means a Part of this Constitution;
             (17) “pension” means a pension, whether contributory or not, of
     any kind whatsoever payable to or in respect of any person, and includes
       retired pay so payable; a gratuity so payable and any sum or sums so
      payable by way of the return, with or without interest thereon or any
      other addition thereto, of subscriptions to a provident fund;
             (18) “Proclamation of Emergency” means a Proclamation issued
      under clause (1) of article 352;
             (19) “public notification” means a notification in the Gazette of
       India, or, as the case may be, the Official Gazette of a State;
             (20) “railway” does not include—
                 (a) a tramway wholly within a municipal area; or
                 (b) any other line of communication wholly situate in one State
           and declared by Parliament by law not to be a railway;
             1[(21)*               *               *                *]
             2[(22) “Ruler” means the Prince, Chief or other person who, at any
      time  before  the commencement  of  the  Constitution  (Twenty-sixth
     Amendment) Act, 1971, was recognised by the President as the Ruler of
     an  Indian  State  or  any  person  who,  at  any  time  before  such
     commencement, was recognised by the President as the successor of
      such Ruler;]
             (23) “Schedule” means a Schedule to this Constitution;
             (24) “Scheduled Castes” means such castes, races or tribes or
       parts of or groups within such castes, races or tribes as are deemed under
       article 341 to be Scheduled Castes for the purposes of this Constitution;
             (25) “Scheduled Tribes” means such tribes or tribal communities
      or parts of or groups within such tribes or tribal communities as are
     deemed under article 342 to be Scheduled Tribes for the purposes of this
       Constitution;
______________________________________________
1. Cl. (21) omitted by the Constitution (Seventh Amendment) Act, 1956, s. 29 and Sch.
   (w.e.f. 1-11-1956).
2. Subs. by the Constitution (Twenty-sixth Amendment) Act, 1971, s. 4 (w.e.f. 28-12-1971).",definition,,,PENDING_HUMAN_REVIEW,,
817bdd98c775da0f,How does Section 2(2) define appropriate laboratory?,"(2) ""appropriate laboratory"" means a laboratory or an organisation—

                                          (i) recognised by the Central Government;",consumer_protection_act_2019.pdf,2,Section 2(2),"2. In this Act, unless the context otherwise requires,—

                           (1) ""advertisement"" means any audio or visual publicity, representation,
                  endorsement or pronouncement made by means of light, sound, smoke, gas, print,
                     electronic media, internet or website and includes any notice, circular, label, wrapper,
                    invoice or such other documents;

                            (2) ""appropriate laboratory"" means a laboratory or an organisation—

                                          (i) recognised by the Central Government; or

                                           (ii) recognised by a State Government, subject to such guidelines as may
                       be issued by the Central Government in this behalf; or

                                            (iii) established by or under any law for the time being in force, which is
                          maintained, financed or aided by the Central Government or a State Government
                            for carrying out analysis or test of any goods with a view to determining whether
                        such goods suffer from any defect;

                            (3) ""branch office"" means—

                                           (i) any office or place of work described as a branch by the establishment; or

                                           (ii) any establishment carrying on either the same or substantially the
                     same activity carried on by the head office of the establishment;

                           (4) ""Central Authority"" means the Central Consumer Protection Authority
                     established under section 10;

                            (5) ""complainant"" means—

                                          (i) a consumer; or

                                           (ii) any voluntary consumer association registered under any law for the
                        time being in force; or

                                            (iii) the Central Government or any State Government; or

                                      (iv) the Central Authority; or

                                    (v) one or more consumers, where there are numerous consumers having
                           the same interest; or

                                      (vi) in case of death of a consumer, his legal heir or legal representative; or

                                        (vii) in case of a consumer being a minor, his parent or legal guardian;

                            (6) ""complaint"" means any allegation in writing, made by a complainant for
                    obtaining any relief provided by or under this Act, that—

                                          (i) an unfair contract or unfair trade practice or a restrictive trade practice
                        has been adopted by any trader or service provider;

                                           (ii) the goods bought by him or agreed to be bought by him suffer from
                      one or more defects;

                                            (iii) the services hired or availed of or agreed to be hired or availed of by
                     him suffer from any deficiency;

                                      (iv) a trader or a service provider, as the case may be, has charged for the
                       goods or for the services mentioned in the complaint, a price in excess of the
                      price—

                                         (a) fixed by or under any law for the time being in force; or",definition,,,PENDING_HUMAN_REVIEW,,
701ab3da6b9c4e09,What does Article 257 state about Control of the Union over States in certain cases?,"(1) The
executive power of every State shall be so exercised as not to impede or
prejudice the exercise of the executive power of the Union, and the executive
power of the Union shall extend to the giving of such directions to a State as
may appear to the Government of India to be necessary for that purpose.",constitution_of_india.pdf,180,Article 257,"257. Control of the Union over States in certain cases.—(1) The
executive power of every State shall be so exercised as not to impede or
prejudice the exercise of the executive power of the Union, and the executive
power of the Union shall extend to the giving of such directions to a State as
may appear to the Government of India to be necessary for that purpose.
       (2) The executive power of the Union shall also extend to the giving of
directions to a State as to the construction and maintenance of means of
communication  declared  in  the  direction  to be  of  national  or  military
importance:
      Provided that nothing in this clause shall be taken as restricting the
power of Parliament to declare highways or waterways to be national highways
or national waterways or the power of the Union with respect to the highways
or waterways so declared or the power of the Union to construct and maintain
means of communication as part of its functions with respect to naval, military
and air force works.
       (3) The executive power of the Union shall also extend to the giving of
directions to a State as to the measures to be taken for the protection of the
railways within the State.
       (4) Where in carrying out any direction given to a State under clause (2)
as to the construction or maintenance of any means of communication or under
clause (3) as to the measures to be taken for the protection of any railway, costs
have been incurred in excess of those which would have been incurred in the
discharge of the normal duties of the State if such direction had not been given,
there shall be paid by the Government of India to the State such sum as may be
agreed, or, in default of agreement, as may be determined by an arbitrator
appointed by the Chief Justice of India, in respect of the extra costs so incurred
by the State.",direct_factual,,,PENDING_HUMAN_REVIEW,,
e35ad8e66070735c,"According to the passage, what happens if he is not a citizen of India?","if he is not a citizen of India, or has voluntarily acquired the
       citizenship of a foreign State, or  is under any acknowledgment of
       allegiance or adherence to a foreign State;",constitution_of_india.pdf,77,Article 102,"102. Disqualifications  for  membership.—(1) A  person  shall  be
disqualified for being chosen as, and for being, a member of either House of
Parliament—
           1[(a)  if he holds any office of profit under the Government of India
      or the Government of any State, other than an  office declared by
      Parliament by law not to disqualify its holder;]
          (b) if he is of unsound mind and stands so declared by a competent
       court;
           (c) if he is an undischarged insolvent;
          (d) if he is not a citizen of India, or has voluntarily acquired the
       citizenship of a foreign State, or  is under any acknowledgment of
       allegiance or adherence to a foreign State;
           (e) if he is so disqualified by or under any law made by Parliament.
      2[Explanation.—For the purposes of this clause] a person shall not be
deemed to hold an office of profit under the Government of India or the
Government of any State by reason only that he is a Minister either for the
Union or for such State.
       3[(2) A person shall be disqualified for being a member of either House
of Parliament if he is so disqualified under the Tenth Schedule.]
      4[103. Decision on questions as to disqualifications of members.—
(1) If any question arises as to whether a member of either House of Parliament
has become subject to any of the disqualifications mentioned in clause (1) of
article 102, the question shall be referred for the decision of the President and
his decision shall be final.
______________________________________________
1. Subs. by the Constitution (Forty-second Amendment) Act, 1976, s. 19 to read as ""(a) if
  he holds any such office of profit under the Government of India or the Government of
  any State as is declared by Parliament by law to disqualify  its holder"" (date not
   notified). This amendment was omitted by the Constitution (Forty-fourth Amendment)
   Act, 1978, s. 45 (w.e.f. 20-6-1979).
2. Subs. by the Constitution (Fifty-second Amendment) Act, 1985, s. 3, for ""(2) for the
  purposes of this art."" (w.e.f. 1-3-1985).
3. Ins. by s. 3, ibid. (w.e.f. 1-3-1985).
4. Subs. by the Constitution (Forty-second Amendment) Act, 1976, s. 20, for art. 103
   (w.e.f. 3-1-1977) and further subs. by the Constitution (Forty-fourth Amendment)
  Act, 1978, s. 14, for art. 103 (w.e.f. 20-6-1979).",scenario,,,PENDING_HUMAN_REVIEW,,
337887d28d613403,What does Article 60 state about Oath or affirmation by the President?,"Every President and every
person acting as President or discharging the functions of the President shall,
before entering upon his office, make and subscribe in the presence of the Chief
Justice of India or, in his absence, the senior-most Judge of the Supreme Court
available, an oath or affirmation in the following form, that is to say—

______________________________________________
1.",constitution_of_india.pdf,59,Article 60,"60. Oath or affirmation by the President.—Every President and every
person acting as President or discharging the functions of the President shall,
before entering upon his office, make and subscribe in the presence of the Chief
Justice of India or, in his absence, the senior-most Judge of the Supreme Court
available, an oath or affirmation in the following form, that is to say—

______________________________________________
1. The words ""or Rajpramukh or Uparajpramukh"" omitted by the Constitution (Seventh
  Amendment) Act, 1956, s. 29 and Sch. (w.e.f. 1-11-1956).",direct_factual,,,PENDING_HUMAN_REVIEW,,
55c052ad42726df3,How does the Act define population?,"“population” means the
population as ascertained at the last preceding census of which the relevant
figures have been published:
      Provided that the reference in this Explanation to the last preceding
census of which the relevant figures have been published  shall, until the
relevant figures for the first census taken after the year 2[2026] have been
published, be construed as a reference to the 3[2001] census.]
       (3) Upon the completion of each census, the total number of seats in the
Legislative Assembly of each State and the division of each State into territorial
constituencies shall be readjusted by such authority and in such manner as
Parliament may by law determine:
      Provided that such readjustment shall not affect representation in the
Legislative Assembly until the dissolution of the then existing Assembly:
      4[Provided further that such readjustment shall take effect from such date
as the President may, by order, specify and until such readjustment takes effect,
any election to the Legislative Assembly may be held on the basis of the
territorial constituencies existing before such readjustment:
      Provided also that until the relevant figures for the first census taken
after the year 2[2026] have been published,  it  shall not be necessary to
5[readjust—
             (i) the total number of seats in the Legislative Assembly of each State
      as readjusted on the basis of the 1971 census;",constitution_of_india.pdf,108,,"77          THE CONSTITUTION OF INDIA

                             (Part VI.—The States)


      1[Explanation.—In this clause, the expression “population” means the
population as ascertained at the last preceding census of which the relevant
figures have been published:
      Provided that the reference in this Explanation to the last preceding
census of which the relevant figures have been published  shall, until the
relevant figures for the first census taken after the year 2[2026] have been
published, be construed as a reference to the 3[2001] census.]
       (3) Upon the completion of each census, the total number of seats in the
Legislative Assembly of each State and the division of each State into territorial
constituencies shall be readjusted by such authority and in such manner as
Parliament may by law determine:
      Provided that such readjustment shall not affect representation in the
Legislative Assembly until the dissolution of the then existing Assembly:
      4[Provided further that such readjustment shall take effect from such date
as the President may, by order, specify and until such readjustment takes effect,
any election to the Legislative Assembly may be held on the basis of the
territorial constituencies existing before such readjustment:
      Provided also that until the relevant figures for the first census taken
after the year 2[2026] have been published,  it  shall not be necessary to
5[readjust—
             (i) the total number of seats in the Legislative Assembly of each State
      as readjusted on the basis of the 1971 census; and
             (ii) the division of such State into territorial constituencies as may be
      readjusted on the basis of the 3[2001] census,
under this clause.]
______________________________________________
1. Subs. by the Constitution (Forty-second Amendment) Act, 1976,  s. 29, for the
  Explanation (w.e.f. 3-1-1977).
2. Subs. by the Constitution (Eighty-fourth Amendment) Act, 2001, s. 5, for ""2000""
   (w.e.f. 21-2-2002).
3. Subs. by the Constitution (Eighty-seventh Amendment) Act, 2003, s. 4, for ""1991""
   (w.e.f. 22-6-2003). The figures ""1991"" were substituted for the original figures ""1971""
  by the Constitution (Eighty-fourth Amendment) Act, 2001, s. 5 (w.e.f. 21-2-2002).
4. Ins. by the Constitution (Forty-second Amendment) Act, 1976, s. 29 (w.e.f. 3-1-1977).
5. Subs. by the Constitution (Eighty-fourth Amendment) Act, 2001, s. 5, for certain
  words (w.e.f. 21-2-2002).",definition,,,PENDING_HUMAN_REVIEW,,
63a451d22c41ea77,"According to the passage, what happens if and so often as a resolution approving the continuance in force of any such resolution is passed in the manner provided in clause (1)?","if and so often as a resolution approving the continuance
in force of any such resolution is passed in the manner provided in clause (1),
such resolution shall continue in force for a further period of one year from the
date on which under this clause it would otherwise have ceased to be in force.",constitution_of_india.pdf,177,Article 248,"248. Residuary powers of legislation.—(1) 1[Subject to article 246A,
Parliament] has exclusive power to make any law with respect to any matter
not enumerated in the Concurrent List or State List.
       (2) Such power shall include the power of making any law imposing a
tax not mentioned in either of those Lists.
      249. Power of Parliament to legislate with respect to a matter in the
State List in the national interest.—(1) Notwithstanding anything  in the
foregoing provisions of this Chapter, if the Council of States has declared by
resolution supported by not less than two-thirds of the members present and
voting that it is necessary or expedient in the national interest that Parliament
should make laws with respect to 2[goods and services tax provided under article
246A or] any matter enumerated in the State List specified in the resolution, it
shall be lawful for Parliament to make laws for the whole or any part of the
territory of India with respect to that matter while the resolution remains in force.
       (2) A resolution passed under clause (1) shall remain in force for such
period not exceeding one year as may be specified therein:
      Provided that, if and so often as a resolution approving the continuance
in force of any such resolution is passed in the manner provided in clause (1),
such resolution shall continue in force for a further period of one year from the
date on which under this clause it would otherwise have ceased to be in force.
       (3) A law made by Parliament which Parliament would not but for the
passing of a resolution under clause (1) have been competent to make shall, to the
extent of the incompetency, cease to have effect on the expiration of a period of
six months after the resolution has ceased to be in force, except as respects things
done or omitted to be done before the expiration of the said period.

______________________________________________
1. Subs. by the Constitution (One Hundred and First Amendment) Act, 2016, s. 3, for
  ""Parliament"" (w.e.f. 16-9-2016).
2. Ins. by s. 4, ibid. (w.e.f. 16-9-2016).",scenario,,,PENDING_HUMAN_REVIEW,,
e34f0d81456b9d08,What does Article 322 state about Expenses of Public Service Commissions?,"The expenses of the
Union  or  a  State  Public  Service  Commission,  including  any  salaries,
allowances and pensions payable to or in respect of the members or staff of the
Commission, shall be charged on the Consolidated Fund of India or, as the case
may be, the Consolidated Fund of the State.",constitution_of_india.pdf,213,Article 322,"322. Expenses of Public Service Commissions.—The expenses of the
Union  or  a  State  Public  Service  Commission,  including  any  salaries,
allowances and pensions payable to or in respect of the members or staff of the
Commission, shall be charged on the Consolidated Fund of India or, as the case
may be, the Consolidated Fund of the State.",direct_factual,,,PENDING_HUMAN_REVIEW,,
e0d2afd9cc75af9c,How does Article 265 define loans or ways and?,"loans or ways and means advances and all moneys received by
that Government in repayment of loans shall form one consolidated fund to be
entitled  “the Consolidated Fund of India”, and all revenues received by the
Government of a State, all loans raised by that Government by the issue of
treasury bills,",constitution_of_india.pdf,183,Article 265,"265. Taxes not to be imposed save by authority of law.—No tax shall
be levied or collected except by authority of law.
      266. Consolidated Funds and public accounts of India and of the
States.—(1) Subject to the provisions of article 267 and to the provisions of
this Chapter with respect to the assignment of the whole or part of the net
proceeds of certain taxes and duties to States, all revenues received by the
Government of India, all loans raised by that Government by the issue of
treasury bills, loans or ways and means advances and all moneys received by
that Government in repayment of loans shall form one consolidated fund to be
entitled  “the Consolidated Fund of India”, and all revenues received by the
Government of a State, all loans raised by that Government by the issue of
treasury bills, loans or ways and means advances and all moneys received by
that Government in repayment of loans shall form one consolidated fund to be
entitled “the Consolidated Fund of the State”.
       (2) All other public moneys received by or on behalf of the Government
of India or the Government of a State shall be credited to the public account of
India or the public account of the State, as the case may be.
       (3) No moneys  out  of  the  Consolidated Fund  of  India  or  the
Consolidated Fund of a State shall be appropriated except in accordance with
law and for the purposes and in the manner provided in this Constitution.",definition,,,PENDING_HUMAN_REVIEW,,
5235d76399e73736,"According to the passage, what happens if any question arises as to whether a member of either House of Parliament has become subject to any of the disqualifications mentioned in clause (1) of article 102?","If any question arises as to whether a member of either House of Parliament
has become subject to any of the disqualifications mentioned in clause (1) of
article 102, the question shall be referred for the decision of the President and
his decision shall be final.",constitution_of_india.pdf,77,Article 102,"102. Disqualifications  for  membership.—(1) A  person  shall  be
disqualified for being chosen as, and for being, a member of either House of
Parliament—
           1[(a)  if he holds any office of profit under the Government of India
      or the Government of any State, other than an  office declared by
      Parliament by law not to disqualify its holder;]
          (b) if he is of unsound mind and stands so declared by a competent
       court;
           (c) if he is an undischarged insolvent;
          (d) if he is not a citizen of India, or has voluntarily acquired the
       citizenship of a foreign State, or  is under any acknowledgment of
       allegiance or adherence to a foreign State;
           (e) if he is so disqualified by or under any law made by Parliament.
      2[Explanation.—For the purposes of this clause] a person shall not be
deemed to hold an office of profit under the Government of India or the
Government of any State by reason only that he is a Minister either for the
Union or for such State.
       3[(2) A person shall be disqualified for being a member of either House
of Parliament if he is so disqualified under the Tenth Schedule.]
      4[103. Decision on questions as to disqualifications of members.—
(1) If any question arises as to whether a member of either House of Parliament
has become subject to any of the disqualifications mentioned in clause (1) of
article 102, the question shall be referred for the decision of the President and
his decision shall be final.
______________________________________________
1. Subs. by the Constitution (Forty-second Amendment) Act, 1976, s. 19 to read as ""(a) if
  he holds any such office of profit under the Government of India or the Government of
  any State as is declared by Parliament by law to disqualify  its holder"" (date not
   notified). This amendment was omitted by the Constitution (Forty-fourth Amendment)
   Act, 1978, s. 45 (w.e.f. 20-6-1979).
2. Subs. by the Constitution (Fifty-second Amendment) Act, 1985, s. 3, for ""(2) for the
  purposes of this art."" (w.e.f. 1-3-1985).
3. Ins. by s. 3, ibid. (w.e.f. 1-3-1985).
4. Subs. by the Constitution (Forty-second Amendment) Act, 1976, s. 20, for art. 103
   (w.e.f. 3-1-1977) and further subs. by the Constitution (Forty-fourth Amendment)
  Act, 1978, s. 14, for art. 103 (w.e.f. 20-6-1979).",scenario,,,PENDING_HUMAN_REVIEW,,
66b861eeeba381e6,What does Article 377 state about Provisions as to Comptroller and Auditor-General of India?,"The
Auditor-General of India holding office immediately before the commencement of
this  Constitution  shall,  unless   he has  elected  otherwise, become on such
commencement the Comptroller and Auditor-General of India and shall thereupon
be entitled to such salaries and to such rights in respect of leave of absence and
pension as are provided for under clause (3) of article 148 in respect of the
Comptroller and Auditor-General of India and be entitled to continue to hold office
until the expiration of his term of office as determined under the provisions which
were applicable to him immediately before such commencement.",constitution_of_india.pdf,280,Article 377,"377. Provisions as to Comptroller and Auditor-General of India.—The
Auditor-General of India holding office immediately before the commencement of
this  Constitution  shall,  unless   he has  elected  otherwise, become on such
commencement the Comptroller and Auditor-General of India and shall thereupon
be entitled to such salaries and to such rights in respect of leave of absence and
pension as are provided for under clause (3) of article 148 in respect of the
Comptroller and Auditor-General of India and be entitled to continue to hold office
until the expiration of his term of office as determined under the provisions which
were applicable to him immediately before such commencement.

______________________________________________
1. Added by the Constitution (First Amendment) Act, 1951, s. 13 (w.e.f. 18-6-1951).",direct_factual,,,PENDING_HUMAN_REVIEW,,
893673e0845044f0,How does the Act define the Government of the State?,"the Government of the State means
    the person for the time being recognised by the President on the recommendation of
    the Legislative Assembly of the State as the *Sadar-I-Riyasat of Jammu and Kashmir,
    acting on the advice of the Council of Ministers of the State for the time being in
    office.”.
                      (C.O. 44, dated the 15th November, 1952).
  *Now “Governor”.",constitution_of_india.pdf,262,,"231          THE CONSTITUTION OF INDIA

               (Part XXI.—Temporary, Transitional and Special Provisions)

        1[370. Temporary provisions with respect  to the State of Jammu
and Kashmir.—(1) Notwithstanding anything in this Constitution,—

          (a) the provisions of article 238 shall not apply in relation to the State
      of Jammu and Kashmir;
          (b) the power of Parliament to make laws for the said State shall be
       limited to—
                   (i) those matters in the Union List and  the Concurrent List
         which, in consultation with the Government of the State, are declared
        by the President to correspond to matters specified in the Instrument
         of Accession governing the accession of the State to the Dominion of
          India as the matters with respect to which the Dominion Legislature
       may make laws for that State; and

______________________________________________
   In exercise of the powers conferred by clause (3) of article 370 read with clause (1) of
   article 370 of the Constitution of India, the President, on the recommendation of
   Parliament, is pleased to declare that, as from the 6th August, 2019 all clauses of said
   article 370 shall cease to be operative except the following which shall read as under,
  namely:—
         “370. All provisions of this Constitution, as amended from time to time,
   without any modifications or exceptions, shall apply to the State of Jammu and
  Kashmir notwithstanding anything contrary contained in article 152 or article 308 or
  any other article of this Constitution or any other provision of the Constitution of
  Jammu and Kashmir or any law, document, judgment, ordinance, order, by-law, rule,
   regulation, notification, custom or usage having the force of law in the territory of
   India, or any other instrument, treaty or agreement as envisaged under article 363 or
   otherwise.”.
                            (See Appendix III) (C.O. 273).
1. In exercise of the powers conferred by clause (3) of the Constitution of India, the
   President, on the recommendation of the Constituent Assembly of the State of Jammu
  and Kashmir, declared that, as from the 17th day of November, 1952, the said art. 370
   shall be operative with the modification that for the Explanation in cl. (1) thereof, the
  following Explanation is substituted, namely:—
       “Explanation.–For the purposes of this article, the Government of the State means
    the person for the time being recognised by the President on the recommendation of
    the Legislative Assembly of the State as the *Sadar-I-Riyasat of Jammu and Kashmir,
    acting on the advice of the Council of Ministers of the State for the time being in
    office.”.
                      (C.O. 44, dated the 15th November, 1952).
  *Now “Governor”.",definition,,,PENDING_HUMAN_REVIEW,,
9733717070712f13,"According to the passage, what happens if and so far as an Ordinance under this article makes any provision which would not be valid if enacted in an Act of the Legislature of the State assented to by the Governor?","If and so far as an Ordinance under this article makes any provision
which would not be valid if enacted in an Act of the Legislature of the State
assented to by the Governor, it shall be void:
      Provided that, for the purposes of the provisions of this Constitution
relating to the effect of an Act of the Legislature of a State which is repugnant
to an Act of Parliament or an existing law with respect to a matter enumerated
in",constitution_of_india.pdf,129,,"98          THE CONSTITUTION OF INDIA

                             (Part VI.—The States)

             (a) shall be laid before the Legislative Assembly of the State, or
     where there is a Legislative Council in the State, before both the Houses,
     and shall cease to operate  at the expiration of six weeks from the
      reassembly of the Legislature, or if before the expiration of that period a
       resolution disapproving it is passed by the Legislative Assembly and
      agreed to by the Legislative Council, if any, upon the passing of the
       resolution or, as the case may be, on the resolution being agreed to by
      the Council; and
             (b) may be withdrawn at any time by the Governor.
      Explanation.—Where the Houses of the Legislature of a State having a
Legislative Council are summoned to reassemble on different dates, the period
of six weeks shall be reckoned from the later of those dates for the purposes of
this clause.
       (3) If and so far as an Ordinance under this article makes any provision
which would not be valid if enacted in an Act of the Legislature of the State
assented to by the Governor, it shall be void:
      Provided that, for the purposes of the provisions of this Constitution
relating to the effect of an Act of the Legislature of a State which is repugnant
to an Act of Parliament or an existing law with respect to a matter enumerated
in  the  Concurrent  List, an Ordinance promulgated under  this  article  in
pursuance of instructions from the President shall be deemed to be an Act of
the Legislature of the State which has been reserved for the consideration of the
President and assented to by him.
       1(4)*             *             *             *





______________________________________________
1. Cl. (4) was ins. by the Constitution (Thirty-eighth Amendment) Act, 1975, s. 3 (with
   retrospective  effect) and omitted by  the Constitution  (Forty-fourth Amendment)
  Act, 1978, s. 27 (w.e.f. 20-6-1979).",scenario,,,PENDING_HUMAN_REVIEW,,
1320b28f01b99cc5,What does Article 219 state about Oath or affirmation by Judges of High Courts?,"Every person
appointed to be a Judge of a High Court 2*** shall, before he enters upon his
office, make and subscribe before the Governor of the State, or some person
appointed in that behalf by him, an oath or affirmation according to the form
set out for the purpose in the Third Schedule.",constitution_of_india.pdf,132,Article 219,"219. Oath or affirmation by Judges of High Courts.—Every person
appointed to be a Judge of a High Court 2*** shall, before he enters upon his
office, make and subscribe before the Governor of the State, or some person
appointed in that behalf by him, an oath or affirmation according to the form
set out for the purpose in the Third Schedule.
       3[220. Restriction on practice after being a permanent Judge.—No
person who, after the commencement of this Constitution, has held office as a
permanent Judge of a High Court shall plead or act in any court or before any
authority in India except the Supreme Court and the other High Courts.
      Explanation.—In  this  article, the expression “High Court” does not
include a High Court for a State specified in Part B of the First Schedule as it
existed before the commencement4 of the Constitution (Seventh Amendment)
Act, 1956.]
      221. Salaries, etc., of Judges.—5[(1) There shall be paid to the Judges
of each High Court such salaries as may be determined by Parliament by law
______________________________________________
1. Ins. by the Constitution (Fifteenth Amendment) Act, 1963, s. 4(b), (with retrospective
   effect).
2. The words ""in a State"" omitted by the Constitution (Seventh Amendment) Act, 1956,
   s. 29 and Sch. (w.e.f. 1-11-1956).
3. Subs. by s. 13, ibid. (w.e.f. 1-11-1956).
4. 1st November, 1956.
5. Subs. by the Constitution (Fifty-fourth Amendment) Act, 1986, s. 3, for clause (1)
   (w.e.f. 1-4-1986).",direct_factual,,,PENDING_HUMAN_REVIEW,,
6e36f2ab4d9e453d,How does Article 243 define intermediate level?,"“intermediate level” means a level between the  village and
        district levels specified by the Governor of a State by public notification
       to be the intermediate level for the purposes of this Part;",constitution_of_india.pdf,150,Article 243,"243. Definitions.—In this Part, unless the context otherwise requires,—
          (a) “district” means a district in a State;
          (b) “Gram Sabha” means a body consisting of persons registered in
      the electoral rolls relating to a village comprised within the area of
      Panchayat at the village level;
           (c) “intermediate level” means a level between the  village and
        district levels specified by the Governor of a State by public notification
       to be the intermediate level for the purposes of this Part;
          (d) “Panchayat” means an institution (by whatever name called) of
      self-government constituted under article 243B, for the rural areas;
           (e) “Panchayat area” means the territorial area of a Panchayat;
             (f) “Population” means the population as ascertained at the  last
      preceding census of which the relevant figures have been published;
          (g) “village” means a village specified by the Governor by public
       notification to be a village for the purposes of this Part and includes a
      group of villages so specified.",definition,,,PENDING_HUMAN_REVIEW,,
3b9a99463566650d,"According to the passage, what happens if necessary?","if necessary, any Act of Parliament or any
       other law which is for the time being applicable to that district;",constitution_of_india.pdf,266,,"235          THE CONSTITUTION OF INDIA

               (Part XXI.—Temporary, Transitional and Special Provisions)

                  (iv) the procedure and conduct of business of the regional council;
                (v) the appointment of officers and staff of the regional council
        and their conditions of services; and
                  (vi) any other matter in respect of which it is necessary to make
          rules for the constitution and proper functioning of the regional council.
       (2) Notwithstanding anything in this Constitution, for a period of ten
years from the date of the formation of the State of Nagaland or for such further
period as the Governor may, on the recommendation of the regional council, by
public notification specify in this behalf,—
          (a) the administration of the Tuensang district shall be carried on by
      the Governor;
          (b) where any money is provided by the Government of India to the
     Government of Nagaland to meet the requirements of the State of
      Nagaland as a whole, the Governor shall in his discretion arrange for an
       equitable allocation of that money between the Tuensang district and the
       rest of the State;
           (c) no Act of the Legislature of Nagaland shall apply to Tuensang
        district unless the Governor, on the recommendation of the regional
       council, by public notification so directs and the Governor in giving such
       direction with respect to any such Act may direct that the Act shall in its
       application to the Tuensang  district or any part thereof have effect
       subject to such exceptions or modifications as the Governor may specify
     on the recommendation of the regional council:
            Provided that any direction given under this sub-clause may be
      given so as to have retrospective effect;
           (d) the Governor may make regulations for the peace, progress and good
      government of the Tuensang district and any regulations so made may repeal
       or amend with retrospective effect, if necessary, any Act of Parliament or any
       other law which is for the time being applicable to that district;
           (e) (i) one of the members representing the Tuensang district in the
       Legislative Assembly of Nagaland  shall be appointed Minister  for
     Tuensang affairs by the Governor on the advice of the Chief Minister
     and  the  Chief  Minister  in  tendering  his  advice  shall  act on  the
      recommendation of the majority of the members as aforesaid1;

______________________________________________
1. Paragraph 2 of the Constitution (Removal of Difficulties) Order No. X  provides
   (w.e.f. 1-12-1963) that article 371A of the Constitution of India shall have effect as if
   the following proviso were added to paragraph (i) of sub-clause  (e) of clause (2)
   thereof, namely:—
         ""Provided that the Governor may, on the advice of the Chief Minister, appoint
  any person as Minister for Tuensang affairs to act as such until such time as persons
   are chosen in accordance with law to fill the seats allocated to the Tuensang district, in
   the Legislative Assembly of Nagaland."".",scenario,,,PENDING_HUMAN_REVIEW,,
f3b222df5f4f4805,What does Article 343 state about Official language of the Union?,"(1) The official language of the
Union shall be Hindi in Devanagari script.",constitution_of_india.pdf,234,Article 343,"343. Official language of the Union.—(1) The official language of the
Union shall be Hindi in Devanagari script.
     The form of numerals to be used for the official purposes of the Union
shall be the international form of Indian numerals.
       (2) Notwithstanding anything in clause (1), for a period of fifteen years
from the commencement of  this  Constitution, the English language shall
continue to be used for all the official purposes of the Union for which it was
being used immediately before such commencement:
      Provided that the President may, during the said period, by order1
authorise the use of the Hindi language in addition to the English language and
of the Devanagari form of numerals in addition to the international form of
Indian numerals for any of the official purposes of the Union.
       (3) Notwithstanding anything in this article, Parliament may by law
provide for the use, after the said period of fifteen years, of—
          (a) the English language; or
          (b) the Devanagari form of numerals,
 for such purposes as may be specified in the law.
      344.  Commission  and  Committee  of  Parliament  on  official
language.—(1) The President shall, at the expiration of five years from the
commencement of this Constitution and thereafter at the expiration of ten years
from such commencement, by order constitute a Commission which shall
consist of a Chairman and such other members representing the different
languages specified in the Eighth Schedule as the President may appoint, and
the order shall define the procedure to be followed by the Commission.
       (2) It shall be the duty of the Commission to make recommendations to
the President as to—
             (a) the progressive use of the Hindi language for the official
      purposes of the Union;
             (b) restrictions on the use of the English language for all or any of
      the official purposes of the Union;
              (c) the language to be used for  all or any of the purposes
      mentioned in article 348;

______________________________________________
1. See C.O. 41.
                              203",direct_factual,,,PENDING_HUMAN_REVIEW,,
7a4784e8754c1263,How does the Act define State level co-operative society?,"“State level co-operative society” means a co-operative society
      having its area of operation extending to the whole of a State and defined
      as such in any law made by the Legislature of a State.
     243ZI.  Incorporation  of  co-operative  societies.—Subject  to  the
provisions of this Part, the Legislature of a State may, by law, make provisions
with respect to the incorporation, regulation and winding up of co-operative
societies  based  on  the  principles  of  voluntary  formation,  democratic
member-control, member-economic participation and autonomous functioning.
______________________________________________
1. Part IXB ins. by the Constitution (Ninety-seventh Amendment) Act, 2011, s. 4
   (w.e.f. 15-2-2012).

                              137",constitution_of_india.pdf,168,,"1[PART IXB
             THE CO-OPERATIVE SOCIETIES
     243ZH.  Definitions.—In  this  Part,  unless  the  context  otherwise
requires,—
          (a) “authorised person” means a person referred to as such in article
     243ZQ;
          (b) “board” means the board of directors or the governing body of a
      co-operative society, by whatever name called, to which the direction
     and control of the management of the affairs of a society is entrusted to;
           (c) “co-operative society” means a society registered or deemed to be
       registered under any law relating to co-operative societies for the time
      being in force in any State;
          (d) “multi-State co-operative society” means a society with objects
      not confined to one State and registered or deemed to be registered under
     any law for the time being in force relating to such co-operatives;
           (e) “office bearer” means a President, Vice-President, Chairperson,
      Vice-Chairperson, Secretary or Treasurer, of a co-operative society and
      includes any other person to be elected by the board of any co-operative
       society;
             (f) “Registrar” means the Central Registrar appointed by the Central
     Government in relation to the multi-State co-operative societies and the
       Registrar for co-operative societies appointed by the State Government
      under  the law made by the  Legislature  of a  State  in  relation  to
      co-operative societies;
          (g) “State Act” means any law made by the Legislature of a State;
          (h) “State level co-operative society” means a co-operative society
      having its area of operation extending to the whole of a State and defined
      as such in any law made by the Legislature of a State.
     243ZI.  Incorporation  of  co-operative  societies.—Subject  to  the
provisions of this Part, the Legislature of a State may, by law, make provisions
with respect to the incorporation, regulation and winding up of co-operative
societies  based  on  the  principles  of  voluntary  formation,  democratic
member-control, member-economic participation and autonomous functioning.
______________________________________________
1. Part IXB ins. by the Constitution (Ninety-seventh Amendment) Act, 2011, s. 4
   (w.e.f. 15-2-2012).

                              137",definition,,,PENDING_HUMAN_REVIEW,,
d4a21396924d05df,"According to the passage, what happens if such direction had not been given?","if such direction had not been given,
there shall be paid by the Government of India to the State such sum as may be
agreed, or, in default of agreement, as may be determined by an arbitrator
appointed by the Chief Justice of India, in respect of the extra costs so incurred
by the State.",constitution_of_india.pdf,180,Article 257,"257. Control of the Union over States in certain cases.—(1) The
executive power of every State shall be so exercised as not to impede or
prejudice the exercise of the executive power of the Union, and the executive
power of the Union shall extend to the giving of such directions to a State as
may appear to the Government of India to be necessary for that purpose.
       (2) The executive power of the Union shall also extend to the giving of
directions to a State as to the construction and maintenance of means of
communication  declared  in  the  direction  to be  of  national  or  military
importance:
      Provided that nothing in this clause shall be taken as restricting the
power of Parliament to declare highways or waterways to be national highways
or national waterways or the power of the Union with respect to the highways
or waterways so declared or the power of the Union to construct and maintain
means of communication as part of its functions with respect to naval, military
and air force works.
       (3) The executive power of the Union shall also extend to the giving of
directions to a State as to the measures to be taken for the protection of the
railways within the State.
       (4) Where in carrying out any direction given to a State under clause (2)
as to the construction or maintenance of any means of communication or under
clause (3) as to the measures to be taken for the protection of any railway, costs
have been incurred in excess of those which would have been incurred in the
discharge of the normal duties of the State if such direction had not been given,
there shall be paid by the Government of India to the State such sum as may be
agreed, or, in default of agreement, as may be determined by an arbitrator
appointed by the Chief Justice of India, in respect of the extra costs so incurred
by the State.",scenario,,,PENDING_HUMAN_REVIEW,,
0583635ec4863037,What does Article 93 state about The Speaker and Deputy Speaker of the House of the People?,"The House of the People shall, as soon as may be, choose two members of the
House to be respectively Speaker and Deputy Speaker thereof and, so often as
the office of Speaker or Deputy Speaker becomes vacant, the House shall
choose another member to be Speaker or Deputy Speaker, as the case may be.",constitution_of_india.pdf,73,Article 93,"93. The Speaker and Deputy Speaker of the House of the People.—
The House of the People shall, as soon as may be, choose two members of the
House to be respectively Speaker and Deputy Speaker thereof and, so often as
the office of Speaker or Deputy Speaker becomes vacant, the House shall
choose another member to be Speaker or Deputy Speaker, as the case may be.
      94. Vacation and resignation of, and removal from, the offices of
Speaker and Deputy Speaker.— A member holding office as Speaker or
Deputy Speaker of the House of the People—
          (a) shall vacate his office if he ceases to be a member of the House of
      the People;
          (b) may at any time, by writing under his hand addressed, if such
     member is the Speaker, to the Deputy Speaker, and if such member is
      the Deputy Speaker, to the Speaker, resign his office; and
           (c) may be removed from his office by a resolution of the House of
      the People passed by a majority of all the then members of the House:
      Provided that no resolution for the purpose of clause (c) shall be moved
unless at least fourteen days’ notice has been given of the intention to move the
resolution:
      Provided further that, whenever the House of the People is dissolved, the
Speaker shall not vacate his office until immediately before the first meeting of
the House of the People after the dissolution.
     95. Power of the Deputy Speaker or other person to perform the
duties of the office of, or to act as, Speaker.—(1) While the office of Speaker
is vacant, the duties of the office shall be performed by the Deputy Speaker or,
if the office of Deputy Speaker is also vacant, by such member of the House of
the People as the President may appoint for the purpose.
        (2) During the absence of the Speaker from any sitting of the House of the
People the Deputy Speaker or, if he is also absent, such person as may be determined
by the rules of procedure of the House, or, if no such person is present, such other
person as may be determined by the House, shall act as Speaker.",direct_factual,,,PENDING_HUMAN_REVIEW,,
6383b4ae52fc2531,"According to the passage, what happens if the President?","If
the President, on receipt of a report from the Lieutenant Governor or otherwise,
is satisfied—
           (a) that a situation has arisen in which the administration of the
     National Capital Territory cannot be carried on in accordance with the
     provisions of article",constitution_of_india.pdf,146,,"115          THE CONSTITUTION OF INDIA

                       (Part VIII.—The Union Territories)

       (5) The Chief Minister shall be appointed by the President and other
Ministers shall be appointed by the President on the advice of the Chief
Minister and  the Ministers  shall hold  office during the  pleasure  of  the
President.
       (6) The Council of Ministers shall be collectively responsible to the
Legislative Assembly.
       1[(7) (a)] Parliament may, by law, make provisions for giving effect to,
or supplementing the provisions contained in the foregoing clauses and for all
matters incidental or consequential thereto.
       2[(b) Any such law as is referred to in sub-clause (a) shall not be deemed
to be an amendment of  this Constitution for the purposes of  article 368
notwithstanding that it contains any provision which amends or has the effect
of amending, this Constitution.]
        (8) The  provisions of article 239B shall, so far as may be, apply in
relation to the National Capital Territory, the Lieutenant Governor and the
Legislative Assembly, as they apply in relation to the Union territory of
3[Puducherry], the administrator and  its Legislature, respectively; and any
reference in that article to “clause (1) of article 239A” shall be deemed to be a
reference to this article or article 239AB, as the case may be.
     239AB. Provision in case of failure of constitutional machinery.—If
the President, on receipt of a report from the Lieutenant Governor or otherwise,
is satisfied—
           (a) that a situation has arisen in which the administration of the
     National Capital Territory cannot be carried on in accordance with the
     provisions of article 239AA or of any law made in pursuance of that
      article; or
           (b)  that  for  the proper  administration  of  the  National  Capital
     Territory it is necessary or expedient so to do,
the President may by order suspend the operation of any provision of article
239AA or of all or any of the provisions of any law made in pursuance of that

______________________________________________
1. Subs. by  the  Constitution  (Seventieth Amendment) Act, 1992,  s.  3,  for  ""(7)""
   (w.e.f. 21-12-1991).
2. Ins. by s. 3, ibid. (w.e.f. 21-12-1991).
3. Subs. by the Pondicherry (Alteration of  Name) Act, 2006 (44 of 2006), s. 4, for
  ""Pondicherry"" (w.e.f. 1-10-2006).
.",scenario,,,PENDING_HUMAN_REVIEW,,
d58643fc6a8b8703,How does the Act define Proclamation of Emergency?,"(18) “Proclamation of Emergency” means a Proclamation issued
      under clause (1) of article 352;",constitution_of_india.pdf,256,,"225          THE CONSTITUTION OF INDIA

                               (Part XIX.—MISCELLANEOUS)

             (16) “Part” means a Part of this Constitution;
             (17) “pension” means a pension, whether contributory or not, of
     any kind whatsoever payable to or in respect of any person, and includes
       retired pay so payable; a gratuity so payable and any sum or sums so
      payable by way of the return, with or without interest thereon or any
      other addition thereto, of subscriptions to a provident fund;
             (18) “Proclamation of Emergency” means a Proclamation issued
      under clause (1) of article 352;
             (19) “public notification” means a notification in the Gazette of
       India, or, as the case may be, the Official Gazette of a State;
             (20) “railway” does not include—
                 (a) a tramway wholly within a municipal area; or
                 (b) any other line of communication wholly situate in one State
           and declared by Parliament by law not to be a railway;
             1[(21)*               *               *                *]
             2[(22) “Ruler” means the Prince, Chief or other person who, at any
      time  before  the commencement  of  the  Constitution  (Twenty-sixth
     Amendment) Act, 1971, was recognised by the President as the Ruler of
     an  Indian  State  or  any  person  who,  at  any  time  before  such
     commencement, was recognised by the President as the successor of
      such Ruler;]
             (23) “Schedule” means a Schedule to this Constitution;
             (24) “Scheduled Castes” means such castes, races or tribes or
       parts of or groups within such castes, races or tribes as are deemed under
       article 341 to be Scheduled Castes for the purposes of this Constitution;
             (25) “Scheduled Tribes” means such tribes or tribal communities
      or parts of or groups within such tribes or tribal communities as are
     deemed under article 342 to be Scheduled Tribes for the purposes of this
       Constitution;
______________________________________________
1. Cl. (21) omitted by the Constitution (Seventh Amendment) Act, 1956, s. 29 and Sch.
   (w.e.f. 1-11-1956).
2. Subs. by the Constitution (Twenty-sixth Amendment) Act, 1971, s. 4 (w.e.f. 28-12-1971).",definition,,,PENDING_HUMAN_REVIEW,,
4781a33a330386ef,"What does Article 243G state about Powers, authority and responsibilities of Panchayats?","Subject to the provisions of this Constitution, the Legislature of a State may, by
law, endow the Panchayats with such powers and  authority as may be
necessary to enable them to function as institutions of self-government and
such  law may  contain  provisions  for  the  devolution  of  powers  and
responsibilities upon Panchayats  at the appropriate  level,  subject to such
conditions as may be specified therein, with respect to—
           (a) the preparation of plans for economic development and social justice;
           (b) the implementation of schemes for economic development and
       social justice as may be entrusted to them including those in relation to
      the matters listed in the Eleventh Schedule.",constitution_of_india.pdf,154,Article 243G,"243G.  Powers,  authority and  responsibilities  of Panchayats.—
Subject to the provisions of this Constitution, the Legislature of a State may, by
law, endow the Panchayats with such powers and  authority as may be
necessary to enable them to function as institutions of self-government and
such  law may  contain  provisions  for  the  devolution  of  powers  and
responsibilities upon Panchayats  at the appropriate  level,  subject to such
conditions as may be specified therein, with respect to—
           (a) the preparation of plans for economic development and social justice;
           (b) the implementation of schemes for economic development and
       social justice as may be entrusted to them including those in relation to
      the matters listed in the Eleventh Schedule.",direct_factual,,,PENDING_HUMAN_REVIEW,,
8ecd66e520db213a,"According to the passage, what happens if enacted and brought into operation?","if enacted and brought into operation, would involve
expenditure from the Consolidated Fund of a State shall not be passed by a
House of the Legislature of the State unless the Governor has recommended to
that House the consideration of the Bill.",constitution_of_india.pdf,126,Article 207,"207. Special provisions as to financial Bills.—(1) A Bill or amendment
making provision for any of the matters specified in sub-clauses  (a) to (f) of
clause (1) of  article 199 shall not be introduced or moved except on the
recommendation of the Governor, and a Bill making such provision shall not be
introduced in a Legislative Council:
      Provided that no recommendation shall be required under this clause for
the moving of an amendment making provision for the reduction or abolition of
any tax.
       (2) A Bill or amendment shall not be deemed to make provision for any
of the matters aforesaid by reason only that it provides for the imposition of
fines or other pecuniary penalties, or for the demand or payment of fees for
licences or fees for services rendered, or by reason that  it provides for the
imposition, abolition, remission, alteration or regulation of any tax by any local
authority or body for local purposes.
       (3) A Bill which, if enacted and brought into operation, would involve
expenditure from the Consolidated Fund of a State shall not be passed by a
House of the Legislature of the State unless the Governor has recommended to
that House the consideration of the Bill.
                         Procedure Generally",scenario,,,PENDING_HUMAN_REVIEW,,
8c4e3b11548a125f,How does the Act define prescribed date?,"""prescribed date"" means the date on which the Legislative
Assembly of the Union territory of Mizoram is duly constituted under and in
accordance with the provisions of the Government of Union Territories Act,
1963. (20 of 1963)]

      1[20B. Autonomous regions in the Union territory of Mizoram to
be  autonomous   districts  and  transitory  provisions  consequent
thereto.—(1) Notwithstanding anything in this Schedule,—
       (a)  every  autonomous  region  existing  immediately  before  the
      prescribed date in the Union territory of Mizoram shall, on and from
       that date, be an autonomous district in that Union territory (hereafter
       referred to as the corresponding new district) and the Administrator
       thereof may, by one or more orders, direct that such consequential
     amendments as are necessary to give effect to the provisions of this
      clause shall be made in paragraph 20 of this Schedule (including Part
        III of the table appended to that paragraph) and thereupon the said
      paragraph and the said Part III shall be deemed to have been amended
      accordingly;",constitution_of_india.pdf,337,,"306         THE CONSTITUTION OF INDIA

                             (Sixth Schedule)


(2) The Administrator of the Union territory of Mizoram may, by one or
more orders, provide for all or any of the following matters, namely:—
       (a) the transfer, in whole or in part, of the assets, rights and liabilities
      of the Mizo District Council (including the rights and liabilities under
     any contract made by it) to the Union or to any other authority;
       (b) the substitution of the Union or any other authority for the Mizo
       District Council, or the addition of the Union or any other authority,
      as a party to any legal proceedings to which the Mizo District
      Council is a party;
       (c) the transfer or re-employment of any employees of the Mizo
       District Council to or by the Union or any other authority, the terms
     and conditions of service applicable to such employees after such
       transfer or re-employment;
       (d) the continuance of any laws, made by the Mizo District Council
     and in force immediately before  its dissolution, subject to such
      adaptations  and  modifications,  whether by way  of  repeal  or
     amendment, as the Administrator may make in this behalf, until such
      laws are altered, repealed or amended by a competent Legislature or
      other competent authority;
       (e) such incidental, consequential and supplementary matters as the
      Administrator considers necessary.
Explanation.—In this paragraph and in paragraph 20B of this Schedule, the
expression ""prescribed date"" means the date on which the Legislative
Assembly of the Union territory of Mizoram is duly constituted under and in
accordance with the provisions of the Government of Union Territories Act,
1963. (20 of 1963)]

      1[20B. Autonomous regions in the Union territory of Mizoram to
be  autonomous   districts  and  transitory  provisions  consequent
thereto.—(1) Notwithstanding anything in this Schedule,—
       (a)  every  autonomous  region  existing  immediately  before  the
      prescribed date in the Union territory of Mizoram shall, on and from
       that date, be an autonomous district in that Union territory (hereafter
       referred to as the corresponding new district) and the Administrator
       thereof may, by one or more orders, direct that such consequential
     amendments as are necessary to give effect to the provisions of this
      clause shall be made in paragraph 20 of this Schedule (including Part
        III of the table appended to that paragraph) and thereupon the said
      paragraph and the said Part III shall be deemed to have been amended
      accordingly;

___________________________________________________________
   1.   Sub. by the Government of Union Territory (Amendment) Act, 1971 (83 of
        1971), s. 13 for paragraph 20A (w.e.f. 16-2-1972).",definition,,,PENDING_HUMAN_REVIEW,,
7b762d7b96d05286,What does Article 88 state about Rights of Ministers and Attorney-General as respects Houses?,"Every Minister and the Attorney-General of India shall have the right to speak
in, and otherwise to take part in the proceedings of, either House, any joint
sitting of the Houses, and any committee of Parliament of which he may be
named a member, but shall not by virtue of this article be entitled to vote.",constitution_of_india.pdf,71,Article 88,"88. Rights of Ministers and Attorney-General as respects Houses.—
Every Minister and the Attorney-General of India shall have the right to speak
in, and otherwise to take part in the proceedings of, either House, any joint
sitting of the Houses, and any committee of Parliament of which he may be
named a member, but shall not by virtue of this article be entitled to vote.

______________________________________________
1.  Subs. by  the  Constitution  (First Amendment)  Act,  1951,  s.  6,  for  art. 85
   (w.e.f. 18-6-1951).
2. Subs. by the Constitution (First Amendment) Act, 1951, s. 7, for ""every session""
   (w.e.f. 18-6-1951).
3. The words ""and for the precedence of such discussion over other business of the House""
  omitted by s. 7, ibid. (w.e.f. 18-6-1951).",direct_factual,,,PENDING_HUMAN_REVIEW,,
370e93a17e1cace4,"According to the passage, what happens if any provision of any regulation made by a District Council or a Regional Council in that State under paragraph 8 or paragraph 10 of this Schedule?","if
     any provision of any regulation made by a District Council or a
      Regional Council in that State under paragraph 8 or paragraph 10 of
       this Schedule, is repugnant to any provision of a law made by the
      Legislature of the State of Meghalaya with respect to that matter,
       then, the law or regulation made by the District Council or, as the
      case may be, the Regional Council whether made before o",constitution_of_india.pdf,328,,"297         THE CONSTITUTION OF INDIA

                             (Sixth Schedule)

             (a) if any provision of a law made by a District or Regional
      Council  in the  State  of Meghalaya with  respect  to any matter
       specified in sub-paragraph (1) of paragraph 3 of this Schedule or if
     any provision of any regulation made by a District Council or a
      Regional Council in that State under paragraph 8 or paragraph 10 of
       this Schedule, is repugnant to any provision of a law made by the
      Legislature of the State of Meghalaya with respect to that matter,
       then, the law or regulation made by the District Council or, as the
      case may be, the Regional Council whether made before or after the
     law made by the Legislature of the State of Meghalaya, shall, to the
      extent of repugnancy, be void and the law made by the Legislature of
      the State of Meghalaya shall prevail;
             (b) the President may, with respect to any Act of Parliament,
     by notification, direct that it shall not apply to an autonomous district
      or an autonomous region in the State of Meghalaya, or shall apply to
      such district or region or any part thereof subject to such exceptions
      or modifications as he may specify in the notification and any such
       direction may be given so as to have retrospective effect.]
     1[12AA. Application of Acts of Parliament and of the Legislature
of the State of Tripura to  the autonomous districts and autonomous
regions  in the State  of Tripura.—Notwithstanding anything  in  this
Constitution,—
              (a) no Act of the Legislature of the State of Tripura in respect of
      any of the matters specified in paragraph 3 of this Schedule as matters
      with respect to which a District Council or a Regional Council may
     make laws, and no Act of the Legislature of the State of Tripura
       prohibiting or restricting the consumption of any non-distilled alcoholic
       liquor shall apply to the autonomous district or an autonomous region
       in that State unless, in either case, the District Council for that district
      or having jurisdiction over such region by public notification so directs,
      and the District Council in giving such direction with respect to any Act
     may direct that the Act shall, in its application to that district or such
      region or any part thereof have effect subject to such exceptions or
      modifications as it thinks fit;


______________________________________________
1. Paragraph 12AA ins. by the Constitution (Forty-ninth Amendment) Act, 1984, s. 4
   (w.e.f. 1-4-1985) and subsequently subs. by the Sixth Schedule to the Constitution
  (Amendment) Act, 1988 (67 of 1988), s. 2 (w.e.f. 16-12-1988).",scenario,,,PENDING_HUMAN_REVIEW,,
a73d5d68fdddb8c5,What does Article 243L state about Application to Union territories?,"The provisions of this Part
shall apply to the Union territories and shall, in their application to a Union
territory, have effect as  if the references to the Governor of a State were
references to the Administrator of the Union territory appointed under article
239 and references to the Legislature or the legislative Assembly of a State
were references, in relation to a Union territory having a Legislative Assembly,
to that Legislative Assembly:
      Provided that the President may, by public notification, direct that the
provisions of this Part shall apply to any Union territory or part thereof subject
to such exceptions and modifications as he may specify in the notification.",constitution_of_india.pdf,156,Article 243L,"243L. Application to Union territories.—The provisions of this Part
shall apply to the Union territories and shall, in their application to a Union
territory, have effect as  if the references to the Governor of a State were
references to the Administrator of the Union territory appointed under article
239 and references to the Legislature or the legislative Assembly of a State
were references, in relation to a Union territory having a Legislative Assembly,
to that Legislative Assembly:
      Provided that the President may, by public notification, direct that the
provisions of this Part shall apply to any Union territory or part thereof subject
to such exceptions and modifications as he may specify in the notification.",direct_factual,,,PENDING_HUMAN_REVIEW,,
57481f2792cf45d7,How does Article 364 define aerodrome?,"“aerodrome” means aerodrome as defined for the purposes of
      the enactments relating to airways, aircraft and air navigation.
      365. Effect of failure to comply with, or to give effect to, directions
given by the Union.—Where any State has failed to comply with, or to give
effect to, any directions given in the exercise of the executive power of the Union
under any of the provisions of this Constitution,  it shall be lawful for the
President to hold that a situation has arisen in which the Government of the State
cannot be carried on in accordance with the provisions of this Constitution.",constitution_of_india.pdf,253,Article 364,"364. Special provisions as to major ports and aerodromes.—(1)
Notwithstanding anything in this Constitution, the President may by public
notification  direct  that  as from  such  date  as may  be  specified  in  the
notification—
             (a) any law made by Parliament or by the Legislature of a State
       shall not apply to any major port or aerodrome or shall apply thereto
       subject to such exceptions or modifications as may be specified in the
       notification; or
             (b) any existing law shall cease to have effect in any major port or
      aerodrome except as respects things done or omitted to be done before
      the said date, or shall in its application to such port or aerodrome have
       effect subject to such exceptions or modifications as may be specified in
      the notification.
       (2) In this article—
             (a) “major port” means a port declared to be a major port by or
      under any law made by Parliament or any existing law and includes all
      areas for the time being included within the limits of such port;
             (b) “aerodrome” means aerodrome as defined for the purposes of
      the enactments relating to airways, aircraft and air navigation.
      365. Effect of failure to comply with, or to give effect to, directions
given by the Union.—Where any State has failed to comply with, or to give
effect to, any directions given in the exercise of the executive power of the Union
under any of the provisions of this Constitution,  it shall be lawful for the
President to hold that a situation has arisen in which the Government of the State
cannot be carried on in accordance with the provisions of this Constitution.",definition,,,PENDING_HUMAN_REVIEW,,
31d333339730bfc2,What does Article 16 state about Equality of opportunity in matters of public employment?,"(1)
There shall be equality of opportunity for all citizens in matters relating to
employment or appointment to any office under the State.",constitution_of_india.pdf,39,Article 16,"16. Equality of opportunity in matters of public employment.—(1)
There shall be equality of opportunity for all citizens in matters relating to
employment or appointment to any office under the State.
       (2) No citizen shall, on grounds only of religion, race, caste, sex, descent,
place of birth, residence or any of them, be ineligible for, or discriminated against
in respect of, any employment or office under the State.
       (3) Nothing in this article shall prevent Parliament from making any law
prescribing, in regard to a class or classes of employment or appointment to an
office 1[under the Government of, or any local or other authority within, a State
or Union territory, any requirement as to residence within that State or Union
territory] prior to such employment or appointment.
       (4) Nothing in this article shall prevent the State from making any
provision  for the reservation  of appointments or posts in favour of any
backward class of citizens which, in the opinion of the State, is not adequately
represented in the services under the State.
      2[(4A) Nothing in this article shall prevent the State from making any
provision  for  reservation  3[in  matters  of  promotion,  with  consequential
seniority, to any class] or classes of posts in the services under the State in
favour of the Scheduled Castes and the Scheduled Tribes which, in the opinion
of the State, are not adequately represented in the services under the State.]
      4[(4B) Nothing in this article shall prevent the State from considering
any unfilled vacancies of a year which are reserved for being filled up in that
year in accordance with any provision for reservation made under clause (4) or
clause (4A) as a separate class of vacancies to be filled up in any succeeding
year or years and such class of vacancies shall not be considered together with
the vacancies of the year in which they are being filled up for determining the
ceiling of fifty per cent. reservation on total number of vacancies of that year.]
______________________________________________
1. Subs. by the Constitution (Seventh Amendment) Act, 1956, s. 29 and Sch., for ""under
  any State specified in the First Schedule or any local or other authority within  its
   territory, any requirement as to residence within that State"" (w.e.f. 1-11-1956).
2. Ins. by the Constitution (Seventy-seventh Amendment) Act, 1995, s. 2 (w.e.f. 17-6-1995).
3. Subs. by the Constitution (Eighty-fifth Amendment) Act, 2001, s. 2, for certain words
   (retrospectively) (w.e.f. 17-6-1995).
4. Ins. by the Constitution (Eighty-first Amendment) Act, 2000, s. 2 (w.e.f. 9-6-2000).",direct_factual,,,PENDING_HUMAN_REVIEW,,
c8347589b9d9090d,How does Article 2 define acquired territory?,"“acquired territory” means so much of the territories comprised in
       the India-Bangladesh agreement and its protocol and referred to in the
       First Schedule as are demarcated for the purpose of being acquired by
       India from Bangladesh in pursuance of the agreement and its protocol
       referred to in clause (c);",constitution_of_india.pdf,382,Article 2,"2. Definitions.—In this Act,—
              (a) “acquired territory” means so much of the territories comprised in
       the India-Bangladesh agreement and its protocol and referred to in the
       First Schedule as are demarcated for the purpose of being acquired by
       India from Bangladesh in pursuance of the agreement and its protocol
       referred to in clause (c);
              (b) “appointed day” means such date as the Central Government
     may, by  notification in the  Official Gazette, appoint as the date  for
       acquisition of territories from Bangladesh and transfer of the territories to
      Bangladesh in pursuance of the India-Bangladesh agreement and  its
       protocol, after causing the territories to be so acquired and transferred as
       referred to in the First Schedule and Second Schedule and demarcated for the
      purpose;
               (c) “India-Bangladesh agreement” means the agreement between the
      Government of the Republic of India and the Government of the People’s
      Republic  of Bangladesh  concerning  the Demarcation  of  the Land
     Boundary between India and Bangladesh and Related Matters dated the
      16th day of May, 1974, Exchange of Letters dated the  26th day of
      December, 1974, the 30th day of December, 1974, the 7th day of October,
      1982, the 26th day of March, 1992 and protocol to the said agreement dated
       the 6th day of September, 2011, entered into between the Governments of
       India and Bangladesh, the relevant extracts of which are set out in the
      Third Schedule;
______________________________________________
   31st day of July, 2015, vide notification No. S.O. 2094(E), dated 31st July, 2015.

                              351",definition,,,PENDING_HUMAN_REVIEW,,
8a9b11d9edc397dd,"According to the passage, what happens if any such law made by the Legislative Assembly has been reserved for the consideration of the President and has received his assent?","if any such law made by the Legislative Assembly has
been reserved for the consideration of the President and has received his assent,
such law shall prevail in the National Capital Territory:
      Provided further that nothing in this sub-clause shall prevent Parliament
from enacting at any time any law with respect to the same matter including a
law adding  to, amending, varying or repeali",constitution_of_india.pdf,145,,"114          THE CONSTITUTION OF INDIA

                       (Part VIII.—The Union Territories)

       (3) (a) Subject to the provisions of this Constitution, the Legislative
Assembly shall have power to make laws for the whole or any part of the
National Capital Territory with respect to any of the matters enumerated in the
State List or in the Concurrent List in so far as any such matter is applicable to
Union territories except matters with respect to Entries 1, 2 and 18 of the State
List and Entries 64, 65 and 66 of that List in so far as they relate to the said
Entries 1, 2 and 18.
       (b) Nothing  in  sub-clause  (a)  shall  derogate from  the powers  of
Parliament under this Constitution to make laws with respect to any matter for
a Union territory or any part thereof.
       (c) If any provision of a law made by the Legislative Assembly with
respect to any matter is repugnant to any provision of a law made by Parliament
with respect to that matter, whether passed before or after the law made by the
Legislative Assembly, or of an earlier law, other than a law made by the
Legislative Assembly, then, in either case, the law made by Parliament, or, as
the case may be, such earlier law, shall prevail and the law made by the
Legislative Assembly shall, to the extent of the repugnancy, be void:
      Provided that if any such law made by the Legislative Assembly has
been reserved for the consideration of the President and has received his assent,
such law shall prevail in the National Capital Territory:
      Provided further that nothing in this sub-clause shall prevent Parliament
from enacting at any time any law with respect to the same matter including a
law adding  to, amending, varying or repealing the law so made by the
Legislative Assembly.
       (4) There shall be a Council of Ministers consisting of not more than ten
percent. of the total number of members in the Legislative Assembly, with the
Chief Minister at the head to aid and advise the Lieutenant Governor in the
exercise of his functions in relation to matters with respect to which the
Legislative Assembly has power to make laws, except in so far as he is, by or
under any law, required to act in his discretion:
      Provided that in the case of difference of opinion between the Lieutenant
Governor and his Ministers on any matter, the Lieutenant Governor shall refer
it to the President for decision and act according to the decision given thereon
by the President and pending such decision  it shall be competent for the
Lieutenant Governor in any case where the matter, in his opinion, is so urgent
that it is necessary for him to take immediate action, to take such action or to
give such direction in the matter as he deems necessary.",scenario,,,PENDING_HUMAN_REVIEW,,
e446721efc8f78c9,What does Article 364 state about Special provisions as to major ports and aerodromes?,"(1)
Notwithstanding anything in this Constitution, the President may by public
notification  direct  that  as from  such  date  as may  be  specified  in  the
notification—
             (a) any law made by Parliament or by the Legislature of a State
       shall not apply to any major port or aerodrome or shall apply thereto
       subject to such exceptions or modifications as may be specified in the
       notification; or
             (b) any existing law shall cease to have effect in any major port or
      aerodrome except as respects things done or omitted to be done before
      the said date, or shall in its application to such port or aerodrome have
       effect subject to such exceptions or modifications as may be specified in
      the notification.",constitution_of_india.pdf,253,Article 364,"364. Special provisions as to major ports and aerodromes.—(1)
Notwithstanding anything in this Constitution, the President may by public
notification  direct  that  as from  such  date  as may  be  specified  in  the
notification—
             (a) any law made by Parliament or by the Legislature of a State
       shall not apply to any major port or aerodrome or shall apply thereto
       subject to such exceptions or modifications as may be specified in the
       notification; or
             (b) any existing law shall cease to have effect in any major port or
      aerodrome except as respects things done or omitted to be done before
      the said date, or shall in its application to such port or aerodrome have
       effect subject to such exceptions or modifications as may be specified in
      the notification.
       (2) In this article—
             (a) “major port” means a port declared to be a major port by or
      under any law made by Parliament or any existing law and includes all
      areas for the time being included within the limits of such port;
             (b) “aerodrome” means aerodrome as defined for the purposes of
      the enactments relating to airways, aircraft and air navigation.
      365. Effect of failure to comply with, or to give effect to, directions
given by the Union.—Where any State has failed to comply with, or to give
effect to, any directions given in the exercise of the executive power of the Union
under any of the provisions of this Constitution,  it shall be lawful for the
President to hold that a situation has arisen in which the Government of the State
cannot be carried on in accordance with the provisions of this Constitution.",direct_factual,,,PENDING_HUMAN_REVIEW,,
eebfa6702ef2368d,"According to the passage, what happens if the President is satisfied that the continued existence of the Administrative Tribunal is not necessary?","If the President  is  satisfied  that the continued existence of the
Administrative Tribunal is not necessary, the President may by order abolish
the Administrative Tribunal and make such provisions in such order as he may
deem  fit for the transfer and disposal of cases pending before the Tribunal
immediately before such abolition.",constitution_of_india.pdf,271,,"240          THE CONSTITUTION OF INDIA

               (Part XXI.—Temporary, Transitional and Special Provisions)

        (5) The Order of the Administrative Tribunal finally disposing of any
case shall become effective upon its confirmation by the State Government or
on the expiry of three months from the date on which the order is made,
whichever is earlier:
      Provided that the State Government may, by special order made in
writing and for reasons to be specified therein, modify or annul any order of the
Administrative Tribunal before  it becomes effective and in such a case, the
order of the Administrative Tribunal shall have effect only in such modified
form or be of no effect, as the case may be.
       (6) Every special order made by the State Government under the proviso
to clause (5) shall be laid, as soon as may be after it is made, before both
Houses of the State Legislature.
       (7) The High Court  for  the  State  shall  not have any powers  of
superintendence over the Administrative Tribunal and no court (other than the
Supreme Court) or tribunal shall exercise any jurisdiction, power or authority in
respect of any matter subject to the jurisdiction, power or authority of, or in
relation to, the Administrative Tribunal.
       (8)  If the President  is  satisfied  that the continued existence of the
Administrative Tribunal is not necessary, the President may by order abolish
the Administrative Tribunal and make such provisions in such order as he may
deem  fit for the transfer and disposal of cases pending before the Tribunal
immediately before such abolition.
       (9) Notwithstanding any judgment, decree or order of any court, tribunal
or other authority,—
          (a) no appointment, posting, promotion or transfer of any person—
                     (i) made before the 1st day of November, 1956, to any post
            under the Government of, or any local authority within, the State
             of Hyderabad as it existed before that date; or
                      (ii) made  before  the commencement  of  the  Constitution
             (Thirty-second Amendment) Act, 1973, to any post under the
           Government of, or any local or other authority within, the State of
           Andhra Pradesh; and
          (b) no action taken or thing done by or before any person referred to
       in sub-clause (a),
______________________________________________
   In P. Sambamurthy and  Others Vs. State of Andhra Pradesh and Others (1987)
  1 S.C.C. 362, the Supreme Court declared cl. (5) of art. 371D along with the proviso to
  be unconstitutional and void.",scenario,,,PENDING_HUMAN_REVIEW,,
cd7d680234871d44,How does the Act define clause?,"(5) “clause” means a clause of the article in which the expression
      occurs;",constitution_of_india.pdf,254,,"223          THE CONSTITUTION OF INDIA

                               (Part XIX.—MISCELLANEOUS)

             (2) “an Anglo-Indian” means a person whose father or any of
     whose other male progenitors in the male line is or was of European
      descent but who is domiciled within the territory of India and is or was
      born within such territory of parents habitually resident therein and not
       established there for temporary purposes only;
             (3) “article” means an article of this Constitution;
             (4) “borrow” includes the  raising of money by the grant of
       annuities, and “loan” shall be construed accordingly;
            1[(4A)*            *        *               *]
             (5) “clause” means a clause of the article in which the expression
      occurs;
             (6) “corporation tax” means any tax on income, so far as that tax
        is payable by companies and is a tax in the case of which the following
      conditions are fulfilled:—
                    (a)  that  it  is not chargeable in  respect  of  agricultural
            income;
                    (b)  that no  deduction  in  respect  of  the  tax  paid by
           companies is, by any enactments which may apply to the tax,
             authorised to be made from dividends payable by the companies
             to individuals;
                     (c) that no provision exists for taking the tax so paid into
            account in computing for the purposes of Indian income-tax the
               total income  of  individuals  receiving such  dividends,  or  in
           computing the Indian income-tax payable by, or refundable to,
           such individuals;
             (7) “corresponding Province”, “corresponding Indian State” or
      “corresponding State” means in cases of doubt such Province, Indian
       State  or  State as may be determined by the President  to be  the
      corresponding  Province,  the  corresponding  Indian  State  or  the
      corresponding State, as the case may be, for the particular purpose in
       question;


______________________________________________
1. Cl. (4A) was ins. by the Constitution  (Forty-second Amendment)  Act, 1976, s. 54
   (w.e.f. 1-2-1977) and subsequently omitted by the Constitution (Forty-third Amendment)
  Act, 1977, s. 11 (w.e.f. 13-4-1978).",definition,,,PENDING_HUMAN_REVIEW,,
d0a676af092d3fd6,What does Article 173 state about Qualification for membership of the State Legislature?,"A
person shall not be qualified to be chosen to fill a seat in the Legislature of a
State unless he—
           2[(a) is a citizen of India, and makes and subscribes before some
      person authorised in that behalf by the Election Commission an oath or
      affirmation according to the form set out for the purpose in the Third
      Schedule;]
______________________________________________
1.",constitution_of_india.pdf,110,Article 173,"173. Qualification for membership of the State Legislature.—A
person shall not be qualified to be chosen to fill a seat in the Legislature of a
State unless he—
           2[(a) is a citizen of India, and makes and subscribes before some
      person authorised in that behalf by the Election Commission an oath or
      affirmation according to the form set out for the purpose in the Third
      Schedule;]
______________________________________________
1. Subs. by the Constitution (Forty-second Amendment) Act, 1976, s. 30, for ""five years""
   (w.e.f. 3-1-1977) and further subs. by the Constitution (Forty-fourth Amendment)
  Act, 1978, s. 24, for ""six years"" (w.e.f. 6-9-1979).
2.  Subs. by  the Constitution (Sixteenth Amendment) Act, 1963,  s.  4,  for  cl.  (a)
   (w.e.f. 5-10-1963).",direct_factual,,,PENDING_HUMAN_REVIEW,,
75406a8b67e149e0,"According to the passage, what happens if and so often as a resolution approving the continuance in force of such order is passed by the Legislature of the State?","if  and  so  often  as  a  resolution  approving  the
continuance in force of such order is passed by the Legislature of the State,
the order shall unless cancelled by the Governor continue in force for a
further period  of twelve months from  the  date on which under  this
paragraph it would otherwise have ceased to operate.",constitution_of_india.pdf,331,,"300         THE CONSTITUTION OF INDIA

                             (Sixth Schedule)

       (2) The report of every such Commission with the recommendations
of the Governor with respect thereto shall be laid before the Legislature of
the  State  by  the  Minister  concerned  together  with  an  explanatory
memorandum regarding the action proposed to be taken thereon by 1[the
Government of the State.]
       (3) In allocating the business of the Government of the State among
his Ministers the Governor may place one of his Ministers specially in
charge of the welfare of the autonomous districts and autonomous regions in
the State.
       215. Annulment or suspension of acts and resolutions of District
and Regional Councils.—(1) If at any time the Governor is satisfied that an
act or resolution of a District or a Regional Council is likely to endanger the
safety of India 3[or is likely to be prejudicial to public order], he may annul
or suspend such act or resolution and take such steps as he may consider
necessary (including the suspension of the Council and the assumption to
himself of all or any of the powers vested in or exercisable by the Council)
to prevent the commission or continuance of such act, or the giving of effect
to such resolution.
       (2) Any order made by the Governor under sub-paragraph (1) of this
paragraph together with the reasons  therefor  shall be  laid before  the
Legislature of the State as soon as possible and the order shall, unless
revoked by the Legislature of the State, continue in force for a period of
twelve months from the date on which it was so made:
      Provided  that  if  and  so  often  as  a  resolution  approving  the
continuance in force of such order is passed by the Legislature of the State,
the order shall unless cancelled by the Governor continue in force for a
further period  of twelve months from  the  date on which under  this
paragraph it would otherwise have ceased to operate.
______________________________________________
1. Subs. by the North-Eastern Areas (Reorganisation) Act, 1971 (81 of 1971), s. 71(i)
  and Eighth Sch., for ""the Government of Assam"" (w.e.f. 21-1-1972).
2.  Paragraph 15 has been amended in its application to the States of Tripura and
   Mizoram by the Sixth Schedule to the Constitution (Amendment) Act, 1988
   (67 of 1988), s. 2 (w.e.f. 16-12-1988), as under,—
          In Paragraph 15, in sub-paragraph (2), —
          ‘(a) in the opening paragraph, for the words “by the Legislature of the
        State”, the words “by him” shall be substituted;
          (b) the proviso shall be omitted.’.
3. Ins. by the Assam Reorganisation (Meghalaya) Act, 1969 (55 of 1969), s. 74 and
   Fourth Sch. (w.e.f. 2-4-1970).",scenario,,,PENDING_HUMAN_REVIEW,,
5a9eaed0acbe11e4,How does Article 243P define Committee?,“Committee” means a Committee constituted under article 243S;,constitution_of_india.pdf,158,Article 243P,"243P.  Definitions.—In  this  Part,  unless  the  context  otherwise
requires,—

          (a) “Committee” means a Committee constituted under article 243S;

          (b) “district” means a district in a State;

           (c) “Metropolitan area” means an area having a population of ten
      lakhs or more, comprised in one or more districts and consisting of two
      or more  Municipalities  or  Panchayats  or  other  contiguous  areas,
       specified by the Governor by public notification to be a Metropolitan
      area for the purposes of this Part;

          (d) “Municipal area” means the territorial area of a Municipality as is
       notified by the Governor;

           (e)  “Municipality”  means  an   institution  of  self-government
       constituted under article 243Q;

             (f) “Panchayat” means a Panchayat constituted under article 243B;

          (g) “population” means the population as ascertained at the  last
      preceding census of which the relevant figures have been published.",definition,,,PENDING_HUMAN_REVIEW,,
8fc59968e81f8942,What does Article 58 state about Qualifications for election as President?,"(1) No person shall be
eligible for election as President unless he—
          (a) is a citizen of India,
          (b) has completed the age of thirty-five years, and
           (c) is qualified for election as a member of the House of the People.",constitution_of_india.pdf,59,Article 58,"58. Qualifications for election as President.—(1) No person shall be
eligible for election as President unless he—
          (a) is a citizen of India,
          (b) has completed the age of thirty-five years, and
           (c) is qualified for election as a member of the House of the People.
       (2) A person shall not be eligible for election as President if he holds
any office of profit under the Government of India or the Government of any
State or under any local or other authority subject to the control of any of the
said Governments.
      Explanation.—For the purposes of this article, a person shall not be
deemed to hold any office of profit by reason only that he is the President or
Vice-President of the Union or the Governor 1*** of any State or is a Minister
either for the Union or for any State.",direct_factual,,,PENDING_HUMAN_REVIEW,,
aa779f0b137e83ef,"According to the passage, what happens if for ______________________________________________ 1. Ins. by the State of Himachal Pradesh Act?","if for
______________________________________________
1. Ins. by the State of Himachal Pradesh Act, 1970 (53 of 1970), s.",constitution_of_india.pdf,127,Article 210,"210. Language to be used in the Legislature.—(1) Notwithstanding
anything in Part XVII, but subject to the provisions of article 348, business in
the Legislature of a State shall be transacted in the  official language or
languages of the State or in Hindi or in English:
      Provided that the Speaker of the Legislative Assembly or Chairman of
the Legislative Council, or person acting as such, as the case may be, may
permit any member who cannot adequately express himself in any of the
languages aforesaid to address the House in his mother-tongue.
       (2) Unless the Legislature of the State by law otherwise provides, this
article  shall,  after  the  expiration of a  period of  fifteen  years from  the
commencement of this Constitution, have effect as if the words “or in English”
were omitted therefrom:
      1[Provided that in relation to the 2[Legislatures of the States of Himachal
Pradesh, Manipur, Meghalaya and Tripura] this clause shall have effect as if for
the words “fifteen years” occurring therein, the words “twenty-five years” were
substituted:]
      3[Provided further that in relation to the 4[Legislatures of the States of
5[Arunachal Pradesh, Goa and Mizoram]], this clause shall have effect as if for
______________________________________________
1. Ins. by the State of Himachal Pradesh Act, 1970 (53 of 1970), s. 46 (w.e.f. 25-1-1971).
2. Subs. by the North-Eastern Areas (Reorganisation) Act, 1971 (81 of 1971) s. 71, for
   ""Legislature of the State of Himachal Pradesh"" (w.e.f. 21-1-1972).
3. Ins. by the State of Mizoram Act, 1986 (34 of 1986), s. 39 (w.e.f. 20-2-1987).
4. Subs. by the State of Arunachal Pradesh Act, 1986 (69 of 1986), s. 42, for ""Legislature
  of the State of Mizoram"" (w.e.f. 20-2-1987).
5. Subs. by the Goa, Daman and Diu Reorganisation Act, 1987 (18 of 1987), s. 63, for
  ""Arunachal Pradesh and Mizoram"" (w.e.f. 30-5-1987).",scenario,,,PENDING_HUMAN_REVIEW,,
f9053c2658aa0b8f,How does Article 243 define Panchayat?,"“Panchayat” means an institution (by whatever name called) of
      self-government constituted under article 243B, for the rural areas;",constitution_of_india.pdf,150,Article 243,"243. Definitions.—In this Part, unless the context otherwise requires,—
          (a) “district” means a district in a State;
          (b) “Gram Sabha” means a body consisting of persons registered in
      the electoral rolls relating to a village comprised within the area of
      Panchayat at the village level;
           (c) “intermediate level” means a level between the  village and
        district levels specified by the Governor of a State by public notification
       to be the intermediate level for the purposes of this Part;
          (d) “Panchayat” means an institution (by whatever name called) of
      self-government constituted under article 243B, for the rural areas;
           (e) “Panchayat area” means the territorial area of a Panchayat;
             (f) “Population” means the population as ascertained at the  last
      preceding census of which the relevant figures have been published;
          (g) “village” means a village specified by the Governor by public
       notification to be a village for the purposes of this Part and includes a
      group of villages so specified.",definition,,,PENDING_HUMAN_REVIEW,,
ff503337a6d8a295,What does Article 243O state about Bar to interference by courts in electoral matters?,"Notwithstanding anything in this Constitution,—
          (a)  the  validity  of  any  law  relating  to  the  delimitation  of
       constituencies or the allotment of seats to such constituencies, made or
      purporting to be made under article 243K, shall not be called in question
       in any court;
          (b) no election to any Panchayat shall be called in question except by
      an election petition presented to such authority and in such manner as is
      provided for by or under any law made by the Legislature of a State.",constitution_of_india.pdf,157,Article 243O,"243O.   Bar  to  interference by  courts  in  electoral matters.—
Notwithstanding anything in this Constitution,—
          (a)  the  validity  of  any  law  relating  to  the  delimitation  of
       constituencies or the allotment of seats to such constituencies, made or
      purporting to be made under article 243K, shall not be called in question
       in any court;
          (b) no election to any Panchayat shall be called in question except by
      an election petition presented to such authority and in such manner as is
      provided for by or under any law made by the Legislature of a State.

______________________________________________
1. Ins. by the Constitution (Eighty-third Amendment) Act, 2000, s. 2 (w.e.f. 8-9-2000).",direct_factual,,,PENDING_HUMAN_REVIEW,,
76f8c0e2c707748b,"According to the passage, what happens if a resolution to that effect is passed by the House or?","if a resolution to that effect is passed
by the House or, where there are two Houses, by each House of the Legislature
of each of those States, Parliament may by law provide for the appointment of a
Joint State Public Service Commission (referred to in this Chapter as Joint
Commission) to serve the needs of those Sta",constitution_of_india.pdf,208,Article 315,"315. Public Service Commissions for the Union and for the States.—
(1) Subject to the provisions of this article, there shall be a Public Service
Commission for the Union and a Public Service Commission for each State.
       (2) Two or more States may agree that there shall be one Public Service
Commission for that group of States, and if a resolution to that effect is passed
by the House or, where there are two Houses, by each House of the Legislature
of each of those States, Parliament may by law provide for the appointment of a
Joint State Public Service Commission (referred to in this Chapter as Joint
Commission) to serve the needs of those States.
       (3) Any such law  as  aforesaid may  contain such  incidental and
consequential provisions as may be necessary or desirable for giving effect to
the purposes of the law.
       (4) The Public Service Commission for the Union, if requested so to do
by the Governor 1*** of a State, may, with the approval of the President, agree
to serve all or any of the needs of the State.
       (5)  References  in  this  Constitution  to  the Union  Public  Service
Commission or a State Public Service Commission shall, unless the context
otherwise requires, be construed as references to the Commission  serving the
needs of the Union or, as the case may be, the State as respects the  particular
matter in question.",scenario,,,PENDING_HUMAN_REVIEW,,
df6e1475a9ca77bb,How does the Act define board?,"“board” means the board of directors or the governing body of a
      co-operative society, by whatever name called, to which the direction
     and control of the management of the affairs of a society is entrusted to;",constitution_of_india.pdf,168,,"1[PART IXB
             THE CO-OPERATIVE SOCIETIES
     243ZH.  Definitions.—In  this  Part,  unless  the  context  otherwise
requires,—
          (a) “authorised person” means a person referred to as such in article
     243ZQ;
          (b) “board” means the board of directors or the governing body of a
      co-operative society, by whatever name called, to which the direction
     and control of the management of the affairs of a society is entrusted to;
           (c) “co-operative society” means a society registered or deemed to be
       registered under any law relating to co-operative societies for the time
      being in force in any State;
          (d) “multi-State co-operative society” means a society with objects
      not confined to one State and registered or deemed to be registered under
     any law for the time being in force relating to such co-operatives;
           (e) “office bearer” means a President, Vice-President, Chairperson,
      Vice-Chairperson, Secretary or Treasurer, of a co-operative society and
      includes any other person to be elected by the board of any co-operative
       society;
             (f) “Registrar” means the Central Registrar appointed by the Central
     Government in relation to the multi-State co-operative societies and the
       Registrar for co-operative societies appointed by the State Government
      under  the law made by the  Legislature  of a  State  in  relation  to
      co-operative societies;
          (g) “State Act” means any law made by the Legislature of a State;
          (h) “State level co-operative society” means a co-operative society
      having its area of operation extending to the whole of a State and defined
      as such in any law made by the Legislature of a State.
     243ZI.  Incorporation  of  co-operative  societies.—Subject  to  the
provisions of this Part, the Legislature of a State may, by law, make provisions
with respect to the incorporation, regulation and winding up of co-operative
societies  based  on  the  principles  of  voluntary  formation,  democratic
member-control, member-economic participation and autonomous functioning.
______________________________________________
1. Part IXB ins. by the Constitution (Ninety-seventh Amendment) Act, 2011, s. 4
   (w.e.f. 15-2-2012).

                              137",definition,,,PENDING_HUMAN_REVIEW,,
89f3d67545f93231,What does Article 243A state about Gram Sabha?,"A Gram Sabha may exercise such powers and
perform such functions at the village level as the Legislature of a State may, by
law, provide.",constitution_of_india.pdf,150,Article 243A,"243A. Gram Sabha.—A Gram Sabha may exercise such powers and
perform such functions at the village level as the Legislature of a State may, by
law, provide.",direct_factual,,,PENDING_HUMAN_REVIEW,,
adf2ac5f4a262ce9,"According to the passage, what happens if a person is chosen a member of the Legislatures of two or more such States?","if a person is chosen a member of the
Legislatures of two or more such States, then, at the expiration of such period
as may be specified in rules1 made by the President, that person's seat in the
Legislatures of all such States shall become vacant, unless he has previously
resigned his seat in the Legislatures of all but one of the Stat",constitution_of_india.pdf,116,Article 190,"190. Vacation of seats.—(1) No person shall be a member of both
Houses of the Legislature of a State and provision shall be made by the
Legislature of the State by law for the vacation by a person who is chosen a
member of both Houses of his seat in one house or the other.
       (2) No person shall be a member of the Legislatures of two or more
States specified in the First Schedule and if a person is chosen a member of the
Legislatures of two or more such States, then, at the expiration of such period
as may be specified in rules1 made by the President, that person's seat in the
Legislatures of all such States shall become vacant, unless he has previously
resigned his seat in the Legislatures of all but one of the States.
       (3) If a member of a House of the Legislature of a State—
           (a) becomes subject to any of the disqualifications mentioned in
       2[clause (1) or clause (2) of article 191]; or
           3[(b) resigns his seat by writing under his hand addressed to the
      speaker or the Chairman, as the case may be, and his resignation is
      accepted by the Speaker or the Chairman, as the case may be,]
his seat shall thereupon become vacant:
      4[Provided that in the case of any resignation referred to in sub-clause (b),
if from information received or otherwise and after making such inquiry as he
thinks fit, the Speaker or the Chairman, as the case may be, is satisfied that such
resignation is not voluntary or genuine, he shall not accept such resignation.]
       (4) If for a period of sixty days a member of a House of the Legislature
of a State is without permission of the House absent from all meetings thereof,
the House may declare his seat vacant:
      Provided that in computing the said period of sixty days no account shall
be taken of any period during which the House is prorogued or is adjourned for
more than four consecutive days.
______________________________________________
1. See the Prohibition of Simultaneous Membership Rules, 1950 published by the
  Ministry of Law Notification number F. 46/50-C, dated the 26th January, 1950,
  Gazette of India, Extraordinary, p. 678.
2. Subs. by the Constitution (Fifty-second Amendment) Act, 1985, s. 4, for ""clause (1) of
   article 191"" (w.e.f. 1-3-1985).
3 Subs. by the Constitution (Thirty-third Amendment) Act, 1974, s. 3 (w.e.f. 19-5-1974).
4. Ins. by s. 3, ibid. (w.e.f. 19-5-1974).",scenario,,,PENDING_HUMAN_REVIEW,,
edb8fcdd979869d4,How does Article 2 define India-Bangladesh agreement?,"“India-Bangladesh agreement” means the agreement between the
      Government of the Republic of India and the Government of the People’s
      Republic  of Bangladesh  concerning  the Demarcation  of  the Land
     Boundary between India and Bangladesh and Related Matters dated the
      16th day of May, 1974, Exchange of Letters dated the  26th day of
      December, 1974, the 30th day of December, 1974, the 7th day of October,
      1982, the 26th day of March, 1992 and protocol to the said agreement dated
       the 6th day of September, 2011, entered into between the Governments of
       India and Bangladesh, the relevant extracts of which are set out in the
      Third Schedule;",constitution_of_india.pdf,382,Article 2,"2. Definitions.—In this Act,—
              (a) “acquired territory” means so much of the territories comprised in
       the India-Bangladesh agreement and its protocol and referred to in the
       First Schedule as are demarcated for the purpose of being acquired by
       India from Bangladesh in pursuance of the agreement and its protocol
       referred to in clause (c);
              (b) “appointed day” means such date as the Central Government
     may, by  notification in the  Official Gazette, appoint as the date  for
       acquisition of territories from Bangladesh and transfer of the territories to
      Bangladesh in pursuance of the India-Bangladesh agreement and  its
       protocol, after causing the territories to be so acquired and transferred as
       referred to in the First Schedule and Second Schedule and demarcated for the
      purpose;
               (c) “India-Bangladesh agreement” means the agreement between the
      Government of the Republic of India and the Government of the People’s
      Republic  of Bangladesh  concerning  the Demarcation  of  the Land
     Boundary between India and Bangladesh and Related Matters dated the
      16th day of May, 1974, Exchange of Letters dated the  26th day of
      December, 1974, the 30th day of December, 1974, the 7th day of October,
      1982, the 26th day of March, 1992 and protocol to the said agreement dated
       the 6th day of September, 2011, entered into between the Governments of
       India and Bangladesh, the relevant extracts of which are set out in the
      Third Schedule;
______________________________________________
   31st day of July, 2015, vide notification No. S.O. 2094(E), dated 31st July, 2015.

                              351",definition,,,PENDING_HUMAN_REVIEW,,
e55792caf38fc375,What does Article 214 state about High Courts for States?,"1*** There shall be a High Court for each
State.",constitution_of_india.pdf,130,Article 214,"214. High Courts for States.—1*** There shall be a High Court for each
State.
       2(2)*             *              *              *
       2(3)*             *              *              *",direct_factual,,,PENDING_HUMAN_REVIEW,,
322abe566897af0b,How does the Act define public notification?,"(19) “public notification” means a notification in the Gazette of
       India, or, as the case may be, the Official Gazette of a State;",constitution_of_india.pdf,256,,"225          THE CONSTITUTION OF INDIA

                               (Part XIX.—MISCELLANEOUS)

             (16) “Part” means a Part of this Constitution;
             (17) “pension” means a pension, whether contributory or not, of
     any kind whatsoever payable to or in respect of any person, and includes
       retired pay so payable; a gratuity so payable and any sum or sums so
      payable by way of the return, with or without interest thereon or any
      other addition thereto, of subscriptions to a provident fund;
             (18) “Proclamation of Emergency” means a Proclamation issued
      under clause (1) of article 352;
             (19) “public notification” means a notification in the Gazette of
       India, or, as the case may be, the Official Gazette of a State;
             (20) “railway” does not include—
                 (a) a tramway wholly within a municipal area; or
                 (b) any other line of communication wholly situate in one State
           and declared by Parliament by law not to be a railway;
             1[(21)*               *               *                *]
             2[(22) “Ruler” means the Prince, Chief or other person who, at any
      time  before  the commencement  of  the  Constitution  (Twenty-sixth
     Amendment) Act, 1971, was recognised by the President as the Ruler of
     an  Indian  State  or  any  person  who,  at  any  time  before  such
     commencement, was recognised by the President as the successor of
      such Ruler;]
             (23) “Schedule” means a Schedule to this Constitution;
             (24) “Scheduled Castes” means such castes, races or tribes or
       parts of or groups within such castes, races or tribes as are deemed under
       article 341 to be Scheduled Castes for the purposes of this Constitution;
             (25) “Scheduled Tribes” means such tribes or tribal communities
      or parts of or groups within such tribes or tribal communities as are
     deemed under article 342 to be Scheduled Tribes for the purposes of this
       Constitution;
______________________________________________
1. Cl. (21) omitted by the Constitution (Seventh Amendment) Act, 1956, s. 29 and Sch.
   (w.e.f. 1-11-1956).
2. Subs. by the Constitution (Twenty-sixth Amendment) Act, 1971, s. 4 (w.e.f. 28-12-1971).",definition,,,PENDING_HUMAN_REVIEW,,
796e9e0a0d710adb,"According to the passage, what happens if after a Bill has been passed by one House and transmitted to the other House— (a) the Bill is rejected by the other House?","If after a Bill
has been passed by one House and transmitted to the other House—
          (a) the Bill is rejected by the other House; or
          (b) the Houses have finally disagreed as to the amendments to be
     made in the Bill;",constitution_of_india.pdf,79,Article 108,"108. Joint sitting of both Houses in certain cases.—(1) If after a Bill
has been passed by one House and transmitted to the other House—
          (a) the Bill is rejected by the other House; or
          (b) the Houses have finally disagreed as to the amendments to be
     made in the Bill; or
           (c) more than six months elapse from the date of the reception of the
       Bill by the other House without the Bill being passed by it,",scenario,,,PENDING_HUMAN_REVIEW,,
0c696b1f4cb788ef,What does Article 241 state about High Courts for Union territories?,"(1) Parliament may by law
constitute a High Court for a 4[Union territory] or declare any court in any
5[such territory] to be a High Court for all or any of the purposes of this
Constitution.",constitution_of_india.pdf,149,Article 241,"241. High Courts for Union territories.—(1) Parliament may by law
constitute a High Court for a 4[Union territory] or declare any court in any
5[such territory] to be a High Court for all or any of the purposes of this
Constitution.
       (2) The provisions of Chapter V of Part VI shall apply in relation to
every High Court referred to in clause (1) as they apply in relation to a High
Court referred to in article 214 subject to such modifications or exceptions as
Parliament may by law provide.
       6[(3) Subject to the provisions of this Constitution and to the provisions
of any law of the appropriate Legislature made by virtue of powers conferred
on that Legislature by or under this Constitution, every High Court exercising
jurisdiction  immediately  before  the commencement  of  the  Constitution
(Seventh Amendment) Act, 1956, in relation to any Union territory shall
continue to exercise such jurisdiction in relation to that territory after such
commencement.
       (4) Nothing in this article derogates from the power of Parliament to
extend or exclude the jurisdiction of a High Court for a State to, or from, any
Union territory or part thereof.]
      242. [Coorg.].—Omitted by the Constitution (Seventh Amendment) Act,
1956, s. 29 and Sch.(w.e.f. 1-11-1956).

______________________________________________
1. Ins. by the Constitution (Twenty-seventh Amendment) Act, 1971, s. 4 (w.e.f. 15-2-1972).
2. Subs. by the Pondicherry  (Alteration of Name) Act, 2006 (44 of 2006), s. 4, for
  ""Pondicherry"" (w.e.f. 1-10-2006).
3. Subs. by the Constitution (Twenty-seventh Amendment) Act, 1971, s. 4, for ""any existing
  law"" (w.e.f. 15-2-1972).
4. Subs. by the Constitution (Seventh Amendment) Act, 1956, s. 29 and Sch., for  ""State
   specified in Part C of the First Schedule"" (w.e.f. 1-11-1956).
5. Subs. by s. 29. and Sch., ibid., for ""such State"" (w.e.f. 1-11-1956).
6. Subs. by s. 29, and Sch., ibid., for cls. (3) and (4) (w.e.f. 1-11-1956).",direct_factual,,,PENDING_HUMAN_REVIEW,,
d8a3cd94a0f05a8d,"According to the passage, what happens if any such law provides for the fixation of the rates and other incidents of such tax by means of rules or orders to be made under the law by any authority?","if any such law provides for the fixation
of the rates and other incidents of such tax by means of rules or orders to be
made under the law by any authority, the law shall provide for the previous
consent of the President being obtained to the making of any such rule or order.",constitution_of_india.pdf,196,,"165          THE CONSTITUTION OF INDIA

                    (Part XII.—Finance, Property, Contracts and Suits)

      (whether produced by a Government or other persons) which is—
             (a) consumed by  the Government  of  India,  or  sold  to  the
     Government of India for consumption by that Government; or
             (b) consumed in the construction, maintenance or operation of any
      railway by the Government of India or a railway company operating that
       railway, or sold to that Government or any such railway company for
      consumption  in the  construction, maintenance  or operation  of any
       railway,
and any such law imposing, or authorising the imposition of, a tax on the sale
of electricity shall secure that the price of electricity sold to the Government of
India for consumption by that Government, or to any such railway company as
aforesaid for consumption in the construction, maintenance or operation of any
railway, shall be less by the amount of the tax than the price charged to other
consumers of a substantial quantity of electricity.
      288. Exemption from taxation by States in respect of water or
electricity in certain cases.—(1) Save in so far as the President may by order
otherwise  provide, no law  of  a  State  in  force immediately  before  the
commencement of this Constitution shall impose, or authorise the imposition
of, a tax in respect of any water or electricity stored, generated, consumed,
distributed or sold by any authority established by any existing law or any law
made by Parliament for regulating or developing any inter-State river or
river-valley.
      Explanation.—The expression “law of a State in force” in this clause
shall include a law of a State passed or made before the commencement of this
Constitution and not previously repealed, notwithstanding that it or parts of it
may not be then in operation either at all or in particular areas.
       (2) The Legislature of a State may by law impose, or authorise the
imposition of, any such tax as is mentioned in clause (1), but no such law shall
have any effect unless it has, after having been reserved for the consideration of
the President, received his assent; and if any such law provides for the fixation
of the rates and other incidents of such tax by means of rules or orders to be
made under the law by any authority, the law shall provide for the previous
consent of the President being obtained to the making of any such rule or order.
      289. Exemption of property and income of a State from Union
taxation.—(1) The property and income of a State shall be exempt from Union
taxation.",scenario,,,PENDING_HUMAN_REVIEW,,
ae208d5f89b454e5,How does the Act define State Act?,“State Act” means any law made by the Legislature of a State;,constitution_of_india.pdf,168,,"1[PART IXB
             THE CO-OPERATIVE SOCIETIES
     243ZH.  Definitions.—In  this  Part,  unless  the  context  otherwise
requires,—
          (a) “authorised person” means a person referred to as such in article
     243ZQ;
          (b) “board” means the board of directors or the governing body of a
      co-operative society, by whatever name called, to which the direction
     and control of the management of the affairs of a society is entrusted to;
           (c) “co-operative society” means a society registered or deemed to be
       registered under any law relating to co-operative societies for the time
      being in force in any State;
          (d) “multi-State co-operative society” means a society with objects
      not confined to one State and registered or deemed to be registered under
     any law for the time being in force relating to such co-operatives;
           (e) “office bearer” means a President, Vice-President, Chairperson,
      Vice-Chairperson, Secretary or Treasurer, of a co-operative society and
      includes any other person to be elected by the board of any co-operative
       society;
             (f) “Registrar” means the Central Registrar appointed by the Central
     Government in relation to the multi-State co-operative societies and the
       Registrar for co-operative societies appointed by the State Government
      under  the law made by the  Legislature  of a  State  in  relation  to
      co-operative societies;
          (g) “State Act” means any law made by the Legislature of a State;
          (h) “State level co-operative society” means a co-operative society
      having its area of operation extending to the whole of a State and defined
      as such in any law made by the Legislature of a State.
     243ZI.  Incorporation  of  co-operative  societies.—Subject  to  the
provisions of this Part, the Legislature of a State may, by law, make provisions
with respect to the incorporation, regulation and winding up of co-operative
societies  based  on  the  principles  of  voluntary  formation,  democratic
member-control, member-economic participation and autonomous functioning.
______________________________________________
1. Part IXB ins. by the Constitution (Ninety-seventh Amendment) Act, 2011, s. 4
   (w.e.f. 15-2-2012).

                              137",definition,,,PENDING_HUMAN_REVIEW,,
3a749ededcb03172,What does Article 392 state about Power of the President to remove difficulties?,"(1) The President
may, for the purpose of removing any difficulties, particularly in relation to the
transition from the provisions of the Government of India Act, 1935, to the
provisions of this Constitution, by order direct that this Constitution shall,
during such period as may be specified in the order, have effect subject to such
adaptations, whether by way of modification, addition or omission, as he may
deem to be necessary or expedient:
      Provided that no such order shall be made after the first meeting of
Parliament duly constituted under Chapter II of Part V.",constitution_of_india.pdf,282,Article 392,"392. Power of the President to remove difficulties.—(1) The President
may, for the purpose of removing any difficulties, particularly in relation to the
transition from the provisions of the Government of India Act, 1935, to the
provisions of this Constitution, by order direct that this Constitution shall,
during such period as may be specified in the order, have effect subject to such
adaptations, whether by way of modification, addition or omission, as he may
deem to be necessary or expedient:
      Provided that no such order shall be made after the first meeting of
Parliament duly constituted under Chapter II of Part V.
       (2) Every order made under clause (1) shall be laid before Parliament.
       (3) The powers conferred on the President by this article, by article 324, by
clause (3) of article 367 and by article 391 shall, before the commencement of this
Constitution, be exercisable by the Governor-General of the Dominion of India.",direct_factual,,,PENDING_HUMAN_REVIEW,,
a4eb59ea1778cc41,"According to the passage, what happens if two or more States agree that the Hindi language should be the official language for communication between such States?","if two or more States agree that the Hindi language should
be the official language for communication between such States, that language
may be used for such communication.",constitution_of_india.pdf,236,,"205          THE CONSTITUTION OF INDIA

                                 (Part XVII—LANGUAGE)

      Provided that if two or more States agree that the Hindi language should
be the official language for communication between such States, that language
may be used for such communication.
      347. Special provision relating to language spoken by a section of the
population of a State.—On a demand being made in that behalf the President
may, if he is satisfied that a substantial proportion of the population of a State
desire the use of any language spoken by them to be recognised by that State,
direct that such language shall also be officially recognised throughout that
State or any part thereof for such purpose as he may specify.
           CHAPTER III.—LANGUAGE OF THE SUPREME COURT,
                       HIGH COURTS, ETC.
      348. Language to be used in the Supreme Court and in the High
Courts and  for  Acts,  Bills,  etc.—(1)  Notwithstanding  anything  in  the
foregoing provisions of this Part, until Parliament by law otherwise provides—
             (a) all proceedings in the Supreme Court and in every High Court;
             (b) the authoritative texts—
                         (i) of all Bills to be introduced or amendments thereto to be
          moved in either House of Parliament or in the House or either
          House of the Legislature of a State;
                          (ii) of all Acts passed by Parliament or the Legislature of a
             State and of all Ordinances promulgated by the President or the
           Governor 1*** of a State; and
                          (iii) of all orders, rules, regulations and bye-laws issued
            under this Constitution or under any law made by Parliament or
             the Legislature of a State,
       shall be in the English language.
       (2) Notwithstanding anything  in sub-clause  (a)  of  clause  (1),  the
Governor 1*** of a State may, with the previous consent of the President,
authorise the use of the Hindi language, or any other language used for any
official purposes of the State, in proceedings in the High Court having  its
principal seat in that State:


______________________________________________
1. The words ""or Rajpramukh"" omitted by the Constitution (Seventh Amendment) Act,
  1956, s. 29 and Sch. (w.e.f. 1-11-1956).",scenario,,,PENDING_HUMAN_REVIEW,,
41180b16304bbd4e,How does Article 364 define major port?,"“major port” means a port declared to be a major port by or
      under any law made by Parliament or any existing law and includes all
      areas for the time being included within the limits of such port;",constitution_of_india.pdf,253,Article 364,"364. Special provisions as to major ports and aerodromes.—(1)
Notwithstanding anything in this Constitution, the President may by public
notification  direct  that  as from  such  date  as may  be  specified  in  the
notification—
             (a) any law made by Parliament or by the Legislature of a State
       shall not apply to any major port or aerodrome or shall apply thereto
       subject to such exceptions or modifications as may be specified in the
       notification; or
             (b) any existing law shall cease to have effect in any major port or
      aerodrome except as respects things done or omitted to be done before
      the said date, or shall in its application to such port or aerodrome have
       effect subject to such exceptions or modifications as may be specified in
      the notification.
       (2) In this article—
             (a) “major port” means a port declared to be a major port by or
      under any law made by Parliament or any existing law and includes all
      areas for the time being included within the limits of such port;
             (b) “aerodrome” means aerodrome as defined for the purposes of
      the enactments relating to airways, aircraft and air navigation.
      365. Effect of failure to comply with, or to give effect to, directions
given by the Union.—Where any State has failed to comply with, or to give
effect to, any directions given in the exercise of the executive power of the Union
under any of the provisions of this Constitution,  it shall be lawful for the
President to hold that a situation has arisen in which the Government of the State
cannot be carried on in accordance with the provisions of this Constitution.",definition,,,PENDING_HUMAN_REVIEW,,
6f4fc14b66c7c152,What does Article 244 state about Administration of Scheduled Areas and Tribal Areas?,"(1) The
provisions of the Fifth Schedule shall apply to the administration and control of
the Scheduled Areas and Scheduled Tribes in any State 1*** other  than 2[the
States of Assam, 3[, 4[Meghalaya, Tripura and Mizoram]]].",constitution_of_india.pdf,174,Article 244,"244. Administration of Scheduled Areas and Tribal Areas.—(1) The
provisions of the Fifth Schedule shall apply to the administration and control of
the Scheduled Areas and Scheduled Tribes in any State 1*** other  than 2[the
States of Assam, 3[, 4[Meghalaya, Tripura and Mizoram]]].
       (2)  The  provisions  of  the  Sixth  Schedule  shall  apply  to  the
administration of the tribal areas in 2[the States of Assam, 3[, 5[Meghalaya,
Tripura and Mizoram]]].
      6[244A. Formation of an autonomous State comprising certain tribal
areas in Assam and creation of local Legislature or Council of Ministers or
both therefor.—(1) Notwithstanding anything in this Constitution, Parliament
may, by law, form within the State of Assam an autonomous State comprising
(whether wholly or in part) all or any of the tribal areas specified in 7[Part I] of
the table appended to paragraph 20 of the Sixth Schedule and create therefor—
              (a) a body, whether elected or  partly nominated and  partly
       elected, to function as a Legislature for the autonomous State, or
              (b) a Council of Ministers,
or both with such constitution, powers and functions, in each case, as may be
specified in the law.
        (2) Any such law as is referred to in clause (1) may, in particular,—

______________________________________________
1. The words and letters ""specified in Part A or Part B of the First Schedule"" omitted by
   the Constitution (Seventh Amendment) Act, 1956, s. 29 and Sch. (w.e.f. 1-11-1956).
2. Subs. by the North-Eastern Areas (Reorganisation) Act, 1971 (81 of 1971), s. 71, for
   ""the State of Assam"" (w.e.f. 21-1-1972).
3. Subs. by  the Constitution  (Forty-ninth Amendment) Act, 1984,  s.  2,  for ""and
  Meghalaya"" (w.e.f. 1-4-1985).
4. Subs. by the State of Mizoram Act, 1986 (34 of 1986), s. 39, for ""Meghalaya and
  Tripura"" (w.e.f. 20-2-1987).
5. Subs. by s. 39, ibid., for ""Meghalaya and Tripura and the Union territory of Mizoram"".
   (w.e.f. 20-2-1987).
6. Ins. by the Constitution (Twenty-second Amendment) Act, 1969, s. 2 (w.e.f. 25-9-1969).
7. Subs. by the North-Eastern Areas (Reorganisation) Act, 1971 (81 of 1971), s. 71, for
   ""Part A"" (w.e.f. 21-1-1972).

                              143",direct_factual,,,PENDING_HUMAN_REVIEW,,
11a7bab1e1fe61eb,"According to the passage, what happens if it is not a Money Bill to the Houses with a message requesting that they will reconsider the Bill or any specified provisions thereof and?","if it is not a Money Bill
to the Houses with a message requesting that they will reconsider the Bill or
any specified provisions thereof and, in particular, will consider the desirability
of introducing any such amendments as he may recommend in his message,
and when a Bill is so returned, the Houses shall reconsider the Bill accordingly,
and if the Bill is passed again by the Houses with or without",constitution_of_india.pdf,82,Article 111,"111. Assent to Bills.—When a Bill has been passed by the Houses of
Parliament, it shall be presented to the President, and the President shall declare
either that he assents to the Bill, or that he withholds assent therefrom:
      Provided  that  the  President may,  as  soon  as  possible  after  the
presentation to him of a Bill for assent, return the Bill if it is not a Money Bill
to the Houses with a message requesting that they will reconsider the Bill or
any specified provisions thereof and, in particular, will consider the desirability
of introducing any such amendments as he may recommend in his message,
and when a Bill is so returned, the Houses shall reconsider the Bill accordingly,
and if the Bill is passed again by the Houses with or without amendment and
presented to the President for assent, the President shall not withhold assent
therefrom.
                    Procedure in Financial Matters",scenario,,,PENDING_HUMAN_REVIEW,,
c5dddd3a45536f4f,How does the Act define Indian State?,"“Indian State” means any  territory recognised before the
     commencement of this Constitution by His Majesty or the Government
      of the Dominion of India as being such a State;",constitution_of_india.pdf,252,,"221          THE CONSTITUTION OF INDIA

                               (Part XIX.—MISCELLANEOUS)

                       (ii) under a body, whether incorporated or  not, which  is
           wholly or partially owned by the Government of India or the
           Government of State, and the salary or remuneration for such
              office is paid by such body,
except where such salary or remuneration paid is compensatory in nature.]
      362. [Rights and privileges of Rulers of Indian States.].—Omitted by the
Constitution (Twenty-sixth Amendment) Act, 1971, s. 2 (w.e.f. 28-12-1971).
      363. Bar to interference by courts in disputes arising out of certain
treaties, agreements, etc.—(1) Notwithstanding anything in this Constitution
but subject to the provisions of article 143, neither the Supreme Court nor any
other court shall have jurisdiction in any dispute arising out of any provision of
a treaty, agreement, covenant, engagement, sanad or other similar instrument
which was  entered  into  or  executed  before  the commencement  of  this
Constitution by any Ruler of an Indian State and to which the Government of
the Dominion of India or any of its predecessor Governments was a party and
which has or has been continued in operation after such commencement, or in
any dispute in respect of any right accruing under or any liability or obligation
arising out of any of the provisions of this Constitution relating to any such
treaty, agreement, covenant, engagement, sanad or other similar instrument.
       (2) In this article—
             (a) “Indian State” means any  territory recognised before the
     commencement of this Constitution by His Majesty or the Government
      of the Dominion of India as being such a State; and
             (b) “Ruler” includes the Prince, Chief or other person recognised
      before such commencement by His Majesty or the Government of the
     Dominion of India as the Ruler of any Indian State.
      1[363A. Recognition granted to Rulers of Indian States to cease and
privy purses to be abolished.—Notwithstanding anything in this Constitution
or in any law for the time being in force—
             (a) the Prince, Chief or other person who, at any time before
      the commencement  of  the  Constitution (Twenty-sixth Amendment)
      Act, 1971, was recognised by the President as the Ruler of an Indian
       State or any person who, at any time before such commencement, was
      recognised by the President as the successor of such ruler shall, on and
     from such commencement, cease to be recognised as such Ruler or the
      successor of such Ruler;
______________________________________________
1. Art. 363A  ins. by the Constitution (Twenty-sixth Amendment) Act, 1971,  s. 3
   (w.e.f. 28-12-1971).",definition,,,PENDING_HUMAN_REVIEW,,
a0b70ac42366350c,What does Article 243K state about Elections to the Panchayats?,"(1)  The  superintendence,
direction and control of the preparation of electoral rolls for, and the conduct
of,  all  elections  to  the  Panchayats  shall be  vested  in a  State  Election
Commission consisting of a State Election Commissioner to be appointed by
the Governor.",constitution_of_india.pdf,155,Article 243K,"243K.  Elections  to  the  Panchayats.—(1)  The  superintendence,
direction and control of the preparation of electoral rolls for, and the conduct
of,  all  elections  to  the  Panchayats  shall be  vested  in a  State  Election
Commission consisting of a State Election Commissioner to be appointed by
the Governor.
       (2) Subject to the provisions of any law made by the Legislature of a
State, the conditions of service and tenure of office of the State Election
Commissioner shall be such as the Governor may by rule determine:
      Provided that the State Election Commissioner shall not be removed
from his office except in like manner and on the like grounds as a Judge of a
High Court and the conditions of service of the State Election Commissioner
shall not be varied to his disadvantage after his appointment.",direct_factual,,,PENDING_HUMAN_REVIEW,,
aee69534f14ffe68,"According to the passage, what happens if any question arises as to whether a member of a House has become subject to disqualification under this Schedule?","If any question arises as to whether a member of a House has
become subject to disqualification  under this Schedule, the question shall be
referred for the decision of the Chairman or, as the case may be, the Speaker of
such House and his decision shall be final:
      Provided that where the question which has arisen is as to whether the
Chairman or the Speaker of a House h",constitution_of_india.pdf,378,Article 5,"5. Exemption.—Notwithstanding anything contained in this Schedule, a
person who has been elected to the office of the Speaker or the Deputy Speaker
of the House of the People or the Deputy Chairman of the Council of States or
the Chairman or the Deputy Chairman of the Legislative Council of a State or
the Speaker or the Deputy Speaker of the Legislative Assembly of a State, shall
not be disqualified under this Schedule,—
             (a) if he, by reason of his election to such office, voluntarily gives
     up  the membership  of  the  political  party  to which  he  belonged
      immediately before such election and does not, so long as he continues
       to hold such office thereafter, rejoin that political party or become a
     member of another political party; or
              (b) if he, having given up by reason of his election to such office his
      membership of the political party to which he belonged immediately before
      such election, rejoins such political party after he ceases to hold such office.
       6.  Decision on questions as  to  disqualification on   ground  of
defection.—(1) If any question arises as to whether a member of a House has
become subject to disqualification  under this Schedule, the question shall be
referred for the decision of the Chairman or, as the case may be, the Speaker of
such House and his decision shall be final:
      Provided that where the question which has arisen is as to whether the
Chairman or the Speaker of a House has become subject to such disqualification,
the question shall be referred for the decision of such member of the House as the
House may elect in this behalf and his decision shall be final.
       (2) All proceedings under sub-paragraph (1) of this paragraph in relation
to any question as to disqualification of a member of a House under this
Schedule shall be deemed to be proceedings in Parliament within the meaning
of article 122 or, as the case may be, proceedings in the Legislature of a State
within the meaning of article 212.",scenario,,,PENDING_HUMAN_REVIEW,,
d14acdd3b757c069,How does the Act define reserved forest?,"“reserved forest” means any area which is a
reserved forest under the Assam Forest Regulation, 1891, or under any other
law for the time being in force in the area in question.
______________________________________________
1. Subs. by the North-Eastern Areas (Reorganisation) Act, 1971 (81 of 1971), s. 71(i)
  and Eighth Sch., for certain words (w.e.f. 21-1-1972).
2. Subs. by the Assam Reorganisation (Meghalaya) Act, 1969 (55 of 1969), s. 74 and
   Fourth Sch., for cl. (i) (w.e.f. 2-4-1970).",constitution_of_india.pdf,318,,"287         THE CONSTITUTION OF INDIA

                             (Sixth Schedule)

respect of all areas within such  region and the District Council for an
autonomous district in respect of all areas within the district except those
which are under the authority of Regional Councils,  if any, within the
district shall have power to make laws with respect to—

             (a) the allotment, occupation or use, or the setting apart, of
       land, other than any land which is a reserved forest for the purposes
      of agriculture or grazing or for residential or other non-agricultural
      purposes or for any other purpose likely to promote the interests of
      the inhabitants of any village or town:
            Provided  that  nothing  in  such  laws  shall  prevent  the
      compulsory acquisition of any land, whether occupied or unoccupied,
       for public purposes 1[by the Government of the State concerned] in
      accordance with the law for the time being in force authorising such
       acquisition;
             (b) the management of any forest not being a reserved forest;
              (c) the use of any canal or water-course for the purpose of
       agriculture;
             (d) the regulation of the practice of jhum or other forms of
       shifting cultivation;
              (e) the establishment of village or town committees or councils
     and their powers;
                 (f) any other matter relating to village or town administration,
      including village or town police and public health and sanitation;
             (g) the appointment or succession of Chiefs or Headmen;
             (h) the inheritance of property;
                 2[(i) marriage and divorce;]
                 (j) social customs.
       (2) In this paragraph, a “reserved forest” means any area which is a
reserved forest under the Assam Forest Regulation, 1891, or under any other
law for the time being in force in the area in question.
______________________________________________
1. Subs. by the North-Eastern Areas (Reorganisation) Act, 1971 (81 of 1971), s. 71(i)
  and Eighth Sch., for certain words (w.e.f. 21-1-1972).
2. Subs. by the Assam Reorganisation (Meghalaya) Act, 1969 (55 of 1969), s. 74 and
   Fourth Sch., for cl. (i) (w.e.f. 2-4-1970).",definition,,,PENDING_HUMAN_REVIEW,,
bf30df318c4b0758,What does Article 155 state about Appointment of Governor?,"The Governor of a State shall be
appointed by the President by warrant under his hand and seal.",constitution_of_india.pdf,101,Article 155,"155. Appointment of Governor.—The Governor of a State shall be
appointed by the President by warrant under his hand and seal.",direct_factual,,,PENDING_HUMAN_REVIEW,,
62e98f37411cb9d0,"According to the passage, what happens if this Constitution had not come into operation?","if
this Constitution had not come into operation, would have accrued to His Majesty
or, as the case may be, to the Ruler of an Indian State by escheat or lapse, or as
bona vacantia for want of a rightful owner, shall, if it is property situate in a
State, vest in such State, and shall, in any other case, vest",constitution_of_india.pdf,199,Article 296,"296. Property accruing by escheat or lapse or as bona vacantia.—
Subject as hereinafter provided, any property in the territory of India which, if
this Constitution had not come into operation, would have accrued to His Majesty
or, as the case may be, to the Ruler of an Indian State by escheat or lapse, or as
bona vacantia for want of a rightful owner, shall, if it is property situate in a
State, vest in such State, and shall, in any other case, vest in the Union:",scenario,,,PENDING_HUMAN_REVIEW,,
333c9b051733ede6,How does Article 243 define Population?,"“Population” means the population as ascertained at the  last
      preceding census of which the relevant figures have been published;",constitution_of_india.pdf,150,Article 243,"243. Definitions.—In this Part, unless the context otherwise requires,—
          (a) “district” means a district in a State;
          (b) “Gram Sabha” means a body consisting of persons registered in
      the electoral rolls relating to a village comprised within the area of
      Panchayat at the village level;
           (c) “intermediate level” means a level between the  village and
        district levels specified by the Governor of a State by public notification
       to be the intermediate level for the purposes of this Part;
          (d) “Panchayat” means an institution (by whatever name called) of
      self-government constituted under article 243B, for the rural areas;
           (e) “Panchayat area” means the territorial area of a Panchayat;
             (f) “Population” means the population as ascertained at the  last
      preceding census of which the relevant figures have been published;
          (g) “village” means a village specified by the Governor by public
       notification to be a village for the purposes of this Part and includes a
      group of villages so specified.",definition,,,PENDING_HUMAN_REVIEW,,
88937236a1992a12,What does Article 138 state about Enlargement of the jurisdiction of the Supreme Court?,"(1) The
Supreme Court shall have such further jurisdiction and powers with respect to
any of the matters in the Union List as Parliament may by law confer.",constitution_of_india.pdf,95,Article 138,"138. Enlargement of the jurisdiction of the Supreme Court.—(1) The
Supreme Court shall have such further jurisdiction and powers with respect to
any of the matters in the Union List as Parliament may by law confer.
       (2) The Supreme Court shall have such further jurisdiction and powers
with respect to any matter as the Government of India and the Government of
any State may by special agreement confer, if Parliament by law provides for
the exercise of such jurisdiction and powers by the Supreme Court.
      139. Conferment on the Supreme Court of powers to issue certain
writs.—Parliament may by law confer on the Supreme Court power to issue
directions, orders or writs, including writs in the nature of habeas corpus,
mandamus, prohibition, quo warranto and certiorari, or any of them, for any
purposes other than those mentioned in clause (2) of article 32.
      1[139A. Transfer of certain cases.—2[(1) Where cases involving the
same or  substantially the same questions of law are pending before the
Supreme Court and one or more High Courts or before two or more High
Courts and the Supreme Court  is  satisfied on  its own motion or on an
application made by the Attorney-General of India or by a party to any such
case that such questions are substantial questions of general importance, the
Supreme Court may withdraw the case or cases pending before the High Court
or the High Courts and dispose of all the cases itself:
      Provided  that  the Supreme Court may  after determining  the  said
questions of law return any case so withdrawn together with a copy of its
judgment on such questions to the High Court from which the case has been
withdrawn, and the High Court shall on receipt thereof, proceed to dispose of
the case in conformity with such judgment.]
       (2) The Supreme Court may, if it deems it expedient so to do for the ends
of justice, transfer any case, appeal or other proceedings pending before any
High Court to any other High Court.]",direct_factual,,,PENDING_HUMAN_REVIEW,,
428aaf2fb412c0d3,"According to the passage, what happens if in respect of any area within an autonomous district there is no Regional Council?","if in respect of any area within an autonomous
district there is no Regional Council, the District Council for such district,
or any court constituted in that behalf by the District Council, shall exercise
the powers of a court of appeal in respect of all suits and cases triable by a
village  council  or  court  constituted  under  sub-paragrap",constitution_of_india.pdf,319,,"288         THE CONSTITUTION OF INDIA

                             (Sixth Schedule)

       (3) All laws made under this paragraph shall be submitted forthwith
to the Governor and, until assented to by him, shall have no effect.
       14.  Administration  of  justice  in  autonomous  districts  and
autonomous regions.—(1) The Regional Council for an autonomous region
in respect of areas within such region and the District Council for an
autonomous district in respect of areas within the district other than those
which are under the authority of the Regional Councils, if any, within the
district may constitute village councils or courts for the trial of suits and
cases between  the parties all of whom belong to Scheduled Tribes within
such  areas,  other  than  suits and  cases   to which  the  provisions  of
sub-paragraph (1) of paragraph 5 of this Schedule  apply,  to the exclusion
of any court in the State, and may appoint suitable persons to be members of
such village councils or presiding officers of such courts, and may also
appoint such officers as may be necessary for the administration of the laws
made under paragraph 3 of this Schedule.
       (2) Notwithstanding anything  in  this  Constitution,  the Regional
Council for an autonomous region or any court constituted in that behalf by
the Regional Council or, if in respect of any area within an autonomous
district there is no Regional Council, the District Council for such district,
or any court constituted in that behalf by the District Council, shall exercise
the powers of a court of appeal in respect of all suits and cases triable by a
village  council  or  court  constituted  under  sub-paragraph  (1)  of  this
paragraph within such region or area, as the case may be, other than those to
which the provisions of sub-paragraph (1) of paragraph 5 of this Schedule
apply, and no other court except the High Court and the Supreme Court
shall have jurisdiction over such suits or cases.
       (3) The High Court 2*** shall have and exercise such jurisdiction
over the suits and cases to which the provisions of sub-paragraph (2) of this
paragraph apply as the Governor may from time to time by order specify.

______________________________________________
1.  Paragraph 4 has been amended in its application to the State of Assam by the Sixth
    Schedule to the Constitution (Amendment) Act, 2003 (44 of 2003), s. 2, (w.e.f. 7-9-2003)
    so as to insert the following sub-paragraph after sub-paragraph (5), namely:—
            “(6) Nothing in this paragraph shall apply to the Bodoland Territorial Council
    constituted under the proviso to sub-paragraph (3) of paragraph 2 of this Schedule.” .
2. The words ""of Assam"" omitted by the North-Eastern Areas (Reorganisation) Act, 1971
   (81 of 1971), s. 71(i) and Eighth Sch. (w.e.f. 21-1-1972).",scenario,,,PENDING_HUMAN_REVIEW,,
9651e79d0ce7bb42,How does the Act define office bearer?,"“office bearer” means a President, Vice-President, Chairperson,
      Vice-Chairperson, Secretary or Treasurer, of a co-operative society and
      includes any other person to be elected by the board of any co-operative
       society;",constitution_of_india.pdf,168,,"1[PART IXB
             THE CO-OPERATIVE SOCIETIES
     243ZH.  Definitions.—In  this  Part,  unless  the  context  otherwise
requires,—
          (a) “authorised person” means a person referred to as such in article
     243ZQ;
          (b) “board” means the board of directors or the governing body of a
      co-operative society, by whatever name called, to which the direction
     and control of the management of the affairs of a society is entrusted to;
           (c) “co-operative society” means a society registered or deemed to be
       registered under any law relating to co-operative societies for the time
      being in force in any State;
          (d) “multi-State co-operative society” means a society with objects
      not confined to one State and registered or deemed to be registered under
     any law for the time being in force relating to such co-operatives;
           (e) “office bearer” means a President, Vice-President, Chairperson,
      Vice-Chairperson, Secretary or Treasurer, of a co-operative society and
      includes any other person to be elected by the board of any co-operative
       society;
             (f) “Registrar” means the Central Registrar appointed by the Central
     Government in relation to the multi-State co-operative societies and the
       Registrar for co-operative societies appointed by the State Government
      under  the law made by the  Legislature  of a  State  in  relation  to
      co-operative societies;
          (g) “State Act” means any law made by the Legislature of a State;
          (h) “State level co-operative society” means a co-operative society
      having its area of operation extending to the whole of a State and defined
      as such in any law made by the Legislature of a State.
     243ZI.  Incorporation  of  co-operative  societies.—Subject  to  the
provisions of this Part, the Legislature of a State may, by law, make provisions
with respect to the incorporation, regulation and winding up of co-operative
societies  based  on  the  principles  of  voluntary  formation,  democratic
member-control, member-economic participation and autonomous functioning.
______________________________________________
1. Part IXB ins. by the Constitution (Ninety-seventh Amendment) Act, 2011, s. 4
   (w.e.f. 15-2-2012).

                              137",definition,,,PENDING_HUMAN_REVIEW,,
ee6f856610196cfe,What does Article 51A state about Fundamental duties?,"It shall be the duty of every citizen of
India—
             (a)  to abide by  the  Constitution and respect  its  ideals and
       institutions, the National Flag and the National Anthem;
             (b) to cherish and follow the noble ideals which inspired our
       national struggle for freedom;
              (c) to uphold and protect the sovereignty, unity and integrity of
       India;
             (d) to defend the country and render national service when called
     upon to do so;
              (e) to promote harmony and the spirit of common brotherhood
     amongst all the people of India transcending religious, linguistic and
      regional or sectional diversities; to renounce practices derogatory to the
       dignity of women;
                 (f) to value and preserve the rich heritage of our composite
       culture;
             (g) to protect and improve the natural environment including
       forests, lakes, rivers and wild life, and to have compassion for living
       creatures;
             (h) to develop the scientific temper, humanism and the spirit of
      inquiry and reform;
                 (i) to safeguard public property and to abjure violence;
                 (j) to strive towards excellence in all spheres of individual and
       collective activity so that the nation constantly rises to higher levels of
      endeavour and achievement; ]
               2[(k) who is a parent or guardian to provide opportunities for
      education to his child or, as  the case may be, ward between the age of
       six and fourteen years.]

______________________________________________
1.",constitution_of_india.pdf,56,Article 51A,"51A. Fundamental duties.—It shall be the duty of every citizen of
India—
             (a)  to abide by  the  Constitution and respect  its  ideals and
       institutions, the National Flag and the National Anthem;
             (b) to cherish and follow the noble ideals which inspired our
       national struggle for freedom;
              (c) to uphold and protect the sovereignty, unity and integrity of
       India;
             (d) to defend the country and render national service when called
     upon to do so;
              (e) to promote harmony and the spirit of common brotherhood
     amongst all the people of India transcending religious, linguistic and
      regional or sectional diversities; to renounce practices derogatory to the
       dignity of women;
                 (f) to value and preserve the rich heritage of our composite
       culture;
             (g) to protect and improve the natural environment including
       forests, lakes, rivers and wild life, and to have compassion for living
       creatures;
             (h) to develop the scientific temper, humanism and the spirit of
      inquiry and reform;
                 (i) to safeguard public property and to abjure violence;
                 (j) to strive towards excellence in all spheres of individual and
       collective activity so that the nation constantly rises to higher levels of
      endeavour and achievement; ]
               2[(k) who is a parent or guardian to provide opportunities for
      education to his child or, as  the case may be, ward between the age of
       six and fourteen years.]

______________________________________________
1. Ins. by the Constitution (Forty-second Amendment) Act, 1976, s. 11 (w.e.f. 3-1-1977).
2. Ins. by the Constitution (Eighty-sixth Amendment) Act, 2002, s. 4 (w.e.f. 1-4-2010).

                               25",direct_factual,,,PENDING_HUMAN_REVIEW,,
45c5df0755b25ab8,"According to the passage, what happens if at any time during a meeting of a House there is no quorum?","If at any time during a meeting of a House there is no quorum, it shall
be the duty of the Chairman or Speaker, or person acting as such, either to
adjourn the House or to suspend the meeting until there is a quorum.",constitution_of_india.pdf,75,Article 99,"99. Oath or affirmation by members.—Every member of either House
of Parliament shall, before taking his seat, make and subscribe before the
President,  or some person appointed in  that  behalf by him, an oath or
affirmation according to the form set out for the purpose in the Third Schedule.
      100. Voting in Houses, power of Houses to act notwithstanding
vacancies and quorum.—(1) Save as otherwise provided in this Constitution,
all questions at any sitting of either House or joint sitting of the Houses shall be
determined by a majority of votes of the members present and voting, other
than the Speaker or person acting as Chairman or Speaker.
     The Chairman or Speaker, or person acting as such, shall not vote in the
first instance, but shall have and exercise a casting vote in the case of an
equality of votes.
       (2) Either House of Parliament shall have power to act notwithstanding
any vacancy in the membership thereof, and any proceedings in Parliament shall
be valid notwithstanding that it is discovered subsequently that some person who
was not entitled so to do sat or voted or otherwise took part in the proceedings.
       1[(3) Until  Parliament by law  otherwise  provides,  the quorum  to
constitute a meeting of either House of Parliament shall be one-tenth of the
total number of members of the House.
       (4) If at any time during a meeting of a House there is no quorum, it shall
be the duty of the Chairman or Speaker, or person acting as such, either to
adjourn the House or to suspend the meeting until there is a quorum.]
                         Disqualifications of Members",scenario,,,PENDING_HUMAN_REVIEW,,
4b07e828405c07c9,How does the Act define Registrar?,"“Registrar” means the Central Registrar appointed by the Central
     Government in relation to the multi-State co-operative societies and the
       Registrar for co-operative societies appointed by the State Government
      under  the law made by the  Legislature  of a  State  in  relation  to
      co-operative societies;",constitution_of_india.pdf,168,,"1[PART IXB
             THE CO-OPERATIVE SOCIETIES
     243ZH.  Definitions.—In  this  Part,  unless  the  context  otherwise
requires,—
          (a) “authorised person” means a person referred to as such in article
     243ZQ;
          (b) “board” means the board of directors or the governing body of a
      co-operative society, by whatever name called, to which the direction
     and control of the management of the affairs of a society is entrusted to;
           (c) “co-operative society” means a society registered or deemed to be
       registered under any law relating to co-operative societies for the time
      being in force in any State;
          (d) “multi-State co-operative society” means a society with objects
      not confined to one State and registered or deemed to be registered under
     any law for the time being in force relating to such co-operatives;
           (e) “office bearer” means a President, Vice-President, Chairperson,
      Vice-Chairperson, Secretary or Treasurer, of a co-operative society and
      includes any other person to be elected by the board of any co-operative
       society;
             (f) “Registrar” means the Central Registrar appointed by the Central
     Government in relation to the multi-State co-operative societies and the
       Registrar for co-operative societies appointed by the State Government
      under  the law made by the  Legislature  of a  State  in  relation  to
      co-operative societies;
          (g) “State Act” means any law made by the Legislature of a State;
          (h) “State level co-operative society” means a co-operative society
      having its area of operation extending to the whole of a State and defined
      as such in any law made by the Legislature of a State.
     243ZI.  Incorporation  of  co-operative  societies.—Subject  to  the
provisions of this Part, the Legislature of a State may, by law, make provisions
with respect to the incorporation, regulation and winding up of co-operative
societies  based  on  the  principles  of  voluntary  formation,  democratic
member-control, member-economic participation and autonomous functioning.
______________________________________________
1. Part IXB ins. by the Constitution (Ninety-seventh Amendment) Act, 2011, s. 4
   (w.e.f. 15-2-2012).

                              137",definition,,,PENDING_HUMAN_REVIEW,,
52832ebb0adfb287,What does Article 215 state about High Courts to be courts of record?,"Every High Court shall be a
court of record and shall have all the powers of such a court including the
power to punish for contempt of itself.",constitution_of_india.pdf,130,Article 215,"215. High Courts to be courts of record.—Every High Court shall be a
court of record and shall have all the powers of such a court including the
power to punish for contempt of itself.",direct_factual,,,PENDING_HUMAN_REVIEW,,
29d5d711d97ecebf,"According to the passage, what happens if the election of a person as President or Vice-President is declared void by the Supreme Court?","If the election of a person as President or Vice-President is declared
void by the Supreme Court, acts done by him in the exercise and performance
of the powers and duties of the office of President or Vice-President, as the
case may be, on or before the date of the decision of the Supreme Court shall
not be invalidated by reason of that declaration.",constitution_of_india.pdf,63,Article 70,"70. Discharge of President's functions in other contingencies.—
Parliament may make such provision as it thinks fit for the discharge of the
functions of the President in any contingency not provided for in this Chapter.
       1[71. Matters relating  to, or connected with, the  election of a
President or Vice-President.—(1) All doubts and disputes arising out of or in
connection with the election of a President or Vice-President shall be inquired
into and decided by the Supreme Court whose decision shall be final.
       (2) If the election of a person as President or Vice-President is declared
void by the Supreme Court, acts done by him in the exercise and performance
of the powers and duties of the office of President or Vice-President, as the
case may be, on or before the date of the decision of the Supreme Court shall
not be invalidated by reason of that declaration.
       (3) Subject to the provisions of this Constitution, Parliament may by law
regulate any matter relating to or connected with the election of a President or
Vice-President.
       (4) The election of a person as President or Vice-President shall not be
called in question on the ground of the existence of any vacancy for whatever
reason among the members of the electoral college electing him.]
      72. Power of President to grant pardons, etc., and to suspend, remit
or commute sentences in certain cases.—(1) The President shall have the
power to grant pardons, reprieves, respites or remissions of punishment or to
suspend, remit or commute the sentence of any person convicted of any
offence—
          (a) in  all cases where the punishment or sentence is by a Court
       Martial;

______________________________________________
1. Subs. by the Constitution (Thirty-ninth Amendment) Act, 1975, s. 2 (w.e.f 10-8-1975) and
   further  subs.  by  the  Constitution  (Forty-fourth  Amendment)  Act,  1978,   s.  10.
   (w.e.f. 20-6-1979).",scenario,,,PENDING_HUMAN_REVIEW,,
0860bebf1b22bb54,How does the Act define article?,(3) “article” means an article of this Constitution;,constitution_of_india.pdf,254,,"223          THE CONSTITUTION OF INDIA

                               (Part XIX.—MISCELLANEOUS)

             (2) “an Anglo-Indian” means a person whose father or any of
     whose other male progenitors in the male line is or was of European
      descent but who is domiciled within the territory of India and is or was
      born within such territory of parents habitually resident therein and not
       established there for temporary purposes only;
             (3) “article” means an article of this Constitution;
             (4) “borrow” includes the  raising of money by the grant of
       annuities, and “loan” shall be construed accordingly;
            1[(4A)*            *        *               *]
             (5) “clause” means a clause of the article in which the expression
      occurs;
             (6) “corporation tax” means any tax on income, so far as that tax
        is payable by companies and is a tax in the case of which the following
      conditions are fulfilled:—
                    (a)  that  it  is not chargeable in  respect  of  agricultural
            income;
                    (b)  that no  deduction  in  respect  of  the  tax  paid by
           companies is, by any enactments which may apply to the tax,
             authorised to be made from dividends payable by the companies
             to individuals;
                     (c) that no provision exists for taking the tax so paid into
            account in computing for the purposes of Indian income-tax the
               total income  of  individuals  receiving such  dividends,  or  in
           computing the Indian income-tax payable by, or refundable to,
           such individuals;
             (7) “corresponding Province”, “corresponding Indian State” or
      “corresponding State” means in cases of doubt such Province, Indian
       State  or  State as may be determined by the President  to be  the
      corresponding  Province,  the  corresponding  Indian  State  or  the
      corresponding State, as the case may be, for the particular purpose in
       question;


______________________________________________
1. Cl. (4A) was ins. by the Constitution  (Forty-second Amendment)  Act, 1976, s. 54
   (w.e.f. 1-2-1977) and subsequently omitted by the Constitution (Forty-third Amendment)
  Act, 1977, s. 11 (w.e.f. 13-4-1978).",definition,,,PENDING_HUMAN_REVIEW,,
6059c1018e121eba,What does Article 275 state about Grants from the Union to certain States?,"(1) Such sums as
Parliament may by law provide shall be charged on the Consolidated Fund of
India in each year as grants-in-aid of the revenues of such States as Parliament
may determine to be in need of assistance, and different sums may be fixed for
different States:
      Provided that there shall be paid out of the Consolidated Fund of India as
grants-in-aid of the revenues of a State such capital and recurring sums as may
be necessary to enable  that  State to meet the costs of such schemes of
development as may be undertaken by the State with the approval of the
Government of India for the purpose of promoting the welfare of the Scheduled
Tribes in that State or raising the level of administration of the Scheduled Areas
therein to that of the administration of the rest of the areas of that State:
      Provided further that there shall be paid out of the Consolidated Fund of
India as grants-in-aid of the revenues of the State of Assam sums, capital and
recurring, equivalent to—",constitution_of_india.pdf,188,Article 275,"275. Grants from the Union to certain States.—(1) Such sums as
Parliament may by law provide shall be charged on the Consolidated Fund of
India in each year as grants-in-aid of the revenues of such States as Parliament
may determine to be in need of assistance, and different sums may be fixed for
different States:
      Provided that there shall be paid out of the Consolidated Fund of India as
grants-in-aid of the revenues of a State such capital and recurring sums as may
be necessary to enable  that  State to meet the costs of such schemes of
development as may be undertaken by the State with the approval of the
Government of India for the purpose of promoting the welfare of the Scheduled
Tribes in that State or raising the level of administration of the Scheduled Areas
therein to that of the administration of the rest of the areas of that State:
      Provided further that there shall be paid out of the Consolidated Fund of
India as grants-in-aid of the revenues of the State of Assam sums, capital and
recurring, equivalent to—",direct_factual,,,PENDING_HUMAN_REVIEW,,
5284d49f5cc6df93,"According to the passage, what happens if before the expiration of that period a resolution disapproving it is passed by the Legislative Assembly and agreed to by the Legislative Council?","if before the expiration of that period a
       resolution disapproving it is passed by the Legislative Assembly and
      agreed to by the Legislative Council, if any, upon the passing of the
       resolution or, as the case may be, on the resolution being agreed to by
      the Council;",constitution_of_india.pdf,129,,"98          THE CONSTITUTION OF INDIA

                             (Part VI.—The States)

             (a) shall be laid before the Legislative Assembly of the State, or
     where there is a Legislative Council in the State, before both the Houses,
     and shall cease to operate  at the expiration of six weeks from the
      reassembly of the Legislature, or if before the expiration of that period a
       resolution disapproving it is passed by the Legislative Assembly and
      agreed to by the Legislative Council, if any, upon the passing of the
       resolution or, as the case may be, on the resolution being agreed to by
      the Council; and
             (b) may be withdrawn at any time by the Governor.
      Explanation.—Where the Houses of the Legislature of a State having a
Legislative Council are summoned to reassemble on different dates, the period
of six weeks shall be reckoned from the later of those dates for the purposes of
this clause.
       (3) If and so far as an Ordinance under this article makes any provision
which would not be valid if enacted in an Act of the Legislature of the State
assented to by the Governor, it shall be void:
      Provided that, for the purposes of the provisions of this Constitution
relating to the effect of an Act of the Legislature of a State which is repugnant
to an Act of Parliament or an existing law with respect to a matter enumerated
in  the  Concurrent  List, an Ordinance promulgated under  this  article  in
pursuance of instructions from the President shall be deemed to be an Act of
the Legislature of the State which has been reserved for the consideration of the
President and assented to by him.
       1(4)*             *             *             *





______________________________________________
1. Cl. (4) was ins. by the Constitution (Thirty-eighth Amendment) Act, 1975, s. 3 (with
   retrospective  effect) and omitted by  the Constitution  (Forty-fourth Amendment)
  Act, 1978, s. 27 (w.e.f. 20-6-1979).",scenario,,,PENDING_HUMAN_REVIEW,,
c7998aa4165c8ddc,How does the Act define Services?,“Services” means anything other than goods;,constitution_of_india.pdf,257,,"226          THE CONSTITUTION OF INDIA

                               (Part XIX.—MISCELLANEOUS)

             (26) “securities” includes stock;
            1* * *
            2[(26A) “Services” means anything other than goods;
           (26B) “State” with reference to articles 246A, 268, 269, 269A and
       article 279A includes a Union territory with Legislature];
            3[(26C) ""socially and educationally backward classes"" means such
     backward classes as are so deemed under article 342A for the purposes
      of  the Central Government or the State or Union territory, as the case
     may be];
             (27) “sub-clause” means a sub-clause of the clause in which the
      expression occurs;
             (28) “taxation” includes the imposition of any tax or impost,
      whether general  or  local or  special, and  “tax”  shall be construed
      accordingly;
             (29) “tax on income” includes a tax in the nature of an excess
       profits tax;
            4[(29A) “tax on the sale or purchase of goods” includes—
                    (a) a tax on the transfer, otherwise than in pursuance of a
              contract, of property in any goods for cash, deferred payment or
             other valuable consideration;
                    (b) a tax on the transfer of property in goods (whether as
           goods or in some other form)  involved in the execution of a
           works contract;
                     (c) a tax on the delivery of goods on hire-purchase or any
           system of payment by instalments;
                    (d) a tax on the transfer of the right to use any goods for
           any purpose (whether or not for a specified period) for cash,
             deferred payment or other valuable consideration;
______________________________________________
1.  Cl. (26A) was ins. by the Constitution  (Forty-second Amendment)  Act, 1976, s. 54
    (w.e.f.  1-2-1977),   and  subsequently  omitted by  the  Constitution    (Forty-third
   Amendment) Act, 1977, s. 11 (w.e.f. 13-4-1978).
 2. Ins. by the Constitution (One Hundred and First Amendment) Act, 2016, s. 14(ii)
   (w.e.f. 16-9-2016).
3. Cl. (26C) was ins. by the Constitution (One Hundred and second Amendment) Act,
  2018, s. 5 (w.e.f. 14-8-2018), and subsequently subs. by the Constitution (One
  Hundred and Fifth Amendment) Act, 2021, s. 4   (w.e.f. 15-9-2021).
4.  Cl. (29A)  ins. by  the  Constitution  (Forty-sixth Amendment)  Act, 1982,  s. 4
   (w.e.f. 2-2-1983).",definition,,,PENDING_HUMAN_REVIEW,,
5b01b198145cce46,What does Article 83 state about Duration of Houses of Parliament?,"(1) The Council of States
shall not be subject to dissolution, but as nearly as possible one-third of the
members thereof shall retire as soon as may be on the expiration of every
second year  in accordance with  the  provisions made  in  that  behalf by
Parliament by law.",constitution_of_india.pdf,70,Article 83,"83. Duration of Houses of Parliament.—(1) The Council of States
shall not be subject to dissolution, but as nearly as possible one-third of the
members thereof shall retire as soon as may be on the expiration of every
second year  in accordance with  the  provisions made  in  that  behalf by
Parliament by law.
       (2) The House of the People, unless sooner dissolved, shall continue for
2[five years] from the date appointed for its first meeting and no longer and the
expiration of the said period of  2[five years] shall operate as a dissolution of
the House:
      Provided that the said period may, while a Proclamation of Emergency is
in operation, be extended by Parliament by law for a period not exceeding one
year at a time and not extending in any case beyond a period of six months after
the Proclamation has ceased to operate.",direct_factual,,,PENDING_HUMAN_REVIEW,,
ee6a8de3dd06db7b,"According to the passage, what happens if such amendment seeks to make any change in— (a) article 54?","if such amendment seeks to make any change in—

           (a)  article 54,  article 55,  article 73,  5[  article 162,  article 241 or
        article 279A];",constitution_of_india.pdf,259,,"PART XX

           AMENDMENT OF THE CONSTITUTION

        368.  1[Power  of  Parliament  to amend  the  Constitution and
  procedure therefor].— 2[(1) Notwithstanding anything in this Constitution,
  Parliament may in exercise of its constituent power amend by way of addition,
  variation or repeal any provision of this Constitution in accordance with the
  procedure laid down in this article.]

          3[(2)] An amendment of this Constitution may be initiated only by the
  introduction of a Bill for the purpose in either House of Parliament, and when
  the Bill is passed in each House by a majority of the total membership of that
  House and by a majority of not less than two-thirds of the members of that
  House present and voting, 4[it shall be presented to the President who shall give
  his assent to the Bill and thereupon] the Constitution shall stand amended in
  accordance with the terms of the Bill:

      Provided that if such amendment seeks to make any change in—

           (a)  article 54,  article 55,  article 73,  5[  article 162,  article 241 or
        article 279A]; or

            (b) Chapter IV of Part V, Chapter V of Part VI, or Chapter I of Part XI; or

            (c) any of the Lists in the Seventh Schedule; or

           (d) the representation of States in Parliament; or

            (e) the provisions of this article,

 ______________________________________________

1. Subs. by the Constitution (Twenty-fourth Amendment) Act, 1971, s.  3, for ""Procedure
   for amendment of the Constitution"" (w.e.f. 5-11-1971).
2. Ins. by s. 3, ibid. (w.e.f. 5-11-1971).
3. Art. 368 re-numbered as cl. (2) thereof by s. 3, ibid. (w.e.f. 5-11-1971).
4. Subs. by s. 3, ibid., (w.e.f. 5-11-1971).
5. Subs. by the Constitution (One Hundred and First Amendment) Act, 2016, s. 15, for the
  words and figures ""article 162 or article 241"" (w.e.f. 16-9-2016).
                                228",scenario,,,PENDING_HUMAN_REVIEW,,
6e369440ffd911c8,How does the Act define socially and educationally backward classes?,"""socially and educationally backward classes"" means such
     backward classes as are so deemed under article 342A for the purposes
      of  the Central Government or the State or Union territory, as the case
     may be];",constitution_of_india.pdf,257,,"226          THE CONSTITUTION OF INDIA

                               (Part XIX.—MISCELLANEOUS)

             (26) “securities” includes stock;
            1* * *
            2[(26A) “Services” means anything other than goods;
           (26B) “State” with reference to articles 246A, 268, 269, 269A and
       article 279A includes a Union territory with Legislature];
            3[(26C) ""socially and educationally backward classes"" means such
     backward classes as are so deemed under article 342A for the purposes
      of  the Central Government or the State or Union territory, as the case
     may be];
             (27) “sub-clause” means a sub-clause of the clause in which the
      expression occurs;
             (28) “taxation” includes the imposition of any tax or impost,
      whether general  or  local or  special, and  “tax”  shall be construed
      accordingly;
             (29) “tax on income” includes a tax in the nature of an excess
       profits tax;
            4[(29A) “tax on the sale or purchase of goods” includes—
                    (a) a tax on the transfer, otherwise than in pursuance of a
              contract, of property in any goods for cash, deferred payment or
             other valuable consideration;
                    (b) a tax on the transfer of property in goods (whether as
           goods or in some other form)  involved in the execution of a
           works contract;
                     (c) a tax on the delivery of goods on hire-purchase or any
           system of payment by instalments;
                    (d) a tax on the transfer of the right to use any goods for
           any purpose (whether or not for a specified period) for cash,
             deferred payment or other valuable consideration;
______________________________________________
1.  Cl. (26A) was ins. by the Constitution  (Forty-second Amendment)  Act, 1976, s. 54
    (w.e.f.  1-2-1977),   and  subsequently  omitted by  the  Constitution    (Forty-third
   Amendment) Act, 1977, s. 11 (w.e.f. 13-4-1978).
 2. Ins. by the Constitution (One Hundred and First Amendment) Act, 2016, s. 14(ii)
   (w.e.f. 16-9-2016).
3. Cl. (26C) was ins. by the Constitution (One Hundred and second Amendment) Act,
  2018, s. 5 (w.e.f. 14-8-2018), and subsequently subs. by the Constitution (One
  Hundred and Fifth Amendment) Act, 2021, s. 4   (w.e.f. 15-9-2021).
4.  Cl. (29A)  ins. by  the  Constitution  (Forty-sixth Amendment)  Act, 1982,  s. 4
   (w.e.f. 2-2-1983).",definition,,,PENDING_HUMAN_REVIEW,,
bec1cceeead84b89,What does Article 315 state about Public Service Commissions for the Union and for the States?,"(1) Subject to the provisions of this article, there shall be a Public Service
Commission for the Union and a Public Service Commission for each State.",constitution_of_india.pdf,208,Article 315,"315. Public Service Commissions for the Union and for the States.—
(1) Subject to the provisions of this article, there shall be a Public Service
Commission for the Union and a Public Service Commission for each State.
       (2) Two or more States may agree that there shall be one Public Service
Commission for that group of States, and if a resolution to that effect is passed
by the House or, where there are two Houses, by each House of the Legislature
of each of those States, Parliament may by law provide for the appointment of a
Joint State Public Service Commission (referred to in this Chapter as Joint
Commission) to serve the needs of those States.
       (3) Any such law  as  aforesaid may  contain such  incidental and
consequential provisions as may be necessary or desirable for giving effect to
the purposes of the law.
       (4) The Public Service Commission for the Union, if requested so to do
by the Governor 1*** of a State, may, with the approval of the President, agree
to serve all or any of the needs of the State.
       (5)  References  in  this  Constitution  to  the Union  Public  Service
Commission or a State Public Service Commission shall, unless the context
otherwise requires, be construed as references to the Commission  serving the
needs of the Union or, as the case may be, the State as respects the  particular
matter in question.",direct_factual,,,PENDING_HUMAN_REVIEW,,
90710b36110c76d0,"According to the passage, what happens if any difficulty arises in giving effect to any of the foregoing provisions of this article?","If any difficulty arises in giving effect to any of the foregoing
provisions of this article, the President may by order do anything (including
any adaptation or modification of any other article) which appears to him to be
necessary for the purpose of removing that difficulty:
      Provided that no such order shall be made after the expiration of thr",constitution_of_india.pdf,267,,"236          THE CONSTITUTION OF INDIA

               (Part XXI.—Temporary, Transitional and Special Provisions)

                (ii) the Minister for Tuensang affairs shall deal with, and have
       direct access to the Governor on, all matters relating to the Tuensang
        district but he shall keep the Chief Minister informed about the same;
             (f) notwithstanding anything in the foregoing provisions of  this
       clause, the final decision on all matters relating to the Tuensang district
       shall be made by the Governor in his discretion;
          (g) in articles 54 and 55 and clause (4) of article 80, references to the
      elected members of the Legislative Assembly of a State or to each such
     member shall include references to the members or member of the
      Legislative Assembly  of Nagaland elected by the  regional  council
      established under this article;
          (h) in article 170—
                      (i) clause (1) shall, in relation to the Legislative Assembly of
            Nagaland, have effect as if for the word “sixty”, the word “forty-
             six” had been substituted;
                        (ii) in the said clause, the reference to direct election from
               territorial constituencies in the State shall include election by the
          members of the regional council established under this article;
                        (iii) in clauses (2) and (3), references to territorial constituencies
              shall mean references to territorial constituencies in the Kohima
           and Mokokchung districts.
       (3)  If any difficulty arises in giving effect to any of the foregoing
provisions of this article, the President may by order do anything (including
any adaptation or modification of any other article) which appears to him to be
necessary for the purpose of removing that difficulty:
      Provided that no such order shall be made after the expiration of three
years from the date of the formation of the State of Nagaland.
      Explanation.—In this article, the Kohima, Mokokchung and Tuensang
districts shall have the same meanings as in the State of Nagaland Act, 1962.]
      1[371B. Special provision with respect to the State of Assam.—
Notwithstanding anything in this Constitution, the President may, by order
made with respect to the State of Assam, provide for the constitution and
functions of a committee of the Legislative Assembly of the State consisting of
______________________________________________
1. Ins. by the Constitution (Twenty-second Amendment) Act, 1969, s. 4 (w.e.f. 25-9-1969).",scenario,,,PENDING_HUMAN_REVIEW,,
da841b087b57ac3e,How does the Act define an Anglo-Indian?,"(2) “an Anglo-Indian” means a person whose father or any of
     whose other male progenitors in the male line is or was of European
      descent but who is domiciled within the territory of India and is or was
      born within such territory of parents habitually resident therein and not
       established there for temporary purposes only;",constitution_of_india.pdf,254,,"223          THE CONSTITUTION OF INDIA

                               (Part XIX.—MISCELLANEOUS)

             (2) “an Anglo-Indian” means a person whose father or any of
     whose other male progenitors in the male line is or was of European
      descent but who is domiciled within the territory of India and is or was
      born within such territory of parents habitually resident therein and not
       established there for temporary purposes only;
             (3) “article” means an article of this Constitution;
             (4) “borrow” includes the  raising of money by the grant of
       annuities, and “loan” shall be construed accordingly;
            1[(4A)*            *        *               *]
             (5) “clause” means a clause of the article in which the expression
      occurs;
             (6) “corporation tax” means any tax on income, so far as that tax
        is payable by companies and is a tax in the case of which the following
      conditions are fulfilled:—
                    (a)  that  it  is not chargeable in  respect  of  agricultural
            income;
                    (b)  that no  deduction  in  respect  of  the  tax  paid by
           companies is, by any enactments which may apply to the tax,
             authorised to be made from dividends payable by the companies
             to individuals;
                     (c) that no provision exists for taking the tax so paid into
            account in computing for the purposes of Indian income-tax the
               total income  of  individuals  receiving such  dividends,  or  in
           computing the Indian income-tax payable by, or refundable to,
           such individuals;
             (7) “corresponding Province”, “corresponding Indian State” or
      “corresponding State” means in cases of doubt such Province, Indian
       State  or  State as may be determined by the President  to be  the
      corresponding  Province,  the  corresponding  Indian  State  or  the
      corresponding State, as the case may be, for the particular purpose in
       question;


______________________________________________
1. Cl. (4A) was ins. by the Constitution  (Forty-second Amendment)  Act, 1976, s. 54
   (w.e.f. 1-2-1977) and subsequently omitted by the Constitution (Forty-third Amendment)
  Act, 1977, s. 11 (w.e.f. 13-4-1978).",definition,,,PENDING_HUMAN_REVIEW,,
204f658db3dfee75,What does Article 114 state about Appropriation Bills?,"(1) As soon as may be after the grants under
article 113 have been made by the House of the People, there shall be
introduced a Bill to provide for the appropriation out of the Consolidated Fund
of India of all moneys required to meet—
          (a) the grants so made by the House of the People; and
          (b) the expenditure charged on the Consolidated Fund of India but
      not exceeding in any case the amount shown in the statement previously
       laid before Parliament.",constitution_of_india.pdf,84,Article 114,"114. Appropriation Bills.—(1) As soon as may be after the grants under
article 113 have been made by the House of the People, there shall be
introduced a Bill to provide for the appropriation out of the Consolidated Fund
of India of all moneys required to meet—
          (a) the grants so made by the House of the People; and
          (b) the expenditure charged on the Consolidated Fund of India but
      not exceeding in any case the amount shown in the statement previously
       laid before Parliament.
       (2) No amendment shall be proposed to any such Bill in either House of
Parliament which will have the effect of varying the amount or altering the
destination of any grant so made or of varying the amount of any expenditure
charged on the Consolidated Fund of India, and the decision of the person
presiding as to whether an amendment is inadmissible under this clause shall be
final.
       (3) Subject to the provisions of articles 115 and 116, no money shall be
withdrawn from the Consolidated Fund of India except under appropriation
made by law passed in accordance with the provisions of this article.",direct_factual,,,PENDING_HUMAN_REVIEW,,
3d0fd398b3fef3f1,"According to the passage, what happens if any provision of a law made by the Legislature of a State is repugnant to any provision of a law made by Parliament which Parliament is competent to enact?","If any provision of a law made by the
Legislature of a State  is repugnant  to any provision of a law made by
Parliament which Parliament is competent to enact, or to any provision of an
existing law with respect to one of the matters enumerated in the Concurrent
List, then, subject to the provisions of clause (2), the law made by Parliament,
whether passed before or after the law made by the Legislature of such State",constitution_of_india.pdf,179,Article 253,"253. Legislation for giving effect to international agreements.—
Notwithstanding  anything  in  the  foregoing  provisions  of  this  Chapter,
Parliament has power to make any law for the whole or any part of the territory
of India for implementing any treaty, agreement or convention with any other
country or countries or any decision made at any international conference,
association or other body.
      254. Inconsistency between laws made by Parliament and laws made
by the Legislatures of States.—(1) If any provision of a law made by the
Legislature of a State  is repugnant  to any provision of a law made by
Parliament which Parliament is competent to enact, or to any provision of an
existing law with respect to one of the matters enumerated in the Concurrent
List, then, subject to the provisions of clause (2), the law made by Parliament,
whether passed before or after the law made by the Legislature of such State,
or, as the case may be, the existing law, shall prevail and the law made by the
Legislature of the State shall, to the extent of the repugnancy, be void.
       (2) Where a law made by the Legislature of a State 1*** with respect to
one of the matters enumerated in the Concurrent List contains any provision
repugnant to the provisions of an earlier law made by Parliament or an existing
law with respect to that matter, then, the law so made by the Legislature of such
State shall, if it has been reserved for the consideration of the President and has
received his assent, prevail in that State:
      Provided  that nothing  in  this clause  shall prevent Parliament from
enacting at any time any law with respect to the same matter including a law
adding to, amending, varying or repealing the law so made by the Legislature
of the State.
      255. Requirements as to recommendations and previous sanctions to
be regarded as matters of procedure only.—No Act of Parliament or of the
Legislature of a State 1***, and no provision in any such Act, shall be invalid
by reason only that some recommendation or previous sanction required by this
Constitution was not given, if assent to that Act was given—

______________________________________________
1. The words and letters ""specified in Part A or Part B of the First Schedule"" omitted by
   the Constitution (Seventh Amendment) Act, 1956, s. 29 and Sch. (w.e.f. 1-11-1956).",scenario,,,PENDING_HUMAN_REVIEW,,
6f66aaca986efef2,How does Article 243 define village?,"“village” means a village specified by the Governor by public
       notification to be a village for the purposes of this Part and includes a
      group of villages so specified.",constitution_of_india.pdf,150,Article 243,"243. Definitions.—In this Part, unless the context otherwise requires,—
          (a) “district” means a district in a State;
          (b) “Gram Sabha” means a body consisting of persons registered in
      the electoral rolls relating to a village comprised within the area of
      Panchayat at the village level;
           (c) “intermediate level” means a level between the  village and
        district levels specified by the Governor of a State by public notification
       to be the intermediate level for the purposes of this Part;
          (d) “Panchayat” means an institution (by whatever name called) of
      self-government constituted under article 243B, for the rural areas;
           (e) “Panchayat area” means the territorial area of a Panchayat;
             (f) “Population” means the population as ascertained at the  last
      preceding census of which the relevant figures have been published;
          (g) “village” means a village specified by the Governor by public
       notification to be a village for the purposes of this Part and includes a
      group of villages so specified.",definition,,,PENDING_HUMAN_REVIEW,,
483d4925e277aef9,What does Article 75 state about Other provisions as to Ministers?,"(1) The Prime Minister shall be
appointed by the President and the other Ministers shall be appointed by the
President on the advice of the Prime Minister.",constitution_of_india.pdf,65,Article 75,"75. Other provisions as to Ministers.—(1) The Prime Minister shall be
appointed by the President and the other Ministers shall be appointed by the
President on the advice of the Prime Minister.
      3[(1A) The total number of Ministers, including the Prime Minister, in the
Council of Ministers shall not exceed fifteen per cent.  of the total number of
members of the House of the People.
      (1B) A member of either House of Parliament belonging to any political
party who is disqualified for being a member of that House under paragraph 2 of
the Tenth Schedule shall also be disqualified to be appointed as a Minister under
clause  (1)  for  duration  of  the  period commencing from  the date  of  his
disqualification  till the date on which the term of his office as such member
would expire or where he contests any election to either House of Parliament
before the expiry of such period, till the date on which he is declared elected,
whichever is earlier.]
       (2) The Ministers shall hold office during the pleasure of the President.
       (3) The Council of Ministers shall be collectively responsible to the House
of the People.
       (4) Before a Minister enters upon his office, the President shall administer
to him the oaths of office and of secrecy according to the forms set out for the
purpose in the Third Schedule.

______________________________________________
1. Subs. by the Constitution (Forty-second Amendment) Act, 1976, s.13, for  cl. (1)
   (w.e.f. 3-1-1977).
2. Ins. by the Constitution (Forty-fourth Amendment) Act, 1978, s. 11 (w.e.f. 20-6-1979).
3. Ins. by the Constitution (Ninety-first Amendment) Act, 2003, s. 2 (w.e.f. 1-1-2004).",direct_factual,,,PENDING_HUMAN_REVIEW,,
cf9aac12ab21c290,"According to the passage, what happens if this Constitution had not come into force. Explanation IV.—An Ordinance promulgated by the Governor of a Province under section 88 of the Government of India Act?","if this Constitution had not come into force.
      Explanation IV.—An Ordinance promulgated by the Governor of a
Province under section 88 of the Government of India Act, 1935, and in force
immediately before  the commencement of  this Constitution  shall,  unless
withdrawn by the Governor of the corresponding State earlier, cease to operate
at the expiration of six weeks from the first meeting after such commencement
of the Le",constitution_of_india.pdf,278,,"247          THE CONSTITUTION OF INDIA

               (Part XXI.—Temporary, Transitional and Special Provisions)

      Explanation I.—The expression “law in force” in  this  article shall
include a law passed or made by a Legislature or other competent authority in
the territory of India before the commencement of this Constitution and not
previously repealed, notwithstanding that it or parts of it may not be then in
operation either at all or in particular areas.
      Explanation II.—Any law passed or made by a Legislature or other
competent authority in the territory of India which immediately before the
commencement of this Constitution had extra-territorial effect as well as effect
in the territory of India shall, subject to any such adaptations and modifications
as aforesaid, continue to have such extra-territorial effect.
      Explanation III.—Nothing in this article shall be construed as continuing
any temporary law in force beyond the date fixed for its expiration or the date
on which it would have expired if this Constitution had not come into force.
      Explanation IV.—An Ordinance promulgated by the Governor of a
Province under section 88 of the Government of India Act, 1935, and in force
immediately before  the commencement of  this Constitution  shall,  unless
withdrawn by the Governor of the corresponding State earlier, cease to operate
at the expiration of six weeks from the first meeting after such commencement
of the Legislative Assembly of that State functioning under clause (1) of article
382, and  nothing in this article shall be construed as continuing any such
Ordinance in force beyond the said period.

      1[372A. Power of the President to adapt laws.—(1) For the purposes
of bringing the provisions of any law in force in India or in any part thereof,
immediately  before  the  commencement  of  the  Constitution  (Seventh
Amendment) Act, 1956, into accord with the provisions of this Constitution as
amended by that Act, the President may by order made before the first day of
November, 1957, make such adaptations and modifications of the law, whether
by way of repeal or amendment, as may be necessary or expedient, and provide
that the law shall, as from such date as may be  specified in the order, have
effect subject to the adaptations and modifications so made, and any such
adaptation or modification shall not be questioned in any court of law.
       (2) Nothing in clause (1) shall be deemed to  prevent a competent
Legislature or other competent authority from repealing or amending any law
adapted or modified by the President under the said clause.]
______________________________________________
1. Ins. by the Constitution (Seventh Amendment) Act, 1956, s. 23 (w.e.f. 1-11-1956).
  See the Adaptation of Laws Order of 1956 and 1957.",scenario,,,PENDING_HUMAN_REVIEW,,
cb3e6b9d64f8786c,How does the Act define appropriate High Court?,"""appropriate High Court"" means,—
                         (i) in the case of the detention of a person in pursuance of an order of detention
        made by  the Government  of  India  or an  officer  or  authority  subordinate  to  that
         Government, the High Court for the Union territory of Dehli;",constitution_of_india.pdf,43,,"12          THE CONSTITUTION OF INDIA

                    (Part III.—Fundamental Rights)

       (2) Every person who  is arrested and detained in custody shall be
produced before the nearest magistrate within a period of twenty-four hours of
such arrest excluding the time necessary for the journey from the place of arrest
to the court of the magistrate and no such person shall be detained in custody
beyond the said period without the authority of a magistrate.
       (3) Nothing in clauses (1) and (2) shall apply—
          (a) to any person who for the time being is an enemy alien; or
          (b) to any person who is arrested or detained under any law providing
       for preventive detention.
      (4) No law providing  for  preventive  detention  shall  authorise  the
detention of a person for a longer period than three months unless—
          (a) an Advisory Board consisting of persons who are, or have been,
      or are qualified to be appointed as, Judges of a High Court has reported
      before the expiration of the said period of three months that there is in its
      opinion sufficient cause for such detention:
______________________________________________
  Cl. (4) shall stand substituted by the Constitution (Forty-fourth Amendment) Act, 1978, s. 3 (date
  yet to be notified) as—
           ""(4) No law providing for preventive detention shall authorise the detention of a person for
  a longer period than two months unless an Advisory Board constituted in accordance with the
  recommendations of the Chief Justice of the appropriate High Court has reported before the
   expiration of the said period of two months that there is in its opinion sufficient cause for such
   detention:
          Provided that an Advisory Board shall consist of a Chairman and not less than two other
  members, and the Chairman shall be a serving Judge of the appropriate High Court and the other
  members shall be serving or retired Judges of any High Court :
          Provided further that nothing in this clause shall authorise the detention of any person
  beyond the maximum period prescribed by any law made by Parliament under sub-clause (a) of
  clause (7).
          Explanation.—In this clause, ""appropriate High Court"" means,—
                         (i) in the case of the detention of a person in pursuance of an order of detention
        made by  the Government  of  India  or an  officer  or  authority  subordinate  to  that
         Government, the High Court for the Union territory of Dehli;
                          (ii) in the case of the detention of a person in pursuance of an order of detention
        made by the Government of any State (other than a Union territory), the High Court for
            that State; and
                          (iii) in the case of the detention of a person in pursuance of an order of detention
        made by the administrator of a Union territory or an officer or authority subordinate to such
           administrator, such High Court as may be specified by or under any law made by
          Parliament in this behalf."".",definition,,,PENDING_HUMAN_REVIEW,,
572ca6c588cb95f3,What does Article 169 state about Abolition or creation of Legislative Councils in States?,"(1)
Notwithstanding anything in article 168, Parliament may by law provide for the
abolition of the Legislative Council of a State having such a Council or for the
creation of such a Council in a State having no such Council, if the Legislative
Assembly of the State passes a resolution to that effect by a majority of the
total membership of the Assembly and by a majority of not less than two-thirds
of the members of the Assembly present and voting.",constitution_of_india.pdf,107,Article 169,"169. Abolition or creation of Legislative Councils in States.—(1)
Notwithstanding anything in article 168, Parliament may by law provide for the
abolition of the Legislative Council of a State having such a Council or for the
creation of such a Council in a State having no such Council, if the Legislative
Assembly of the State passes a resolution to that effect by a majority of the
total membership of the Assembly and by a majority of not less than two-thirds
of the members of the Assembly present and voting.
       (2) Any law referred to in clause (1) shall contain such provisions for the
amendment of this Constitution as may be necessary to give effect to the
provisions of the law and may also contain such supplemental, incidental and
consequential provisions as Parliament may deem necessary.
       (3) No such law as aforesaid shall be deemed to be an amendment of this
Constitution for the purposes of article 368.
       4[170. Composition of the Legislative Assemblies.—(1) Subject to the
provisions of article 333, the Legislative Assembly of each State shall consist
of not more than five hundred, and not less than sixty, members chosen by
direct election from territorial constituencies in the State.
       (2) For the purposes of clause (1), each State shall be divided into
territorial constituencies in such manner that the ratio between the population
of each constituency and the number of seats allotted to  it shall, so far as
practicable, be the same throughout the State.
______________________________________________

2. The words ""Tamil Nadu"" ins. by the Tamil Nadu Legislative Council Act, 2010
  (16 of 2010), s. 3 (date to be notified).
2. Subs. by the Andhra Pradesh Reorganisation Act, 2014 (6 of 2014), s. 96, for ""Tamil
  Nadu"" (w.e.f. 1-6-2014).
3. Subs. by the West Bengal Legislative Council (Abolition) Act, 1969 (20 of 1969), s. 4
   for ""Uttar Pradesh and West Bengal"" (w.e.f. 1-8-1969).
4. Subs. by  the Constitution (Seventh Amendment) Act, 1956,  s.  9,  for  art, 170
   (w.e.f. 1-11-1956).",direct_factual,,,PENDING_HUMAN_REVIEW,,
422de96f39cef733,"According to the passage, what happens if a member of either House of Parliament or of a House of the Legislature of any State be elected President?","if a member of either House of Parliament or of a House of the
Legislature of any State be elected President, he shall be deemed to have
vacated his seat in that House on the date on which he enters upon his office as
President.",constitution_of_india.pdf,59,Article 59,"59. Conditions of President's office.—(1) The President shall not be a
member of either House of Parliament or of a House of the Legislature of any
State, and if a member of either House of Parliament or of a House of the
Legislature of any State be elected President, he shall be deemed to have
vacated his seat in that House on the date on which he enters upon his office as
President.
       (2) The President shall not hold any other office of profit.
       (3) The President shall be entitled without payment of rent to the use of
his  official  residences and  shall  be  also  entitled  to  such emoluments,
allowances and privileges as may be determined by Parliament by law and,
until provision in that behalf is so made, such emoluments, allowances and
privileges as are specified in the Second Schedule.
       (4) The emoluments and allowances of the President  shall not be
diminished during his term of office.",scenario,,,PENDING_HUMAN_REVIEW,,
ce34018b95d03ac2,How does Article 2 define appointed day?,"“appointed day” means such date as the Central Government
     may, by  notification in the  Official Gazette, appoint as the date  for
       acquisition of territories from Bangladesh and transfer of the territories to
      Bangladesh in pursuance of the India-Bangladesh agreement and  its
       protocol, after causing the territories to be so acquired and transferred as
       referred to in the First Schedule and Second Schedule and demarcated for the
      purpose;",constitution_of_india.pdf,382,Article 2,"2. Definitions.—In this Act,—
              (a) “acquired territory” means so much of the territories comprised in
       the India-Bangladesh agreement and its protocol and referred to in the
       First Schedule as are demarcated for the purpose of being acquired by
       India from Bangladesh in pursuance of the agreement and its protocol
       referred to in clause (c);
              (b) “appointed day” means such date as the Central Government
     may, by  notification in the  Official Gazette, appoint as the date  for
       acquisition of territories from Bangladesh and transfer of the territories to
      Bangladesh in pursuance of the India-Bangladesh agreement and  its
       protocol, after causing the territories to be so acquired and transferred as
       referred to in the First Schedule and Second Schedule and demarcated for the
      purpose;
               (c) “India-Bangladesh agreement” means the agreement between the
      Government of the Republic of India and the Government of the People’s
      Republic  of Bangladesh  concerning  the Demarcation  of  the Land
     Boundary between India and Bangladesh and Related Matters dated the
      16th day of May, 1974, Exchange of Letters dated the  26th day of
      December, 1974, the 30th day of December, 1974, the 7th day of October,
      1982, the 26th day of March, 1992 and protocol to the said agreement dated
       the 6th day of September, 2011, entered into between the Governments of
       India and Bangladesh, the relevant extracts of which are set out in the
      Third Schedule;
______________________________________________
   31st day of July, 2015, vide notification No. S.O. 2094(E), dated 31st July, 2015.

                              351",definition,,,PENDING_HUMAN_REVIEW,,
13a1d2c5b2144934,What does Article 203 state about Procedure in Legislature with respect to estimates?,"(1) So
much of the estimates as relates to expenditure charged upon the Consolidated
Fund of a State shall not be submitted to the vote of the Legislative Assembly,",constitution_of_india.pdf,123,Article 203,"203. Procedure in Legislature with respect to estimates.—(1) So
much of the estimates as relates to expenditure charged upon the Consolidated
Fund of a State shall not be submitted to the vote of the Legislative Assembly,",direct_factual,,,PENDING_HUMAN_REVIEW,,
92b08e608a2515de,"According to the passage, what happens if a member of either House of Parliament— (a) becomes subject to any of the disqualifications mentioned in 3[clause (1) or clause (2) of article 102]?","If a member of either House of Parliament—
          (a) becomes subject to any of the disqualifications mentioned in
       3[clause (1) or clause (2) of article 102]; or
           4[(b) resigns his seat by writing under his hand addressed to the
     Chairman or the Speaker, as the case may be, and his resignation is
      accepted by the Chairman or the Speaker, as the case may be,]
his seat shall thereupon become vacant:",constitution_of_india.pdf,76,,"45          THE CONSTITUTION OF INDIA

                         (Part V.—The Union)

       (2) No person shall be a member both of Parliament and of a House of
the Legislature of a State 1***, and if a person is chosen a member both of
Parliament and of a House of the Legislature of 2[a  State], then, at the
expiration of such period as may be specified in rules made by the President,
that person’s seat in Parliament shall become vacant, unless he has previously
resigned his seat in the Legislature of the State.
       (3) If a member of either House of Parliament—
          (a) becomes subject to any of the disqualifications mentioned in
       3[clause (1) or clause (2) of article 102]; or
           4[(b) resigns his seat by writing under his hand addressed to the
     Chairman or the Speaker, as the case may be, and his resignation is
      accepted by the Chairman or the Speaker, as the case may be,]
his seat shall thereupon become vacant:
       5[Provided that in the case of any resignation referred to in sub-clause (b),
if from information received or otherwise and after making such inquiry as he
thinks fit, the Chairman or the Speaker, as the case may be, is satisfied that
such  resignation  is  not  voluntary  or  genuine, he  shall  not  accept such
resignation.]
       (4) If for a period of sixty days a member of either House of Parliament
is without permission of the House absent from all meetings thereof, the House
may declare his seat vacant:
      Provided that in computing the said period of sixty days no account shall
be taken of any period during which the House is prorogued or is adjourned for
more than four consecutive days.

______________________________________________
1. The words and letters ""specified in Part A or Part B of the First Schedule"" omitted by
   the Constitution (Seventh Amendment) Act, 1956, s. 29 and Sch. (w.e.f. 1-11-1956).
2. Subs. by s. 29 and Sch., ibid., for ""such a State"" (w.e.f. 1-11-1956).
   See the Prohibition of Simultaneous Membership Rules, 1950, published with the
  Ministry of Law, notifn. No. F. 46/50-C, dated the 26th January, 1950, Gazette of
   India, Extraordinary, P. 678.
3. Subs. by the Constitution (Fifty-second Amendment) Act, 1985, s. 2, for ""cl. (1) of art.
  102"" (w.e.f. 1-3-1985).
4. Subs. by the Constitution (Thirty-third Amendment) Act, 1974, s. 2 (w.e.f. 19-5-1974).
5. Ins. by s.2, ibid. (w.e.f. 19-5-1974).",scenario,,,PENDING_HUMAN_REVIEW,,
db45f1ce5fb0d7d4,How does the Act define High Court''?,"""High Court'' means a High Court which
exercises, or which at any time before the commencement of this Constitution
exercised, jurisdiction in any part of the territory of India.
      Explanation II.—In computing for the purpose of this clause the period
during which a person has been an advocate, any period during which a person has
held judicial office not inferior to that of a  district judge after he became an
advocate shall be included.
       (4) A Judge of the Supreme Court shall not be removed from his office
except by an order of the President passed after an address by each House of
Parliament supported by a majority of the total membership of that House and by a
majority of not less than two-thirds of the members of that House present and voting
has been presented to the President in the same session for such removal on the
ground of proved misbehaviour or incapacity.
       (5) Parliament may by law regulate the procedure for the presentation of an
address and for the investigation and proof of the misbehaviour or incapacity of a
Judge under clause (4).
       (6) Every person appointed to be a Judge of the Supreme Court shall,
before he enters upon his office, make and subscribe before the President, or
some person appointed in that behalf by him, an oath or affirmation according
to the form set out for the purpose in the Third Schedule.
       (7) No person who has held office as a Judge of the Supreme Court shall
plead or act in any court or before any authority within the territory of India.
      2[124A. National Judicial Appointments Commission.—(1) There
shall be a Commission to be known as the National Judicial Appointments
Commission consisting of the following, namely:—
______________________________________________
1. Ins. by the Constitution (Fifteenth Amendment) Act, 1963, s. 2 (w.e.f. 5-10-1963).
2. Ins. by the Constitution (Ninety-ninth Amendment) Act, 2014,  s. 3   (w.e.f. 13-4-2015). This
  amendment has been struck down by the Supreme Court in the case of Supreme Court Advocates-
   on-Record Association and another Vs Union  of India  in  its judgment dated 16-10-2015,
  AIR 2016 SC 117.",constitution_of_india.pdf,89,,"58          THE CONSTITUTION OF INDIA

                         (Part V.—The Union)

      1[(2A) The age of a Judge of the Supreme Court shall be determined by
such authority and in such manner as Parliament may by law provide.]
       (3) A person shall not be qualified for appointment as a Judge of the
Supreme Court unless he is a citizen of India and—
             (a) has been for at least five years a Judge of a High Court or of
     two or more such Courts in succession; or
             (b) has been for at least ten years an advocate of a High Court or
      of two or more such Courts in succession; or
              (c) is, in the opinion of the President, a distinguished jurist.
      Explanation I.—In this clause ""High Court'' means a High Court which
exercises, or which at any time before the commencement of this Constitution
exercised, jurisdiction in any part of the territory of India.
      Explanation II.—In computing for the purpose of this clause the period
during which a person has been an advocate, any period during which a person has
held judicial office not inferior to that of a  district judge after he became an
advocate shall be included.
       (4) A Judge of the Supreme Court shall not be removed from his office
except by an order of the President passed after an address by each House of
Parliament supported by a majority of the total membership of that House and by a
majority of not less than two-thirds of the members of that House present and voting
has been presented to the President in the same session for such removal on the
ground of proved misbehaviour or incapacity.
       (5) Parliament may by law regulate the procedure for the presentation of an
address and for the investigation and proof of the misbehaviour or incapacity of a
Judge under clause (4).
       (6) Every person appointed to be a Judge of the Supreme Court shall,
before he enters upon his office, make and subscribe before the President, or
some person appointed in that behalf by him, an oath or affirmation according
to the form set out for the purpose in the Third Schedule.
       (7) No person who has held office as a Judge of the Supreme Court shall
plead or act in any court or before any authority within the territory of India.
      2[124A. National Judicial Appointments Commission.—(1) There
shall be a Commission to be known as the National Judicial Appointments
Commission consisting of the following, namely:—
______________________________________________
1. Ins. by the Constitution (Fifteenth Amendment) Act, 1963, s. 2 (w.e.f. 5-10-1963).
2. Ins. by the Constitution (Ninety-ninth Amendment) Act, 2014,  s. 3   (w.e.f. 13-4-2015). This
  amendment has been struck down by the Supreme Court in the case of Supreme Court Advocates-
   on-Record Association and another Vs Union  of India  in  its judgment dated 16-10-2015,
  AIR 2016 SC 117.",definition,,,PENDING_HUMAN_REVIEW,,
ab3dcdd35b54fc05,What does Article 107 state about Provisions as to introduction and passing of Bills?,"(1) Subject
to the provisions of articles 109 and 117 with respect to Money Bills and other
financial Bills, a Bill may originate in either House of Parliament.",constitution_of_india.pdf,79,Article 107,"107. Provisions as to introduction and passing of Bills.—(1) Subject
to the provisions of articles 109 and 117 with respect to Money Bills and other
financial Bills, a Bill may originate in either House of Parliament.
       (2) Subject to the provisions of articles 108 and 109, a Bill shall not be
deemed to have been passed by the Houses of Parliament unless it has been
agreed to by both Houses, either without amendment or with such amendments
only as are agreed to by both Houses.
       (3) A Bill pending in Parliament  shall not lapse by reason of the
prorogation of the Houses.
       (4) A Bill pending in the Council of States which has not been passed by
the House of the People shall not lapse on a dissolution of the House of the
People.
       (5) A Bill which is pending in the House of the People, or which having
been passed by the House of the People is pending in the Council of States,
shall, subject to the provisions of article 108, lapse on a dissolution of the
House of the People.",direct_factual,,,PENDING_HUMAN_REVIEW,,
87313bacaa56e9bf,"According to the passage, what happens if the High Court— (a) has on appeal reversed an order of acquittal of an accused person and sentenced him to death?","if the High Court—
          (a) has on appeal reversed an order of acquittal of an accused person
     and sentenced him to death; or
          (b) has withdrawn for trial before itself any case from any court
      subordinate to its authority and has in such trial convicted the accused
      person and sentenced him to death;",constitution_of_india.pdf,93,,"62          THE CONSTITUTION OF INDIA

                         (Part V.—The Union)

       1(2)*           *           *           *           *
       (3) Where such a certificate is given, 2*** any party in the case may
appeal to the Supreme Court on the ground that any such question as aforesaid
has been wrongly decided 2***.
      Explanation.—For the purposes of this  article, the expression “final
order” includes an order deciding an issue which, if decided in favour of the
appellant, would be sufficient for the final disposal of the case.
      133. Appellate jurisdiction of the Supreme Court in appeals from
High Courts in regard to civil matters.—3[(1) An appeal shall lie to the
Supreme Court from any judgment, decree or final order in a civil proceeding
of a High Court in the territory of India 4[if the High Court certifies under
article 134A—]
          (a) that the case involves a substantial question of law of general
      importance; and
          (b) that in the opinion of the High Court the said question needs to be
      decided by the Supreme Court.]
       (2) Notwithstanding anything in article 132, any party appealing to the
Supreme Court under clause (1) may urge as one of the grounds in such appeal
that a substantial question of law as to the interpretation of this Constitution has
been wrongly decided.
       (3) Notwithstanding anything in this article, no appeal shall, unless Parliament
by law otherwise provides, lie to the Supreme Court from the judgment, decree or final
order of one Judge of a High Court.
      134. Appellate jurisdiction of the Supreme Court in regard to
criminal matters.—(1) An appeal shall lie to the Supreme Court from any
judgment, final order or sentence in a criminal proceeding of a High Court in
the territory of India if the High Court—
          (a) has on appeal reversed an order of acquittal of an accused person
     and sentenced him to death; or
          (b) has withdrawn for trial before itself any case from any court
      subordinate to its authority and has in such trial convicted the accused
      person and sentenced him to death; or
           (c) 5[certifies under article 134A] that the case is a fit one for appeal
       to the Supreme Court:
______________________________________________
1. Cl. (2) omitted by the Constitution (Forty-fourth Amendment) Act, 1978, s. 17, for ""if
   the High Court certifies"" (w.e.f. 1-8-1979).
2. Certain words omitted by s. 17, ibid. (w.e.f. 1-8-1979).
3. Subs. by  the  Constitution  (Thirtieth Amendment) Act, 1972,  s.  2,  for  cl.  (1)
   (w.e.f. 27-2-1973).
4. Subs. by the Constitution (Forty-fourth Amendment) Act, 1978, s.18, for ""if the High
  Court certifies.—"" (w.e.f. 1-8-1979).
5. Subs. by s. 19, ibid., for ""certifies"" (w.e.f. 1-8-1979).",scenario,,,PENDING_HUMAN_REVIEW,,
11b72b470087854d,How does Article 243 define Gram Sabha?,"“Gram Sabha” means a body consisting of persons registered in
      the electoral rolls relating to a village comprised within the area of
      Panchayat at the village level;",constitution_of_india.pdf,150,Article 243,"243. Definitions.—In this Part, unless the context otherwise requires,—
          (a) “district” means a district in a State;
          (b) “Gram Sabha” means a body consisting of persons registered in
      the electoral rolls relating to a village comprised within the area of
      Panchayat at the village level;
           (c) “intermediate level” means a level between the  village and
        district levels specified by the Governor of a State by public notification
       to be the intermediate level for the purposes of this Part;
          (d) “Panchayat” means an institution (by whatever name called) of
      self-government constituted under article 243B, for the rural areas;
           (e) “Panchayat area” means the territorial area of a Panchayat;
             (f) “Population” means the population as ascertained at the  last
      preceding census of which the relevant figures have been published;
          (g) “village” means a village specified by the Governor by public
       notification to be a village for the purposes of this Part and includes a
      group of villages so specified.",definition,,,PENDING_HUMAN_REVIEW,,
67c7c85b52dcab80,What does Article 146 state about Officers and servants and the expenses of the Supreme Court?,"(1) Appointments of officers and servants of the Supreme Court shall be made
by the Chief Justice of India or such other Judge or officer of the Court as he
may direct:

      Provided that the President may by rule require that in such cases as may
be specified in the rule, no person not already attached to the Court shall be
appointed to any office connected with the Court, save after consultation with
the Union Public Service Commission.",constitution_of_india.pdf,98,Article 146,"146. Officers and servants and the expenses of the Supreme Court.—
(1) Appointments of officers and servants of the Supreme Court shall be made
by the Chief Justice of India or such other Judge or officer of the Court as he
may direct:

      Provided that the President may by rule require that in such cases as may
be specified in the rule, no person not already attached to the Court shall be
appointed to any office connected with the Court, save after consultation with
the Union Public Service Commission.

       (2) Subject to the provisions of any law made by Parliament, the
conditions of service of officers and servants of the Supreme Court shall be
such as may be prescribed by  rules made by the Chief Justice of India or by
some other Judge or officer of the Court authorised by the Chief Justice of
India to make rules for the purpose:

      Provided that the rules made under this clause shall, so far as they relate
to salaries, allowances, leave or pensions, require the approval of the President.

       (3) The administrative expenses of the Supreme Court, including all
salaries, allowances and pensions payable to or in respect of the officers and
servants of the Court, shall be charged upon the Consolidated Fund of India,
and any fees or other moneys taken by the Court shall form part of that Fund.",direct_factual,,,PENDING_HUMAN_REVIEW,,
92bf7037f5e07787,"According to the passage, what happens if so what?","if so what, advice was tendered by
Ministers to the President shall not be inquired into in any court.",constitution_of_india.pdf,65,Article 74,"74. Council of Ministers to aid and advise President.—1[(1) There shall
be a Council of Ministers with the Prime Minister at the head to aid and advise
the President who shall, in the exercise of his functions, act in accordance with
such advice:]
      2[Provided that the President may require the Council of Ministers to
reconsider such advice, either generally or otherwise, and the President shall act
in accordance with the advice tendered after such reconsideration.]
       (2) The question whether any, and if so what, advice was tendered by
Ministers to the President shall not be inquired into in any court.",scenario,,,PENDING_HUMAN_REVIEW,,
9eedc88a068488ed,How does the Act define corporation tax?,"(6) “corporation tax” means any tax on income, so far as that tax
        is payable by companies and is a tax in the case of which the following
      conditions are fulfilled:—
                    (a)  that  it  is not chargeable in  respect  of  agricultural
            income;",constitution_of_india.pdf,254,,"223          THE CONSTITUTION OF INDIA

                               (Part XIX.—MISCELLANEOUS)

             (2) “an Anglo-Indian” means a person whose father or any of
     whose other male progenitors in the male line is or was of European
      descent but who is domiciled within the territory of India and is or was
      born within such territory of parents habitually resident therein and not
       established there for temporary purposes only;
             (3) “article” means an article of this Constitution;
             (4) “borrow” includes the  raising of money by the grant of
       annuities, and “loan” shall be construed accordingly;
            1[(4A)*            *        *               *]
             (5) “clause” means a clause of the article in which the expression
      occurs;
             (6) “corporation tax” means any tax on income, so far as that tax
        is payable by companies and is a tax in the case of which the following
      conditions are fulfilled:—
                    (a)  that  it  is not chargeable in  respect  of  agricultural
            income;
                    (b)  that no  deduction  in  respect  of  the  tax  paid by
           companies is, by any enactments which may apply to the tax,
             authorised to be made from dividends payable by the companies
             to individuals;
                     (c) that no provision exists for taking the tax so paid into
            account in computing for the purposes of Indian income-tax the
               total income  of  individuals  receiving such  dividends,  or  in
           computing the Indian income-tax payable by, or refundable to,
           such individuals;
             (7) “corresponding Province”, “corresponding Indian State” or
      “corresponding State” means in cases of doubt such Province, Indian
       State  or  State as may be determined by the President  to be  the
      corresponding  Province,  the  corresponding  Indian  State  or  the
      corresponding State, as the case may be, for the particular purpose in
       question;


______________________________________________
1. Cl. (4A) was ins. by the Constitution  (Forty-second Amendment)  Act, 1976, s. 54
   (w.e.f. 1-2-1977) and subsequently omitted by the Constitution (Forty-third Amendment)
  Act, 1977, s. 11 (w.e.f. 13-4-1978).",definition,,,PENDING_HUMAN_REVIEW,,
32117d850f59c542,"What does Article 279 state about Calculation of “net proceeds”, etc?","(1)  In  the  foregoing
provisions of this Chapter, “net proceeds” means in relation to any tax or duty
the proceeds thereof reduced by the cost of collection, and for the purposes of
those provisions the net proceeds of any tax or duty, or of any part of any tax or
duty, in or attributable to any area shall be ascertained and certified by the
Comptroller and Auditor-General of India, whose certificate shall be final.",constitution_of_india.pdf,190,Article 279,"279.  Calculation  of  “net  proceeds”,  etc.—(1)  In  the  foregoing
provisions of this Chapter, “net proceeds” means in relation to any tax or duty
the proceeds thereof reduced by the cost of collection, and for the purposes of
those provisions the net proceeds of any tax or duty, or of any part of any tax or
duty, in or attributable to any area shall be ascertained and certified by the
Comptroller and Auditor-General of India, whose certificate shall be final.
       (2) Subject as aforesaid, and to any other express provision of this
Chapter, a law made by Parliament or an order of the President may, in any
case where under this Part the proceeds of any duty or tax are, or may be,
assigned to any State, provide for the manner in which the proceeds are to be
calculated, for the time from or  at which and the manner in which any
payments are to be made, for the making of adjustments between one financial
year and another, and for any other incidental or ancillary matters.

______________________________________________
1. Subs. by the Constitution (Sixtieth Amendment) Act, 1988, s. 2, for ""two hundred and
   fifty rupees"" (w.e.f. 20-12-1988).
2. Proviso omitted by s.2, ibid. (w.e.f. 20-12-1988).",direct_factual,,,PENDING_HUMAN_REVIEW,,
3edf00863700a4d8,"According to the passage, what happens if it contains only provisions dealing with all or any of the following matters?","if it contains only provisions
dealing with all or any of the following matters, namely:—
           (a) the imposition, abolition, remission, alteration or regulation of any
       tax;",constitution_of_india.pdf,81,Article 110,"110. Definition  of “Money  Bills”.—(1)  For  the  purposes  of  this
Chapter, a Bill shall be deemed to be a Money Bill if it contains only provisions
dealing with all or any of the following matters, namely:—
           (a) the imposition, abolition, remission, alteration or regulation of any
       tax;
          (b) the regulation of the borrowing of money or the giving of any
      guarantee by the Government of India, or the amendment of the law with
      respect to any financial obligations undertaken or to be undertaken by
      the Government of India;
           (c) the custody of the Consolidated Fund or the Contingency Fund of
       India, the payment of moneys into or the withdrawal of moneys from any
      such Fund;
           (d) the appropriation of moneys out of the Consolidated Fund of India;
           (e) the declaring of any expenditure to be expenditure charged on the
      Consolidated Fund of India or the increasing of the amount of any such
      expenditure;",scenario,,,PENDING_HUMAN_REVIEW,,
986c34db3467e00f,How does the Act define remunerative political post?,"“remunerative political post” means any office—
                      (i) under  the Government of India or the Government of a
             State where the salary or remuneration   for  such office is paid
            out of the public revenue of the Government of India or the
           Government of the State, as the case may be;",constitution_of_india.pdf,251,,"220          THE CONSTITUTION OF INDIA

                               (Part XIX.—MISCELLANEOUS)

      1[361A. Protection of publication of proceedings of Parliament and
State Legislatures.—(1) No person shall be liable to any proceedings, civil or
criminal, in any court in respect of the publication in a newspaper of a
substantially true report of any proceedings of either House of Parliament or the
Legislative Assembly, or, as the case may be, either House of the Legislature,
of a State, unless the publication is proved to have been made with malice:
      Provided that nothing in this clause shall apply to the publication of any
report of the proceedings of a secret sitting of either House of Parliament or the
Legislative Assembly, or, as the case may be, either House of the Legislature,
of a State.
       (2) Clause (1) shall apply in relation to reports or matters broadcast by
means of wireless telegraphy as part of any programme or service provided by
means of a broadcasting station as it applies in relation to reports or matters
published in a newspaper.
      Explanation.—In this article, “newspaper” includes a news agency report
containing material for publication in a newspaper.]
      2[361B. Disqualification for appointment on remunerative political
post.—A member  of a House  belonging  to any  political  party who  is
disqualified for being a member of the House under paragraph 2 of the Tenth
Schedule shall also be disqualified to hold any remunerative political post for
duration of the period commencing from the date of his disqualification  till the
date on which the term of his office as such member would expire or till the
date on which he contests an election to a House and is declared  elected,
whichever is earlier.
      Explanation.— For the purposes of this article,—
          (a)  the  expression  “House”  has  the meaning assigned to it in
      clause (a) of paragraph 1 of the Tenth Schedule;
          (b) the expression “remunerative political post” means any office—
                      (i) under  the Government of India or the Government of a
             State where the salary or remuneration   for  such office is paid
            out of the public revenue of the Government of India or the
           Government of the State, as the case may be; or

______________________________________________
1. Art. 361A ins. by the Constitution (Forty-fourth Amendment) Act, 1978, s. 42
   (w.e.f. 20-6-1979).
2. Art. 361B ins. by the Constitution (Ninety-first Amendment) Act, 2003, s. 4
    (w.e.f. 1-1-2004).",definition,,,PENDING_HUMAN_REVIEW,,
a35a2c17bbd0c16f,What does Article 14 state about Equality before law?,"The State shall not deny to any person
equality before the law or the equal protection of the laws within the territory of
India.",constitution_of_india.pdf,37,Article 14,"14. Equality before law.—The State shall not deny to any person
equality before the law or the equal protection of the laws within the territory of
India.
      15. Prohibition of discrimination on grounds of religion, race, caste,
sex or place of birth.—(1) The State shall not discriminate against any citizen
on grounds only of religion, race, caste, sex, place of birth or any of them.
       (2) No citizen shall, on grounds only of religion, race, caste, sex, place of
birth or any of them, be subject to any disability,  liability, restriction or
condition with regard to—

______________________________________________
1. Ins. by the Constitution (Twenty-fourth Amendment) Act, 1971, s. 2 (w.e.f. 5-11-1971).

                               6",direct_factual,,,PENDING_HUMAN_REVIEW,,
cda4837293ded5d7,"According to the passage, what happens if he is of unsound mind and stands so declared by a competent court?","if he is of unsound mind and stands so declared by a competent
       court;
           (c) if he is an undischarged insolvent;",constitution_of_india.pdf,77,Article 102,"102. Disqualifications  for  membership.—(1) A  person  shall  be
disqualified for being chosen as, and for being, a member of either House of
Parliament—
           1[(a)  if he holds any office of profit under the Government of India
      or the Government of any State, other than an  office declared by
      Parliament by law not to disqualify its holder;]
          (b) if he is of unsound mind and stands so declared by a competent
       court;
           (c) if he is an undischarged insolvent;
          (d) if he is not a citizen of India, or has voluntarily acquired the
       citizenship of a foreign State, or  is under any acknowledgment of
       allegiance or adherence to a foreign State;
           (e) if he is so disqualified by or under any law made by Parliament.
      2[Explanation.—For the purposes of this clause] a person shall not be
deemed to hold an office of profit under the Government of India or the
Government of any State by reason only that he is a Minister either for the
Union or for such State.
       3[(2) A person shall be disqualified for being a member of either House
of Parliament if he is so disqualified under the Tenth Schedule.]
      4[103. Decision on questions as to disqualifications of members.—
(1) If any question arises as to whether a member of either House of Parliament
has become subject to any of the disqualifications mentioned in clause (1) of
article 102, the question shall be referred for the decision of the President and
his decision shall be final.
______________________________________________
1. Subs. by the Constitution (Forty-second Amendment) Act, 1976, s. 19 to read as ""(a) if
  he holds any such office of profit under the Government of India or the Government of
  any State as is declared by Parliament by law to disqualify  its holder"" (date not
   notified). This amendment was omitted by the Constitution (Forty-fourth Amendment)
   Act, 1978, s. 45 (w.e.f. 20-6-1979).
2. Subs. by the Constitution (Fifty-second Amendment) Act, 1985, s. 3, for ""(2) for the
  purposes of this art."" (w.e.f. 1-3-1985).
3. Ins. by s. 3, ibid. (w.e.f. 1-3-1985).
4. Subs. by the Constitution (Forty-second Amendment) Act, 1976, s. 20, for art. 103
   (w.e.f. 3-1-1977) and further subs. by the Constitution (Forty-fourth Amendment)
  Act, 1978, s. 14, for art. 103 (w.e.f. 20-6-1979).",scenario,,,PENDING_HUMAN_REVIEW,,
07157042a11311a0,How does the Act define Hill Areas?,"“Hill Areas” means such
areas as the President may, by order, declare to be Hill areas.]
      3[371D. Special provisions with respect to 4[the State of Andhra
Pradesh or the State of Telangana].—5[(1) The President may by order made
with respect  to the State of Andhra Pradesh or the State of Telangana, provide,
having regard to the requirement of each State, for equitable opportunities and
facilities for the people belonging to different parts of such State, in the matter
of public employment and in the matter of education, and different provisions
may be made for various parts of the States.]
______________________________________________
1. Subs. by the North-Eastern Areas (Reorganisation) Act, 1971 (81 of 1971), s. 71, for
   ""Part A"" (w.e.f. 21-1-1972).
2. Art 371C  ins. by the Constitution (Twenty-seventh Amendment) Act, 1971,  s. 5
   (w.e.f. 15-2-1972).
3. Art 371D and Art 371E ins. by the Constitution (Thirty-second Amendment) Act,
  1973, s. 3 (w.e.f. 1-7-1974).
4. Subs. by the Andhra Pradesh Reorganisation Act, 2014, (6 of 2014), s. 97, for “the
   State of Andhra Pradesh” (w.e.f. 2-6-2014).
5. Subs. by s. 97, ibid, for cl. (1) (w.e.f. 2-6-2014).",constitution_of_india.pdf,268,,"237          THE CONSTITUTION OF INDIA

               (Part XXI.—Temporary, Transitional and Special Provisions)

members of that Assembly elected from the tribal areas specified in 1[Part I] of
the table appended to paragraph 20 of the Sixth Schedule and such number of
other members of that Assembly as may be specified in the order and for the
modifications to be made in the rules of procedure of that Assembly for the
constitution and proper functioning of such committee.]
      2[371C. Special provision with respect to the State of Manipur.—(1)
Notwithstanding anything in this Constitution, the President may, by order made
with respect to the State of Manipur, provide for the constitution and functions of
a committee of the Legislative Assembly of the State  consisting of members of
that Assembly elected from the Hill Areas of that State, for the modifications to
be made in the rules of business of the Government and in the rules of procedure
of the Legislative Assembly of the State and for any special responsibility of the
Governor in order to secure the proper functioning of such committee.

       (2) The Governor shall annually, or whenever so required by the President,
make a report to the President regarding the administration of the Hill Areas in
the State of Manipur and the executive power of the Union shall extend to the
giving of directions to the State as to the administration of the said areas.

      Explanation.—In this article, the expression “Hill Areas” means such
areas as the President may, by order, declare to be Hill areas.]
      3[371D. Special provisions with respect to 4[the State of Andhra
Pradesh or the State of Telangana].—5[(1) The President may by order made
with respect  to the State of Andhra Pradesh or the State of Telangana, provide,
having regard to the requirement of each State, for equitable opportunities and
facilities for the people belonging to different parts of such State, in the matter
of public employment and in the matter of education, and different provisions
may be made for various parts of the States.]
______________________________________________
1. Subs. by the North-Eastern Areas (Reorganisation) Act, 1971 (81 of 1971), s. 71, for
   ""Part A"" (w.e.f. 21-1-1972).
2. Art 371C  ins. by the Constitution (Twenty-seventh Amendment) Act, 1971,  s. 5
   (w.e.f. 15-2-1972).
3. Art 371D and Art 371E ins. by the Constitution (Thirty-second Amendment) Act,
  1973, s. 3 (w.e.f. 1-7-1974).
4. Subs. by the Andhra Pradesh Reorganisation Act, 2014, (6 of 2014), s. 97, for “the
   State of Andhra Pradesh” (w.e.f. 2-6-2014).
5. Subs. by s. 97, ibid, for cl. (1) (w.e.f. 2-6-2014).",definition,,,PENDING_HUMAN_REVIEW,,
4236ad92e4da9614,What does Article 3B state about Additional powers of the Bodoland Territorial Council to make laws?,"(1) Without
   prejudice to the provisions of paragraph 3, the Bodoland Territorial Council within its areas
   shall have power to make laws with respect to :—
                   (i) agriculture, including agricultural education and research, protection against
      pests and prevention of plant diseases;  (ii) animal husbandry and veterinary, that is to say,
      preservation, protection and improvement of stock and prevention of animal diseases,
      veterinary training and practice, cattle pounds; (iii) co-operation;  (iv) cultural affairs; (v)
      education, that is to say, primary education, higher secondary including vocational training,
      adult education, college education (general); (vi) fisheries; (vii) flood control for protection
      of village, paddy fields, markets and towns (not of technical nature); (viii) Food and civil",constitution_of_india.pdf,316,Article 3B,"3B. Additional powers of the Bodoland Territorial Council to make laws.—(1) Without
   prejudice to the provisions of paragraph 3, the Bodoland Territorial Council within its areas
   shall have power to make laws with respect to :—
                   (i) agriculture, including agricultural education and research, protection against
      pests and prevention of plant diseases;  (ii) animal husbandry and veterinary, that is to say,
      preservation, protection and improvement of stock and prevention of animal diseases,
      veterinary training and practice, cattle pounds; (iii) co-operation;  (iv) cultural affairs; (v)
      education, that is to say, primary education, higher secondary including vocational training,
      adult education, college education (general); (vi) fisheries; (vii) flood control for protection
      of village, paddy fields, markets and towns (not of technical nature); (viii) Food and civil",direct_factual,,,PENDING_HUMAN_REVIEW,,
4e0a79bd3492043f,"According to the passage, what happens if a person is chosen a member both of Parliament and of a House of the Legislature of 2[a State]?","if a person is chosen a member both of
Parliament and of a House of the Legislature of 2[a  State], then, at the
expiration of such period as may be specified in rules made by the President,
that person’s seat in Parliament shall become vacant, unless he has previously
resigned his seat in the Legislature of the State.",constitution_of_india.pdf,76,,"45          THE CONSTITUTION OF INDIA

                         (Part V.—The Union)

       (2) No person shall be a member both of Parliament and of a House of
the Legislature of a State 1***, and if a person is chosen a member both of
Parliament and of a House of the Legislature of 2[a  State], then, at the
expiration of such period as may be specified in rules made by the President,
that person’s seat in Parliament shall become vacant, unless he has previously
resigned his seat in the Legislature of the State.
       (3) If a member of either House of Parliament—
          (a) becomes subject to any of the disqualifications mentioned in
       3[clause (1) or clause (2) of article 102]; or
           4[(b) resigns his seat by writing under his hand addressed to the
     Chairman or the Speaker, as the case may be, and his resignation is
      accepted by the Chairman or the Speaker, as the case may be,]
his seat shall thereupon become vacant:
       5[Provided that in the case of any resignation referred to in sub-clause (b),
if from information received or otherwise and after making such inquiry as he
thinks fit, the Chairman or the Speaker, as the case may be, is satisfied that
such  resignation  is  not  voluntary  or  genuine, he  shall  not  accept such
resignation.]
       (4) If for a period of sixty days a member of either House of Parliament
is without permission of the House absent from all meetings thereof, the House
may declare his seat vacant:
      Provided that in computing the said period of sixty days no account shall
be taken of any period during which the House is prorogued or is adjourned for
more than four consecutive days.

______________________________________________
1. The words and letters ""specified in Part A or Part B of the First Schedule"" omitted by
   the Constitution (Seventh Amendment) Act, 1956, s. 29 and Sch. (w.e.f. 1-11-1956).
2. Subs. by s. 29 and Sch., ibid., for ""such a State"" (w.e.f. 1-11-1956).
   See the Prohibition of Simultaneous Membership Rules, 1950, published with the
  Ministry of Law, notifn. No. F. 46/50-C, dated the 26th January, 1950, Gazette of
   India, Extraordinary, P. 678.
3. Subs. by the Constitution (Fifty-second Amendment) Act, 1985, s. 2, for ""cl. (1) of art.
  102"" (w.e.f. 1-3-1985).
4. Subs. by the Constitution (Thirty-third Amendment) Act, 1974, s. 2 (w.e.f. 19-5-1974).
5. Ins. by s.2, ibid. (w.e.f. 19-5-1974).",scenario,,,PENDING_HUMAN_REVIEW,,
055835356965c7f4,How does the Act define corresponding State?,"“corresponding State” means in cases of doubt such Province, Indian
       State  or  State as may be determined by the President  to be  the
      corresponding  Province,  the  corresponding  Indian  State  or  the
      corresponding State, as the case may be, for the particular purpose in
       question;",constitution_of_india.pdf,254,,"223          THE CONSTITUTION OF INDIA

                               (Part XIX.—MISCELLANEOUS)

             (2) “an Anglo-Indian” means a person whose father or any of
     whose other male progenitors in the male line is or was of European
      descent but who is domiciled within the territory of India and is or was
      born within such territory of parents habitually resident therein and not
       established there for temporary purposes only;
             (3) “article” means an article of this Constitution;
             (4) “borrow” includes the  raising of money by the grant of
       annuities, and “loan” shall be construed accordingly;
            1[(4A)*            *        *               *]
             (5) “clause” means a clause of the article in which the expression
      occurs;
             (6) “corporation tax” means any tax on income, so far as that tax
        is payable by companies and is a tax in the case of which the following
      conditions are fulfilled:—
                    (a)  that  it  is not chargeable in  respect  of  agricultural
            income;
                    (b)  that no  deduction  in  respect  of  the  tax  paid by
           companies is, by any enactments which may apply to the tax,
             authorised to be made from dividends payable by the companies
             to individuals;
                     (c) that no provision exists for taking the tax so paid into
            account in computing for the purposes of Indian income-tax the
               total income  of  individuals  receiving such  dividends,  or  in
           computing the Indian income-tax payable by, or refundable to,
           such individuals;
             (7) “corresponding Province”, “corresponding Indian State” or
      “corresponding State” means in cases of doubt such Province, Indian
       State  or  State as may be determined by the President  to be  the
      corresponding  Province,  the  corresponding  Indian  State  or  the
      corresponding State, as the case may be, for the particular purpose in
       question;


______________________________________________
1. Cl. (4A) was ins. by the Constitution  (Forty-second Amendment)  Act, 1976, s. 54
   (w.e.f. 1-2-1977) and subsequently omitted by the Constitution (Forty-third Amendment)
  Act, 1977, s. 11 (w.e.f. 13-4-1978).",definition,,,PENDING_HUMAN_REVIEW,,
5ae4717c2e44d14a,What does Article 10 state about Continuance of the rights of citizenship?,"Every person who is or
is deemed to be a citizen of India under any of the foregoing provisions of this
Part shall, subject to the provisions of any law that may be made by Parliament,
continue to be such citizen.",constitution_of_india.pdf,36,Article 10,"10. Continuance of the rights of citizenship.—Every person who is or
is deemed to be a citizen of India under any of the foregoing provisions of this
Part shall, subject to the provisions of any law that may be made by Parliament,
continue to be such citizen.",direct_factual,,,PENDING_HUMAN_REVIEW,,
e168357ede2845f0,"According to the passage, what happens if for a period of sixty days a member of a House of the Legislature of a State is without permission of the House absent from all meetings thereof?","If for a period of sixty days a member of a House of the Legislature
of a State is without permission of the House absent from all meetings thereof,
the House may declare his seat vacant:
      Provided that in computing the said period of sixty days no account shall
be taken of any period during which the House is prorogued or is adjourned for
more than four consecutive days.",constitution_of_india.pdf,116,Article 190,"190. Vacation of seats.—(1) No person shall be a member of both
Houses of the Legislature of a State and provision shall be made by the
Legislature of the State by law for the vacation by a person who is chosen a
member of both Houses of his seat in one house or the other.
       (2) No person shall be a member of the Legislatures of two or more
States specified in the First Schedule and if a person is chosen a member of the
Legislatures of two or more such States, then, at the expiration of such period
as may be specified in rules1 made by the President, that person's seat in the
Legislatures of all such States shall become vacant, unless he has previously
resigned his seat in the Legislatures of all but one of the States.
       (3) If a member of a House of the Legislature of a State—
           (a) becomes subject to any of the disqualifications mentioned in
       2[clause (1) or clause (2) of article 191]; or
           3[(b) resigns his seat by writing under his hand addressed to the
      speaker or the Chairman, as the case may be, and his resignation is
      accepted by the Speaker or the Chairman, as the case may be,]
his seat shall thereupon become vacant:
      4[Provided that in the case of any resignation referred to in sub-clause (b),
if from information received or otherwise and after making such inquiry as he
thinks fit, the Speaker or the Chairman, as the case may be, is satisfied that such
resignation is not voluntary or genuine, he shall not accept such resignation.]
       (4) If for a period of sixty days a member of a House of the Legislature
of a State is without permission of the House absent from all meetings thereof,
the House may declare his seat vacant:
      Provided that in computing the said period of sixty days no account shall
be taken of any period during which the House is prorogued or is adjourned for
more than four consecutive days.
______________________________________________
1. See the Prohibition of Simultaneous Membership Rules, 1950 published by the
  Ministry of Law Notification number F. 46/50-C, dated the 26th January, 1950,
  Gazette of India, Extraordinary, p. 678.
2. Subs. by the Constitution (Fifty-second Amendment) Act, 1985, s. 4, for ""clause (1) of
   article 191"" (w.e.f. 1-3-1985).
3 Subs. by the Constitution (Thirty-third Amendment) Act, 1974, s. 3 (w.e.f. 19-5-1974).
4. Ins. by s. 3, ibid. (w.e.f. 19-5-1974).",scenario,,,PENDING_HUMAN_REVIEW,,
ee98cd9c860ea75c,How does Article 366 define agricultural income?,"(1) “agricultural income” means agricultural income as defined
       for the purposes of the enactments relating to Indian income-tax;",constitution_of_india.pdf,253,Article 366,"366. Definitions.—In this Constitution, unless the context otherwise
requires, the following expressions have the meanings hereby respectively
assigned to them, that is to say—
             (1) “agricultural income” means agricultural income as defined
       for the purposes of the enactments relating to Indian income-tax;",definition,,,PENDING_HUMAN_REVIEW,,
92ade377a05e7775,What does Article 109 state about Special procedure in respect of Money Bills?,"(1) A Money Bill
shall not be introduced in the Council of States.",constitution_of_india.pdf,80,Article 109,"109. Special procedure in respect of Money Bills.—(1) A Money Bill
shall not be introduced in the Council of States.",direct_factual,,,PENDING_HUMAN_REVIEW,,
bca637b2ee27bf77,"According to the passage, what happens if enacted in an Act of the Legislature of the Union ______________________________________________ 1. Ins. by the Constitution (Twenty-seventh Amendment) Act?","if enacted in an Act of the Legislature of the Union


______________________________________________
1. Ins. by the Constitution (Twenty-seventh Amendment) Act, 1971, s.",constitution_of_india.pdf,147,,"116          THE CONSTITUTION OF INDIA

                       (Part VIII.—The Union Territories)

article for such period and subject to such conditions as may be specified in
such law and make such incidental and consequential provisions as may appear
to him to be necessary or expedient for administering the National Capital
Territory in accordance with the provisions of article 239 and article 239AA.]
      1[239B. Power of administrator to promulgate Ordinances during
recess of Legislature.—(1) If at any time, except when the Legislature of 2[the
Union territory of 3[Puducherry]]  is in session, the administrator thereof is
satisfied that circumstances exist which render  it necessary for him to take
immediate action, he may promulgate such Ordinances as the circumstances
appear to him to require:
      Provided  that  no  such  Ordinance  shall  be  promulgated  by  the
administrator except after obtaining instructions from the President in that
behalf:
      Provided further that whenever the said Legislature is dissolved, or its
functioning remains suspended on account of any action taken under any such
law as is referred to in clause (1) of article 239A, the administrator shall not
promulgate any Ordinance during the period of such dissolution or suspension.
       (2) An Ordinance promulgated under  this  article  in pursuance  of
instructions from the President shall be deemed to be an Act of the Legislature
of the Union  territory which has been duly enacted after complying with the
provisions in that behalf contained in any such law as is referred to in clause (1)
of article 239A, but every such Ordinance—
             (a) shall be laid before the Legislature of the Union territory and
       shall cease to operate at the expiration of six weeks from the reassembly
      of the Legislature or if, before the expiration of that period, a resolution
      disapproving  it is passed by the Legislature, upon the passing of the
       resolution; and
             (b) may be withdrawn at any time by the administrator after
      obtaining instructions from the President in that behalf.
       (3) If and so far as an Ordinance under this article makes any provision
which would not be valid if enacted in an Act of the Legislature of the Union


______________________________________________
1. Ins. by the Constitution (Twenty-seventh Amendment) Act, 1971, s. 3 (w.e.f. 30-12-1971).
2. Subs. by the Goa, Daman and Diu Reorganisation Act, 1987 (18 of 1987) s. 63, for ""a Union
   territory referred to in clause (1) article 239A"" (w.e.f. 30-5-1987).
3. Subs. by  the Pondicherry  (Alteration of Name) Act, 2006  (44 of 2006),  s.  4,  for
   ""Pondicherry"" (w.e.f. 1-10-2006).",scenario,,,PENDING_HUMAN_REVIEW,,
a09d4bcd17249431,How does the Act define goods and services tax?,"“goods and services tax” means any tax on supply of
      goods, or services or both except taxes on the supply of the alcoholic
       liquor for human consumption];",constitution_of_india.pdf,255,,"224          THE CONSTITUTION OF INDIA

                               (Part XIX.—MISCELLANEOUS)

             (8) “debt” includes any liability in respect of any obligation to
      repay capital sums by way of annuities and any liability under any
      guarantee, and “debt charges” shall be construed accordingly;
             (9) “estate duty” means a duty to be assessed on or by reference to
      the principal value, ascertained in accordance with such rules as may be
      prescribed by or under laws made by Parliament or the Legislature of a
       State relating to the duty, of all property passing upon death or deemed,
      under the provisions of the said laws, so to pass;
             (10) “existing law” means any law, Ordinance, order, bye-law,
       rule or regulation passed or made before the commencement of this
      Constitution by any Legislature, authority or person having power to
     make such a law, Ordinance, order, bye-law, rule or regulation;
             (11) “Federal Court” means the Federal Court constituted under
      the Government of India Act, 1935;
             (12) “goods” includes all materials, commodities, and articles;
            1[(12A) “goods and services tax” means any tax on supply of
      goods, or services or both except taxes on the supply of the alcoholic
       liquor for human consumption];
             (13) “guarantee” includes any obligation undertaken before the
     commencement of this Constitution to make payments in the event of the
       profits of an undertaking falling short of a specified amount;
             (14) “High Court” means any Court which is deemed for the
      purposes of this Constitution to be a High Court for any State and
      includes—
                    (a) any Court  in  the  territory  of  India  constituted or
             reconstituted under this Constitution as a High Court; and
                    (b) any other Court in the territory of India which may be
            declared by Parliament by law to be a High Court for all or any of
             the purposes of this Constitution;
             (15) “Indian State” means any territory which the Government of
      the Dominion of India recognised as such a State;

______________________________________________
1. Ins. by the Constitution (One Hundred and First Amendment) Act, 2016, s. 14(i)
   (w.e.f. 16-9-2016).",definition,,,PENDING_HUMAN_REVIEW,,
b310a4548135748e,What does Article 141 state about Law declared by Supreme Court to be binding on all courts?,"The law declared by the Supreme Court shall be binding on all courts within
the territory of India.",constitution_of_india.pdf,96,Article 141,"141. Law declared by Supreme Court to be binding on all courts.—
The law declared by the Supreme Court shall be binding on all courts within
the territory of India.
      142. Enforcement of decrees and orders of the Supreme Court and
orders as to discovery, etc.—(1) The Supreme Court in the exercise of its
jurisdiction may pass such decree or make such order as is necessary for doing
complete justice in any cause or matter pending before it, and any decree so
passed or order so made shall be enforceable throughout the territory of India in
such manner as may be prescribed by or under any law made by Parliament
and, until provision in that behalf is so made, in such manner as the President
may by order1 prescribe.
       (2) Subject  to the provisions of any law made in  this behalf by
Parliament, the Supreme Court shall, as respects the whole of the territory of
India, have all and every power to make any order for the purpose of securing
the attendance of any person, the discovery or production of any documents, or
the investigation or punishment of any contempt of itself.",direct_factual,,,PENDING_HUMAN_REVIEW,,
1ac1f34080ef7a09,"According to the passage, what happens if he holds any office of profit under the Government of India or the Government of any State?","if he holds any office of profit under the Government of India
      or the Government of any State, other than an  office declared by
      Parliament by law not to disqualify its holder;",constitution_of_india.pdf,77,Article 102,"102. Disqualifications  for  membership.—(1) A  person  shall  be
disqualified for being chosen as, and for being, a member of either House of
Parliament—
           1[(a)  if he holds any office of profit under the Government of India
      or the Government of any State, other than an  office declared by
      Parliament by law not to disqualify its holder;]
          (b) if he is of unsound mind and stands so declared by a competent
       court;
           (c) if he is an undischarged insolvent;
          (d) if he is not a citizen of India, or has voluntarily acquired the
       citizenship of a foreign State, or  is under any acknowledgment of
       allegiance or adherence to a foreign State;
           (e) if he is so disqualified by or under any law made by Parliament.
      2[Explanation.—For the purposes of this clause] a person shall not be
deemed to hold an office of profit under the Government of India or the
Government of any State by reason only that he is a Minister either for the
Union or for such State.
       3[(2) A person shall be disqualified for being a member of either House
of Parliament if he is so disqualified under the Tenth Schedule.]
      4[103. Decision on questions as to disqualifications of members.—
(1) If any question arises as to whether a member of either House of Parliament
has become subject to any of the disqualifications mentioned in clause (1) of
article 102, the question shall be referred for the decision of the President and
his decision shall be final.
______________________________________________
1. Subs. by the Constitution (Forty-second Amendment) Act, 1976, s. 19 to read as ""(a) if
  he holds any such office of profit under the Government of India or the Government of
  any State as is declared by Parliament by law to disqualify  its holder"" (date not
   notified). This amendment was omitted by the Constitution (Forty-fourth Amendment)
   Act, 1978, s. 45 (w.e.f. 20-6-1979).
2. Subs. by the Constitution (Fifty-second Amendment) Act, 1985, s. 3, for ""(2) for the
  purposes of this art."" (w.e.f. 1-3-1985).
3. Ins. by s. 3, ibid. (w.e.f. 1-3-1985).
4. Subs. by the Constitution (Forty-second Amendment) Act, 1976, s. 20, for art. 103
   (w.e.f. 3-1-1977) and further subs. by the Constitution (Forty-fourth Amendment)
  Act, 1978, s. 14, for art. 103 (w.e.f. 20-6-1979).",scenario,,,PENDING_HUMAN_REVIEW,,
639663603114c3f2,How does Article 1 define House?,"""House"" means either House of Parliament or the Legislative
      Assembly or, as the case may be, either House of the Legislature of a State;",constitution_of_india.pdf,376,Article 1,"1. Interpretation.—In this Schedule, unless the context otherwise requires,—
              (a) ""House"" means either House of Parliament or the Legislative
      Assembly or, as the case may be, either House of the Legislature of a State;
             (b)  ""legislature  party"",  in  relation to a member of a House
      belonging to any political party in accordance with the provisions of
      paragraph 2 or 2*** paragraph 4, means the group consisting of all the
     members of that House for the time being belonging to that political
      party in accordance with the said provisions;
              (c) ""original political party"", in relation to a member of a House,
     means the political party to which he belongs for the purposes of sub-
      paragraph (1) of paragraph 2;
             (d) ""paragraph"" means a paragraph of this Schedule.",definition,,,PENDING_HUMAN_REVIEW,,
ee805fff24342b82,What does Article 187 state about Secretariat of State Legislature?,"(1) The House or each House
of the Legislature of a State shall have a separate secretarial staff:
      Provided that nothing in this clause shall, in the case of the Legislature
of a State having a Legislative Council, be construed as preventing the creation
of posts common to both Houses of such Legislature.",constitution_of_india.pdf,114,Article 187,"187. Secretariat of State Legislature.—(1) The House or each House
of the Legislature of a State shall have a separate secretarial staff:
      Provided that nothing in this clause shall, in the case of the Legislature
of a State having a Legislative Council, be construed as preventing the creation
of posts common to both Houses of such Legislature.
       (2) The Legislature of a State may by law regulate the recruitment, and
the conditions of service of persons appointed, to the secretarial staff of the
House or Houses of the Legislature of the State.",direct_factual,,,PENDING_HUMAN_REVIEW,,
3b0fd86fbb782ad8,"According to the passage, what happens if it deems it expedient so to do for the ends of justice?","if it deems it expedient so to do for the ends
of justice, transfer any case, appeal or other proceedings pending before any
High Court to any other High Court.",constitution_of_india.pdf,95,Article 138,"138. Enlargement of the jurisdiction of the Supreme Court.—(1) The
Supreme Court shall have such further jurisdiction and powers with respect to
any of the matters in the Union List as Parliament may by law confer.
       (2) The Supreme Court shall have such further jurisdiction and powers
with respect to any matter as the Government of India and the Government of
any State may by special agreement confer, if Parliament by law provides for
the exercise of such jurisdiction and powers by the Supreme Court.
      139. Conferment on the Supreme Court of powers to issue certain
writs.—Parliament may by law confer on the Supreme Court power to issue
directions, orders or writs, including writs in the nature of habeas corpus,
mandamus, prohibition, quo warranto and certiorari, or any of them, for any
purposes other than those mentioned in clause (2) of article 32.
      1[139A. Transfer of certain cases.—2[(1) Where cases involving the
same or  substantially the same questions of law are pending before the
Supreme Court and one or more High Courts or before two or more High
Courts and the Supreme Court  is  satisfied on  its own motion or on an
application made by the Attorney-General of India or by a party to any such
case that such questions are substantial questions of general importance, the
Supreme Court may withdraw the case or cases pending before the High Court
or the High Courts and dispose of all the cases itself:
      Provided  that  the Supreme Court may  after determining  the  said
questions of law return any case so withdrawn together with a copy of its
judgment on such questions to the High Court from which the case has been
withdrawn, and the High Court shall on receipt thereof, proceed to dispose of
the case in conformity with such judgment.]
       (2) The Supreme Court may, if it deems it expedient so to do for the ends
of justice, transfer any case, appeal or other proceedings pending before any
High Court to any other High Court.]",scenario,,,PENDING_HUMAN_REVIEW,,
73ad87045f3fde56,How does the Act define Central List?,"“Central List” means the list of socially and educationally  backward classes
prepared and maintained by and for the Central Government.
       (3) Notwithstanding any contained in clauses (1) and (2), every State or
Union territory may, by law, prepare and maintain, for its own purposes, a list
of socially and educationally backward  classes,  entries in which may be
different from the Central List.]





______________________________________________
1. Art 342 A ins. by the Constitution (One Hundred and Second Amendment) Act, 2018,
   s. 4   (w.e.f. 15-8-2018).
2. Subs. by the Constitution (One Hundred and Fifth Amendment) Act, 2021, s. 3    for
   socially and educationally backward classes which shall for the purposes of the
   Constitution (w.e.f. 15-9-2021).
3. Ins. by the Constitution (One Hundred and  Fifth Amendment) Act, 2021,  s. 3
   (w.e.f. 15-9-2021).",constitution_of_india.pdf,233,,"202          THE CONSTITUTION OF INDIA

               (Part XVI.—Special Provisions Relating to Certain Classes)

      1[342A.  Socially and  educationally backward  classes.—(1) The
President may with respect to any State or Union territory, and where it is a
State, after consultation with the Governor thereof, by public notification,
specify 2[the socially and educationally backward classes in the Central List
which shall for the purposes of  the Central Government] be deemed to be
socially and educationally backward classes in relation to that State or Union
territory, as the case may be.
       (2) Parliament may by law include in or exclude from the Central List of
socially and educationally backward classes specified in a notification issued
under clause (1) any socially and educationally backward class, but save as
aforesaid a notification issued under the said clause shall not be varied by any
subsequent notification.]
      3[Explanation.—For the purposes of clauses (1) and (2), the expression
“Central List” means the list of socially and educationally  backward classes
prepared and maintained by and for the Central Government.
       (3) Notwithstanding any contained in clauses (1) and (2), every State or
Union territory may, by law, prepare and maintain, for its own purposes, a list
of socially and educationally backward  classes,  entries in which may be
different from the Central List.]





______________________________________________
1. Art 342 A ins. by the Constitution (One Hundred and Second Amendment) Act, 2018,
   s. 4   (w.e.f. 15-8-2018).
2. Subs. by the Constitution (One Hundred and Fifth Amendment) Act, 2021, s. 3    for
   socially and educationally backward classes which shall for the purposes of the
   Constitution (w.e.f. 15-9-2021).
3. Ins. by the Constitution (One Hundred and  Fifth Amendment) Act, 2021,  s. 3
   (w.e.f. 15-9-2021).",definition,,,PENDING_HUMAN_REVIEW,,
0995b94314da358f,What does Article 312 state about All-India services?,"(1) Notwithstanding anything in 1[Chapter VI
of Part VI or Part XI],  if the Council of States has declared by resolution
supported by not less than two-thirds of the members present and voting that it
is necessary or expedient in the national interest so to do, Parliament may by
law provide for the creation of one  or more all India services 2[(including an
all-India judicial service)] common to the Union and the States, and, subject to
the  other  provisions  of  this  Chapter,  regulate  the  recruitment, and  the
conditions of service of persons appointed, to any such service.",constitution_of_india.pdf,206,Article 312,"312. All-India services.—(1) Notwithstanding anything in 1[Chapter VI
of Part VI or Part XI],  if the Council of States has declared by resolution
supported by not less than two-thirds of the members present and voting that it
is necessary or expedient in the national interest so to do, Parliament may by
law provide for the creation of one  or more all India services 2[(including an
all-India judicial service)] common to the Union and the States, and, subject to
the  other  provisions  of  this  Chapter,  regulate  the  recruitment, and  the
conditions of service of persons appointed, to any such service.

       (2) The services known at the commencement of this Constitution as the
Indian Administrative Service and the Indian Police Service shall be deemed to
be services created by Parliament under this article.

       2[(3) The all-India judicial   service referred to in clause (1) shall not
include any post inferior to that of a district judge as defined in article 236.

       (4) The law providing for the creation of the all-India judicial service
aforesaid may contain such provisions for the amendment of Chapter VI of
Part VI as may be necessary for giving effect to the provisions of that law and
no such law shall be deemed to be an amendment of this Constitution for the
purposes of article 368.]

      3[312A. Power of Parliament to vary or revoke conditions of service
of officers of certain services.—(1) Parliament may by law—

             (a) vary or revoke, whether prospectively or retrospectively, the
      conditions of services as respects remuneration, leave and pension and
      the rights as respects disciplinary matters of persons who, having been
      appointed by the Secretary of State or Secretary of State in Council to a
       civil service of the Crown in India before the commencement  of this
       Constitution,  continue  on  and  after  the  commencement  of  the
      Constitution (Twenty-eighth Amendment) Act, 1972, to serve under the
     Government of India or of a State in any service or post;

______________________________________________
1. Subs. by the Constitution (Forty-second Amendment) Act, 1976, s. 45, for ""Part XI""
   (w.e.f. 3-1-1977).
2. Ins. by  s. 45, ibid. (w.e.f. 3-1-1977).
3. Ins. by the Constitution (Twenty-eighth Amendment) Act, 1972, s. 2 (w.e.f. 29-8-1972).",direct_factual,,,PENDING_HUMAN_REVIEW,,
3e4a747e7cc40768,"According to the passage, what happens if he is of opinion that the Anglo-Indian community needs representation in the Legislative Assembly of the State and is not adequately represented therein?","if he is of opinion that the Anglo-Indian
community needs representation in the Legislative Assembly of the State and is
not adequately represented therein, 3[nominate one member of that community
to the Assembly].",constitution_of_india.pdf,223,,"192          THE CONSTITUTION OF INDIA

               (Part XVI.—Special Provisions Relating to Certain Classes)

Assam, the representation of the Scheduled Tribes and non-Scheduled Tribes in
the constituencies included in the Bodoland  Territorial Areas  District, so
notified, and existing prior to the constitution of Bodoland Territorial Areas
District, shall be maintained.]
      1[332A.  Reservation  of    seats  for women  in  the  Legislative
Assemblies of the States.— (1) Seats shall be reserved for women in the
Legislative Assembly of every State.
       (2) As nearly as may be, one-third of the total number of seats reserved
under clause (3) of article 332 shall be reserved for women belonging to the
Scheduled Castes or the Scheduled Tribes.
       (3) As nearly as may be  , one-third (including the number of seats
reserved for women belonging to the Scheduled Castes and the Sceduled
Tribes) of the total number of seats to be filled by direct election in the
Legislative Assembly of every State shall be reserved for women.]
      333.  Representation  of  the  Anglo-Indian  community  in  the
Legislative Assemblies of the States.—Notwithstanding anything in article
170, the Governor 2*** of a State may, if he is of opinion that the Anglo-Indian
community needs representation in the Legislative Assembly of the State and is
not adequately represented therein, 3[nominate one member of that community
to the Assembly].
      334. 4[Reservation of seats and special representation to cease after
certain period].—Notwithstanding anything in the foregoing provisions of this
Part, the provisions of this Constitution relating to—
             (a) the reservation of seats for the Scheduled Castes and the
      Scheduled Tribes in the House of the People and in the Legislative
      Assemblies of the States; and
             (b) the representation of the Anglo-Indian community in the
     House of  the People and in the Legislative Assemblies of the States by
      nomination,

______________________________________________
1.Ins. by the Constitution (One Hundred and Sixth Amendment) Act, 2023, s.4 (date yet to be
   notified).
2. The words ""or Rajpramukh"" omitted by the Constitution (Seventh Amendment) Act, 1956,
    s. 29 and Sch. (w.e.f. 1-11-1956).
3. Subs. by the Constitution (Twenty-third Amendment) Act, 1969, s. 4, for ""nominate such
  number of members of the community to the Assembly as he considers appropriate""
   (w.e.f. 23-1-1970).
4. Subs. by the Constitution (One hundred and fourth Amendment) Act, 2019, s. 2,  for
  marginal heading (w.e.f. 25-1-2020).",scenario,,,PENDING_HUMAN_REVIEW,,
3354fc56684c082f,How does the Act define Federal Court?,"(11) “Federal Court” means the Federal Court constituted under
      the Government of India Act, 1935;",constitution_of_india.pdf,255,,"224          THE CONSTITUTION OF INDIA

                               (Part XIX.—MISCELLANEOUS)

             (8) “debt” includes any liability in respect of any obligation to
      repay capital sums by way of annuities and any liability under any
      guarantee, and “debt charges” shall be construed accordingly;
             (9) “estate duty” means a duty to be assessed on or by reference to
      the principal value, ascertained in accordance with such rules as may be
      prescribed by or under laws made by Parliament or the Legislature of a
       State relating to the duty, of all property passing upon death or deemed,
      under the provisions of the said laws, so to pass;
             (10) “existing law” means any law, Ordinance, order, bye-law,
       rule or regulation passed or made before the commencement of this
      Constitution by any Legislature, authority or person having power to
     make such a law, Ordinance, order, bye-law, rule or regulation;
             (11) “Federal Court” means the Federal Court constituted under
      the Government of India Act, 1935;
             (12) “goods” includes all materials, commodities, and articles;
            1[(12A) “goods and services tax” means any tax on supply of
      goods, or services or both except taxes on the supply of the alcoholic
       liquor for human consumption];
             (13) “guarantee” includes any obligation undertaken before the
     commencement of this Constitution to make payments in the event of the
       profits of an undertaking falling short of a specified amount;
             (14) “High Court” means any Court which is deemed for the
      purposes of this Constitution to be a High Court for any State and
      includes—
                    (a) any Court  in  the  territory  of  India  constituted or
             reconstituted under this Constitution as a High Court; and
                    (b) any other Court in the territory of India which may be
            declared by Parliament by law to be a High Court for all or any of
             the purposes of this Constitution;
             (15) “Indian State” means any territory which the Government of
      the Dominion of India recognised as such a State;

______________________________________________
1. Ins. by the Constitution (One Hundred and First Amendment) Act, 2016, s. 14(i)
   (w.e.f. 16-9-2016).",definition,,,PENDING_HUMAN_REVIEW,,
3d53d915a3a62d99,What does Article 162 state about Extent of executive power of State?,"Subject to the provisions of
this Constitution, the executive power of a State shall extend to the matters with
respect to which the Legislature of the State has power to make laws:
      Provided that in any matter with respect to which the Legislature of a
State and Parliament have power to make laws, the executive power of the
State  shall be subject  to, and limited by, the executive power expressly
conferred by this Constitution or by any law made by Parliament upon the
Union or authorities thereof.",constitution_of_india.pdf,103,Article 162,"162. Extent of executive power of State.—Subject to the provisions of
this Constitution, the executive power of a State shall extend to the matters with
respect to which the Legislature of the State has power to make laws:
      Provided that in any matter with respect to which the Legislature of a
State and Parliament have power to make laws, the executive power of the
State  shall be subject  to, and limited by, the executive power expressly
conferred by this Constitution or by any law made by Parliament upon the
Union or authorities thereof.
                          Council of Ministers",direct_factual,,,PENDING_HUMAN_REVIEW,,
487892ee06d0580c,"According to the passage, what happens if the office of Deputy Chairman is also vacant?","if the office of Deputy Chairman is
also vacant, by such member of the Council of States as the President may
appoint for the purpose.",constitution_of_india.pdf,72,Article 89,"89. The Chairman and Deputy Chairman of the Council of States.—(1)
The Vice- President of India shall be ex officio Chairman of the Council of States.
       (2) The Council of States shall, as soon as may be, choose a member of
the Council to be Deputy Chairman thereof and, so often as the office of
Deputy Chairman becomes vacant, the Council shall choose another member to
be Deputy Chairman thereof.
      90. Vacation and resignation of, and removal from, the office of
Deputy Chairman.—A member holding office as Deputy Chairman of the
Council of States—
          (a) shall vacate his office if he ceases to be a member of the Council;
          (b) may at any time, by writing under his hand addressed to the
      Chairman, resign his office; and
           (c) may be removed from his office by a resolution of the Council
      passed by a majority of all the then members of the Council:
      Provided that no resolution for the purpose of clause (c) shall be moved
unless at least fourteen days’ notice has been given of the intention to move the
resolution.
      91. Power of the Deputy Chairman or other person to perform the
duties of the office of, or to act as, Chairman.—(1) While the office of
Chairman is vacant, or during any period when the Vice-President is acting as,
or discharging the functions of, President, the duties of the office shall be
performed by the Deputy Chairman, or, if the office of Deputy Chairman is
also vacant, by such member of the Council of States as the President may
appoint for the purpose.
       (2) During the absence of the Chairman from any sitting of the Council of
States the Deputy Chairman, or,  if he is also absent, such person as may be
determined by the rules of procedure of the Council, or, if no such person is present,
such other person as may be determined by the Council, shall act as Chairman.
      92. The Chairman or the Deputy Chairman not to preside while a
resolution for his removal from office is under consideration.—(1) At any
sitting of the Council of States, while any resolution for the removal of the
Vice-President from his office is under consideration, the Chairman, or while
any resolution for the removal of the Deputy Chairman from his office is under
consideration, the Deputy Chairman, shall not, though he is present, preside,
and the provisions of clause (2) of article 91 shall apply in relation to every
such sitting as they apply in relation to a sitting from which the Chairman, or,
as the case may be, the Deputy Chairman, is absent.",scenario,,,PENDING_HUMAN_REVIEW,,
e7e01c7100e68bb8,How does the Act define Schedule?,(23) “Schedule” means a Schedule to this Constitution;,constitution_of_india.pdf,256,,"225          THE CONSTITUTION OF INDIA

                               (Part XIX.—MISCELLANEOUS)

             (16) “Part” means a Part of this Constitution;
             (17) “pension” means a pension, whether contributory or not, of
     any kind whatsoever payable to or in respect of any person, and includes
       retired pay so payable; a gratuity so payable and any sum or sums so
      payable by way of the return, with or without interest thereon or any
      other addition thereto, of subscriptions to a provident fund;
             (18) “Proclamation of Emergency” means a Proclamation issued
      under clause (1) of article 352;
             (19) “public notification” means a notification in the Gazette of
       India, or, as the case may be, the Official Gazette of a State;
             (20) “railway” does not include—
                 (a) a tramway wholly within a municipal area; or
                 (b) any other line of communication wholly situate in one State
           and declared by Parliament by law not to be a railway;
             1[(21)*               *               *                *]
             2[(22) “Ruler” means the Prince, Chief or other person who, at any
      time  before  the commencement  of  the  Constitution  (Twenty-sixth
     Amendment) Act, 1971, was recognised by the President as the Ruler of
     an  Indian  State  or  any  person  who,  at  any  time  before  such
     commencement, was recognised by the President as the successor of
      such Ruler;]
             (23) “Schedule” means a Schedule to this Constitution;
             (24) “Scheduled Castes” means such castes, races or tribes or
       parts of or groups within such castes, races or tribes as are deemed under
       article 341 to be Scheduled Castes for the purposes of this Constitution;
             (25) “Scheduled Tribes” means such tribes or tribal communities
      or parts of or groups within such tribes or tribal communities as are
     deemed under article 342 to be Scheduled Tribes for the purposes of this
       Constitution;
______________________________________________
1. Cl. (21) omitted by the Constitution (Seventh Amendment) Act, 1956, s. 29 and Sch.
   (w.e.f. 1-11-1956).
2. Subs. by the Constitution (Twenty-sixth Amendment) Act, 1971, s. 4 (w.e.f. 28-12-1971).",definition,,,PENDING_HUMAN_REVIEW,,
80d8b81d624c116d,What does Article 323A state about Administrative tribunals?,"(1) Parliament may, by law, provide
for  the  adjudication  or  trial by  administrative  tribunals  of  disputes and
complaints with respect to recruitment and conditions of service of persons
appointed to public services and posts in connection with the affairs of the
Union or of any State or of any local or other authority within the territory of
India or under the control of the Government of India or of any corporation
owned or controlled by the Government.",constitution_of_india.pdf,214,Article 323A,"323A. Administrative tribunals.—(1) Parliament may, by law, provide
for  the  adjudication  or  trial by  administrative  tribunals  of  disputes and
complaints with respect to recruitment and conditions of service of persons
appointed to public services and posts in connection with the affairs of the
Union or of any State or of any local or other authority within the territory of
India or under the control of the Government of India or of any corporation
owned or controlled by the Government.
       (2) A law made under clause (1) may—
          (a) provide for the establishment of an administrative tribunal for the
     Union and a separate administrative tribunal for each State or for two or
     more States;
          (b) specify the jurisdiction, powers (including the power to punish for
      contempt) and authority which may be exercised by each of the said
       tribunals;
           (c) provide for the procedure (including provisions as to limitation
     and rules of evidence) to be followed by the said tribunals;
          (d) exclude the jurisdiction of all courts, except the jurisdiction of the
     Supreme Court under  article 136,  with  respect  to the  disputes or
      complaints referred to in clause (1);
           (e) provide for the transfer to each such administrative tribunal of any
      cases pending before any court or other authority immediately before the
      establishment of such tribunal as would have been within the jurisdiction
      of such  tribunal  if  the causes  of  action on which such  suits  or
      proceedings are based had arisen after such establishment;
             (f) repeal or amend any order made by the President under clause (3)
      of article 371D;
          (g)  contain  such  supplemental,  incidental  and  consequential
      provisions (including provisions as to fees) as Parliament may deem
      necessary for the effective functioning of, and for the speedy disposal of
      cases by, and the enforcement of the orders of, such tribunals.

______________________________________________
1. Ins. by the Constitution (Forty-second Amendment) Act, 1976, s. 46 (w.e.f. 3-1-1977).
                              183",direct_factual,,,PENDING_HUMAN_REVIEW,,
b892bcd69c9d798e,"According to the passage, what happens if at any time during a meeting of the Legislative Assembly or the Legislative Council of a State there is no quorum?","If at any time during a meeting of the Legislative Assembly or the
Legislative Council of a State there is no quorum, it shall be the duty of the
Speaker or Chairman, or person acting as such, either to adjourn the House or
to suspend the meeting until there is a quorum.",constitution_of_india.pdf,115,Article 188,"188. Oath  or  affirmation by members.—Every member  of  the
Legislative Assembly or the Legislative Council of a State shall, before taking
his seat, make and subscribe before the Governor, or some person appointed in
that behalf by him, an oath or affirmation according to the form set out for the
purpose in the Third Schedule.
      189. Voting in Houses, power of Houses to act notwithstanding
vacancies and quorum.—(1) Save as otherwise provided in this Constitution,
all questions at any sitting of a House of the Legislature of a State shall be
determined by a majority of votes of the members present and voting, other
than the Speaker or Chairman, or person acting as such.
     The Speaker or Chairman, or person acting as such, shall not vote in the
first instance, but shall have and exercise a casting vote in the case of an
equality of votes.
       (2) A House of the Legislature of a State shall have power to act
notwithstanding any vacancy in the membership thereof, and any proceedings
in the Legislature of a State shall be valid notwithstanding that it is discovered
subsequently that some person who was not entitled so to do sat or voted or
otherwise took part in the proceedings.
       1[(3) Until the Legislature of the State by law otherwise provides, the
quorum to constitute a meeting of a House of the Legislature of a State shall be
ten members or one-tenth of the total number of members of the House,
whichever is greater.
       (4) If at any time during a meeting of the Legislative Assembly or the
Legislative Council of a State there is no quorum, it shall be the duty of the
Speaker or Chairman, or person acting as such, either to adjourn the House or
to suspend the meeting until there is a quorum.]
______________________________________________
1. Omitted by the Constitution (Forty-second Amendment) Act, 1976, s. 31 (date not
   notified). This amendment was omitted by the Constitution (Forty-fourth Amendment)
   Act, 1978, s. 45 (w.e.f. 20-6-1979).",scenario,,,PENDING_HUMAN_REVIEW,,
033f40359fdc32d0,How does Article 279 define net proceeds?,"“net proceeds” means in relation to any tax or duty
the proceeds thereof reduced by the cost of collection, and for the purposes of
those provisions the net proceeds of any tax or duty, or of any part of any tax or
duty, in or attributable to any area shall be ascertained and certified by the
Comptroller and Auditor-General of India, whose certificate shall be final.
       (2) Subject as aforesaid, and to any other express provision of this
Chapter, a law made by Parliament or an order of the President may, in any
case where under this Part the proceeds of any duty or tax are, or may be,
assigned to any State, provide for the manner in which the proceeds are to be
calculated, for the time from or  at which and the manner in which any
payments are to be made, for the making of adjustments between one financial
year and another, and for any other incidental or ancillary matters.

______________________________________________
1. Subs. by the Constitution (Sixtieth Amendment) Act, 1988, s. 2, for ""two hundred and
   fifty rupees"" (w.e.f. 20-12-1988).
2. Proviso omitted by s.2, ibid. (w.e.f. 20-12-1988).",constitution_of_india.pdf,190,Article 279,"279.  Calculation  of  “net  proceeds”,  etc.—(1)  In  the  foregoing
provisions of this Chapter, “net proceeds” means in relation to any tax or duty
the proceeds thereof reduced by the cost of collection, and for the purposes of
those provisions the net proceeds of any tax or duty, or of any part of any tax or
duty, in or attributable to any area shall be ascertained and certified by the
Comptroller and Auditor-General of India, whose certificate shall be final.
       (2) Subject as aforesaid, and to any other express provision of this
Chapter, a law made by Parliament or an order of the President may, in any
case where under this Part the proceeds of any duty or tax are, or may be,
assigned to any State, provide for the manner in which the proceeds are to be
calculated, for the time from or  at which and the manner in which any
payments are to be made, for the making of adjustments between one financial
year and another, and for any other incidental or ancillary matters.

______________________________________________
1. Subs. by the Constitution (Sixtieth Amendment) Act, 1988, s. 2, for ""two hundred and
   fifty rupees"" (w.e.f. 20-12-1988).
2. Proviso omitted by s.2, ibid. (w.e.f. 20-12-1988).",definition,,,PENDING_HUMAN_REVIEW,,
bb0ccc1e7ce19bc6,What does Article 176 state about Special address by the Governor?,"(1) At the commencement of
2[the first session after each general election to the Legislative Assembly and at
the commencement of the  first session of each year], the Governor shall
address the Legislative Assembly or, in the case of a State having a Legislative
Council, both Houses assembled together and inform the Legislature of the
causes of its summons.",constitution_of_india.pdf,111,Article 176,"176. Special address by the Governor.—(1) At the commencement of
2[the first session after each general election to the Legislative Assembly and at
the commencement of the  first session of each year], the Governor shall
address the Legislative Assembly or, in the case of a State having a Legislative
Council, both Houses assembled together and inform the Legislature of the
causes of its summons.
       (2) Provision shall be made by the rules regulating the procedure of the
House or either House for the allotment of time for discussion of the matters
referred to in such address 3***.

______________________________________________
1.  Subs. by  the  Constitution  (First Amendment)  Act,  1951,  s.  8,  for  art.174
   (w.e.f. 18-6-1951).
2. Subs. by s. 9, ibid., for ""every session"" (w.e.f. 18-6-1951).
3. The words ""and for the precedence of such discussion over other business of the
  House"" omitted by s. 9, ibid. (w.e.f. 18-6-1951).",direct_factual,,,PENDING_HUMAN_REVIEW,,
68e5d28bf64a061c,"According to the passage, what happens if any difficulty arises in so construing any part of such translation?","if any difficulty arises in so construing any part of such
translation, the President shall cause the same to be revised suitably.",constitution_of_india.pdf,283,Article 394,"394. Commencement.—This article and articles 5, 6, 7, 8, 9, 60, 324,
366, 367, 379, 380, 388, 391, 392 and 393 shall come into force at once, and
the remaining provisions of this Constitution shall come into force on the
twenty-sixth day of January, 1950, which day is referred to in this Constitution
as the commencement of this Constitution.
      2[394A. Authoritative text in the Hindi language.—(1) The President
shall cause to be published under his authority,—
             (a) the translation of this Constitution in the Hindi language,
      signed by  the members  of  the  Constituent  Assembly,  with  such
      modifications as may be necessary to bring  it in conformity with the
      language, style and terminology adopted in the authoritative texts of
      Central Acts in the Hindi language, and incorporating therein all the
     amendments of this Constitution made before such publication; and
             (b) the translation in the Hindi language of every amendment of
       this Constitution made in the English language.
       (2) The translation of this Constitution and of every amendment thereof
published under clause (1) shall be construed to have the same meaning as the
original thereof and if any difficulty arises in so construing any part of such
translation, the President shall cause the same to be revised suitably.
       (3) The translation of this Constitution and of every amendment thereof
published under this  article shall  be deemed to be, for  all purposes, the
authoritative text thereof in the Hindi language.]",scenario,,,PENDING_HUMAN_REVIEW,,
92fd152059cef474,How does Article 119 define Memorandum of Settlement?,"“Memorandum of Settlement” means the Memorandum signed on the 10th day of
   February, 2003 between Government of India, Government of Assam and Bodo
    Liberation Tigers.’.",constitution_of_india.pdf,334,Article 119,"119. Transitional provisions.—(1) As soon as possible after the
commencement of this Constitution the Governor shall take steps for the
constitution of a District Council for each autonomous district in the State
under this Schedule and, until a District Council is so constituted for an
autonomous district, the administration of such district shall be vested in the
Governor and the following provisions shall apply to the administration of
the areas within such district instead of the foregoing provisions of this
Schedule, namely:—
             (a) no Act of Parliament or of the Legislature of the State shall
      apply to any such area unless the Governor by public notification so
       directs; and the Governor in giving such a direction with respect to
     any Act may direct that the Act shall, in its application to the area or
       to any specified part thereof, have effect subject to such exceptions or
      modifications as he thinks fit;
             (b) the Governor may make regulations for the peace and good
      government of any such area and any regulations so made may repeal
      or amend any Act of Parliament or of the Legislature of the State or
     any existing law which is for the time being applicable to such area.
       (2) Any  direction given by  the Governor under  clause  (a)  of
sub-paragraph (1) of this paragraph may be given so as to have retrospective
effect.


______________________________________________
1.  Paragraph 19 has been amended in its application to the State of Assam by the
   Sixth Sch.  to  the Constitution (Amendment) Act, 2003 (44 of 2003),  s. 2
    (w.e.f. 7-9-2003), so as to insert the following sub-paragraph after sub-paragraph
    (3), namely :—
         ‘(4) As soon as possible after the commencement of this Act and Interim
   Executive Council for Bodoland Territorial Areas District in Assam shall be
   formed by the Governor from amongst leaders of the Bodo movement, including
    the signatories to the Memorandum of Settlement, and shall provide adequate
    representation to the non-tribal communities in that area:
          Provided that Interim Council shall be for a period of six months during
   which endeavour to hold the election to the Council shall be made.
          Explanation.—For the purposes of this sub-paragraph, the expression
   “Memorandum of Settlement” means the Memorandum signed on the 10th day of
   February, 2003 between Government of India, Government of Assam and Bodo
    Liberation Tigers.’.",definition,,,PENDING_HUMAN_REVIEW,,
975648be96a74c2f,What does Article 143 state about Power of the President to consult the Supreme Court?,"(1) If at
any time it appears to the President that a question of law or fact has arisen, or
is likely to arise, which is of such a nature and of such public importance that it
is expedient to obtain the opinion of the Supreme Court upon it, he may refer
the question to that Court for consideration and the Court may, after such
hearing as it thinks fit, report to the President its opinion thereon.",constitution_of_india.pdf,96,Article 143,"143. Power of the President to consult the Supreme Court.—(1) If at
any time it appears to the President that a question of law or fact has arisen, or
is likely to arise, which is of such a nature and of such public importance that it
is expedient to obtain the opinion of the Supreme Court upon it, he may refer
the question to that Court for consideration and the Court may, after such
hearing as it thinks fit, report to the President its opinion thereon.
       (2) The President may, notwithstanding anything in 2*** the proviso to
article 131, refer a dispute of the kind mentioned in the 3[said proviso] to the
Supreme Court for opinion and the Supreme Court shall, after such hearing as it
thinks fit, report to the President its opinion thereon.
      144. Civil and judicial authorities to act in aid of the Supreme
Court.—All authorities, civil and judicial, in the territory of India shall act in
aid of the Supreme Court.
      4[144A. [Special provisions as  to disposal  of questions relating to
constitutional  validity of laws.].—Omitted by the Constitution (Forty-third
Amendment) Act, 1977, s. 5 (w.e.f. 13-4-1978).]",direct_factual,,,PENDING_HUMAN_REVIEW,,
f6384930015030a3,"According to the passage, what happens if resolutions to that effect are passed by all the Houses of the Legislatures of those States?","if resolutions to that effect are passed by all
the Houses of the Legislatures of those States, it shall be lawful for Parliament
to pass an act for regulating that matter accordingly, and any Act so passed
shall apply to such States and to any other State by which  it  is adopted
afterwards by resolution passed in that behalf by the House or, where ther",constitution_of_india.pdf,178,,"147          THE CONSTITUTION OF INDIA

                     (Part XI.—Relations between the Union and the States)

      250. Power of Parliament to legislate with respect to any matter in
the State List  if a Proclamation of Emergency  is in operation.—(1)
Notwithstanding  anything  in  this  Chapter,  Parliament  shall,  while  a
Proclamation of Emergency is in operation, have power to make laws for the
whole or any part of the territory of India with respect to 1[goods and services
tax provided under article 246A or] any of the matters enumerated in the State
List.
       (2) A law made by Parliament which Parliament would not but for the
issue of a Proclamation of Emergency have been competent to make shall, to the
extent of the incompetency, cease to have effect on the expiration of a period of
six months after the Proclamation has ceased to operate, except as respects things
done or omitted to be done before the expiration of the said period.
      251. Inconsistency between laws made by Parliament under articles
249 and 250 and laws made by the Legislatures of States.—Nothing in
articles 249 and 250 shall restrict the power of the Legislature of a State to
make any law which under this Constitution it has power to make, but if any
provision of a law made by the Legislature of a State is repugnant to any
provision of a law made by Parliament which Parliament has under either of the
said articles power to make, the law made by Parliament, whether passed
before or after the law made by the Legislature of the State, shall prevail, and
the law made by the Legislature of the State shall to the extent of the
repugnancy, but so long only as the law made by Parliament continues to have
effect, be inoperative.
      252. Power of Parliament to legislate for two or more States by
consent and adoption of such legislation by any other State.—(1)  If  it
appears to the Legislatures of two or more States to be desirable that any of the
matters with respect to which Parliament has no power to make laws for the
States except as provided in articles 249 and 250 should be regulated in such
States by Parliament by law, and if resolutions to that effect are passed by all
the Houses of the Legislatures of those States, it shall be lawful for Parliament
to pass an act for regulating that matter accordingly, and any Act so passed
shall apply to such States and to any other State by which  it  is adopted
afterwards by resolution passed in that behalf by the House or, where there are
two Houses, by each of the Houses of the Legislature of that State.

______________________________________________
1. Ins. by the Constitution (One Hundred and  First Amendment) Act, 2016,  s. 5
   (w.e.f. 16-9-2016).",scenario,,,PENDING_HUMAN_REVIEW,,
63bad9b7c09c848a,How does Article 236 define judicial service?,"“judicial service” means a service consisting
      exclusively of persons intended to fill the post of district judge and other
       civil judicial posts inferior to the post of district judge.

      237. Application of the provisions of this Chapter to certain class or
classes of magistrates.—The Governor may by public notification direct that
the foregoing provisions of this Chapter and any rules made thereunder shall
with effect from such date as may be fixed by him in that behalf apply in
relation to any class or classes of magistrates in the State as they apply in
relation to persons appointed to the judicial service of the State subject to such
exceptions and modifications as may be specified in the notification.",constitution_of_india.pdf,141,Article 236,"236. Interpretation.—In this Chapter—

          (a) the expression “district judge” includes judge of a city civil court,
       additional district judge, joint district judge, assistant district judge, chief
      judge of a small cause court, chief presidency magistrate, additional
       chief presidency magistrate, sessions judge, additional sessions judge
     and assistant sessions Judge;

          (b) the expression  “judicial service” means a service consisting
      exclusively of persons intended to fill the post of district judge and other
       civil judicial posts inferior to the post of district judge.

      237. Application of the provisions of this Chapter to certain class or
classes of magistrates.—The Governor may by public notification direct that
the foregoing provisions of this Chapter and any rules made thereunder shall
with effect from such date as may be fixed by him in that behalf apply in
relation to any class or classes of magistrates in the State as they apply in
relation to persons appointed to the judicial service of the State subject to such
exceptions and modifications as may be specified in the notification.",definition,,,PENDING_HUMAN_REVIEW,,
352b3e07fb81e575,What does Article 285 state about Exemption of property of the Union from State taxation?,"(1)
The property of the Union shall, save in so far as Parliament may by law
otherwise provide, be exempt from all taxes imposed by a State or by any
authority within a State.",constitution_of_india.pdf,195,Article 285,"285. Exemption of property of the Union from State taxation.—(1)
The property of the Union shall, save in so far as Parliament may by law
otherwise provide, be exempt from all taxes imposed by a State or by any
authority within a State.
       (2) Nothing  in clause (1)  shall,  until Parliament by law otherwise
provides, prevent any authority within a State from levying any tax on any
property of the Union to which such property was immediately before the
commencement of this Constitution liable or treated as liable, so long as that
tax continues to be levied in that State.
      286. Restrictions as to imposition of tax on the sale or purchase of
goods.—(1) No law of a State shall impose, or authorise the imposition of, a
tax on 1[the supply of goods or of services or both, where such supply takes
place]—
             (a) outside the State; or
             (b) in the course of the import of the 2[goods or services or both]
       into, or export of the 2[goods or services or both] out of, the territory of
       India.
       3[*                   *                 *                  *]
       4[(2) Parliament may by law formulate principles for determining when a
5[supply of goods or of services or both] in any of the ways mentioned in
clause (1).
       6[(3) *               *                 *                  *]",direct_factual,,,PENDING_HUMAN_REVIEW,,
be8ae828af207397,"According to the passage, what happens if a resolution approving the Proclamation has been passed by the Council of States?","if a resolution
approving the Proclamation has been passed by the Council of States, but no
resolution with respect to such Proclamation has been passed by the House of
the People before the expiration of that period, the Proclamation shall cease to
operate at the expiration of thirty days from the date on which the House of the
People first s",constitution_of_india.pdf,243,,"212          THE CONSTITUTION OF INDIA

                         (Part XVIII.—EMERGENCY PROVISIONS)

             (a) assume  to  himself  all  or any  of  the  functions  of  the
     Government of the State and all or any of the powers vested in or
      exercisable by the Governor 1*** or any body or authority in the State
      other than the Legislature of the State;
             (b) declare that the powers of the Legislature of the State shall be
      exercisable by or under the authority of Parliament;
              (c) make such incidental and consequential provisions as appear
       to the President to be necessary or desirable for giving effect to the
       objects of the Proclamation,  including provisions for suspending in
     whole or in part the operation of any provisions of this  Constitution
       relating to any body or authority in the State:
      Provided that nothing in this clause shall authorise the President to
assume to himself any of the powers vested in or exercisable by a High Court,
or to suspend in whole or in part the operation of any provision of this
Constitution relating to High Courts.
       (2) Any such Proclamation may be revoked or varied by a subsequent
Proclamation.
       (3) Every Proclamation under this article shall be laid before each House
of Parliament and shall, except where it is a Proclamation revoking a previous
Proclamation, cease to operate at the expiration of two months unless before
the expiration of that period it has been approved by resolutions of both Houses
of Parliament:
      Provided  that  if any such Proclamation (not being a Proclamation
revoking a previous Proclamation) is issued at a time when the House of the
People is dissolved or the dissolution of the House  of the People takes place
during the period of two months referred to in this clause, and if a resolution
approving the Proclamation has been passed by the Council of States, but no
resolution with respect to such Proclamation has been passed by the House of
the People before the expiration of that period, the Proclamation shall cease to
operate at the expiration of thirty days from the date on which the House of the
People first sits after its reconstitution unless before the expiration of the said
period of thirty days a resolution approving the Proclamation has been also
passed by the House of the People.

______________________________________________
1. The words ""or Rajpramukh, as the case may be"" omitted by the Constitution (Seventh
  Amendment) Act, 1956, s. 29 and Sch. (w.e.f. 1-11-1956).",scenario,,,PENDING_HUMAN_REVIEW,,
3284dd4e001d7f0a,How does the Act define authorised person?,"“authorised person” means a person referred to as such in article
     243ZQ;",constitution_of_india.pdf,168,,"1[PART IXB
             THE CO-OPERATIVE SOCIETIES
     243ZH.  Definitions.—In  this  Part,  unless  the  context  otherwise
requires,—
          (a) “authorised person” means a person referred to as such in article
     243ZQ;
          (b) “board” means the board of directors or the governing body of a
      co-operative society, by whatever name called, to which the direction
     and control of the management of the affairs of a society is entrusted to;
           (c) “co-operative society” means a society registered or deemed to be
       registered under any law relating to co-operative societies for the time
      being in force in any State;
          (d) “multi-State co-operative society” means a society with objects
      not confined to one State and registered or deemed to be registered under
     any law for the time being in force relating to such co-operatives;
           (e) “office bearer” means a President, Vice-President, Chairperson,
      Vice-Chairperson, Secretary or Treasurer, of a co-operative society and
      includes any other person to be elected by the board of any co-operative
       society;
             (f) “Registrar” means the Central Registrar appointed by the Central
     Government in relation to the multi-State co-operative societies and the
       Registrar for co-operative societies appointed by the State Government
      under  the law made by the  Legislature  of a  State  in  relation  to
      co-operative societies;
          (g) “State Act” means any law made by the Legislature of a State;
          (h) “State level co-operative society” means a co-operative society
      having its area of operation extending to the whole of a State and defined
      as such in any law made by the Legislature of a State.
     243ZI.  Incorporation  of  co-operative  societies.—Subject  to  the
provisions of this Part, the Legislature of a State may, by law, make provisions
with respect to the incorporation, regulation and winding up of co-operative
societies  based  on  the  principles  of  voluntary  formation,  democratic
member-control, member-economic participation and autonomous functioning.
______________________________________________
1. Part IXB ins. by the Constitution (Ninety-seventh Amendment) Act, 2011, s. 4
   (w.e.f. 15-2-2012).

                              137",definition,,,PENDING_HUMAN_REVIEW,,
41cfdf1b15648163,What does Article 37 state about Application of the principles contained in this Part?,"The
provisions contained in this Part shall not be enforceable by any court, but the
principles therein laid down are nevertheless fundamental in the governance of
the country and it shall be the duty of the State to apply these principles in
making laws.",constitution_of_india.pdf,52,Article 37,"37.  Application  of  the  principles contained  in  this Part.—The
provisions contained in this Part shall not be enforceable by any court, but the
principles therein laid down are nevertheless fundamental in the governance of
the country and it shall be the duty of the State to apply these principles in
making laws.
      38. State to secure a social order for the promotion of welfare of the
people.—1[(1)] The State shall strive to promote the welfare of the people by
securing and protecting as effectively as it may a social order in which justice,
social, economic and political, shall inform all the institutions of the national life.
       2[(2) The State shall, in particular, strive to minimise the inequalities in
income, and endeavour  to  eliminate  inequalities  in  status,  facilities and
opportunities, not only amongst individuals but also amongst groups of people
residing in different areas or engaged in different vocations.]",direct_factual,,,PENDING_HUMAN_REVIEW,,
163a46f4e29522bf,"According to the passage, what happens if he joins any political party after the expiry of six months from the date on which he takes his seat after complying with the requirements of article 99 or?","if he joins any political party after the expiry of six
months from the date on which he takes his seat after complying with the
requirements of article 99 or, as the case may be, article 188.",constitution_of_india.pdf,377,,"346          THE CONSTITUTION OF INDIA

                                 (Tenth Schedule)

                         (i) where he is a member of any political party on the date
             of his nomination as such member, be deemed to belong to such
               political party;
                          (ii) in any other case, be deemed to belong to the political
             party of which he becomes, or, as the case may be, first becomes,
            a member before the expiry of six months from the date on which
           he takes his seat after complying with the requirements of article
           99 or, as the case may be, article 188.
       (2) An elected member of a House who has been elected as such otherwise
than as a candidate set up by any political party shall be disqualified for being a
member of the House if he joins any political party after such election.
       (3) A nominated member of a House shall be disqualified for being a
member of the House if he joins any political party after the expiry of six
months from the date on which he takes his seat after complying with the
requirements of article 99 or, as the case may be, article 188.
       (4) Notwithstanding anything contained in the foregoing provisions of
this paragraph, a person who, on the commencement of the Constitution (Fifty-
second Amendment) Act, 1985, is a member of a House (whether elected or
nominated as such) shall,—
                 (i) where he was a member of political party immediately before
      such commencement, be deemed, for the purposes of sub-paragraph (1)
      of this paragraph, to have been elected as a member of such House as a
      candidate set up by such political party;
                 (ii) in any other case, be deemed to be an elected member of the
     House who has been elected as such otherwise than as a candidate set up
     by any political party for the purposes of sub-paragraph (2) of this
      paragraph or, as the case may be, be deemed to be a nominated member
      of the House for the purposes of sub-paragraph (3) of this paragraph.
      1*           *           *           *           *
       4. Disqualification on ground of defection not to apply in case of
merger.—  (1) A member  of  a House  shall  not be  disqualified under
sub-paragraph (1) of paragraph 2 where his original political party merges with
another political party and he claims that he and any other members of his
original political party—
             (a) have become members of such other political party or, as the
      case may be, of a new political party formed by such merger; or
             (b) have not accepted the merger and opted to function as a
      separate group,
______________________________________________
1. Paragraph 3 omitted by the Constitution (Ninety-first Amendment) Act, 2003, s. 5
   (w.e.f. 1-1-2004).",scenario,,,PENDING_HUMAN_REVIEW,,
8d69f325f8d6641f,How does Article 6 define Scheduled Areas?,"“Scheduled Areas” means such areas as the President may by order  declare to
be Scheduled Areas.
       (2) The President may at any time by order —
             (a) direct that the whole or any specified part of a Scheduled Area
       shall cease to be a Scheduled Area or a part of such an area;",constitution_of_india.pdf,309,Article 6,"6.  Scheduled  Areas.—(1)  In  this  Constitution,  the  expression
“Scheduled Areas” means such areas as the President may by order  declare to
be Scheduled Areas.
       (2) The President may at any time by order —
             (a) direct that the whole or any specified part of a Scheduled Area
       shall cease to be a Scheduled Area or a part of such an area;
              2[(aa) increase the area of any Scheduled Area in a State after
       consultation with the Governor of that State;]
             (b)  alter, but only by way of rectification of boundaries, any
      Scheduled Area;

______________________________________________
1. The words ""or Rajpramukh"" omitted by the Constitution (Seventh Amendment) Act,
  1956, s. 29 and Sch. (w.e.f. 1-11-1956).
  The words ""or Rajpramukh"" omitted by s. 29 and sch., ibid. (w.e.f. 1-11-1956).
  See the Scheduled Areas (Part A States) Order, 1950 (C.O. 9), the Scheduled Areas
   (Part B States) Order, 1950 (C.O.26), the Scheduled Areas (Himachal Pradesh) Order,
  1975 (C.O. 102) and the Scheduled Areas (States of Bihar, Gujarat, Madhya Pradesh
  and Orissa) Order, 1977 (C.O. 109).
    See the Madras Scheduled Areas (Cessor) Order, 1950 (C.O. 30) and the Andhra
  Scheduled Areas (Cessor) Order, 1955 (C.O. 50).
2. Ins. by the Fifth Schedule to the Constitution (Amendment) Act, 1976 (101 of 1976),
   s. 2 (w.e.f. 7-9-1976).",definition,,,PENDING_HUMAN_REVIEW,,
e63d6ab1d2030efd,What does Article 136 state about Special leave to appeal by the Supreme Court?,"(1)
Notwithstanding anything in this Chapter, the Supreme Court may, in  its
discretion,  grant  special  leave  to  appeal  from  any  judgment,  decree,
determination, sentence or order in any cause or matter passed or made by any
court or tribunal in the territory of India.",constitution_of_india.pdf,94,Article 136,"136. Special  leave  to  appeal  by  the  Supreme  Court.—(1)
Notwithstanding anything in this Chapter, the Supreme Court may, in  its
discretion,  grant  special  leave  to  appeal  from  any  judgment,  decree,
determination, sentence or order in any cause or matter passed or made by any
court or tribunal in the territory of India.
       (2) Nothing in clause (1) shall apply to any judgment, determination,
sentence or order passed or made by any court or tribunal constituted by or
under any law relating to the Armed Forces.",direct_factual,,,PENDING_HUMAN_REVIEW,,
80296916c5345eb4,"According to the passage, what happens if all the seats in the Legislative Assembly of such State in existence on the date of coming into force of the Constitution (Fifty- seventh Amendment) Act?","if all the seats in the Legislative Assembly of such State in
      existence on the date of coming into force of the Constitution (Fifty-
      seventh Amendment) Act, 1987 (hereafter in this clause referred to as
      the existing Assembly) are held by members of the Scheduled Tribes, all
      the seats except one;",constitution_of_india.pdf,222,,"191          THE CONSTITUTION OF INDIA

               (Part XVI.—Special Provisions Relating to Certain Classes)

             (a) if all the seats in the Legislative Assembly of such State in
      existence on the date of coming into force of the Constitution (Fifty-
      seventh Amendment) Act, 1987 (hereafter in this clause referred to as
      the existing Assembly) are held by members of the Scheduled Tribes, all
      the seats except one;

             (b) in any other case, such number of seats as bears to the total
     number of seats, a proportion not less than the number (as on the said
       date) of members belonging to the Scheduled Tribes in the existing
     Assembly bears to the total number of seats in the existing Assembly.]

      1[(3B) Notwithstanding anything contained  in clause  (3),  until  the
re-adjustment, under article 170, takes effect on the basis of the first census
after the year 2[2026], of the number of seats in the Legislative Assembly of the
State of Tripura, the seats which shall be reserved for the Scheduled Tribes in
the Legislative Assembly shall be, such number of seats as bears to the total
number of seats, a proportion  not less than the number, as on the date of
coming into force of the Constitution (Seventy-second Amendment) Act, 1992,
of members belonging to the Scheduled Tribes in the Legislative Assembly in
existence on the said date bears to the total number of seats in that Assembly.]

       (4) The number of seats reserved for an autonomous district in the
Legislative Assembly of the State of Assam shall bear to the total number of
seats in that Assembly a proportion not less than the population of the district
bears to the total population of the State.

       (5) The constituencies for the seats reserved for any autonomous district
of Assam shall not comprise any area outside that district 3***.

       (6) No person who  is not a member of a Scheduled Tribe of any
autonomous district of the State of Assam shall be eligible for election to the
Legislative Assembly of the State from any constituency of that district 3***:

      4[Provided that for elections to the Legislative Assembly of the State of

______________________________________________
1. Ins. by the Constitition (Seventy-second Amendment) Act, 1992, s. 2 (w.e.f. 5-12-1992).
2.  Subs. by  the  Constitution  (Eighty-fourth Amendment)  Act, 2001,  s.  7,  for ""2000""
   (w.e.f. 21-2-2002).
3. Certain words omitted by the North-Eastern Areas (Reorganisation) Act, 1971 (81 of 1971),
    s. 71 (w.e.f. 21-1-1972).
4. Ins. by the Constitution (Ninetieth Amendment) Act, 2003, s. 2 (w.e.f. 28-9-2003).",scenario,,,PENDING_HUMAN_REVIEW,,
b0de495e5f17bef0,How does the Act define co-operative society?,"“co-operative society” means a society registered or deemed to be
       registered under any law relating to co-operative societies for the time
      being in force in any State;",constitution_of_india.pdf,168,,"1[PART IXB
             THE CO-OPERATIVE SOCIETIES
     243ZH.  Definitions.—In  this  Part,  unless  the  context  otherwise
requires,—
          (a) “authorised person” means a person referred to as such in article
     243ZQ;
          (b) “board” means the board of directors or the governing body of a
      co-operative society, by whatever name called, to which the direction
     and control of the management of the affairs of a society is entrusted to;
           (c) “co-operative society” means a society registered or deemed to be
       registered under any law relating to co-operative societies for the time
      being in force in any State;
          (d) “multi-State co-operative society” means a society with objects
      not confined to one State and registered or deemed to be registered under
     any law for the time being in force relating to such co-operatives;
           (e) “office bearer” means a President, Vice-President, Chairperson,
      Vice-Chairperson, Secretary or Treasurer, of a co-operative society and
      includes any other person to be elected by the board of any co-operative
       society;
             (f) “Registrar” means the Central Registrar appointed by the Central
     Government in relation to the multi-State co-operative societies and the
       Registrar for co-operative societies appointed by the State Government
      under  the law made by the  Legislature  of a  State  in  relation  to
      co-operative societies;
          (g) “State Act” means any law made by the Legislature of a State;
          (h) “State level co-operative society” means a co-operative society
      having its area of operation extending to the whole of a State and defined
      as such in any law made by the Legislature of a State.
     243ZI.  Incorporation  of  co-operative  societies.—Subject  to  the
provisions of this Part, the Legislature of a State may, by law, make provisions
with respect to the incorporation, regulation and winding up of co-operative
societies  based  on  the  principles  of  voluntary  formation,  democratic
member-control, member-economic participation and autonomous functioning.
______________________________________________
1. Part IXB ins. by the Constitution (Ninety-seventh Amendment) Act, 2011, s. 4
   (w.e.f. 15-2-2012).

                              137",definition,,,PENDING_HUMAN_REVIEW,,
cbf879421adf1c9e,What does Article 50 state about Separation of judiciary from executive?,"The State shall take steps
to separate the judiciary from the executive in the public services of the State.",constitution_of_india.pdf,55,Article 50,"50. Separation of judiciary from executive.—The State shall take steps
to separate the judiciary from the executive in the public services of the State.",direct_factual,,,PENDING_HUMAN_REVIEW,,
db86782f77712bc6,"According to the passage, what happens if any question arises as to whether a member of a House of the Legislature of a State has become subject to any of the disqualifications mentioned in clause (1) of article 191?","If any question arises as to whether a member of a House of the Legislature of a
State has become subject to any of the disqualifications mentioned in clause (1)
of article 191, the question shall be referred for the decision of the Governor
and his decision shall be final.",constitution_of_india.pdf,117,Article 191,"191.  Disqualifications  for membership.—(1) A  person  shall  be
disqualified for being chosen as, and for being, a member of the Legislative
Assembly or Legislative Council of a State—
           1[(a) if he holds any office of profit under the Government of India or
      the Government of any State specified in the First Schedule, other than
      an office declared by the Legislature of the State by law not to disqualify
        its holder;]
          (b) if he is of unsound mind and stands so declared by a competent
       court;
           (c) if he is an undischarged insolvent;
          (d) if he is not a citizen of India, or has voluntarily acquired the
       citizenship of a foreign State, or  is under any acknowledgment of
       allegiance or adherence to a foreign State;
           (e) if he is so disqualified by or under any law made by Parliament.
      2[Explanation.—For the purposes of this clause], a person shall not be
deemed to hold an office of profit under the Government of India or the
Government of any State specified in the First Schedule by reason only that he
is a Minister either for the Union or for such State.
       3[(2) A person  shall be  disqualified  for  being a member  of  the
Legislative Assembly or Legislative Council of a State if he is so disqualified
under the Tenth Schedule.]
       4[192. Decision on questions as to disqualifications of members.—(1)
If any question arises as to whether a member of a House of the Legislature of a
State has become subject to any of the disqualifications mentioned in clause (1)
of article 191, the question shall be referred for the decision of the Governor
and his decision shall be final.
______________________________________________
1. Subs. by the Constitution (Forty-second Amendment) Act, 1976, s. 32 to read as ""(a) if
  he holds any such office of profit under the Government of India or the Government of
  any State specified in the First Schedule as is declared by Parliament by law to
   disqualify  its holder"" (date not  notified). This amendment was omitted by  the
   Constitution (Forty-fourth Amendment) Act, 1978, s. 45 (w.e.f. 20-6-1979).
2. Subs. by the Constitution (Fifty-second Amendment) Act, 1985, s. 5, for ""(2) For the
  purposes of this article"" (w.e.f. 1-3-1985).
3. Ins. by s. 5, ibid. (w.e.f. 1-3-1985).
4. Subs. by the Constitution (Forty-second Amendment) Act, 1976, s. 33, for art. 192
   (w.e.f. 3-1-1977) and further subs. by the Constitution (Forty-fourth Amendment)
  Act, 1978, s. 25, for art. 192 (w.e.f. 20-6-1979).",scenario,,,PENDING_HUMAN_REVIEW,,
0222e9953ad53e0d,How does the Act define multi-State co-operative society?,"“multi-State co-operative society” means a society with objects
      not confined to one State and registered or deemed to be registered under
     any law for the time being in force relating to such co-operatives;",constitution_of_india.pdf,168,,"1[PART IXB
             THE CO-OPERATIVE SOCIETIES
     243ZH.  Definitions.—In  this  Part,  unless  the  context  otherwise
requires,—
          (a) “authorised person” means a person referred to as such in article
     243ZQ;
          (b) “board” means the board of directors or the governing body of a
      co-operative society, by whatever name called, to which the direction
     and control of the management of the affairs of a society is entrusted to;
           (c) “co-operative society” means a society registered or deemed to be
       registered under any law relating to co-operative societies for the time
      being in force in any State;
          (d) “multi-State co-operative society” means a society with objects
      not confined to one State and registered or deemed to be registered under
     any law for the time being in force relating to such co-operatives;
           (e) “office bearer” means a President, Vice-President, Chairperson,
      Vice-Chairperson, Secretary or Treasurer, of a co-operative society and
      includes any other person to be elected by the board of any co-operative
       society;
             (f) “Registrar” means the Central Registrar appointed by the Central
     Government in relation to the multi-State co-operative societies and the
       Registrar for co-operative societies appointed by the State Government
      under  the law made by the  Legislature  of a  State  in  relation  to
      co-operative societies;
          (g) “State Act” means any law made by the Legislature of a State;
          (h) “State level co-operative society” means a co-operative society
      having its area of operation extending to the whole of a State and defined
      as such in any law made by the Legislature of a State.
     243ZI.  Incorporation  of  co-operative  societies.—Subject  to  the
provisions of this Part, the Legislature of a State may, by law, make provisions
with respect to the incorporation, regulation and winding up of co-operative
societies  based  on  the  principles  of  voluntary  formation,  democratic
member-control, member-economic participation and autonomous functioning.
______________________________________________
1. Part IXB ins. by the Constitution (Ninety-seventh Amendment) Act, 2011, s. 4
   (w.e.f. 15-2-2012).

                              137",definition,,,PENDING_HUMAN_REVIEW,,
7d894b11b52f7220,What does Article 172 state about Duration of State Legislatures?,"(1) Every Legislative Assembly
of every State, unless sooner dissolved, shall continue for 1[five years] from the
date appointed for its first meeting and no longer and the expiration of the said
period of 1[five years] shall operate as a dissolution of the Assembly:

      Provided that the said period may, while a Proclamation of Emergency is
in operation, be extended by Parliament by law for a period not exceeding one
year at a time and not extending in any case beyond a period of six months after
the Proclamation has ceased to operate.",constitution_of_india.pdf,110,Article 172,"172. Duration of State Legislatures.—(1) Every Legislative Assembly
of every State, unless sooner dissolved, shall continue for 1[five years] from the
date appointed for its first meeting and no longer and the expiration of the said
period of 1[five years] shall operate as a dissolution of the Assembly:

      Provided that the said period may, while a Proclamation of Emergency is
in operation, be extended by Parliament by law for a period not exceeding one
year at a time and not extending in any case beyond a period of six months after
the Proclamation has ceased to operate.
       (2) The Legislative Council of a State shall not be subject to dissolution,
but as nearly as possible one-third of the members thereof shall retire as soon as
may be on the expiration of every second year in accordance with the
provisions made in that behalf by Parliament by law.",direct_factual,,,PENDING_HUMAN_REVIEW,,
b383cc7aaec303b5,"According to the passage, what happens if at any time?","If at any time, except when both Houses of Parliament are in
session, the President  is satisfied that circumstances exist which render  it
necessary  for him  to  take immediate  action,  he may  promulgate such
Ordinances as the circumstances appear to him to require.",constitution_of_india.pdf,87,Article 122,"122. Courts not to inquire into proceedings of Parliament.—(1) The
validity of any proceedings in Parliament shall not be called in question on the
ground of any alleged irregularity of procedure.
       (2) No officer or member of Parliament in whom powers are vested by
or under this Constitution for regulating procedure or the conduct of business,
or for maintaining order, in Parliament shall be subject to the jurisdiction of any
court in respect of the exercise by him of those powers.
         CHAPTER III.—LEGISLATIVE POWERS OF THE PRESIDENT
      123. Power of President to promulgate Ordinances during recess of
Parliament.—(1) If at any time, except when both Houses of Parliament are in
session, the President  is satisfied that circumstances exist which render  it
necessary  for him  to  take immediate  action,  he may  promulgate such
Ordinances as the circumstances appear to him to require.
       (2) An Ordinance promulgated under this article shall have the same
force and effect as an Act of Parliament, but every such Ordinance—
          (a) shall be laid before both Houses of Parliament and shall cease to
      operate at the expiration of six weeks from the reassembly of Parliament,
       or, if before the expiration of that period resolutions disapproving it are
      passed by both Houses, upon the passing  of the second of those
       resolutions; and",scenario,,,PENDING_HUMAN_REVIEW,,
892c0525252fb762,How does Article 367 define foreign State?,"“foreign State” means any State
other than India:
      Provided that, subject to the provisions of any law made by Parliament,
the President may by order4 declare any State not to be a foreign State for such
purposes as may be specified in the order.
       5[(4) *        *        *           *]


______________________________________________
1. Subs. by the Constitution (Seventh Amendment) Act, 1956, s. 29 and Sch. for cl. (30)
   (w.e.f. 1-11-1956).
2. The words and letters ""specified in Part A or  Part B of the First Schedule"" omitted by
   s. 29 and Sch., ibid. (w.e.f. 1-11-1956).
3. The words ""or Rajpramukh"" omitted by  s. 29 and Sch., ibid. (w.e.f. 1-11-1956).
4. See the Constitution (Declaration as to Foreign States) Order, 1950 (C.O. 2).
5. Added by  the  Constitution  (Application  to Jammu and Kashmir) Order, 2019
   (C.O. 272) (w.e.f. 5-8-2019), for the text of this C.O., see Appendix II.",constitution_of_india.pdf,258,Article 367,"367. Interpretation.—(1) Unless the context otherwise requires, the
General Clauses Act, 1897, shall, subject to any adaptations and modifications
that may be made therein under article 372, apply for the interpretation of this
Constitution as it applies for the interpretation of an Act of the Legislature of
the Dominion of India.
       (2) Any reference in this Constitution to Acts or laws of, or made by,
Parliament, or to Acts or laws of, or made by, the Legislature of a State 2***,
shall be construed as including a reference to an Ordinance made by the
President or, to an Ordinance made by a Governor 3***, as the case may be.
       (3) For the purposes of this Constitution “foreign State” means any State
other than India:
      Provided that, subject to the provisions of any law made by Parliament,
the President may by order4 declare any State not to be a foreign State for such
purposes as may be specified in the order.
       5[(4) *        *        *           *]


______________________________________________
1. Subs. by the Constitution (Seventh Amendment) Act, 1956, s. 29 and Sch. for cl. (30)
   (w.e.f. 1-11-1956).
2. The words and letters ""specified in Part A or  Part B of the First Schedule"" omitted by
   s. 29 and Sch., ibid. (w.e.f. 1-11-1956).
3. The words ""or Rajpramukh"" omitted by  s. 29 and Sch., ibid. (w.e.f. 1-11-1956).
4. See the Constitution (Declaration as to Foreign States) Order, 1950 (C.O. 2).
5. Added by  the  Constitution  (Application  to Jammu and Kashmir) Order, 2019
   (C.O. 272) (w.e.f. 5-8-2019), for the text of this C.O., see Appendix II.",definition,,,PENDING_HUMAN_REVIEW,,
fae153f7b4d7899f,What does Article 299 state about Contracts?,"(1) All contracts made in the exercise of the executive
power of the Union or of a State shall be expressed to be made by the
President, or by the Governor 1*** of the State, as the case may be, and all such
contracts and all assurances of property made in the exercise of that power shall
be executed on behalf of the President or the Governor 1*** by such persons
and in such manner as he may direct or authorise.",constitution_of_india.pdf,201,Article 299,"299. Contracts.—(1) All contracts made in the exercise of the executive
power of the Union or of a State shall be expressed to be made by the
President, or by the Governor 1*** of the State, as the case may be, and all such
contracts and all assurances of property made in the exercise of that power shall
be executed on behalf of the President or the Governor 1*** by such persons
and in such manner as he may direct or authorise.
       (2) Neither the President nor the Governor 2*** shall be personally liable
in respect of any contract or assurance made or executed for the purposes of
this  Constitution,  or  for  the purposes  of any enactment  relating  to  the
Government of India heretofore in force, nor shall any person making or
executing any such contract  or assurance on behalf  of any of them be
personally liable in respect thereof.",direct_factual,,,PENDING_HUMAN_REVIEW,,
2030915c679117c1,"According to the passage, what happens if at the commencement of this Constitution— (a) any legal proceedings are pending to which the Dominion of India is a party?","If at the commencement of this Constitution—
             (a) any legal proceedings are pending to which the Dominion of
      India is a party, the Union of India shall be deemed to be substituted for
      the Dominion in those proceedings;",constitution_of_india.pdf,201,Article 300,"300. Suits and proceedings.—(1) The Government of India may sue or
be sued by the name of the Union of India and the Government of a State may
sue or be sued by the name of the State and may, subject to any provisions
which may be made by Act of Parliament or of the Legislature of such State
enacted by virtue of powers conferred by this Constitution, sue or be sued in
relation to their respective affairs in the like cases as the Dominion of India and
the corresponding Provinces or the corresponding Indian States might have
sued or been sued if this Constitution had not been enacted.
       (2) If at the commencement of this Constitution—
             (a) any legal proceedings are pending to which the Dominion of
      India is a party, the Union of India shall be deemed to be substituted for
      the Dominion in those proceedings; and
             (b) any legal proceedings are pending to which a Province or an
      Indian State is a party, the corresponding State shall be deemed to be
       substituted for the Province or the Indian State in those proceedings.
                    3[CHAPTER IV.—RIGHT TO PROPERTY
     300A. Persons not to be deprived of property save by authority of
law.— No person shall be deprived of his property save by authority of law.]

______________________________________________
1. The words ""or the Rajpramukh"" omitted by the Constitution (Seventh Amendment)
  Act, 1956, s. 29 and Sch. (w.e.f. 1-11-1956).
2. The words ""nor the Rajpramukh"" omitted by s. 29 and Sch., ibid. (w.e.f. 1-11-1956).
3. Ins. by the Constitution (Forty-fourth Amendment) Act, 1978, s. 34 (w.e.f. 20-6-1979).",scenario,,,PENDING_HUMAN_REVIEW,,
629eed8362fab374,How does Article 1 define paragraph?,"""paragraph"" means a paragraph of this Schedule.",constitution_of_india.pdf,376,Article 1,"1. Interpretation.—In this Schedule, unless the context otherwise requires,—
              (a) ""House"" means either House of Parliament or the Legislative
      Assembly or, as the case may be, either House of the Legislature of a State;
             (b)  ""legislature  party"",  in  relation to a member of a House
      belonging to any political party in accordance with the provisions of
      paragraph 2 or 2*** paragraph 4, means the group consisting of all the
     members of that House for the time being belonging to that political
      party in accordance with the said provisions;
              (c) ""original political party"", in relation to a member of a House,
     means the political party to which he belongs for the purposes of sub-
      paragraph (1) of paragraph 2;
             (d) ""paragraph"" means a paragraph of this Schedule.",definition,,,PENDING_HUMAN_REVIEW,,
f5a9647afb26bc89,What does Article 243J state about Audit of accounts of Panchayats?,"The Legislature of a State
may, by law, make provisions with respect to the maintenance of accounts by
the Panchayats and the auditing of such accounts.",constitution_of_india.pdf,155,Article 243J,"243J. Audit of accounts of Panchayats.—The Legislature of a State
may, by law, make provisions with respect to the maintenance of accounts by
the Panchayats and the auditing of such accounts.",direct_factual,,,PENDING_HUMAN_REVIEW,,
8797f6ba52218940,"According to the passage, what happens if he has been for not less than seven years an advocate or a pleader and is recommended by the High Court for appointment. 1[233A. Validation of appointments of?","if he has been for not less than
seven years an advocate or a pleader and is recommended by the High Court
for appointment.
      1[233A. Validation  of  appointments   of,  and  judgments,   etc.",constitution_of_india.pdf,140,,"109          THE CONSTITUTION OF INDIA

                             (Part VI.—The States)

be, and the posting and promotion of, district judges in any State shall be made
by the Governor of the State in consultation with the High Court exercising
jurisdiction in relation to such State.

       (2) A person not already in the service of the Union or of the State shall
only be eligible to be appointed a district judge if he has been for not less than
seven years an advocate or a pleader and is recommended by the High Court
for appointment.
      1[233A. Validation  of  appointments   of,  and  judgments,   etc.,
delivered  by,  certain district  judges.—Notwithstanding any judgment,
decree or order of any court,—
             (a) (i) no appointment of any person already in the judicial service
      of a State or of any person who has been for not less than seven years an
      advocate or a pleader, to be a district judge in that State, and
                 (ii) no posting, promotion or transfer of any such person as a
        district  judge, made  at any time before the commencement  of the
       Constitution  (Twentieth Amendment)  Act,  1966,  otherwise  than  in
      accordance with the provisions of  article 233 or  article 235 shall be
     deemed to be illegal or void or ever to have become illegal or void by
      reason only of the fact that such appointment, posting, promotion or
       transfer was not made in accordance with the said provisions;
          (b) no jurisdiction exercised, no judgment, decree, sentence or order
      passed or made, and no other act or proceeding done or taken, before the
     commencement of the Constitution (Twentieth Amendment) Act, 1966
      by, or before, any person appointed, posted, promoted or transferred as a
        district judge  in any  State otherwise than  in accordance with  the
      provisions of article 233 or article 235 shall be deemed to be illegal or
       invalid or ever to have become illegal or invalid by reason only of the
       fact that such appointment, posting, promotion or transfer was not made
       in accordance with the said provisions.]

      234. Recruitment of persons other than district judges to the judicial
service.—Appointments of persons other than district judges to the judicial service
of a State shall be made by the Governor of the State in accordance with rules made
by him in that behalf after consultation with the State Public Service Commission
and with the High Court exercising jurisdiction in relation to such State.

______________________________________________
1. Ins. by the Constitution (Twentieth Amendment) Act, 1966, s. 2 (w.e.f. 22-12-1966).",scenario,,,PENDING_HUMAN_REVIEW,,
c90e134bc36df92f,How does Article 243P define Municipal area?,"“Municipal area” means the territorial area of a Municipality as is
       notified by the Governor;",constitution_of_india.pdf,158,Article 243P,"243P.  Definitions.—In  this  Part,  unless  the  context  otherwise
requires,—

          (a) “Committee” means a Committee constituted under article 243S;

          (b) “district” means a district in a State;

           (c) “Metropolitan area” means an area having a population of ten
      lakhs or more, comprised in one or more districts and consisting of two
      or more  Municipalities  or  Panchayats  or  other  contiguous  areas,
       specified by the Governor by public notification to be a Metropolitan
      area for the purposes of this Part;

          (d) “Municipal area” means the territorial area of a Municipality as is
       notified by the Governor;

           (e)  “Municipality”  means  an   institution  of  self-government
       constituted under article 243Q;

             (f) “Panchayat” means a Panchayat constituted under article 243B;

          (g) “population” means the population as ascertained at the  last
      preceding census of which the relevant figures have been published.",definition,,,PENDING_HUMAN_REVIEW,,
1377ad0ac1172932,"What does Article 276 state about Taxes on professions, trades, callings and employments?","(1)
Notwithstanding anything in article 246, no law of the Legislature of a State relating
to taxes for the benefit of the State or of a municipality, district board, local board or
other  local  authority  therein  in  respect  of  professions,  trades,  callings  or
employments shall be invalid on the ground that it relates to a tax on income.",constitution_of_india.pdf,189,Article 276,"276. Taxes on professions,  trades,  callings and employments.—(1)
Notwithstanding anything in article 246, no law of the Legislature of a State relating
to taxes for the benefit of the State or of a municipality, district board, local board or
other  local  authority  therein  in  respect  of  professions,  trades,  callings  or
employments shall be invalid on the ground that it relates to a tax on income.

______________________________________________
1. Subs. by the North-Eastern Areas (Reorganisation) Act, 1971 (81 of 1971) s. 71,
   for ""Part A"" (w.e.f. 21-1-1972).
2. Ins. by the Constitution (Twenty-second Amendment) Act, 1969, s. 3 (w.e.f. 25-9-1969).",direct_factual,,,PENDING_HUMAN_REVIEW,,
3b29a6b247518829,"According to the passage, what happens if he has voluntarily given up his membership of such political party?","if he has voluntarily given up his membership of such political
       party; or
             (b) if he votes or abstains from voting in such House contrary to
     any direction issued by the political party to which he belongs or by any
      person or authority authorised by it in this behalf, without obtaining, in
       either  cas",constitution_of_india.pdf,376,Article 2,"2.  Disqualification on ground  of  defection.—(1)  Subject  to  the
provisions of 3[paragraphs 4 and 5], a member of a House belonging to any
political party shall be disqualified for being a member of the House—
             (a) if he has voluntarily given up his membership of such political
       party; or
             (b) if he votes or abstains from voting in such House contrary to
     any direction issued by the political party to which he belongs or by any
      person or authority authorised by it in this behalf, without obtaining, in
       either  case, the  prior permission of such  political  party, person or
       authority and such voting or abstention has not been condoned by such
       political party, person or authority within fifteen days from the date of
      such voting or abstention.
      Explanation.—For the purposes of this sub-paragraph,—
             (a) an elected member of a House shall be deemed to belong to
      the political party, if any, by which he was set up as a candidate for
       election as such member;
             (b) a nominated member of a House shall,—

______________________________________________
1. Tenth Schedule added by the Constitution (Fifty-second Amendment) Act, 1985,  s. 6
   (w.e.f. 1-3-1985).
2. Certain words omitted by the Constitution (Ninety-first Amendment) Act, 2003, s. 5
   (w.e.f. 1-1-2004).
3. Subs. by s. 5, ibid., for ""paragraphs 3, 4 and 5"" (w.e.f. 1-1-2004).

                              345",scenario,,,PENDING_HUMAN_REVIEW,,
e2e768a3d3813a9e,"What does Article 19 state about Protection of certain rights regarding freedom of speech, etc?","(1) All citizens shall have the right—
          (a) to freedom of speech and expression;
          (b) to assemble peaceably and without arms;
           (c) to form associations or unions 2[or co-operative societies];
          (d) to move freely throughout the territory of India;

______________________________________________
1.",constitution_of_india.pdf,40,Article 19,"19. Protection of certain rights regarding freedom of speech, etc.—
(1) All citizens shall have the right—
          (a) to freedom of speech and expression;
          (b) to assemble peaceably and without arms;
           (c) to form associations or unions 2[or co-operative societies];
          (d) to move freely throughout the territory of India;

______________________________________________
1.  Ins. by  the  Constitution  (One  Hundred  and  Third Amendment)  Act,  2019,  s. 3
   (w.e.f. 14-1-2019).
2. Ins. by the Constitution (Ninety-seventh Amendment) Act, 2011, s. 2 (w.e.f. 8-2-2012).",direct_factual,,,PENDING_HUMAN_REVIEW,,
f534f5c3af0b0541,"According to the passage, what happens if the office of the Chairman of the Commission becomes vacant or if any such Chairman is by reason of absence or for any other reason unable to perform the duties of his office?","If the office of the Chairman of the Commission becomes vacant
or if any such Chairman is by reason of absence or for any other reason unable
to perform the duties of his office, those   duties shall, until some person
appointed under clause (1) to the vacant office has entered on the duties thereof
or, as the case may be, until the Chairman has resumed his duties, be performed
by such one of the other members of the Commission as the",constitution_of_india.pdf,209,,"178          THE CONSTITUTION OF INDIA

                   (Part XIV.—Services under the Union and the States)

      Provided that as nearly as may be one-half of the members of every
Public Service Commission shall be persons who at the dates of their respective
appointments have held office  for  at  least ten   years  either under   the
Government of India or under the Government of a State, and in computing the
said  period  of  ten  years any period  before  the commencement  of  this
Constitution during which a person has held office under the Crown in India or
under the Government of an Indian State shall be included.
      1[(1A) If the office of the Chairman of the Commission becomes vacant
or if any such Chairman is by reason of absence or for any other reason unable
to perform the duties of his office, those   duties shall, until some person
appointed under clause (1) to the vacant office has entered on the duties thereof
or, as the case may be, until the Chairman has resumed his duties, be performed
by such one of the other members of the Commission as the President, in the
case of the Union Commission or a Joint Commission, and the Governor of the
State in the case of a State Commission, may appoint for the purpose.]
       (2) A member of a Public Service Commission shall hold office for a
term of six years from the date on which he enters upon his office or until he
attains, in the case of the Union Commission, the age of sixty-five years, and in
the case of a State Commission or a Joint Commission, the age of 2[sixty-two
years], whichever is earlier:
      Provided that—
          (a) a member of a Public Service Commission may, by writing under
       his hand  addressed, in the case of the Union Commission  or a Joint
      Commission, to the President, and in the case of a State Commission, to
      the Governor 3*** of the State, resign his office;
           (b) a member of a Public Service Commission may be removed from
       his   office in the manner provided in   clause (1) or clause  (3) of
        article 317.
       (3) A person who holds  office as a member of a Public Service
Commission shall, on the expiration of his term of office, be ineligible for
re-appointment to that office.

______________________________________________
1. Ins. by the Constitution (Fifteenth Amendment) Act, 1963, s. 11 (w.e.f. 5-10-1963).
2. Subs. by the Constitution (Forty-first Amendment) Act, 1976, s. 2, for ""sixty years""
   (w.e.f. 7-9-1976).
3. The words ""or Rajpramukh"" omitted by the Constitution (Seventh Amendment)
  Act, 1956, s. 29 and Sch. (w.e.f. 1-11-1956).",scenario,,,PENDING_HUMAN_REVIEW,,
e3e71799d3984838,What does Article 222 state about Transfer of a Judge from one High Court to another?,"(1) The
President may, 1[on the recommendation of the National Judicial Appointments
Commission referred to in article 124A], transfer a Judge from one High Court
to any other High Court 2***.",constitution_of_india.pdf,133,Article 222,"222. Transfer of a Judge from one High Court to another.—(1) The
President may, 1[on the recommendation of the National Judicial Appointments
Commission referred to in article 124A], transfer a Judge from one High Court
to any other High Court 2***.
       3[(2) When a Judge has been or is so transferred, he shall, during the
period he  serves,  after the commencement of the  Constitution  (Fifteenth
Amendment) Act, 1963, as a Judge of the other High Court, be entitled to
receive in addition to his salary such compensatory allowance as may be
determined by Parliament by law and, until so determined, such compensatory
allowance as the President may by order fix.]",direct_factual,,,PENDING_HUMAN_REVIEW,,
734b7643298ffb79,"According to the passage, what happens if the references to the Legislature of a State were a reference to the administrator thereof appointed under article 239 and?","if the references to the Legislature
of a State were a reference to the administrator thereof appointed under
article 239 and, in relation to a Union territory having a Legislative Assembly,
to that Legislative Assembly:
      Provided that the President may, by notification in the Official Gazette,
direct that the provisions of this Part shall not apply to any Union territory or
part",constitution_of_india.pdf,173,,"142          THE CONSTITUTION OF INDIA

                  (Part IXB.—Co-operative Societies)

          (b) any person wilfully or without any reasonable excuse disobeys
     any summons, requisition or lawful written order issued under the
      provisions of the State Act;
           (c) any employer who, without sufficient cause, fails to pay to a
      co-operative society amount deducted by him from its employee within a
      period of fourteen days from the date on which such deduction is made;
          (d) any officer or custodian who wilfully fails to handover custody of
      books, accounts, documents, records, cash, security and other property
      belonging  to a  co-operative  society  of which he  is an  officer  or
       custodian, to an authorised person; and
           (e) whoever, before, during or after the election of members of the
      board or office bearers, adopts any corrupt practice.
     243ZR.  Application  to  multi-State  co-operative  societies.—The
provisions of this Part shall apply to the multi-State co-operative societies
subject to the modification that any reference to “Legislature of a State”, “State
Act” or “State Government” shall be construed as a reference to “Parliament”,
“Central Act” or “the Central Government” respectively.
     243ZS. Application to Union territories.—The provisions of this Part
shall apply to the Union territories and shall, in their application to a Union
territory, having no Legislative Assembly as if the references to the Legislature
of a State were a reference to the administrator thereof appointed under
article 239 and, in relation to a Union territory having a Legislative Assembly,
to that Legislative Assembly:
      Provided that the President may, by notification in the Official Gazette,
direct that the provisions of this Part shall not apply to any Union territory or
part thereof as he may specify in the notification.
     243ZT. Continuance of existing laws.— Notwithstanding anything in
this Part, any provision of any law relating to co-operative societies in force in
a  State  immediately  before  the  commencement  of  the  Constitution
(Ninety-seventh  Amendment) Act, 2011, which  is inconsistent with the
provisions of this Part, shall continue to be in force until amended or repealed
by a competent Legislature or other competent authority or until the expiration
of one year from such commencement, whichever is less.]",scenario,,,PENDING_HUMAN_REVIEW,,
ceb368b9b23f7569,What does Article 323B state about Tribunals for other matters?,"(1) The appropriate Legislature
may, by law, provide for the adjudication or trial by tribunals of any disputes,
complaints, or offences with respect to all or any of the matters specified in
clause (2) with respect to which such Legislature has power to make laws.",constitution_of_india.pdf,215,Article 323B,"323B. Tribunals for other matters.—(1) The appropriate Legislature
may, by law, provide for the adjudication or trial by tribunals of any disputes,
complaints, or offences with respect to all or any of the matters specified in
clause (2) with respect to which such Legislature has power to make laws.
       (2) The matters referred to in clause (1) are the following, namely:—
          (a) levy, assessment, collection and enforcement of any tax;
          (b) foreign exchange, import and export across customs frontiers;
           (c) industrial and labour disputes;
          (d) land reforms by way of acquisition by the State of any estate as
      defined in article 31A or of any rights therein or the extinguishment or
      modification of any such rights or by way of ceiling on agricultural land
      or in any other way;
           (e) ceiling on urban property;
             (f) elections to either House of Parliament or the House or either
     House of the Legislature of a State, but excluding the matters referred to
       in article 329 and article 329A;
          (g) production, procurement, supply and distribution of food-stuffs
      (including edible oilseeds and oils) and such other goods as the President
     may, by public notification, declare to be essential goods for the purpose
      of this article and control of prices of such goods;
           1[(h) rent, its regulation and control and tenancy issues including the
       right, title and interest of landlords and tenants;]
            2[(i)] offences  against laws with respect  to any of the matters
       specified in sub-clauses (a) to 3[(h)] and fees in respect of any of those
       matters;

______________________________________________
1. Ins. by the Constitution (Seventy-fifth Amendment) Act, 1993, s. 2 (w.e.f. 15-5-1994).
2. Sub-clause (h) re-lettered as sub-clause (i) by s. 2, ibid. (w.e.f. 15-5-1994).
3. Subs. by s. 2, ibid., for the brackets and letter “(g)” (w.e.f. 15-5-1994).",direct_factual,,,PENDING_HUMAN_REVIEW,,
bc24283d11aef48c,"According to the passage, what happens if requested by any two or more States so to do?","if
requested by any two or more States so to do, to assist those States in framing
and  operating schemes  of  joint  recruitment  for any  services  for which
candidates possessing special qualifications are required.",constitution_of_india.pdf,211,Article 320,"320. Functions of Public Service Commissions.—(1)  It shall be the
duty of the Union and the State Public Service Commissions to conduct
examinations for appointments to the services of the Union and the services of
the State respectively.
       (2) It shall also be the duty of the Union Public Service Commission, if
requested by any two or more States so to do, to assist those States in framing
and  operating schemes  of  joint  recruitment  for any  services  for which
candidates possessing special qualifications are required.
       (3) The Union Public Service Commission or the State Public Service
Commission, as the case may be, shall be consulted—",scenario,,,PENDING_HUMAN_REVIEW,,
84180148594835e9,What does Article 124C state about Power of Parliament to make law?,"–Parliament may, by law,
regulate the procedure for the appointment of Chief Justice of India and other
Judges of the Supreme Court and Chief Justices and other Judges of High
Courts and empower the Commission to lay down by regulations the procedure
for the discharge of  its functions, the manner of selection of persons for
appointment and such other matters as may be considered necessary by it.]
      125.",constitution_of_india.pdf,90,Article 124C,"124C. Power of Parliament to make law.––Parliament may, by law,
regulate the procedure for the appointment of Chief Justice of India and other
Judges of the Supreme Court and Chief Justices and other Judges of High
Courts and empower the Commission to lay down by regulations the procedure
for the discharge of  its functions, the manner of selection of persons for
appointment and such other matters as may be considered necessary by it.]
      125. Salaries, etc., of Judges.— 1[(1) There shall be paid to the Judges
of the Supreme Court such salaries as may be determined by Parliament by law
and, until provision in that behalf is so made, such salaries as are specified in
the Second Schedule.]
       (2) Every Judge shall be entitled to such privileges and allowances and to such
rights in respect of leave of absence and pension as may from time to time be
determined by or under law made by Parliament and, until so determined, to such
privileges, allowances and rights as are specified in the Second Schedule:
______________________________________________
1. Subs. by the Constitution (Fifty-fourth Amendment) Act, 1986,  s. 2, for  cl. (1)
   (w.e.f. 1-4-1986).",direct_factual,,,PENDING_HUMAN_REVIEW,,
72e434240cf63e9d,"According to the passage, what happens if they formed part of that Province?","if they formed part of that Province,
                    the territories specified in     clause (b) of sub-section (1)
                    of section 3 of the Bihar and Uttar Pradesh (Alteration of
                   Boundaries) Act, 1968, and the  territories  specified  in
                    clause (b) of sub-se",constitution_of_india.pdf,288,,"257         THE CONSTITUTION OF INDIA

                                  (First Schedule)


 Name                                    Territories

  1[13.] Uttar        2[The    territories   which   immediately   before   the
 Pradesh         commencement of this Constitution were either comprised
                     in the Province known as the United  Provinces or were
                   being administered as if they formed part of that Province,
                    the territories specified in     clause (b) of sub-section (1)
                    of section 3 of the Bihar and Uttar Pradesh (Alteration of
                   Boundaries) Act, 1968, and the  territories  specified  in
                    clause (b) of sub-section (1) of section 4 of the Haryana
                 and Uttar Pradesh (Alteration of Boundaries) Act, 1979,
                   but excluding the territories specified in clause (a) of sub-
                     section (1) of section 3 of the Bihar and Uttar Pradesh
                     (Alteration of Boundaries) Act, 1968, 3[and the territories
                     specified in section 3 of the Uttar Pradesh Reorganisation
                    Act, 2000] and the territories specified in clause (a) of sub-
                     section (1) of section 4 of the Haryana and Uttar Pradesh
                     (Alteration of Boundaries) Act, 1979.]
  1[14.] West      The    territories   which   immediately   before    the
 Bengal         commencement of this Constitution were either comprised
                     in the Province of West Bengal or were being administered
                    as if they formed part of that Province and the territory of
                  Chandernagore as defined in clause (c) of section 2 of
                    the  Chandernagore  (Merger)  Act, 1954  and  also  the
                       territories specified  in sub-section (1) of section 3 of the
                   Bihar and West Bengal (Transfer of Territories) Act, 1956
                    4[and also the territories referred to in Part III of the First
                   Schedule but excluding the territories referred to in Part III of
                     the Second Schedule to the Constitution (One Hundredth
                Amendment) Act, 2015, notwithstanding anything contained
                      in  clause  (c)  of  section 3  of  the  Constitution  (Ninth
                Amendment) Act, 1960, so far as it relates to the territories
                      referred to in Part III of the First Schedule and the territories
                     referred  to in Part  III of the Second Schedule  to  the
                    Constitution (One Hundredth Amendment) Act, 2015.]

______________________________________________
1. Entries 8 to 14 renumbered as entries 9 to 15 by the  the Bombay Reorganisation  Act,
  1960 (11 of 1960), s. 4 (w.e.f. 1-5-1960).
2. Subs. by the Haryana and Uttar Pradesh (Alteration of Boundaries) Act, 1979 (31 of
   1979), s. 5, for the entry against ""13. Uttar Pradesh"" (w.e.f. 15-9-1983).
3. Ins. by the Uttar Pradesh Reorganisation Act, 2000 (29 of 2000), s. 5 (w.e.f. 9-11-2000).
4. Added by the Constitution (One Hundredth Amendment) Act, 2015, s. 3
   (w.e.f. 31-7-2015). For the text of the Act, see Appendix I.",scenario,,,PENDING_HUMAN_REVIEW,,
894a874ae96c5289,What does Article 21 state about Protection of life and personal liberty?,"No person  shall be
deprived  of  his  life  or  personal  liberty  except  according  to  procedure
established by law.",constitution_of_india.pdf,42,Article 21,"21. Protection of  life and personal liberty.—No person  shall be
deprived  of  his  life  or  personal  liberty  except  according  to  procedure
established by law.
      2[21A.  Right  to  education.—The  State  shall  provide  free  and
compulsory education to all children of the age of six to fourteen years in such
manner as the State may, by law, determine.]",direct_factual,,,PENDING_HUMAN_REVIEW,,
10950abe6a4ceaa6,"According to the passage, what happens if any provision of a law made by the Legislative Assembly with respect to any matter is repugnant to any provision of a law made by Parliament with respect to that matter?","If any provision of a law made by the Legislative Assembly with
respect to any matter is repugnant to any provision of a law made by Parliament
with respect to that matter, whether passed before or after the law made by the
Legislative Assembly, or of an earlier law, other than a law made by the
Legislative Assembly, then, in either case, the law made by Parliament, or, as
the case may be, such earlier law, shall prevail and the",constitution_of_india.pdf,145,,"114          THE CONSTITUTION OF INDIA

                       (Part VIII.—The Union Territories)

       (3) (a) Subject to the provisions of this Constitution, the Legislative
Assembly shall have power to make laws for the whole or any part of the
National Capital Territory with respect to any of the matters enumerated in the
State List or in the Concurrent List in so far as any such matter is applicable to
Union territories except matters with respect to Entries 1, 2 and 18 of the State
List and Entries 64, 65 and 66 of that List in so far as they relate to the said
Entries 1, 2 and 18.
       (b) Nothing  in  sub-clause  (a)  shall  derogate from  the powers  of
Parliament under this Constitution to make laws with respect to any matter for
a Union territory or any part thereof.
       (c) If any provision of a law made by the Legislative Assembly with
respect to any matter is repugnant to any provision of a law made by Parliament
with respect to that matter, whether passed before or after the law made by the
Legislative Assembly, or of an earlier law, other than a law made by the
Legislative Assembly, then, in either case, the law made by Parliament, or, as
the case may be, such earlier law, shall prevail and the law made by the
Legislative Assembly shall, to the extent of the repugnancy, be void:
      Provided that if any such law made by the Legislative Assembly has
been reserved for the consideration of the President and has received his assent,
such law shall prevail in the National Capital Territory:
      Provided further that nothing in this sub-clause shall prevent Parliament
from enacting at any time any law with respect to the same matter including a
law adding  to, amending, varying or repealing the law so made by the
Legislative Assembly.
       (4) There shall be a Council of Ministers consisting of not more than ten
percent. of the total number of members in the Legislative Assembly, with the
Chief Minister at the head to aid and advise the Lieutenant Governor in the
exercise of his functions in relation to matters with respect to which the
Legislative Assembly has power to make laws, except in so far as he is, by or
under any law, required to act in his discretion:
      Provided that in the case of difference of opinion between the Lieutenant
Governor and his Ministers on any matter, the Lieutenant Governor shall refer
it to the President for decision and act according to the decision given thereon
by the President and pending such decision  it shall be competent for the
Lieutenant Governor in any case where the matter, in his opinion, is so urgent
that it is necessary for him to take immediate action, to take such action or to
give such direction in the matter as he deems necessary.",scenario,,,PENDING_HUMAN_REVIEW,,
8697d9d14ffca536,What does Article 273 state about Grants in lieu of export duty on jute and jute products?,"(1)
There shall be charged on the Consolidated Fund of India in each year as
grants-in-aid of the revenues of the States of Assam, Bihar, 2[Odisha] and West
Bengal, in lieu of assignment of any share of the net proceeds in each year of
export duty on jute and jute products to those States, such sums as may be
prescribed.",constitution_of_india.pdf,187,Article 273,"273. Grants in lieu of export duty on jute and jute products.—(1)
There shall be charged on the Consolidated Fund of India in each year as
grants-in-aid of the revenues of the States of Assam, Bihar, 2[Odisha] and West
Bengal, in lieu of assignment of any share of the net proceeds in each year of
export duty on jute and jute products to those States, such sums as may be
prescribed.
       (2) The sums so prescribed  shall continue  to be charged on  the
Consolidated Fund of India so long as any export duty on jute or jute products
continues to be levied by the Government of India or until the expiration of ten
years from the commencement of this Constitution whichever is earlier.

______________________________________________
1. Ins. by the Constitution (One Hundred and  First Amendment) Act, 2016,  s. 11
   (w.e.f. 16-9-2016).
2. Subs. by the Orissa (Alteration  of Name) Act, 2011 (15 of 2011), s. 5, for ""Orissa""
   (w.e.f. 1-11-2011).",direct_factual,,,PENDING_HUMAN_REVIEW,,
803fe959a2638c87,"According to the passage, what happens if he is satisfied that a substantial proportion of the population of a State desire the use of any language spoken by them to be recognised by that State?","if he is satisfied that a substantial proportion of the population of a State
desire the use of any language spoken by them to be recognised by that State,
direct that such language shall also be officially recognised throughout that
State or any part thereof for such purpose as he may specify.",constitution_of_india.pdf,236,,"205          THE CONSTITUTION OF INDIA

                                 (Part XVII—LANGUAGE)

      Provided that if two or more States agree that the Hindi language should
be the official language for communication between such States, that language
may be used for such communication.
      347. Special provision relating to language spoken by a section of the
population of a State.—On a demand being made in that behalf the President
may, if he is satisfied that a substantial proportion of the population of a State
desire the use of any language spoken by them to be recognised by that State,
direct that such language shall also be officially recognised throughout that
State or any part thereof for such purpose as he may specify.
           CHAPTER III.—LANGUAGE OF THE SUPREME COURT,
                       HIGH COURTS, ETC.
      348. Language to be used in the Supreme Court and in the High
Courts and  for  Acts,  Bills,  etc.—(1)  Notwithstanding  anything  in  the
foregoing provisions of this Part, until Parliament by law otherwise provides—
             (a) all proceedings in the Supreme Court and in every High Court;
             (b) the authoritative texts—
                         (i) of all Bills to be introduced or amendments thereto to be
          moved in either House of Parliament or in the House or either
          House of the Legislature of a State;
                          (ii) of all Acts passed by Parliament or the Legislature of a
             State and of all Ordinances promulgated by the President or the
           Governor 1*** of a State; and
                          (iii) of all orders, rules, regulations and bye-laws issued
            under this Constitution or under any law made by Parliament or
             the Legislature of a State,
       shall be in the English language.
       (2) Notwithstanding anything  in sub-clause  (a)  of  clause  (1),  the
Governor 1*** of a State may, with the previous consent of the President,
authorise the use of the Hindi language, or any other language used for any
official purposes of the State, in proceedings in the High Court having  its
principal seat in that State:


______________________________________________
1. The words ""or Rajpramukh"" omitted by the Constitution (Seventh Amendment) Act,
  1956, s. 29 and Sch. (w.e.f. 1-11-1956).",scenario,,,PENDING_HUMAN_REVIEW,,
4c8ad001579397ff,What does Article 292 state about Borrowing by the Government of India?,"The executive power
of the Union extends to borrowing upon the security of the Consolidated Fund
of India within such limits, if any, as may from time to time be fixed by
Parliament by law and to the giving of guarantees within such limits, if any, as
may be so fixed.",constitution_of_india.pdf,198,Article 292,"292. Borrowing by the Government of India.—The executive power
of the Union extends to borrowing upon the security of the Consolidated Fund
of India within such limits, if any, as may from time to time be fixed by
Parliament by law and to the giving of guarantees within such limits, if any, as
may be so fixed.",direct_factual,,,PENDING_HUMAN_REVIEW,,
d8d2475c68a2c634,"According to the passage, what happens if he was immediately before such commencement drawing a salary at a rate higher than that specified in sub-paragraph (1) of this paragraph?","if he was immediately before such commencement drawing a salary at a
rate higher than that specified in sub-paragraph (1) of this paragraph, be
entitled to receive in respect of time spent on actual service as such Chief
Justice or other Judge, as the case may be, in addition to the salary specified in
the said sub-paragraph as special pay an amount equivalent to the difference
between  the  salary",constitution_of_india.pdf,298,,"267          THE CONSTITUTION OF INDIA

                          (Second Schedule)

      Provided that if a Judge of a High Court at the time of his appointment is in
receipt of a pension (other than a disability or wound pension) in respect of any
previous  service under the Government of  India or any of  its predecessor
Governments or under  the Government of a State or any of  its predecessor
Governments, his salary in respect of service in the High Court shall be reduced—
          (a) by the amount of that pension; and
          (b) if he has, before such appointment, received in lieu of a portion of
      the pension due to him in respect of such previous service the commuted
      value thereof, by the amount of that portion of the pension; and
           (c) if he has, before such appointment, received a retirement gratuity in
       respect  of such previous  service, by the pension equivalent of  that
       gratuity.]
       (2) Every person who immediately before the commencement of this
Constitution—
           (a) was holding office as the Chief Justice of a High Court in any
      Province and has on such commencement become the Chief Justice of the
     High Court in the corresponding State under clause (1) of article 376; or
           (b) was holding office as any other Judge of a High Court in any Province
      and has on such commencement become a Judge (other than the Chief
       Justice) of the High Court in the corresponding State under the said clause,
shall, if he was immediately before such commencement drawing a salary at a
rate higher than that specified in sub-paragraph (1) of this paragraph, be
entitled to receive in respect of time spent on actual service as such Chief
Justice or other Judge, as the case may be, in addition to the salary specified in
the said sub-paragraph as special pay an amount equivalent to the difference
between  the  salary so  specified and  the  salary which he was drawing
immediately before such commencement.
       1[(3) Any person who, immediately before the commencement of the
Constitution (Seventh Amendment) Act, 1956, was holding office as the Chief
Justice of the High Court of  a State specified in Part B of the First Schedule
and has on such commencement become the Chief Justice of the High Court of
a State specified in the said Schedule as amended by the said Act, shall, if he
was  immediately  before  such commencement  drawing  any  amount  as
allowance in addition to his salary, be entitled to receive in respect of time
spent on actual service as such Chief Justice, the same amount as allowance in
addition to the salary specified in sub-paragraph (1) of this paragraph.].
______________________________________________
1. Subs. by the Constitution (Seventh Amendment) Act, 1956,  s. 25(c),  (ii), for
  sub-paragraphs (3) and (4) (w.e.f. 1-11-1956).",scenario,,,PENDING_HUMAN_REVIEW,,
91f4027d0e621b89,What does Article 158 state about Conditions of Governor's office?,"(1) The Governor shall not be a
member of either House of Parliament or of a House of the Legislature of any
State specified in the First Schedule, and  if a member of either House of
Parliament or of a House of the Legislature of any such State be appointed
Governor, he shall be deemed to have vacated his seat in that House on the date
on which he enters upon his office as Governor.",constitution_of_india.pdf,102,Article 158,"158. Conditions of Governor's office.—(1) The Governor shall not be a
member of either House of Parliament or of a House of the Legislature of any
State specified in the First Schedule, and  if a member of either House of
Parliament or of a House of the Legislature of any such State be appointed
Governor, he shall be deemed to have vacated his seat in that House on the date
on which he enters upon his office as Governor.
       (2) The Governor shall not hold any other office of profit.
       (3) The Governor shall be entitled without payment of rent to the use of
his  official  residences and  shall  be  also  entitled  to  such emoluments,
allowances and privileges as may be determined by Parliament by law and,
until provision in that behalf is so made, such emoluments, allowances and
privileges as are specified in the Second Schedule.
      1[(3A) Where the same person is appointed as Governor of two or more
States, the emoluments and allowances payable to the Governor shall be allocated
among the States in such proportion as the President may by order determine.]
       (4) The emoluments and allowances of the Governor shall not be
diminished during his term of office.",direct_factual,,,PENDING_HUMAN_REVIEW,,
104876d9d0550f4d,"According to the passage, what happens if there are different Scheduled Tribes in an autonomous district?","If there are different Scheduled Tribes in an autonomous district,
the Governor may, by public notification, divide the area or areas inhabited
by them into autonomous regions.",constitution_of_india.pdf,311,Article 21,"21. Autonomous districts and autonomous regions.—(1) Subject to
the provisions of this paragraph, the tribal areas in each item of 3[4[Parts I, II
and IIA] and in Part III] of the table appended to paragraph 20 of this
Schedule shall be an autonomous district.
       (2) If there are different Scheduled Tribes in an autonomous district,
the Governor may, by public notification, divide the area or areas inhabited
by them into autonomous regions.
       (3) The Governor may, by public notification,—
             (a) include any area in 3[any of the Parts] of the said table;
             (b) exclude any area from 3[any of the Parts] of the said table;
              (c) create a new autonomous district;
             (d) increase the area of any autonomous district;
              (e) diminish the area of any autonomous district;
                 (f) unite two or more autonomous districts or parts thereof so
      as to form one autonomous district;
                 5[(ff) alter the name of any autonomous district];
             (g) define the boundaries of any autonomous district:
______________________________________________
1. Subs. by the State of Mizoram Act, 1986 (34 of 1986), s. 39, for certain words
   (w.e.f. 20-2-1987).
2. Paragraph 1 has been amended in its application to the State of Assam by the Sixth
  Schedule to the Constitution (Amendment) Act, 2003 (44 of 2003), s. 2, so as to
   insert the following proviso after sub-paragraph (2), namely :—
     ""Provided  that nothing  in  this sub-paragraph  shall apply  to the Bodoland
    Territorial Areas District"" (w.e.f. 7-9-2003).
3. Subs. by the North-Eastern Areas (Reorganisation) Act, 1971 (81 of 1971), s. 71(i)
  and Eighth Sch., for ""Part A"" (w.e.f. 21-1-1972).
4. Subs. by the Constitution (Forty-ninth Amendment) Act, 1984, s. 4, for ""Part I and
   II"" (w.e.f. 1-4-1985).
5. Ins. by the Assam Reorganisation (Meghalaya) Act, 1969 (55 of 1969), s. 74 and
   Fourth Sch. (w.e.f. 2-4-1970).
                             280",scenario,,,PENDING_HUMAN_REVIEW,,
0077022f2bfeaf29,What does Article 20 state about Protection in respect of conviction for offences?,"(1) No person
shall be convicted of any offence except for violation of a law in force at the
time of the commission of the Act charged as an offence, nor be subjected to a
penalty greater than that which might have been inflicted under the law in force
at the time of the commission of the offence.",constitution_of_india.pdf,42,Article 20,"20. Protection in respect of conviction for offences.—(1) No person
shall be convicted of any offence except for violation of a law in force at the
time of the commission of the Act charged as an offence, nor be subjected to a
penalty greater than that which might have been inflicted under the law in force
at the time of the commission of the offence.
       (2) No person shall be prosecuted and punished for the same offence
more than once.
       (3) No person accused of any offence shall be compelled to be a witness
against himself.",direct_factual,,,PENDING_HUMAN_REVIEW,,
40aa7807e2b79274,"According to the passage, what happens if there is still outstanding any part of a loan which has been made to the State by the Government of India or by its predecessor Government?","if there is still outstanding any part of a loan which has been made to
the State by the Government of India or by its predecessor Government, or in
respect of which a guarantee has been given by the Government of India or by
its predecessor Government.",constitution_of_india.pdf,198,Article 293,"293. Borrowing by States.—(1) Subject to the provisions of this article,
the executive power of a State extends to borrowing within the territory of India
upon the security of the Consolidated Fund of the State within such limits, if any,
as may from time to time be fixed by the Legislature of such State by law and to
the giving of guarantees within such limits, if any, as may be so fixed.
       (2) The Government of India may, subject to such conditions as may be
laid down by or under any law made by Parliament, make loans to any State or,
so long as any limits fixed under article 292 are not exceeded, give guarantees
in respect of loans raised by any State, and any sums required for the purpose
of making such loans shall be charged on the Consolidated Fund of India.
       (3) A State may not without the consent of the Government of India raise
any loan if there is still outstanding any part of a loan which has been made to
the State by the Government of India or by its predecessor Government, or in
respect of which a guarantee has been given by the Government of India or by
its predecessor Government.
       (4) A  consent under  clause  (3) may be  granted  subject  to such
conditions, if any, as the Government of India may think fit to impose.
       CHAPTER III.—PROPERTY, CONTRACTS, RIGHTS, LIABILITIES,
                       OBLIGATIONS AND SUITS
      294. Succession to property, assets, rights, liabilities and obligations
in certain cases.—As from the commencement of this Constitution—
             (a)  all  property and  assets which immediately  before  such
     commencement were vested in His Majesty for the purposes of the
     Government of the Dominion of India and all property and assets which
      immediately before such commencement were vested in His Majesty for
      the purposes of the Government of each Governor’s Province shall vest
       respectively in the Union and the corresponding State; and",scenario,,,PENDING_HUMAN_REVIEW,,
bc946eed1977356e,What does Article 290 state about Adjustment in respect of certain expenses and pensions?,"Where under the provisions of this Constitution the expenses of any court or
Commission, or the pension payable to or in respect of a person who has served
before the commencement of this Constitution under the Crown in India or
after such commencement in connection with the affairs of the Union or of a
State, are charged on the Consolidated Fund of India or the Consolidated Fund
of a State, then, if—
             (a) in the case of a charge on the Consolidated Fund of India, the
      court or Commission serves any of the separate needs of a State, or the
      person has served wholly or in part in connection with the affairs of a
       State; or
             (b) in the case of a charge on the Consolidated Fund of a State, the
      court or Commission serves any of the separate needs of the Union or
      another State, or the person has served wholly or  in part in connection
      with the affairs of the Union or another State,
there shall be charged on and paid out of the Consolidated Fund of the State or,
as the case may be, the Consolidated Fund of India or the Consolidated Fund of
the other State, such contribution in respect of the expenses or pension as may
be agreed, or as may in default of agreement be determined by an arbitrator to
be appointed by the Chief Justice of India.",constitution_of_india.pdf,197,Article 290,"290. Adjustment in respect of certain expenses and pensions.—
Where under the provisions of this Constitution the expenses of any court or
Commission, or the pension payable to or in respect of a person who has served
before the commencement of this Constitution under the Crown in India or
after such commencement in connection with the affairs of the Union or of a
State, are charged on the Consolidated Fund of India or the Consolidated Fund
of a State, then, if—
             (a) in the case of a charge on the Consolidated Fund of India, the
      court or Commission serves any of the separate needs of a State, or the
      person has served wholly or in part in connection with the affairs of a
       State; or
             (b) in the case of a charge on the Consolidated Fund of a State, the
      court or Commission serves any of the separate needs of the Union or
      another State, or the person has served wholly or  in part in connection
      with the affairs of the Union or another State,
there shall be charged on and paid out of the Consolidated Fund of the State or,
as the case may be, the Consolidated Fund of India or the Consolidated Fund of
the other State, such contribution in respect of the expenses or pension as may
be agreed, or as may in default of agreement be determined by an arbitrator to
be appointed by the Chief Justice of India.
      1[290A. Annual payment to certain Devaswom Funds.—A sum of
forty-six lakhs and fifty thousand rupees shall be charged on, and paid out of,
the Consolidated Fund of the State of Kerala every year to the Travancore
Devaswom Fund; and a sum of thirteen lakhs and fifty thousand rupees shall be
charged on, and paid out of, the Consolidated Fund of the State of 2[Tamil
Nadu] every year to the Devaswom Fund established in that State for the
maintenance of Hindu temples and shrines in the territories transferred to that
State on the 1st day of November, 1956, from the State of Travancore-Cochin.]

______________________________________________
1. Ins. by the Constitution (Seventh Amendment) Act, 1956, s. 19 (w.e.f. 1-11-1956).
2. Subs. by the Madras State (Alteration of Name) Act, 1968 (53 of 1968), s. 4, for
  ""Madras"" (w.e.f. 14-1-1969).",direct_factual,,,PENDING_HUMAN_REVIEW,,
20a555c791f8a547,"According to the passage, what happens if requested so to do by the Governor 1*** of a State?","if requested so to do
by the Governor 1*** of a State, may, with the approval of the President, agree
to serve all or any of the needs of the State.",constitution_of_india.pdf,208,Article 315,"315. Public Service Commissions for the Union and for the States.—
(1) Subject to the provisions of this article, there shall be a Public Service
Commission for the Union and a Public Service Commission for each State.
       (2) Two or more States may agree that there shall be one Public Service
Commission for that group of States, and if a resolution to that effect is passed
by the House or, where there are two Houses, by each House of the Legislature
of each of those States, Parliament may by law provide for the appointment of a
Joint State Public Service Commission (referred to in this Chapter as Joint
Commission) to serve the needs of those States.
       (3) Any such law  as  aforesaid may  contain such  incidental and
consequential provisions as may be necessary or desirable for giving effect to
the purposes of the law.
       (4) The Public Service Commission for the Union, if requested so to do
by the Governor 1*** of a State, may, with the approval of the President, agree
to serve all or any of the needs of the State.
       (5)  References  in  this  Constitution  to  the Union  Public  Service
Commission or a State Public Service Commission shall, unless the context
otherwise requires, be construed as references to the Commission  serving the
needs of the Union or, as the case may be, the State as respects the  particular
matter in question.",scenario,,,PENDING_HUMAN_REVIEW,,
8f41bd5efd1eb100,What does Article 101 state about Vacation of seats?,"(1) No person shall be a member of both
Houses of Parliament and provision shall be made by Parliament by law for the
vacation by a person who is chosen a member of both Houses of his seat in one
House or the other.",constitution_of_india.pdf,75,Article 101,"101. Vacation of seats.— (1) No person shall be a member of both
Houses of Parliament and provision shall be made by Parliament by law for the
vacation by a person who is chosen a member of both Houses of his seat in one
House or the other.
______________________________________________
1. Cls. (3) and (4) omitted by the Constitution (Forty-second Amendment) Act, 1976, s. 18 (date not
   notified). This amendment was omitted by the Constitution (Forty-fourth Amendment) Act, 1978,
    s. 45 (w.e.f. 20-6-1979).",direct_factual,,,PENDING_HUMAN_REVIEW,,
5c60f4b94ad97705,"According to the passage, what happens if any such Proclamation (not being a Proclamation revoking a previous Proclamation) is issued at a time when the House of the People has been dissolved?","if any such Proclamation (not being a Proclamation
revoking a previous Proclamation) is issued at a time when the House of the
People has been dissolved, or the dissolution of the House of the People takes
place during the period of one month referred to in this clause, and  if a
resolution approving the Proclamation has been passed by the Council of
States, but no resolution with respect to such Proclamation h",constitution_of_india.pdf,240,,"209          THE CONSTITUTION OF INDIA

                         (Part XVIII.—EMERGENCY PROVISIONS)

      Provided  that  if any such Proclamation (not being a Proclamation
revoking a previous Proclamation) is issued at a time when the House of the
People has been dissolved, or the dissolution of the House of the People takes
place during the period of one month referred to in this clause, and  if a
resolution approving the Proclamation has been passed by the Council of
States, but no resolution with respect to such Proclamation has been passed by
the House of the People before the expiration of that period, the Proclamation
shall cease to operate at the expiration of thirty days from the date on which the
House of  the People  first  sits  after  its  reconstitution,  unless before the
expiration  of  the  said period  of  thirty days a  resolution approving  the
Proclamation has been also passed by the House of the People.
       (5) A Proclamation so approved shall, unless revoked, cease to operate
on the expiration of a period of six months from the date of the passing of the
second of the resolutions approving the Proclamation under clause (4):
      Provided that if and so often as a resolution approving the continuance in
force of such a Proclamation  is passed by both Houses of Parliament the
Proclamation shall, unless revoked, continue in force for a further period of six
months from the date on which it would otherwise have ceased to operate under
this clause:
      Provided further that if the dissolution of the House of the People takes
place during any such period of six months and a resolution approving the
continuance in force of such Proclamation has been passed by the Council of
States but no resolution with respect to the continuance in force of such
Proclamation has been passed by the House of the People during the said
period, the Proclamation shall cease to operate at the expiration of thirty days
from the date on which the House of the People first sits after its reconstitution
unless before the expiration of the said period  of thirty days, a resolution
approving the continuance in force  of the Proclamation has been also passed
by the House of the People.
       (6) For the purposes of clauses (4) and (5), a resolution may be passed
by either House of Parliament only by a majority of the total membership of
that House and by a majority of not less than two-thirds of the Members of that
House present and voting.
       (7) Notwithstanding anything contained in the foregoing clauses, the
President shall revoke a Proclamation issued under clause (1) or a Proclamation
varying such Proclamation  if the House of the People passes a resolution
disapproving, or, as the case may be, disapproving the continuance in force  of,
such Proclamation.",scenario,,,PENDING_HUMAN_REVIEW,,
59354f0da81f7319,What does Article 98 state about Secretariat of Parliament?,"(1) Each House of Parliament shall
have a separate secretarial staff:
      Provided that nothing in this clause shall be construed as preventing the
creation of posts common to both Houses of Parliament.",constitution_of_india.pdf,74,Article 98,"98. Secretariat of Parliament.—(1) Each House of Parliament shall
have a separate secretarial staff:
      Provided that nothing in this clause shall be construed as preventing the
creation of posts common to both Houses of Parliament.
       (2) Parliament may by law regulate the recruitment, and the conditions
of service of persons appointed, to the secretarial staff of either House of
Parliament.
       (3) Until provision is made by Parliament under clause (2), the President
may, after consultation with the Speaker of the House of the People or the
Chairman of the Council of States, as the case may be, make rules regulating
the recruitment, and the conditions of service of persons appointed, to the
secretarial staff of the House of the People or the Council of States, and any
rules so made shall have effect subject to the provisions of any law made under
the said clause.",direct_factual,,,PENDING_HUMAN_REVIEW,,
d23128be18c42f57,"According to the passage, what happens if decided in favour of the appellant?","if decided in favour of the
appellant, would be sufficient for the final disposal of the case.",constitution_of_india.pdf,93,,"62          THE CONSTITUTION OF INDIA

                         (Part V.—The Union)

       1(2)*           *           *           *           *
       (3) Where such a certificate is given, 2*** any party in the case may
appeal to the Supreme Court on the ground that any such question as aforesaid
has been wrongly decided 2***.
      Explanation.—For the purposes of this  article, the expression “final
order” includes an order deciding an issue which, if decided in favour of the
appellant, would be sufficient for the final disposal of the case.
      133. Appellate jurisdiction of the Supreme Court in appeals from
High Courts in regard to civil matters.—3[(1) An appeal shall lie to the
Supreme Court from any judgment, decree or final order in a civil proceeding
of a High Court in the territory of India 4[if the High Court certifies under
article 134A—]
          (a) that the case involves a substantial question of law of general
      importance; and
          (b) that in the opinion of the High Court the said question needs to be
      decided by the Supreme Court.]
       (2) Notwithstanding anything in article 132, any party appealing to the
Supreme Court under clause (1) may urge as one of the grounds in such appeal
that a substantial question of law as to the interpretation of this Constitution has
been wrongly decided.
       (3) Notwithstanding anything in this article, no appeal shall, unless Parliament
by law otherwise provides, lie to the Supreme Court from the judgment, decree or final
order of one Judge of a High Court.
      134. Appellate jurisdiction of the Supreme Court in regard to
criminal matters.—(1) An appeal shall lie to the Supreme Court from any
judgment, final order or sentence in a criminal proceeding of a High Court in
the territory of India if the High Court—
          (a) has on appeal reversed an order of acquittal of an accused person
     and sentenced him to death; or
          (b) has withdrawn for trial before itself any case from any court
      subordinate to its authority and has in such trial convicted the accused
      person and sentenced him to death; or
           (c) 5[certifies under article 134A] that the case is a fit one for appeal
       to the Supreme Court:
______________________________________________
1. Cl. (2) omitted by the Constitution (Forty-fourth Amendment) Act, 1978, s. 17, for ""if
   the High Court certifies"" (w.e.f. 1-8-1979).
2. Certain words omitted by s. 17, ibid. (w.e.f. 1-8-1979).
3. Subs. by  the  Constitution  (Thirtieth Amendment) Act, 1972,  s.  2,  for  cl.  (1)
   (w.e.f. 27-2-1973).
4. Subs. by the Constitution (Forty-fourth Amendment) Act, 1978, s.18, for ""if the High
  Court certifies.—"" (w.e.f. 1-8-1979).
5. Subs. by s. 19, ibid., for ""certifies"" (w.e.f. 1-8-1979).",scenario,,,PENDING_HUMAN_REVIEW,,
459992a323378550,What does Article 320 state about Functions of Public Service Commissions?,"(1)  It shall be the
duty of the Union and the State Public Service Commissions to conduct
examinations for appointments to the services of the Union and the services of
the State respectively.",constitution_of_india.pdf,211,Article 320,"320. Functions of Public Service Commissions.—(1)  It shall be the
duty of the Union and the State Public Service Commissions to conduct
examinations for appointments to the services of the Union and the services of
the State respectively.
       (2) It shall also be the duty of the Union Public Service Commission, if
requested by any two or more States so to do, to assist those States in framing
and  operating schemes  of  joint  recruitment  for any  services  for which
candidates possessing special qualifications are required.
       (3) The Union Public Service Commission or the State Public Service
Commission, as the case may be, shall be consulted—",direct_factual,,,PENDING_HUMAN_REVIEW,,
150397070e7bd798,"According to the passage, what happens if the High Court certifies.—"" (w.e.f. 1-8-1979). 5. Subs. by s. 19?","if the High
  Court certifies.—"" (w.e.f. 1-8-1979).
5. Subs. by s. 19, ibid.",constitution_of_india.pdf,93,,"62          THE CONSTITUTION OF INDIA

                         (Part V.—The Union)

       1(2)*           *           *           *           *
       (3) Where such a certificate is given, 2*** any party in the case may
appeal to the Supreme Court on the ground that any such question as aforesaid
has been wrongly decided 2***.
      Explanation.—For the purposes of this  article, the expression “final
order” includes an order deciding an issue which, if decided in favour of the
appellant, would be sufficient for the final disposal of the case.
      133. Appellate jurisdiction of the Supreme Court in appeals from
High Courts in regard to civil matters.—3[(1) An appeal shall lie to the
Supreme Court from any judgment, decree or final order in a civil proceeding
of a High Court in the territory of India 4[if the High Court certifies under
article 134A—]
          (a) that the case involves a substantial question of law of general
      importance; and
          (b) that in the opinion of the High Court the said question needs to be
      decided by the Supreme Court.]
       (2) Notwithstanding anything in article 132, any party appealing to the
Supreme Court under clause (1) may urge as one of the grounds in such appeal
that a substantial question of law as to the interpretation of this Constitution has
been wrongly decided.
       (3) Notwithstanding anything in this article, no appeal shall, unless Parliament
by law otherwise provides, lie to the Supreme Court from the judgment, decree or final
order of one Judge of a High Court.
      134. Appellate jurisdiction of the Supreme Court in regard to
criminal matters.—(1) An appeal shall lie to the Supreme Court from any
judgment, final order or sentence in a criminal proceeding of a High Court in
the territory of India if the High Court—
          (a) has on appeal reversed an order of acquittal of an accused person
     and sentenced him to death; or
          (b) has withdrawn for trial before itself any case from any court
      subordinate to its authority and has in such trial convicted the accused
      person and sentenced him to death; or
           (c) 5[certifies under article 134A] that the case is a fit one for appeal
       to the Supreme Court:
______________________________________________
1. Cl. (2) omitted by the Constitution (Forty-fourth Amendment) Act, 1978, s. 17, for ""if
   the High Court certifies"" (w.e.f. 1-8-1979).
2. Certain words omitted by s. 17, ibid. (w.e.f. 1-8-1979).
3. Subs. by  the  Constitution  (Thirtieth Amendment) Act, 1972,  s.  2,  for  cl.  (1)
   (w.e.f. 27-2-1973).
4. Subs. by the Constitution (Forty-fourth Amendment) Act, 1978, s.18, for ""if the High
  Court certifies.—"" (w.e.f. 1-8-1979).
5. Subs. by s. 19, ibid., for ""certifies"" (w.e.f. 1-8-1979).",scenario,,,PENDING_HUMAN_REVIEW,,
1e4d9dfa42e0d462,What does Article 267 state about Contingency Fund?,"(1) Parliament may by law  establish a
Contingency Fund in the nature of an imprest to be entitled “the Contingency
Fund of India” into which shall be paid from time to time such sums as may be
determined by such law, and the said Fund shall be placed at the disposal of the
President to enable advances to be made by him out of such Fund for the
purposes of meeting unforeseen expenditure pending authorisation of such
expenditure by Parliament by law under article 115 or article 116.",constitution_of_india.pdf,183,Article 267,"267. Contingency Fund.—(1) Parliament may by law  establish a
Contingency Fund in the nature of an imprest to be entitled “the Contingency
Fund of India” into which shall be paid from time to time such sums as may be
determined by such law, and the said Fund shall be placed at the disposal of the
President to enable advances to be made by him out of such Fund for the
purposes of meeting unforeseen expenditure pending authorisation of such
expenditure by Parliament by law under article 115 or article 116.

______________________________________________
1 Subs. by the Constitution (Seventh Amendment) Act, 1956, s. 29 and Sch., for art. 264
   (w.e.f. 1-11-1956).

                              152",direct_factual,,,PENDING_HUMAN_REVIEW,,
409b8b6828080b16,"According to the passage, what happens if he thinks it necessary?","if he thinks  it necessary, the
District Council or the Regional Council concerned, take such action as he
considers necessary in his discretion.",constitution_of_india.pdf,339,,"308         THE CONSTITUTION OF INDIA

                             (Sixth Schedule)

             (d) the continuance of any laws made by the existing Regional
      Council and in force immediately before the prescribed date, subject
       to such adaptations and modifications, whether by way of repeal or
     amendment, as the Administrator may make in this behalf until such
      laws are altered, repealed or amended by a competent Legislature or
      other competent authority;
              (e) such incidental, consequential and supplementary matters
      as the Administrator considers necessary.]
      1[20BA. Exercise of discretionary powers by the Governor in the
discharge  of  his functions.—The Governor  in  the  discharge  of  his
functions under sub-paragraphs (2) and (3) of paragraph 1, sub-paragraphs
(1), (6), sub-paragraph (6A) excluding the first proviso and sub-paragraph
(7) of paragraph 2, sub-paragraph (3) of paragraph 3, sub-paragraph (4) of
paragraph 4, paragraph 5, sub-paragraph (1) of paragraph 6, sub-paragraph
(2) of paragraph 7, sub-paragraph (4) of paragraph 8, sub-paragraph (3) of
paragraph 9, sub-paragraph (3) of paragraph 10, sub-paragraph  (1) of
paragraph 14, sub-paragraph (1) of paragraph 15 and sub-paragraphs (1) and
(2) of paragraph 16 of this Schedule, shall, after consulting the Council of
Ministers and the North Cachar Hills Autonomous Council or the Karbi
Anglong Autonomous Council, as the case may be, take such action as he
considers necessary in his discretion.]
      2[20BB. Exercise of discretionary powers by the Governor in the
discharge  of  his functions.—The Governor,  in  the  discharge  of  his
functions under sub-paragraphs (2) and (3) of paragraph 1, sub-paragraphs
(1) and (7) of paragraph 2, sub-paragraph (3) of paragraph 3, sub-paragraph
(4) of paragraph 4, paragraph 5, sub-paragraph (1) of paragraph 6, sub-
paragraph (2) of paragraph 7, sub-paragraph (3) of  paragraph 9, sub-
paragraph (1) of paragraph 14, sub-paragraph (1) of paragraph 15 and sub-
paragraphs (1)  and (2) of paragraph 16 of this Schedule,  shall, after
consulting the Council of Ministers, and  if he thinks  it necessary, the
District Council or the Regional Council concerned, take such action as he
considers necessary in his discretion.]
______________________________________________
1. Paragraph 20BA has been inserted in its application to the State of Assam by the Sixth
    Schedule to the Constitution (Amendment) Act, 1995 (42 of 1995), s. 2 (w.e.f. 12-9-1995).
2.  Paragraph 20BB has been inserted in its application to the States of Tripura and Mizoram, by
    the  Sixth Schedule  to  the  Constitution (Amendment)  Act, 1988  (67  of 1988),  s. 2
     (w.e.f. 16-12-1988).",scenario,,,PENDING_HUMAN_REVIEW,,
d967806139c3b522,What does Article 55 state about Manner of election of President?,"(1) As far as practicable, there
shall be uniformity in the scale of representation of the different States at the
election of the President.",constitution_of_india.pdf,57,Article 55,"55. Manner of election of President.—(1) As far as practicable, there
shall be uniformity in the scale of representation of the different States at the
election of the President.
       (2) For the purpose of securing such uniformity among the States inter se
as well as parity between the States as a whole and the Union, the number of
votes which each  elected member  of Parliament and  of  the  Legislative
Assembly of each State is entitled to cast at such election shall be determined in
the following manner:—
          (a) every elected member of the Legislative Assembly of a State shall
      have as many votes as there are multiples of one thousand in the quotient
      obtained by dividing the population of the State by the total number of
      the elected members of the Assembly;
______________________________________________
1. Ins. by the Constitution (Seventieth Amendment) Act, 1992, s. 2 (w.e.f. 1-6-1995).
* Now Puducherry vide  the Pondicherry  (Alteration of Name) Act, 2006 (44 of 2006),
  s. 3 (w.e.f. 1-10-2006).

                               26",direct_factual,,,PENDING_HUMAN_REVIEW,,
ebd11473005ed8f6,"According to the passage, what happens if a Proclamation of Emergency is in operation.—(1) Notwithstanding anything in this Chapter?","if a Proclamation of Emergency  is in operation.—(1)
Notwithstanding  anything  in  this  Chapter,  Parliament  shall,  while  a
Proclamation of Emergency is in operation, have power to make laws for the
whole or any part of the territory of India with respect to 1[goods and services
tax provided under article 246A or] any of the matters enumerated in the St",constitution_of_india.pdf,178,,"147          THE CONSTITUTION OF INDIA

                     (Part XI.—Relations between the Union and the States)

      250. Power of Parliament to legislate with respect to any matter in
the State List  if a Proclamation of Emergency  is in operation.—(1)
Notwithstanding  anything  in  this  Chapter,  Parliament  shall,  while  a
Proclamation of Emergency is in operation, have power to make laws for the
whole or any part of the territory of India with respect to 1[goods and services
tax provided under article 246A or] any of the matters enumerated in the State
List.
       (2) A law made by Parliament which Parliament would not but for the
issue of a Proclamation of Emergency have been competent to make shall, to the
extent of the incompetency, cease to have effect on the expiration of a period of
six months after the Proclamation has ceased to operate, except as respects things
done or omitted to be done before the expiration of the said period.
      251. Inconsistency between laws made by Parliament under articles
249 and 250 and laws made by the Legislatures of States.—Nothing in
articles 249 and 250 shall restrict the power of the Legislature of a State to
make any law which under this Constitution it has power to make, but if any
provision of a law made by the Legislature of a State is repugnant to any
provision of a law made by Parliament which Parliament has under either of the
said articles power to make, the law made by Parliament, whether passed
before or after the law made by the Legislature of the State, shall prevail, and
the law made by the Legislature of the State shall to the extent of the
repugnancy, but so long only as the law made by Parliament continues to have
effect, be inoperative.
      252. Power of Parliament to legislate for two or more States by
consent and adoption of such legislation by any other State.—(1)  If  it
appears to the Legislatures of two or more States to be desirable that any of the
matters with respect to which Parliament has no power to make laws for the
States except as provided in articles 249 and 250 should be regulated in such
States by Parliament by law, and if resolutions to that effect are passed by all
the Houses of the Legislatures of those States, it shall be lawful for Parliament
to pass an act for regulating that matter accordingly, and any Act so passed
shall apply to such States and to any other State by which  it  is adopted
afterwards by resolution passed in that behalf by the House or, where there are
two Houses, by each of the Houses of the Legislature of that State.

______________________________________________
1. Ins. by the Constitution (One Hundred and  First Amendment) Act, 2016,  s. 5
   (w.e.f. 16-9-2016).",scenario,,,PENDING_HUMAN_REVIEW,,
0960330639a365ce,What does Article 70 state about Discharge of President's functions in other contingencies?,"Parliament may make such provision as it thinks fit for the discharge of the
functions of the President in any contingency not provided for in this Chapter.",constitution_of_india.pdf,63,Article 70,"70. Discharge of President's functions in other contingencies.—
Parliament may make such provision as it thinks fit for the discharge of the
functions of the President in any contingency not provided for in this Chapter.
       1[71. Matters relating  to, or connected with, the  election of a
President or Vice-President.—(1) All doubts and disputes arising out of or in
connection with the election of a President or Vice-President shall be inquired
into and decided by the Supreme Court whose decision shall be final.
       (2) If the election of a person as President or Vice-President is declared
void by the Supreme Court, acts done by him in the exercise and performance
of the powers and duties of the office of President or Vice-President, as the
case may be, on or before the date of the decision of the Supreme Court shall
not be invalidated by reason of that declaration.
       (3) Subject to the provisions of this Constitution, Parliament may by law
regulate any matter relating to or connected with the election of a President or
Vice-President.
       (4) The election of a person as President or Vice-President shall not be
called in question on the ground of the existence of any vacancy for whatever
reason among the members of the electoral college electing him.]
      72. Power of President to grant pardons, etc., and to suspend, remit
or commute sentences in certain cases.—(1) The President shall have the
power to grant pardons, reprieves, respites or remissions of punishment or to
suspend, remit or commute the sentence of any person convicted of any
offence—
          (a) in  all cases where the punishment or sentence is by a Court
       Martial;

______________________________________________
1. Subs. by the Constitution (Thirty-ninth Amendment) Act, 1975, s. 2 (w.e.f 10-8-1975) and
   further  subs.  by  the  Constitution  (Forty-fourth  Amendment)  Act,  1978,   s.  10.
   (w.e.f. 20-6-1979).",direct_factual,,,PENDING_HUMAN_REVIEW,,
2d164a759c4b09e1,"According to the passage, what happens if he has attained the age of twenty- one years?","if he has attained the age of twenty-
     one years;
          (b)  if he  is so disqualified by or under any law made by the
      Legislature of the State.",constitution_of_india.pdf,153,Article 243F,"243F. Disqualifications for membership.— (1) A person shall be
disqualified for being chosen as, and for being, a member of a Panchayat—
          (a) if he is so disqualified by or under any law for the time being in
      force for the purposes of  elections  to the Legislature of the State
      concerned:
         Provided that no person shall be disqualified on the ground that he is
       less than twenty-five years of age, if he has attained the age of twenty-
     one years;
          (b)  if he  is so disqualified by or under any law made by the
      Legislature of the State.
       (2) If any question arises as to whether a member of a Panchayat has
become subject to any of the disqualifications mentioned in clause (1), the
question shall be referred for the decision of such authority and in such manner
as the Legislature of a State may, by law, provide.",scenario,,,PENDING_HUMAN_REVIEW,,
6abde0df54f96706,What does Article 228 state about Transfer of certain cases to High Court?,"If the High Court is
satisfied that a case pending in a court subordinate to it involves a substantial
question of law as to the interpretation of this Constitution the determination of
which is necessary for the disposal of the case, 2[it shall withdraw the case and
3*** may—]
             (a) either dispose of the case itself, or
             (b) determine the said question of law and return the case to the
      court from which the case has been so withdrawn together with a copy of
        its judgment on such question, and the said court shall on receipt thereof
      proceed to dispose of the case in conformity with such judgment.",constitution_of_india.pdf,137,Article 228,"228. Transfer of certain cases to High Court.—If the High Court is
satisfied that a case pending in a court subordinate to it involves a substantial
question of law as to the interpretation of this Constitution the determination of
which is necessary for the disposal of the case, 2[it shall withdraw the case and
3*** may—]
             (a) either dispose of the case itself, or
             (b) determine the said question of law and return the case to the
      court from which the case has been so withdrawn together with a copy of
        its judgment on such question, and the said court shall on receipt thereof
      proceed to dispose of the case in conformity with such judgment.
______________________________________________
1. Cl. (5) was ins. by the Constitution (Forty-second Amendment) Act, 1976,  s. 40
   (w.e.f.  1-2-1977)  and  omitted  by  the  Constitution  (Forty-fourth Amendment)
  Act, 1978, s. 31 (w.e.f. 20-6-1979).
2. Subs. by the Constitution (Forty-second Amendment) Act, 1976, s. 41, for ""it shall
  withdraw the case and may—"" (w.e.f. 1-2-1977).
3. The words, figures and letter, ""subject to the provisions of article 131A,"" omitted by
   the Constitution (Forty-third Amendment) Act, 1977, s. 9 (w.e.f. 13-4-1978).",direct_factual,,,PENDING_HUMAN_REVIEW,,
6fb70d0bfffdf608,"According to the passage, what happens if the President or the Governor 42***?","if the President or the Governor 42***, as the case may be, deems  it
______________________________________________
1.",constitution_of_india.pdf,204,Article 310,"310. Tenure of office of persons serving the Union or a State.—(1)
Except as expressly provided by this Constitution,  every person who is a
member of a  defence service or of  a civil service of the Union or of an
all-India service or holds any post connected with defence or any civil post
under the Union holds office during the pleasure of the President, and  every
person who is  a member of a civil service of a State or holds any civil post
under a State holds office  during  the pleasure of the Governor 3*** of the
State.
       (2) Notwithstanding that a person holding a civil post under the Union or
a State holds office during the pleasure of the President or, as the case may be,
of the Governor 2*** of the State, any contract under which a person, not being
a member of a defence service or of an all-India service or of a civil service of
the Union or a State, is appointed under this Constitution to hold such a post
may, if the President or the Governor 42***, as the case may be, deems  it
______________________________________________
1. Subs. by the Constitution (Seventh Amendment) Act, 1956, s. 29 and Sch., for ""means
  a State specified in Part A or Part B of the First Schedule"" (w.e.f. 1-11-1956).
2. The words ""or Rajpramukh"" omitted by s.29 and Sch., ibid (w.e.f. 1-11-1956).
3. The words ""or, as the case may be, the Rajpramukh"" omitted by s.29 and Sch., ibid. .
   (w.e.f. 1-11-1956).

                              173",scenario,,,PENDING_HUMAN_REVIEW,,
b953f58e3904d10a,What does Article 21 state about Autonomous districts and autonomous regions?,"(1) Subject to
the provisions of this paragraph, the tribal areas in each item of 3[4[Parts I, II
and IIA] and in Part III] of the table appended to paragraph 20 of this
Schedule shall be an autonomous district.",constitution_of_india.pdf,311,Article 21,"21. Autonomous districts and autonomous regions.—(1) Subject to
the provisions of this paragraph, the tribal areas in each item of 3[4[Parts I, II
and IIA] and in Part III] of the table appended to paragraph 20 of this
Schedule shall be an autonomous district.
       (2) If there are different Scheduled Tribes in an autonomous district,
the Governor may, by public notification, divide the area or areas inhabited
by them into autonomous regions.
       (3) The Governor may, by public notification,—
             (a) include any area in 3[any of the Parts] of the said table;
             (b) exclude any area from 3[any of the Parts] of the said table;
              (c) create a new autonomous district;
             (d) increase the area of any autonomous district;
              (e) diminish the area of any autonomous district;
                 (f) unite two or more autonomous districts or parts thereof so
      as to form one autonomous district;
                 5[(ff) alter the name of any autonomous district];
             (g) define the boundaries of any autonomous district:
______________________________________________
1. Subs. by the State of Mizoram Act, 1986 (34 of 1986), s. 39, for certain words
   (w.e.f. 20-2-1987).
2. Paragraph 1 has been amended in its application to the State of Assam by the Sixth
  Schedule to the Constitution (Amendment) Act, 2003 (44 of 2003), s. 2, so as to
   insert the following proviso after sub-paragraph (2), namely :—
     ""Provided  that nothing  in  this sub-paragraph  shall apply  to the Bodoland
    Territorial Areas District"" (w.e.f. 7-9-2003).
3. Subs. by the North-Eastern Areas (Reorganisation) Act, 1971 (81 of 1971), s. 71(i)
  and Eighth Sch., for ""Part A"" (w.e.f. 21-1-1972).
4. Subs. by the Constitution (Forty-ninth Amendment) Act, 1984, s. 4, for ""Part I and
   II"" (w.e.f. 1-4-1985).
5. Ins. by the Assam Reorganisation (Meghalaya) Act, 1969 (55 of 1969), s. 74 and
   Fourth Sch. (w.e.f. 2-4-1970).
                             280",direct_factual,,,PENDING_HUMAN_REVIEW,,
0fc46087d874ad34,"According to the passage, what happens if he ceases to be a member of the House of the People?","if he ceases to be a member of the House of
      the People;
          (b) may at any time, by writing under his hand addressed, if such
     member is the Speaker, to the Deputy Speaker, and if such member is
      the Deputy Speaker, to the Speaker, resign his office;",constitution_of_india.pdf,73,Article 93,"93. The Speaker and Deputy Speaker of the House of the People.—
The House of the People shall, as soon as may be, choose two members of the
House to be respectively Speaker and Deputy Speaker thereof and, so often as
the office of Speaker or Deputy Speaker becomes vacant, the House shall
choose another member to be Speaker or Deputy Speaker, as the case may be.
      94. Vacation and resignation of, and removal from, the offices of
Speaker and Deputy Speaker.— A member holding office as Speaker or
Deputy Speaker of the House of the People—
          (a) shall vacate his office if he ceases to be a member of the House of
      the People;
          (b) may at any time, by writing under his hand addressed, if such
     member is the Speaker, to the Deputy Speaker, and if such member is
      the Deputy Speaker, to the Speaker, resign his office; and
           (c) may be removed from his office by a resolution of the House of
      the People passed by a majority of all the then members of the House:
      Provided that no resolution for the purpose of clause (c) shall be moved
unless at least fourteen days’ notice has been given of the intention to move the
resolution:
      Provided further that, whenever the House of the People is dissolved, the
Speaker shall not vacate his office until immediately before the first meeting of
the House of the People after the dissolution.
     95. Power of the Deputy Speaker or other person to perform the
duties of the office of, or to act as, Speaker.—(1) While the office of Speaker
is vacant, the duties of the office shall be performed by the Deputy Speaker or,
if the office of Deputy Speaker is also vacant, by such member of the House of
the People as the President may appoint for the purpose.
        (2) During the absence of the Speaker from any sitting of the House of the
People the Deputy Speaker or, if he is also absent, such person as may be determined
by the rules of procedure of the House, or, if no such person is present, such other
person as may be determined by the House, shall act as Speaker.",scenario,,,PENDING_HUMAN_REVIEW,,
42e18ed678a80faa,What does Article 243B state about Constitution of Panchayats?,"(1) There shall be constituted in
every  State, Panchayats  at the  village, intermediate and  district levels in
accordance with the provisions of this Part.",constitution_of_india.pdf,150,Article 243B,"243B. Constitution of Panchayats.—(1) There shall be constituted in
every  State, Panchayats  at the  village, intermediate and  district levels in
accordance with the provisions of this Part.
       (2) Notwithstanding anything in clause (1), Panchayats at the intermediate
level may not be constituted in a State having a population not exceeding
twenty lakhs.",direct_factual,,,PENDING_HUMAN_REVIEW,,
65e4ec56bbd325fc,"According to the passage, what happens if the High Court certifies under article 134A—] (a) that the case involves a substantial question of law of general importance?","if the High Court certifies under
article 134A—]
          (a) that the case involves a substantial question of law of general
      importance; and
          (b) that in the opinion of the High Court the said question needs to be
      decided by the Supreme Court.",constitution_of_india.pdf,93,,"62          THE CONSTITUTION OF INDIA

                         (Part V.—The Union)

       1(2)*           *           *           *           *
       (3) Where such a certificate is given, 2*** any party in the case may
appeal to the Supreme Court on the ground that any such question as aforesaid
has been wrongly decided 2***.
      Explanation.—For the purposes of this  article, the expression “final
order” includes an order deciding an issue which, if decided in favour of the
appellant, would be sufficient for the final disposal of the case.
      133. Appellate jurisdiction of the Supreme Court in appeals from
High Courts in regard to civil matters.—3[(1) An appeal shall lie to the
Supreme Court from any judgment, decree or final order in a civil proceeding
of a High Court in the territory of India 4[if the High Court certifies under
article 134A—]
          (a) that the case involves a substantial question of law of general
      importance; and
          (b) that in the opinion of the High Court the said question needs to be
      decided by the Supreme Court.]
       (2) Notwithstanding anything in article 132, any party appealing to the
Supreme Court under clause (1) may urge as one of the grounds in such appeal
that a substantial question of law as to the interpretation of this Constitution has
been wrongly decided.
       (3) Notwithstanding anything in this article, no appeal shall, unless Parliament
by law otherwise provides, lie to the Supreme Court from the judgment, decree or final
order of one Judge of a High Court.
      134. Appellate jurisdiction of the Supreme Court in regard to
criminal matters.—(1) An appeal shall lie to the Supreme Court from any
judgment, final order or sentence in a criminal proceeding of a High Court in
the territory of India if the High Court—
          (a) has on appeal reversed an order of acquittal of an accused person
     and sentenced him to death; or
          (b) has withdrawn for trial before itself any case from any court
      subordinate to its authority and has in such trial convicted the accused
      person and sentenced him to death; or
           (c) 5[certifies under article 134A] that the case is a fit one for appeal
       to the Supreme Court:
______________________________________________
1. Cl. (2) omitted by the Constitution (Forty-fourth Amendment) Act, 1978, s. 17, for ""if
   the High Court certifies"" (w.e.f. 1-8-1979).
2. Certain words omitted by s. 17, ibid. (w.e.f. 1-8-1979).
3. Subs. by  the  Constitution  (Thirtieth Amendment) Act, 1972,  s.  2,  for  cl.  (1)
   (w.e.f. 27-2-1973).
4. Subs. by the Constitution (Forty-fourth Amendment) Act, 1978, s.18, for ""if the High
  Court certifies.—"" (w.e.f. 1-8-1979).
5. Subs. by s. 19, ibid., for ""certifies"" (w.e.f. 1-8-1979).",scenario,,,PENDING_HUMAN_REVIEW,,
9cc0f41bbac33d78,What does Article 6 state about Scheduled Areas?,"(1)  In  this  Constitution,  the  expression
“Scheduled Areas” means such areas as the President may by order  declare to
be Scheduled Areas.",constitution_of_india.pdf,309,Article 6,"6.  Scheduled  Areas.—(1)  In  this  Constitution,  the  expression
“Scheduled Areas” means such areas as the President may by order  declare to
be Scheduled Areas.
       (2) The President may at any time by order —
             (a) direct that the whole or any specified part of a Scheduled Area
       shall cease to be a Scheduled Area or a part of such an area;
              2[(aa) increase the area of any Scheduled Area in a State after
       consultation with the Governor of that State;]
             (b)  alter, but only by way of rectification of boundaries, any
      Scheduled Area;

______________________________________________
1. The words ""or Rajpramukh"" omitted by the Constitution (Seventh Amendment) Act,
  1956, s. 29 and Sch. (w.e.f. 1-11-1956).
  The words ""or Rajpramukh"" omitted by s. 29 and sch., ibid. (w.e.f. 1-11-1956).
  See the Scheduled Areas (Part A States) Order, 1950 (C.O. 9), the Scheduled Areas
   (Part B States) Order, 1950 (C.O.26), the Scheduled Areas (Himachal Pradesh) Order,
  1975 (C.O. 102) and the Scheduled Areas (States of Bihar, Gujarat, Madhya Pradesh
  and Orissa) Order, 1977 (C.O. 109).
    See the Madras Scheduled Areas (Cessor) Order, 1950 (C.O. 30) and the Andhra
  Scheduled Areas (Cessor) Order, 1955 (C.O. 50).
2. Ins. by the Fifth Schedule to the Constitution (Amendment) Act, 1976 (101 of 1976),
   s. 2 (w.e.f. 7-9-1976).",direct_factual,,,PENDING_HUMAN_REVIEW,,
dcb9310e617aef00,"According to the passage, what happens if the words “or in English” were omitted therefrom: 1[Provided that in relation to the 2[Legislatures of the States of Himachal Pradesh?","if the words “or in English”
were omitted therefrom:
      1[Provided that in relation to the 2[Legislatures of the States of Himachal
Pradesh, Manipur, Meghalaya and Tripura] this clause shall have effect as if for
the words “fifteen years” occurring therein, the words “twenty-five years” were
substituted:]
      3[Provided further that in relation to the 4[Legislatures of the States of
5[Arunachal P",constitution_of_india.pdf,127,Article 210,"210. Language to be used in the Legislature.—(1) Notwithstanding
anything in Part XVII, but subject to the provisions of article 348, business in
the Legislature of a State shall be transacted in the  official language or
languages of the State or in Hindi or in English:
      Provided that the Speaker of the Legislative Assembly or Chairman of
the Legislative Council, or person acting as such, as the case may be, may
permit any member who cannot adequately express himself in any of the
languages aforesaid to address the House in his mother-tongue.
       (2) Unless the Legislature of the State by law otherwise provides, this
article  shall,  after  the  expiration of a  period of  fifteen  years from  the
commencement of this Constitution, have effect as if the words “or in English”
were omitted therefrom:
      1[Provided that in relation to the 2[Legislatures of the States of Himachal
Pradesh, Manipur, Meghalaya and Tripura] this clause shall have effect as if for
the words “fifteen years” occurring therein, the words “twenty-five years” were
substituted:]
      3[Provided further that in relation to the 4[Legislatures of the States of
5[Arunachal Pradesh, Goa and Mizoram]], this clause shall have effect as if for
______________________________________________
1. Ins. by the State of Himachal Pradesh Act, 1970 (53 of 1970), s. 46 (w.e.f. 25-1-1971).
2. Subs. by the North-Eastern Areas (Reorganisation) Act, 1971 (81 of 1971) s. 71, for
   ""Legislature of the State of Himachal Pradesh"" (w.e.f. 21-1-1972).
3. Ins. by the State of Mizoram Act, 1986 (34 of 1986), s. 39 (w.e.f. 20-2-1987).
4. Subs. by the State of Arunachal Pradesh Act, 1986 (69 of 1986), s. 42, for ""Legislature
  of the State of Mizoram"" (w.e.f. 20-2-1987).
5. Subs. by the Goa, Daman and Diu Reorganisation Act, 1987 (18 of 1987), s. 63, for
  ""Arunachal Pradesh and Mizoram"" (w.e.f. 30-5-1987).",scenario,,,PENDING_HUMAN_REVIEW,,
ab1a7caf69b0edc0,What does Article 86 state about Right of President to address and send messages to Houses?,"(1)
The  President may  address  either House  of Parliament  or both Houses
assembled together, and for that purpose require the attendance of members.",constitution_of_india.pdf,71,Article 86,"86. Right of President to address and send messages to Houses.—(1)
The  President may  address  either House  of Parliament  or both Houses
assembled together, and for that purpose require the attendance of members.
       (2) The President may send messages to either House of Parliament,
whether with respect to a Bill then pending in Parliament or otherwise, and a
House to which any message is so sent shall with all convenient despatch
consider any matter required by the message to be taken into consideration.",direct_factual,,,PENDING_HUMAN_REVIEW,,
4d9bbf75505ae0a1,"According to the passage, what happens if he is so disqualified by or under any law made by Parliament. 2[Explanation.—For the purposes of this clause]?","if he is so disqualified by or under any law made by Parliament.
      2[Explanation.—For the purposes of this clause], a person shall not be
deemed to hold an office of profit under the Government of India or the
Government of any State specified in the First Schedule by reason only that he
is a Minister either for the Union or for such State.",constitution_of_india.pdf,117,Article 191,"191.  Disqualifications  for membership.—(1) A  person  shall  be
disqualified for being chosen as, and for being, a member of the Legislative
Assembly or Legislative Council of a State—
           1[(a) if he holds any office of profit under the Government of India or
      the Government of any State specified in the First Schedule, other than
      an office declared by the Legislature of the State by law not to disqualify
        its holder;]
          (b) if he is of unsound mind and stands so declared by a competent
       court;
           (c) if he is an undischarged insolvent;
          (d) if he is not a citizen of India, or has voluntarily acquired the
       citizenship of a foreign State, or  is under any acknowledgment of
       allegiance or adherence to a foreign State;
           (e) if he is so disqualified by or under any law made by Parliament.
      2[Explanation.—For the purposes of this clause], a person shall not be
deemed to hold an office of profit under the Government of India or the
Government of any State specified in the First Schedule by reason only that he
is a Minister either for the Union or for such State.
       3[(2) A person  shall be  disqualified  for  being a member  of  the
Legislative Assembly or Legislative Council of a State if he is so disqualified
under the Tenth Schedule.]
       4[192. Decision on questions as to disqualifications of members.—(1)
If any question arises as to whether a member of a House of the Legislature of a
State has become subject to any of the disqualifications mentioned in clause (1)
of article 191, the question shall be referred for the decision of the Governor
and his decision shall be final.
______________________________________________
1. Subs. by the Constitution (Forty-second Amendment) Act, 1976, s. 32 to read as ""(a) if
  he holds any such office of profit under the Government of India or the Government of
  any State specified in the First Schedule as is declared by Parliament by law to
   disqualify  its holder"" (date not  notified). This amendment was omitted by  the
   Constitution (Forty-fourth Amendment) Act, 1978, s. 45 (w.e.f. 20-6-1979).
2. Subs. by the Constitution (Fifty-second Amendment) Act, 1985, s. 5, for ""(2) For the
  purposes of this article"" (w.e.f. 1-3-1985).
3. Ins. by s. 5, ibid. (w.e.f. 1-3-1985).
4. Subs. by the Constitution (Forty-second Amendment) Act, 1976, s. 33, for art. 192
   (w.e.f. 3-1-1977) and further subs. by the Constitution (Forty-fourth Amendment)
  Act, 1978, s. 25, for art. 192 (w.e.f. 20-6-1979).",scenario,,,PENDING_HUMAN_REVIEW,,
15fe71f35cfdcca6,What does Article 7 state about Amendment of the Schedule?,"(1) Parliament may from time to time
by law amend by way of addition, variation or repeal any of the provisions of
this Schedule and, when the Schedule is so amended, any reference to this
Schedule in this Constitution shall be construed as a reference to such Schedule
as so amended.",constitution_of_india.pdf,310,Article 7,"7. Amendment of the Schedule.—(1) Parliament may from time to time
by law amend by way of addition, variation or repeal any of the provisions of
this Schedule and, when the Schedule is so amended, any reference to this
Schedule in this Constitution shall be construed as a reference to such Schedule
as so amended.
       (2) No such law as is mentioned in sub-paragraph (1) of this paragraph
shall be deemed to be an amendment of this Constitution for the purposes of
article 368.





______________________________________________
1. Ins. by the Fifth Schedule to the Constitution (Amendment) Act, 1976 (101 of 1976),
   s. 2 (w.e.f. 7-9-1976).",direct_factual,,,PENDING_HUMAN_REVIEW,,
2c495d19afac972d,"According to the passage, what happens if any money has been spent on any service during a financial year in excess of the amount granted for that service and for that year?","if any money has been spent on any service during a financial
      year in excess of the amount granted for that service and for that year,
cause to be laid before both the Houses of Parliament another statement
showing the estimated amount of that expenditure or cause to be presented to
the House of the People a demand for such excess, as the case may be.",constitution_of_india.pdf,84,Article 115,"115. Supplementary, additional or excess grants.—(1) The President
shall—
            (a) if the amount authorised by any law made in accordance with the
      provisions of article 114 to be expended for a particular service for the
       current financial year is found to be insufficient for the purposes of that
      year or when a need has arisen during the current financial year for
      supplementary or additional expenditure upon some new service not
      contemplated in the annual financial statement for that year; or
            (b) if any money has been spent on any service during a financial
      year in excess of the amount granted for that service and for that year,
cause to be laid before both the Houses of Parliament another statement
showing the estimated amount of that expenditure or cause to be presented to
the House of the People a demand for such excess, as the case may be.",scenario,,,PENDING_HUMAN_REVIEW,,
760e52b04890b197,What does Article 321 state about Power to extend functions of Public Service Commissions?,"An
Act made by Parliament or, as the case may be, the Legislature of a State may
provide for the exercise of additional functions by the Union Public Service
Commission or the State Public Service Commission as respects the services of
the Union or the State and also as respects the services of any local authority or
other body corporate constituted by law or of any public institution.",constitution_of_india.pdf,213,Article 321,"321. Power to extend functions of Public Service Commissions.—An
Act made by Parliament or, as the case may be, the Legislature of a State may
provide for the exercise of additional functions by the Union Public Service
Commission or the State Public Service Commission as respects the services of
the Union or the State and also as respects the services of any local authority or
other body corporate constituted by law or of any public institution.",direct_factual,,,PENDING_HUMAN_REVIEW,,
2303a71d70063742,"According to the passage, what happens if they formed part of that Province and the territories specified in section 4 of the States Reorganisation Act?","if they formed part of that Province and
                   the  territories  specified  in  section 4  of  the  States
                   Reorganisation Act, 1956, 2[and the Second Schedule to
                   the  Andhra  Pradesh  and  Madras   (Alteration  of
                  Boundaries) Act, 1959], but excluding the  territories
                    specified   in  sub-section   (1)  of   section  3  and",constitution_of_india.pdf,286,,"255         THE CONSTITUTION OF INDIA

                                  (First Schedule)


 Name                                    Territories

  1[7. Tamil Nadu]  The    territories   which   immediately   before   the
               commencement   of   this   Constitution  were   either
                 comprised in the Province  of Madras or were being
                   administered as  if they formed part of that Province and
                   the  territories  specified  in  section 4  of  the  States
                   Reorganisation Act, 1956, 2[and the Second Schedule to
                   the  Andhra  Pradesh  and  Madras   (Alteration  of
                  Boundaries) Act, 1959], but excluding the  territories
                    specified   in  sub-section   (1)  of   section  3  and
                   sub-section (1) of section 4 of the Andhra State Act, 1953
                and 3[the territories specified in clause (b) of sub-section
                     (1) of section 5, section 6 and clause (d) of sub-section
                     (1) of section 7 of the States Reorganisation  Act, 1956
                and     the      territories     specified      in     the
                      First  Schedule  to  the Andhra  Pradesh and Madras
                    (Alteration of Boundaries) Act, 1959.]
  4[8. Maharashtra   The territories specified in sub-section (1) of section 8
                   of the States Reorganisation Act, 1956, but excluding
                   the territories referred to in sub-section (1) of section 3
                   of the Bombay Reorganisation Act, 1960.]
  5[6[9.]          The territories specified in sub-section (1) of section 7
 Karnataka]        of the States Reorganisation Act, 1956 7[but excluding
                   the territory specified in the Schedule to the Andhra
                 Pradesh and Mysore (Transfer of Territory) Act, 1968.]
______________________________________________
1. Subs. by the Madras State (Alteration of Name) Act, 1968 (53 of 1968), s. 5,
   for ""7. Madras"" (w.e.f. 14-1-1969).
2. Ins. by the Andhra Pradesh and Madras (Alteration of Boundaries) Act, 1959
   (56 of 1959), s. 6 (w.e.f. 1-4-1960).
3. Subs. by s. 6, ibid., for certain words (w.e.f. 1-4-1960).
4. Ins. by the Bombay Reorganisation Act, 1960 (11 of 1960), s. 4 (w.e.f. 1-5-1960).
5. Subs. by the Mysore State (Alteration of Name) Act, 1973 (31 of 1973), s. 5, for
   ""9. Mysore"" (w.e.f. 1-11-1973).
6. Entries 8 to 14 renumbered as entries 9 to 15 by the Bombay Reorganisation Act,
  1960 (11 of 1960), s. 4 (w.e.f. 1-5-1960).
7. Ins. by the Andhra Pradesh and Mysore (Transfer of Territory) Act, 1968 (36 of
   1968), s. 4 (w.e.f. 1-10-1968).",scenario,,,PENDING_HUMAN_REVIEW,,
6d6f516f39fcc1ee,What does Article 40 state about Organisation of village panchayats?,"The State shall take steps to
organise village panchayats and endow them with such powers and authority as
may be necessary to enable them to function as units of self-government.",constitution_of_india.pdf,53,Article 40,"40. Organisation of village panchayats.—The State shall take steps to
organise village panchayats and endow them with such powers and authority as
may be necessary to enable them to function as units of self-government.
      41. Right to work, to education and to public assistance in certain
cases.—The  State  shall,  within  the  limits  of  its economic  capacity and
development, make effective provision for securing the right to work,  to
education and to public assistance in cases of unemployment, old age, sickness
and disablement, and in other cases of undeserved want.
      42. Provision for just and humane conditions of work and maternity
relief.—The  State  shall make  provision  for  securing  just and humane
conditions of work and for maternity relief.
      43. Living wage,  etc., for workers.—The State shall endeavour to
secure, by suitable legislation or economic organisation or in any other way, to
all  workers,  agricultural,  industrial  or  otherwise,  work,  a  living  wage,
conditions of work ensuring a decent standard of life and full enjoyment of
leisure and social and cultural opportunities and, in particular, the State shall
endeavour to promote cottage industries on an individual or co-operative basis
in rural areas.
      3[43A. Participation of workers in management of industries.—The
State shall take steps, by suitable legislation or in any other way, to secure the
participation of workers in the management of undertakings, establishments or
other organisations engaged in any industry.]

______________________________________________
1. Subs. by the Constitution (Forty-second Amendment) Act, 1976,  s. 7, for  cl.  (f)
   (w.e.f. 3-1-1977).
2. Ins. by s. 8, ibid. (w.e.f. 3-1-1977).
3. Ins. by s. 9, ibid. (w.e.f. 3-1-1977).",direct_factual,,,PENDING_HUMAN_REVIEW,,
f67e5f658ed78ab6,"According to the passage, what happens if they were matters in the Concurrent List.—Notwithstanding anything in this Constitution?","if they were matters in the Concurrent
List.—Notwithstanding anything in this Constitution, Parliament shall, during
a period of five years from the commencement of this Constitution, have power
to make laws with respect to the following matters as if they were enumerated
in the Concurrent List, namely:—

          (a) trade and commerce within a Sta",constitution_of_india.pdf,261,,"PART XXI

             1[TEMPORARY, TRANSITIONAL AND

                   SPECIAL PROVISIONS]

      369. Temporary power to Parliament to make laws with respect to
certain matters in the State List as if they were matters in the Concurrent
List.—Notwithstanding anything in this Constitution, Parliament shall, during
a period of five years from the commencement of this Constitution, have power
to make laws with respect to the following matters as if they were enumerated
in the Concurrent List, namely:—

          (a) trade and commerce within a State in, and the production, supply
     and distribution of, cotton and woollen textiles, raw cotton (including
      ginned  cotton and unginned  cotton  or  kapas),  cotton  seed, paper
      (including newsprint), food-stuffs (including edible oilseeds and oil),
       cattle  fodder  (including  oil-cakes  and  other  concentrates),  coal
      (including coke and derivatives of coal), iron, steel and mica;

           (b) offences against laws with respect to any of the matters mentioned
       in clause (a), jurisdiction and powers of all courts except the Supreme
      Court with respect to any of those matters, and fees in respect of any of
      those matters but not including fees taken in any court,

but any law made by Parliament, which Parliament would not but for the
provisions of this article have been competent to make, shall, to the extent of the
incompetency, cease to have effect on the expiration of the said period, except as
respects things done or omitted to be done before the expiration thereof.




______________________________________________
1. Subs. by the Constitution (Thirteenth Amendment) Act, 1962, s. 2, for ""TEMPORARY
 AND TRANSITIONAL PROVISIONS"" (w.e.f. 1-12-1963).
                              230",scenario,,,PENDING_HUMAN_REVIEW,,
7cee1da61cc528ac,What does Article 74 state about Council of Ministers to aid and advise President?,"1[(1) There shall
be a Council of Ministers with the Prime Minister at the head to aid and advise
the President who shall, in the exercise of his functions, act in accordance with
such advice:]
      2[Provided that the President may require the Council of Ministers to
reconsider such advice, either generally or otherwise, and the President shall act
in accordance with the advice tendered after such reconsideration.]
       (2) The question whether any, and if so what, advice was tendered by
Ministers to the President shall not be inquired into in any court.",constitution_of_india.pdf,65,Article 74,"74. Council of Ministers to aid and advise President.—1[(1) There shall
be a Council of Ministers with the Prime Minister at the head to aid and advise
the President who shall, in the exercise of his functions, act in accordance with
such advice:]
      2[Provided that the President may require the Council of Ministers to
reconsider such advice, either generally or otherwise, and the President shall act
in accordance with the advice tendered after such reconsideration.]
       (2) The question whether any, and if so what, advice was tendered by
Ministers to the President shall not be inquired into in any court.",direct_factual,,,PENDING_HUMAN_REVIEW,,
a688e25ae3859402,"According to the passage, what happens if he is of opinion that the Anglo-Indian community is not adequately represented in the House of the People?","if he is
of opinion that the Anglo-Indian community is not adequately represented in
the House of the People, nominate not more than two members of  that
community to the House of the People.",constitution_of_india.pdf,221,,"190          THE CONSTITUTION OF INDIA

               (Part XVI.—Special Provisions Relating to Certain Classes)

      1[330A. Reservation of seats for women in the House of the People.-
       (1) Seats shall be reserved for women in the House of the People.
       (2) As nearly as may be, one-third of the total number of seats reserved
under clause (2) of article 330 shall be reserved for women belonging to the
Scheduled Castes or the Scheduled Tribes.
       (3) As nearly as may be, one-third (including the number of seats
reserved for women belonging to the Scheduled Castes and the Scheduled
Tribes) of the total number of seats to be filled by direct election to the House
of the People shall be reserved for women.]
      331. Representation of the Anglo-Indian Community in the House of
the People.—Notwithstanding anything in article 81, the President may, if he is
of opinion that the Anglo-Indian community is not adequately represented in
the House of the People, nominate not more than two members of  that
community to the House of the People.
      332. Reservation of seats for Scheduled Castes and Scheduled Tribes
in the Legislative Assemblies of the States.—(1) Seats shall be reserved for
the Scheduled Castes and the Scheduled Tribes, 2[except the Scheduled Tribes
in the autonomous districts of Assam], in the Legislative Assembly of every
State 3***.
       (2) Seats shall be reserved also for the autonomous districts in the
Legislative Assembly of the State of Assam.
       (3) The number of seats reserved for the Scheduled Castes or the
Scheduled Tribes in the Legislative Assembly of any State under clause (1)
shall bear, as nearly as may be, the same proportion to the total number of seats
in the Assembly as the population of the Scheduled Castes in the State or of the
Scheduled Tribes in the State or part of the State, as the case may be, in respect
of which seats are so reserved, bears to the total population of the State.
      4[(3A) Notwithstanding anything contained in clause (3), until the taking
effect, under article 170, of the re-adjustment, on the basis of the first census
after the year 5[2026], of the number of seats in the Legislative Assemblies of
the States of Arunachal Pradesh, Meghalaya, Mizoram and Nagaland, the seats
which shall be reserved for the Scheduled Tribes in the Legislative Assembly
of any such State shall be,—
______________________________________________
1. Ins. by the Constitution (One Hundred and Sixth Amendment) Act, 2023, s.3 (date yet to be
   notified).
2. Subs. by the Constitution (Fifty-first Amendment) Act, 1984, s. 3, for certain words (w.e.f. 16-6-1986).
3. The words and letters  ""specified in Part A or  Part B of the First Schedule"" omitted by the
   Constitution (Seventh Amendment) Act, 1956, s. 29 and Sch. (w.e.f. 1-11-1956).
4. Ins. by the Constitution (Fifty-seventh Amendment) Act, 1987, s. 2 (w.e.f. 21-9-1987).
5. Subs. by the Constitution (Eighty-fourth Amendment) Act, 2001, s. 7, for ""2000"" (w.e.f. 21-2-2002).",scenario,,,PENDING_HUMAN_REVIEW,,
58367417efccdad3,What does Article 243N state about Continuance of existing laws and Panchayats?,"Notwithstanding anything in this Part, any provision of any law relating to
Panchayats in force in a State immediately before the commencement of the
Constitution (Seventy-third Amendment) Act, 1992, which is inconsistent with
the provisions of this Part, shall continue to be in force until amended or
repealed by a competent Legislature or other competent authority or until the
expiration of one year from such commencement, whichever is earlier:
      Provided  that  all  the Panchayats  existing immediately before such
commencement shall continue till the expiration of their duration, unless sooner
dissolved by a resolution passed to that effect by the Legislative Assembly of
that State or, in the case of a State having a Legislative Council, by each House
of the Legislature of that State.",constitution_of_india.pdf,157,Article 243N,"243N.   Continuance   of   existing   laws  and  Panchayats.—
Notwithstanding anything in this Part, any provision of any law relating to
Panchayats in force in a State immediately before the commencement of the
Constitution (Seventy-third Amendment) Act, 1992, which is inconsistent with
the provisions of this Part, shall continue to be in force until amended or
repealed by a competent Legislature or other competent authority or until the
expiration of one year from such commencement, whichever is earlier:
      Provided  that  all  the Panchayats  existing immediately before such
commencement shall continue till the expiration of their duration, unless sooner
dissolved by a resolution passed to that effect by the Legislative Assembly of
that State or, in the case of a State having a Legislative Council, by each House
of the Legislature of that State.",direct_factual,,,PENDING_HUMAN_REVIEW,,
800e5d12e491fc24,"According to the passage, what happens if a member of a House of the Legislature of a State— (a) becomes subject to any of the disqualifications mentioned in 2[clause (1) or clause (2) of article 191]?","If a member of a House of the Legislature of a State—
           (a) becomes subject to any of the disqualifications mentioned in
       2[clause (1) or clause (2) of article 191]; or
           3[(b) resigns his seat by writing under his hand addressed to the
      speaker or the Chairman, as the case may be, and his resignation is
      accepted by the Speaker or the Chairman, as the case may be,]
his seat shall thereupon become vacant",constitution_of_india.pdf,116,Article 190,"190. Vacation of seats.—(1) No person shall be a member of both
Houses of the Legislature of a State and provision shall be made by the
Legislature of the State by law for the vacation by a person who is chosen a
member of both Houses of his seat in one house or the other.
       (2) No person shall be a member of the Legislatures of two or more
States specified in the First Schedule and if a person is chosen a member of the
Legislatures of two or more such States, then, at the expiration of such period
as may be specified in rules1 made by the President, that person's seat in the
Legislatures of all such States shall become vacant, unless he has previously
resigned his seat in the Legislatures of all but one of the States.
       (3) If a member of a House of the Legislature of a State—
           (a) becomes subject to any of the disqualifications mentioned in
       2[clause (1) or clause (2) of article 191]; or
           3[(b) resigns his seat by writing under his hand addressed to the
      speaker or the Chairman, as the case may be, and his resignation is
      accepted by the Speaker or the Chairman, as the case may be,]
his seat shall thereupon become vacant:
      4[Provided that in the case of any resignation referred to in sub-clause (b),
if from information received or otherwise and after making such inquiry as he
thinks fit, the Speaker or the Chairman, as the case may be, is satisfied that such
resignation is not voluntary or genuine, he shall not accept such resignation.]
       (4) If for a period of sixty days a member of a House of the Legislature
of a State is without permission of the House absent from all meetings thereof,
the House may declare his seat vacant:
      Provided that in computing the said period of sixty days no account shall
be taken of any period during which the House is prorogued or is adjourned for
more than four consecutive days.
______________________________________________
1. See the Prohibition of Simultaneous Membership Rules, 1950 published by the
  Ministry of Law Notification number F. 46/50-C, dated the 26th January, 1950,
  Gazette of India, Extraordinary, p. 678.
2. Subs. by the Constitution (Fifty-second Amendment) Act, 1985, s. 4, for ""clause (1) of
   article 191"" (w.e.f. 1-3-1985).
3 Subs. by the Constitution (Thirty-third Amendment) Act, 1974, s. 3 (w.e.f. 19-5-1974).
4. Ins. by s. 3, ibid. (w.e.f. 19-5-1974).",scenario,,,PENDING_HUMAN_REVIEW,,
3b5f6a47ff08c2d6,What does Article 5 state about Citizenship at the commencement of the Constitution?,"At the
commencement of this Constitution, every person who has his domicile in the
territory of India and—
             (a) who was born in the territory of India; or
             (b) either of whose parents was born in the territory of India; or
              (c) who has been ordinarily resident in the territory of India for
      not less than five years immediately preceding such commencement,
shall be a citizen of India.",constitution_of_india.pdf,35,Article 5,"5. Citizenship at the commencement of the Constitution.—At the
commencement of this Constitution, every person who has his domicile in the
territory of India and—
             (a) who was born in the territory of India; or
             (b) either of whose parents was born in the territory of India; or
              (c) who has been ordinarily resident in the territory of India for
      not less than five years immediately preceding such commencement,
shall be a citizen of India.
       6. Rights of citizenship of certain persons who have migrated to
India from Pakistan.—Notwithstanding anything in article 5, a person who
has migrated to the territory of India from the territory now included in
Pakistan shall be deemed to be a citizen of India at the commencement of this
Constitution if—
             (a) he or either of his parents or any of his grand-parents was born
       in India as defined in the Government of India Act, 1935 (as originally
       enacted); and
               (b)(i) in the case where such person has so migrated before the
      nineteenth day of July, 1948, he has been ordinarily resident in the
       territory of India since the date of his migration, or
                 (ii) in the case where such person has so migrated on or after the
      nineteenth day of July, 1948, he has been registered as a citizen of India
     by an  officer appointed  in  that behalf by the Government  of  the
     Dominion of India on an application made by him therefor to such
       officer before the commencement of this Constitution in the form and
     manner prescribed by that Government:
      Provided that no person shall be so registered unless he has been resident
in the territory of India for at least six months immediately preceding the date
of his application.",direct_factual,,,PENDING_HUMAN_REVIEW,,
3eca8190aa26b4ff,"According to the passage, what happens if for the words “six months”?","if for the words “six months”,
the words “one year” had been substituted.",constitution_of_india.pdf,171,,"140          THE CONSTITUTION OF INDIA

                  (Part IXB.—Co-operative Societies)

      Provided also  that  in case of a co-operative society, other than a
multi-State co-operative society, carrying on the business of banking, the
provisions of this clause shall have the effect as if for the words “six months”,
the words “one year” had been substituted.
       (2) In case of supersession of a board, the administrator appointed to
manage the affairs of such co-operative society shall arrange for conduct of
elections  within  the  period  specified  in  clause  (1)  and  handover  the
management to the elected board.
       (3) The Legislature of a State may, by law, make provisions for the
conditions of service of the administrator.
     243ZM.  Audit  of  accounts  of  co-operative  societies.—(1) The
Legislature of a State may, by law, make provisions with respect to the
maintenance of accounts by the co-operative societies and the auditing of such
accounts at least once in each financial year.
       (2) The Legislature of a State shall, by law, lay down the minimum
qualifications and experience of auditors and auditing firms that shall be
eligible for auditing accounts of the co-operative societies.
       (3) Every co-operative society shall cause to be audited by an auditor or
auditing firms referred to in clause (2) appointed by the general body of the
co-operative society:
      Provided that such auditors or auditing firms shall be appointed from a
panel approved by a State Government or an authority authorised by the State
Government in this behalf.
       (4) The accounts of every co-operative society shall be audited within
six months of the close of the financial year to which such accounts relate.
       (5) The audit report of the accounts of an apex co-operative society, as
may be defined by the State Act, shall be laid before the State Legislature in the
manner, as may be provided by the State Legislature, by law.
     243ZN. Convening of general body meetings.—The Legislature of a
State may, by law, make provisions that the annual general body meeting of
every co-operative society shall be convened within a period of six months of
close of the financial year to transact the business as may be provided in such
law.",scenario,,,PENDING_HUMAN_REVIEW,,
7355f41840f50cec,What does Article 130 state about Seat of Supreme Court?,"The Supreme Court shall sit in Delhi or
in such other place or places, as the Chief Justice of India may, with the
approval of the President, from time to time, appoint.",constitution_of_india.pdf,92,Article 130,"130. Seat of Supreme Court.—The Supreme Court shall sit in Delhi or
in such other place or places, as the Chief Justice of India may, with the
approval of the President, from time to time, appoint.",direct_factual,,,PENDING_HUMAN_REVIEW,,
ecb18eb450b7fc93,"According to the passage, what happens if from information received or otherwise and after making such inquiry as he thinks fit?","if from information received or otherwise and after making such inquiry as he
thinks fit, the Chairman or the Speaker, as the case may be, is satisfied that
such  resignation  is  not  voluntary  or  genuine, he  shall  not  accept such
resignation.",constitution_of_india.pdf,76,,"45          THE CONSTITUTION OF INDIA

                         (Part V.—The Union)

       (2) No person shall be a member both of Parliament and of a House of
the Legislature of a State 1***, and if a person is chosen a member both of
Parliament and of a House of the Legislature of 2[a  State], then, at the
expiration of such period as may be specified in rules made by the President,
that person’s seat in Parliament shall become vacant, unless he has previously
resigned his seat in the Legislature of the State.
       (3) If a member of either House of Parliament—
          (a) becomes subject to any of the disqualifications mentioned in
       3[clause (1) or clause (2) of article 102]; or
           4[(b) resigns his seat by writing under his hand addressed to the
     Chairman or the Speaker, as the case may be, and his resignation is
      accepted by the Chairman or the Speaker, as the case may be,]
his seat shall thereupon become vacant:
       5[Provided that in the case of any resignation referred to in sub-clause (b),
if from information received or otherwise and after making such inquiry as he
thinks fit, the Chairman or the Speaker, as the case may be, is satisfied that
such  resignation  is  not  voluntary  or  genuine, he  shall  not  accept such
resignation.]
       (4) If for a period of sixty days a member of either House of Parliament
is without permission of the House absent from all meetings thereof, the House
may declare his seat vacant:
      Provided that in computing the said period of sixty days no account shall
be taken of any period during which the House is prorogued or is adjourned for
more than four consecutive days.

______________________________________________
1. The words and letters ""specified in Part A or Part B of the First Schedule"" omitted by
   the Constitution (Seventh Amendment) Act, 1956, s. 29 and Sch. (w.e.f. 1-11-1956).
2. Subs. by s. 29 and Sch., ibid., for ""such a State"" (w.e.f. 1-11-1956).
   See the Prohibition of Simultaneous Membership Rules, 1950, published with the
  Ministry of Law, notifn. No. F. 46/50-C, dated the 26th January, 1950, Gazette of
   India, Extraordinary, P. 678.
3. Subs. by the Constitution (Fifty-second Amendment) Act, 1985, s. 2, for ""cl. (1) of art.
  102"" (w.e.f. 1-3-1985).
4. Subs. by the Constitution (Thirty-third Amendment) Act, 1974, s. 2 (w.e.f. 19-5-1974).
5. Ins. by s.2, ibid. (w.e.f. 19-5-1974).",scenario,,,PENDING_HUMAN_REVIEW,,
886a718d02a80bfa,What does Article 18 state about Abolition of titles?,"(1) No title, not being a military or academic
distinction, shall be conferred by the State.",constitution_of_india.pdf,40,Article 18,"18. Abolition of titles.—(1) No title, not being a military or academic
distinction, shall be conferred by the State.
       (2) No citizen of India shall accept any title from any foreign State.
       (3) No person who is not a citizen of India shall, while he holds any
office of profit or trust under the State, accept without the consent of the
President any title from any foreign State.
       (4) No person holding any office of profit or trust under the State shall,
without the consent of the President, accept any present, emolument, or office
of any kind from or under any foreign State.
                             Right to Freedom",direct_factual,,,PENDING_HUMAN_REVIEW,,
007938eef2a28f5b,"According to the passage, what happens if a person sits or votes as a member of either House of Parliament before he has complied with the requirements of article 99?","If a person
sits or votes as a member of either House of Parliament before he has complied
with the requirements of article 99, or when he knows that he is not qualified or
that he is disqualified for membership thereof, or that he is prohibited from so
doing by the provisions of any law made by Parliament, he shall be liable in
respect of each day on which he so sits or votes to a pen",constitution_of_india.pdf,78,,"47          THE CONSTITUTION OF INDIA

                         (Part V.—The Union)

       (2) Before giving any decision on any such question, the President shall
obtain the opinion of the Election Commission and shall act according to such
opinion.]

      104. Penalty for sitting and voting before making oath or affirmation
under article 99 or when not qualified or when disqualified.—If a person
sits or votes as a member of either House of Parliament before he has complied
with the requirements of article 99, or when he knows that he is not qualified or
that he is disqualified for membership thereof, or that he is prohibited from so
doing by the provisions of any law made by Parliament, he shall be liable in
respect of each day on which he so sits or votes to a penalty of five hundred
rupees to be recovered as a debt due to the Union.

      Powers, Privileges and Immunities of Parliament and its Members

      105. Powers, privileges, etc., of the Houses of Parliament and of the
members and committees thereof.—(1) Subject to the provisions of this
Constitution and to the rules and standing orders regulating the procedure of
Parliament, there shall be freedom of speech in Parliament.

       (2) No member of Parliament shall be liable to any proceedings in any court in
respect of anything said or any vote given by him in Parliament or any committee
thereof, and no person shall be so liable in respect of the publication by or under the
authority of either House of Parliament of any report, paper, votes or proceedings.

       1[(3) In other respects, the powers, privileges and immunities of each
House of Parliament, and of the members and the committees of each House,
shall be such as may from time to time be defined by Parliament by law, and,
until so defined, 2[shall be those of that House and of  its members and
committees immediately before the coming into force of section 15 of the
Constitution (Forty-fourth Amendment) Act, 1978.]].
______________________________________________
1. Subs. by the  Constitution (Forty-second Amendment) Act, 1976, s. 21 (date to be
   notified). This amendment was omitted by the Constitution (Forty-fourth Amendment)
  Act, 1978, s. 45 (w.e.f. 20-6-1979).
2. Subs. by the  Constitution (Forty-fourth Amendment) Act, 1978, s. 15, for certain
  words (w.e.f. 20-6-1979).",scenario,,,PENDING_HUMAN_REVIEW,,
063b1537668f501d,What does Article 148 state about Comptroller and Auditor-General of India?,"(1) There shall be a
Comptroller and Auditor-General of India who shall be appointed by the
President by warrant under his hand and seal and shall only be removed from
office in like manner and on the like grounds as a Judge of the Supreme Court.",constitution_of_india.pdf,99,Article 148,"148. Comptroller and Auditor-General of India.—(1) There shall be a
Comptroller and Auditor-General of India who shall be appointed by the
President by warrant under his hand and seal and shall only be removed from
office in like manner and on the like grounds as a Judge of the Supreme Court.
       (2) Every person appointed to be the Comptroller and Auditor-General
of India shall, before he enters upon his office, make and subscribe before the
President,  or some person appointed in  that  behalf by him, an oath or
affirmation according to the form set out for the purpose in the Third Schedule.
       (3) The salary and other conditions of service of the Comptroller and
Auditor-General shall be such as may be determined by Parliament by law and,
until they are so determined, shall be as specified in the Second Schedule:
      Provided that neither the salary of a Comptroller and Auditor-General
nor his rights in respect of leave of absence, pension or age of retirement shall
be varied to his disadvantage after his appointment.
       (4) The Comptroller and Auditor-General shall not be eligible for further
office either under the Government of India or under the Government of any
State after he has ceased to hold his office.
       (5) Subject to the provisions of this Constitution and of any law made by
Parliament, the conditions of service of persons serving in the Indian Audit and
Accounts Department and the administrative powers of the Comptroller and
Auditor-General shall be such as may be prescribed by rules made by the
President after consultation with the Comptroller and Auditor-General.
       (6) The administrative expenses of the office of the Comptroller and
Auditor-General, including all salaries, allowances and pensions payable to or
in respect  of persons serving  in  that  office,  shall be charged upon the
Consolidated Fund of India.",direct_factual,,,PENDING_HUMAN_REVIEW,,
f454a2452a0068af,"According to the passage, what happens if before the expiration of an agreed period that post is abolished or he is?","if before the
expiration of an agreed period that post is abolished or he is, for reasons not
connected with any misconduct on his part, required to vacate that post.",constitution_of_india.pdf,205,,"174          THE CONSTITUTION OF INDIA

                   (Part XIV.—Services under the Union and the States)

necessary  in  order  to  secure  the  services  of  a  person  having  special
qualifications, provide  for the payment to him of compensation, if before the
expiration of an agreed period that post is abolished or he is, for reasons not
connected with any misconduct on his part, required to vacate that post.
      311. Dismissal, removal or reduction in rank of persons employed in
civil capacities under the Union or a State.—(1) No person who is a member
of a civil service of the  Union or an all-India service or a civil service of a
State or holds a civil post under  the Union or a State shall be dismissed or
removed by an authority subordinate to that by which he was appointed.
       1[(2) No such person  as aforesaid shall be dismissed or removed or
reduced in rank except after an inquiry in which he has been informed of the
charges against him and given a reasonable  opportunity of being heard in
respect of those charges 2***:
      3[Provided that where it is proposed after such inquiry, to impose upon
him any such penalty, such penalty may be imposed on the basis of the
evidence adduced during such inquiry and it shall not be necessary to give such
person any opportunity of making representation on the penalty proposed:
      Provided further that this clause shall not apply—]
             (a) where a person is dismissed or removed or reduced in rank on
      the ground of conduct which has led to his conviction on a criminal
      charge; or
             (b) where the authority empowered to dismiss or remove a person
      or to reduce him in rank is satisfied that for some reason, to be recorded
     by that authority in writing, it is not reasonably practicable to hold such
       inquiry; or
              (c) where the President or the Governor, as the case may be, is
       satisfied that in the interest of the security of the State it is not expedient
       to hold such inquiry.
       (3)  If, in respect of any such person as aforesaid, a question arises
whether  it is reasonably practicable to hold such inquiry as is referred to in
clause (2), the decision thereon of the authority empowered to dismiss or
remove such person or to reduce him in rank shall be final.]

______________________________________________
1. Subs. by the Constitution (Fifteenth Amendment) Act, 1963, s. 10, for cls. (2) and (3)
   (w.e.f. 5-10-1963).
2. Certain words omitted by the Constitution (Forty-second Amendment) Act, 1976, s. 44
   (w.e.f. 3-1-1977).
3. Subs. by s. 44, ibid., for certain words (w.e.f. 3-1-1977).",scenario,,,PENDING_HUMAN_REVIEW,,
abcbda786853b7ad,What does Article 243Z state about Audit of accounts of Municipalities?,"The Legislature of a State
may, by law, make provisions with respect to the maintenance of accounts by
the Municipalities and the auditing of such accounts.",constitution_of_india.pdf,163,Article 243Z,"243Z. Audit of accounts of Municipalities.—The Legislature of a State
may, by law, make provisions with respect to the maintenance of accounts by
the Municipalities and the auditing of such accounts.",direct_factual,,,PENDING_HUMAN_REVIEW,,
d0ef3e3e36d47023,"According to the passage, what happens if he is also absent?","if he is also absent, such person as may be
determined by the rules of procedure of the Council, or, if no such person is present,
such other person as may be determined by the Council, shall act as Chairman.",constitution_of_india.pdf,72,Article 89,"89. The Chairman and Deputy Chairman of the Council of States.—(1)
The Vice- President of India shall be ex officio Chairman of the Council of States.
       (2) The Council of States shall, as soon as may be, choose a member of
the Council to be Deputy Chairman thereof and, so often as the office of
Deputy Chairman becomes vacant, the Council shall choose another member to
be Deputy Chairman thereof.
      90. Vacation and resignation of, and removal from, the office of
Deputy Chairman.—A member holding office as Deputy Chairman of the
Council of States—
          (a) shall vacate his office if he ceases to be a member of the Council;
          (b) may at any time, by writing under his hand addressed to the
      Chairman, resign his office; and
           (c) may be removed from his office by a resolution of the Council
      passed by a majority of all the then members of the Council:
      Provided that no resolution for the purpose of clause (c) shall be moved
unless at least fourteen days’ notice has been given of the intention to move the
resolution.
      91. Power of the Deputy Chairman or other person to perform the
duties of the office of, or to act as, Chairman.—(1) While the office of
Chairman is vacant, or during any period when the Vice-President is acting as,
or discharging the functions of, President, the duties of the office shall be
performed by the Deputy Chairman, or, if the office of Deputy Chairman is
also vacant, by such member of the Council of States as the President may
appoint for the purpose.
       (2) During the absence of the Chairman from any sitting of the Council of
States the Deputy Chairman, or,  if he is also absent, such person as may be
determined by the rules of procedure of the Council, or, if no such person is present,
such other person as may be determined by the Council, shall act as Chairman.
      92. The Chairman or the Deputy Chairman not to preside while a
resolution for his removal from office is under consideration.—(1) At any
sitting of the Council of States, while any resolution for the removal of the
Vice-President from his office is under consideration, the Chairman, or while
any resolution for the removal of the Deputy Chairman from his office is under
consideration, the Deputy Chairman, shall not, though he is present, preside,
and the provisions of clause (2) of article 91 shall apply in relation to every
such sitting as they apply in relation to a sitting from which the Chairman, or,
as the case may be, the Deputy Chairman, is absent.",scenario,,,PENDING_HUMAN_REVIEW,,
58d4ec0c7038c82e,What does Article 360 state about Provisions as to financial emergency?,"(1) If the President is
satisfied that a situation has arisen whereby the financial stability or credit of
India or of any part of the  territory thereof  is threatened, he may by a
Proclamation make a declaration to that effect.",constitution_of_india.pdf,248,Article 360,"360. Provisions as to financial emergency.—(1) If the President is
satisfied that a situation has arisen whereby the financial stability or credit of
India or of any part of the  territory thereof  is threatened, he may by a
Proclamation make a declaration to that effect.
       4[(2) A Proclamation issued under clause (1)—
             (a) may be revoked or varied by a subsequent Proclamation;
             (b) shall be laid before each House of Parliament;


______________________________________________
1. Ins. by the Constitution (Forty-fourth Amendment) Act, 1978, s. 40 (w.e.f. 20-6-1979).
2. Added by the Constitution (Forty-second Amendment) Act, 1976, s. 53 (w.e.f. 3-1-1977).
3. Ins. by the Constitution (Fifty-ninth Amendment) Act, 1988, s. 3 (w.e.f. 30-3-1988)
  and ceased to operate on the expiry of a period of two years from the commencement
  of that Act, i.e. 30th day of March, 1988.
4. Subs. by the Constitution   (Forty-fourth Amendment)  Act, 1978, s. 41, for  cl. (2)
   (w.e.f. 20-6-1979).",direct_factual,,,PENDING_HUMAN_REVIEW,,
543524646f34832b,"According to the passage, what happens if the President is satisfied that a situation has arisen whereby the financial stability or credit of India or of any part of the territory thereof is threatened?","If the President is
satisfied that a situation has arisen whereby the financial stability or credit of
India or of any part of the  territory thereof  is threatened, he may by a
Proclamation make a declaration to that effect.",constitution_of_india.pdf,248,Article 360,"360. Provisions as to financial emergency.—(1) If the President is
satisfied that a situation has arisen whereby the financial stability or credit of
India or of any part of the  territory thereof  is threatened, he may by a
Proclamation make a declaration to that effect.
       4[(2) A Proclamation issued under clause (1)—
             (a) may be revoked or varied by a subsequent Proclamation;
             (b) shall be laid before each House of Parliament;


______________________________________________
1. Ins. by the Constitution (Forty-fourth Amendment) Act, 1978, s. 40 (w.e.f. 20-6-1979).
2. Added by the Constitution (Forty-second Amendment) Act, 1976, s. 53 (w.e.f. 3-1-1977).
3. Ins. by the Constitution (Fifty-ninth Amendment) Act, 1988, s. 3 (w.e.f. 30-3-1988)
  and ceased to operate on the expiry of a period of two years from the commencement
  of that Act, i.e. 30th day of March, 1988.
4. Subs. by the Constitution   (Forty-fourth Amendment)  Act, 1978, s. 41, for  cl. (2)
   (w.e.f. 20-6-1979).",scenario,,,PENDING_HUMAN_REVIEW,,
abd52d9a86e912d4,What does Article 111 state about Assent to Bills?,"When a Bill has been passed by the Houses of
Parliament, it shall be presented to the President, and the President shall declare
either that he assents to the Bill, or that he withholds assent therefrom:
      Provided  that  the  President may,  as  soon  as  possible  after  the
presentation to him of a Bill for assent, return the Bill if it is not a Money Bill
to the Houses with a message requesting that they will reconsider the Bill or
any specified provisions thereof and, in particular, will consider the desirability
of introducing any such amendments as he may recommend in his message,
and when a Bill is so returned, the Houses shall reconsider the Bill accordingly,
and if the Bill is passed again by the Houses with or without amendment and
presented to the President for assent, the President shall not withhold assent
therefrom.",constitution_of_india.pdf,82,Article 111,"111. Assent to Bills.—When a Bill has been passed by the Houses of
Parliament, it shall be presented to the President, and the President shall declare
either that he assents to the Bill, or that he withholds assent therefrom:
      Provided  that  the  President may,  as  soon  as  possible  after  the
presentation to him of a Bill for assent, return the Bill if it is not a Money Bill
to the Houses with a message requesting that they will reconsider the Bill or
any specified provisions thereof and, in particular, will consider the desirability
of introducing any such amendments as he may recommend in his message,
and when a Bill is so returned, the Houses shall reconsider the Bill accordingly,
and if the Bill is passed again by the Houses with or without amendment and
presented to the President for assent, the President shall not withhold assent
therefrom.
                    Procedure in Financial Matters",direct_factual,,,PENDING_HUMAN_REVIEW,,
430ea85652399768,"According to the passage, what happens if any dispute arises as to the share of such royalties to be made over to a District Council?","If any dispute arises as to the share of such royalties to be made
over  to a  District  Council,  it  shall be  referred  to  the Governor  for
determination and the amount determined by the Governor in his discretion
shall be deemed to be the amount payable under sub-paragraph (1) of this
paragraph to the District Council and the decision of the Governor",constitution_of_india.pdf,324,,"293         THE CONSTITUTION OF INDIA

                             (Sixth Schedule)

              (c) taxes on the entry of goods into a market for sale therein,
     and tolls on passengers and goods carried in ferries; 1***
             (d) taxes for the maintenance of schools, dispensaries or roads;
      2[and]
               3[(e) taxes on entertainment and amusements.]
       (4) A Regional Council or District Council, as the case may be, may
make regulations to provide for the levy and collection of any of the taxes
specified in sub-paragraphs (2) and (3) of this paragraph 4[and every such
regulation shall be submitted forthwith to the Governor and, until assented
to by him, shall have no effect].
       59. Licences or leases for the purpose of prospecting  for, or
extraction of, minerals.—(1) Such share of the royalties accruing each year
from licences or leases for the purpose of prospecting for, or the extraction of,
minerals granted by 6[the Government of the State] in respect of any area
within an autonomous  district  as may be  agreed upon between 6[the
Government of the State] and the District Council of such district shall be
made over to that District Council.
       (2) If any dispute arises as to the share of such royalties to be made
over  to a  District  Council,  it  shall be  referred  to  the Governor  for
determination and the amount determined by the Governor in his discretion
shall be deemed to be the amount payable under sub-paragraph (1) of this
paragraph to the District Council and the decision of the Governor shall be
final.
______________________________________________
1. The word ""and"" omitted by the Constitution (One Hundred and First Amendment)
   Act, 2016, s. 16(i) (w.e.f. 16-9-2016).
2. Ins. by s. 16(ii), ibid. (w.e.f. 16-9-2016).
3. Ins. by s. 16(iii), ibid. (w.e.f. 16-9-2016).
4  Ins. by the Assam Reorganisation (Meghalaya) Act, 1969 (55 of 1969), s. 74 and
   Fourth Sch. (w.e.f. 2-4-1970).
5.  Paragraph 9 has been amended in its application to the States of Tripura and
   Mizoram by the Sixth Schedule to the Constitution (Amendment) Act, 1988 (67 of
   1988), s. 2 (w.e.f. 16-12-1988), so as to insert the following sub-paragraph after
   sub-paragraph (2), namely:—
       “(3) The Governor may, by order, direct that the share of royalties to be made
   over to a District Council under this paragraph shall be made over to that Council
    within a period of one year from the date of any agreement under sub-paragraph (1)
    or, as the case may be, of any determination under sub-paragraph (2).”.
6. Subs. by the North-Eastern Areas (Reorganisation) Act, 1971 (81 of 1971), s. 71(i)
  and Eighth Sch., for ""the Government of Assam"" (w.e.f. 21-1-1972).",scenario,,,PENDING_HUMAN_REVIEW,,
ae61838c341ba869,"What does Article 243E state about Duration of Panchayats, etc?","(1) Every Panchayat, unless
sooner dissolved under any law for the time being in force, shall continue for
five years from the date appointed for its first meeting and no longer.",constitution_of_india.pdf,153,Article 243E,"243E. Duration of Panchayats, etc.—(1) Every Panchayat, unless
sooner dissolved under any law for the time being in force, shall continue for
five years from the date appointed for its first meeting and no longer.
        (2) No amendment of any law for the time being in force shall have the
effect of causing dissolution of a Panchayat at any level, which is functioning
immediately before such amendment, till the expiration of its duration specified
in clause (1).
        (3) An election to constitute a Panchayat shall be completed—
          (a) before the expiry of its duration specified in clause (1);
          (b) before the expiration of a period of six months from the date of its
       dissolution:
      Provided that where the remainder of the period for which the dissolved
Panchayat would have continued  is  less than six months,  it  shall not be
necessary to hold any election under this clause for constituting the Panchayat
for such period.
       (4) A Panchayat constituted upon the dissolution of a Panchayat before
the expiration of its duration shall continue only for the remainder of the period
for which the dissolved Panchayat would have continued under clause (1) had it
not been so dissolved.",direct_factual,,,PENDING_HUMAN_REVIEW,,
a228d8ee90d655fd,"According to the passage, what happens if any question arises as to whether a member of a Panchayat has become subject to any of the disqualifications mentioned in clause (1)?","If any question arises as to whether a member of a Panchayat has
become subject to any of the disqualifications mentioned in clause (1), the
question shall be referred for the decision of such authority and in such manner
as the Legislature of a State may, by law, provide.",constitution_of_india.pdf,153,Article 243F,"243F. Disqualifications for membership.— (1) A person shall be
disqualified for being chosen as, and for being, a member of a Panchayat—
          (a) if he is so disqualified by or under any law for the time being in
      force for the purposes of  elections  to the Legislature of the State
      concerned:
         Provided that no person shall be disqualified on the ground that he is
       less than twenty-five years of age, if he has attained the age of twenty-
     one years;
          (b)  if he  is so disqualified by or under any law made by the
      Legislature of the State.
       (2) If any question arises as to whether a member of a Panchayat has
become subject to any of the disqualifications mentioned in clause (1), the
question shall be referred for the decision of such authority and in such manner
as the Legislature of a State may, by law, provide.",scenario,,,PENDING_HUMAN_REVIEW,,
9d97b0675622a1b1,What does Article 263 state about Provisions with respect to an inter-State Council?,"If at any time
it appears to the President that the public interests would be served by the
establishment of a Council charged with the duty of—
             (a) inquiring into and advising upon disputes which may have
       arisen between States;
             (b) investigating and discussing subjects in which some or all of
      the States, or the Union and one or more of  the States, have a common
       interest; or
              (c) making recommendations upon any such subject and, in
       particular, recommendations for the better co-ordination of policy and
      action with respect to that subject,
it shall be lawful for the President by order to establish such a Council, and to
define the nature of the duties to be performed by it and its organisation and
procedure.",constitution_of_india.pdf,182,Article 263,"263. Provisions with respect to an inter-State Council.—If at any time
it appears to the President that the public interests would be served by the
establishment of a Council charged with the duty of—
             (a) inquiring into and advising upon disputes which may have
       arisen between States;
             (b) investigating and discussing subjects in which some or all of
      the States, or the Union and one or more of  the States, have a common
       interest; or
              (c) making recommendations upon any such subject and, in
       particular, recommendations for the better co-ordination of policy and
      action with respect to that subject,
it shall be lawful for the President by order to establish such a Council, and to
define the nature of the duties to be performed by it and its organisation and
procedure.",direct_factual,,,PENDING_HUMAN_REVIEW,,
f9170abf76764ac8,"According to the passage, what happens if the House of the People passes a resolution disapproving?","if the House of the People passes a resolution
disapproving, or, as the case may be, disapproving the continuance in force  of,
such Proclamation.",constitution_of_india.pdf,240,,"209          THE CONSTITUTION OF INDIA

                         (Part XVIII.—EMERGENCY PROVISIONS)

      Provided  that  if any such Proclamation (not being a Proclamation
revoking a previous Proclamation) is issued at a time when the House of the
People has been dissolved, or the dissolution of the House of the People takes
place during the period of one month referred to in this clause, and  if a
resolution approving the Proclamation has been passed by the Council of
States, but no resolution with respect to such Proclamation has been passed by
the House of the People before the expiration of that period, the Proclamation
shall cease to operate at the expiration of thirty days from the date on which the
House of  the People  first  sits  after  its  reconstitution,  unless before the
expiration  of  the  said period  of  thirty days a  resolution approving  the
Proclamation has been also passed by the House of the People.
       (5) A Proclamation so approved shall, unless revoked, cease to operate
on the expiration of a period of six months from the date of the passing of the
second of the resolutions approving the Proclamation under clause (4):
      Provided that if and so often as a resolution approving the continuance in
force of such a Proclamation  is passed by both Houses of Parliament the
Proclamation shall, unless revoked, continue in force for a further period of six
months from the date on which it would otherwise have ceased to operate under
this clause:
      Provided further that if the dissolution of the House of the People takes
place during any such period of six months and a resolution approving the
continuance in force of such Proclamation has been passed by the Council of
States but no resolution with respect to the continuance in force of such
Proclamation has been passed by the House of the People during the said
period, the Proclamation shall cease to operate at the expiration of thirty days
from the date on which the House of the People first sits after its reconstitution
unless before the expiration of the said period  of thirty days, a resolution
approving the continuance in force  of the Proclamation has been also passed
by the House of the People.
       (6) For the purposes of clauses (4) and (5), a resolution may be passed
by either House of Parliament only by a majority of the total membership of
that House and by a majority of not less than two-thirds of the Members of that
House present and voting.
       (7) Notwithstanding anything contained in the foregoing clauses, the
President shall revoke a Proclamation issued under clause (1) or a Proclamation
varying such Proclamation  if the House of the People passes a resolution
disapproving, or, as the case may be, disapproving the continuance in force  of,
such Proclamation.",scenario,,,PENDING_HUMAN_REVIEW,,
4ee563b33d6459d7,What does Article 52 state about The President of India?,There shall be a President of India.,constitution_of_india.pdf,57,Article 52,52. The President of India.—There shall be a President of India.,direct_factual,,,PENDING_HUMAN_REVIEW,,
efd3f13a28d56893,"According to the passage, what happens if the term of office of the board is less than half of its original term. (3) The Legislature of a State shall?","if the term of office of the board is less than half of its
original term.
        (3) The Legislature of a State shall, by law, make provisions for
co-option of persons to be members of the board having experience in the field
of banking, management, finance or specialisation in any other field relating to
the objects and activities undertaken by the co-operative society, as me",constitution_of_india.pdf,169,,"138          THE CONSTITUTION OF INDIA

                  (Part IXB.—Co-operative Societies)

     243ZJ. Number and term of members  of board and  its office
bearers.—(1) The board shall consist of such number of directors as may be
provided by the Legislature of a State, by law:
      Provided  that the maximum number of  directors of a co-operative
society shall not exceed twenty-one:
      Provided further that the Legislature of a State shall, by law, provide for
the reservation of one seat for the Scheduled Castes or the Scheduled Tribes
and two seats for women on board of every co-operative society consisting of
individuals as members and having members from such class of category of
persons.
       (2) The term of office of elected members of the board and its office
bearers shall be five years from the date of election and the term of office
bearers shall be conterminous with the term of the board:
      Provided that the board may  fill a casual vacancy on the board by
nomination out of the same class of members in respect of which the casual
vacancy has arisen, if the term of office of the board is less than half of its
original term.
        (3) The Legislature of a State shall, by law, make provisions for
co-option of persons to be members of the board having experience in the field
of banking, management, finance or specialisation in any other field relating to
the objects and activities undertaken by the co-operative society, as members of
the board of such society:
      Provided that the number of such co-opted members shall not exceed
two in addition to twenty-one  directors specified in the  first proviso to
clause (1):
      Provided further that such co-opted members shall not have the right to
vote in any election of the co-operative society in their capacity as such
member or to be eligible to be elected as office bearers of the board:
      Provided also that the functional directors of a co-operative society shall
also be the members of the board and such members shall be excluded for the
purpose of counting the total number of directors specified in the first proviso
to clause (1).",scenario,,,PENDING_HUMAN_REVIEW,,
30a1d804e7be2814,What does Article 126 state about Appointment of acting Chief Justice?,"When the office of Chief
Justice of India is vacant or when the Chief Justice is, by reason of absence or
otherwise, unable to perform the duties of his office, the duties of the office
shall be performed by such one of the other Judges of the Court as the President
may appoint for the purpose.",constitution_of_india.pdf,91,Article 126,"126. Appointment of acting Chief Justice.—When the office of Chief
Justice of India is vacant or when the Chief Justice is, by reason of absence or
otherwise, unable to perform the duties of his office, the duties of the office
shall be performed by such one of the other Judges of the Court as the President
may appoint for the purpose.",direct_factual,,,PENDING_HUMAN_REVIEW,,
c32c9352914d853d,"According to the passage, what happens if the High Court certifies"" (w.e.f. 1-8-1979). 2. Certain words omitted by s. 17?","if
   the High Court certifies"" (w.e.f. 1-8-1979).
2. Certain words omitted by s. 17, ibid.",constitution_of_india.pdf,93,,"62          THE CONSTITUTION OF INDIA

                         (Part V.—The Union)

       1(2)*           *           *           *           *
       (3) Where such a certificate is given, 2*** any party in the case may
appeal to the Supreme Court on the ground that any such question as aforesaid
has been wrongly decided 2***.
      Explanation.—For the purposes of this  article, the expression “final
order” includes an order deciding an issue which, if decided in favour of the
appellant, would be sufficient for the final disposal of the case.
      133. Appellate jurisdiction of the Supreme Court in appeals from
High Courts in regard to civil matters.—3[(1) An appeal shall lie to the
Supreme Court from any judgment, decree or final order in a civil proceeding
of a High Court in the territory of India 4[if the High Court certifies under
article 134A—]
          (a) that the case involves a substantial question of law of general
      importance; and
          (b) that in the opinion of the High Court the said question needs to be
      decided by the Supreme Court.]
       (2) Notwithstanding anything in article 132, any party appealing to the
Supreme Court under clause (1) may urge as one of the grounds in such appeal
that a substantial question of law as to the interpretation of this Constitution has
been wrongly decided.
       (3) Notwithstanding anything in this article, no appeal shall, unless Parliament
by law otherwise provides, lie to the Supreme Court from the judgment, decree or final
order of one Judge of a High Court.
      134. Appellate jurisdiction of the Supreme Court in regard to
criminal matters.—(1) An appeal shall lie to the Supreme Court from any
judgment, final order or sentence in a criminal proceeding of a High Court in
the territory of India if the High Court—
          (a) has on appeal reversed an order of acquittal of an accused person
     and sentenced him to death; or
          (b) has withdrawn for trial before itself any case from any court
      subordinate to its authority and has in such trial convicted the accused
      person and sentenced him to death; or
           (c) 5[certifies under article 134A] that the case is a fit one for appeal
       to the Supreme Court:
______________________________________________
1. Cl. (2) omitted by the Constitution (Forty-fourth Amendment) Act, 1978, s. 17, for ""if
   the High Court certifies"" (w.e.f. 1-8-1979).
2. Certain words omitted by s. 17, ibid. (w.e.f. 1-8-1979).
3. Subs. by  the  Constitution  (Thirtieth Amendment) Act, 1972,  s.  2,  for  cl.  (1)
   (w.e.f. 27-2-1973).
4. Subs. by the Constitution (Forty-fourth Amendment) Act, 1978, s.18, for ""if the High
  Court certifies.—"" (w.e.f. 1-8-1979).
5. Subs. by s. 19, ibid., for ""certifies"" (w.e.f. 1-8-1979).",scenario,,,PENDING_HUMAN_REVIEW,,
3ca475d6fe64b2ec,What does Article 277 state about Savings?,"Any taxes, duties, cesses or fees which, immediately
before the commencement of this Constitution, were being lawfully levied by
the Government of any State or by any municipality or other local authority or
body for the purposes of the State, municipality, district or other local area
may, notwithstanding that those taxes, duties, cesses or fees are mentioned in
the Union List, continue to be levied and to be applied to the same purposes
until provision to the contrary is made by Parliament by law.",constitution_of_india.pdf,190,Article 277,"277. Savings.—Any taxes, duties, cesses or fees which, immediately
before the commencement of this Constitution, were being lawfully levied by
the Government of any State or by any municipality or other local authority or
body for the purposes of the State, municipality, district or other local area
may, notwithstanding that those taxes, duties, cesses or fees are mentioned in
the Union List, continue to be levied and to be applied to the same purposes
until provision to the contrary is made by Parliament by law.
      278. [Agreement with States in Part B of the First Schedule with regard
to  certain  financial  matters.].—Omitted  by  the  Constitution  (Seventh
Amendment) Act, 1956, s. 29 and Sch.(w.e.f. 1-11-1956).",direct_factual,,,PENDING_HUMAN_REVIEW,,
432484860d2efff3,"According to the passage, what happens if it has been reserved for the consideration of the President and has received his assent?","if it has been reserved for the consideration of the President and has
received his assent, prevail in that State:
      Provided  that nothing  in  this clause  shall prevent Parliament from
enacting at any time any law with respect to the same matter including a law
adding to, amending, varying or repealing the law so made by the Legislature
of the",constitution_of_india.pdf,179,Article 253,"253. Legislation for giving effect to international agreements.—
Notwithstanding  anything  in  the  foregoing  provisions  of  this  Chapter,
Parliament has power to make any law for the whole or any part of the territory
of India for implementing any treaty, agreement or convention with any other
country or countries or any decision made at any international conference,
association or other body.
      254. Inconsistency between laws made by Parliament and laws made
by the Legislatures of States.—(1) If any provision of a law made by the
Legislature of a State  is repugnant  to any provision of a law made by
Parliament which Parliament is competent to enact, or to any provision of an
existing law with respect to one of the matters enumerated in the Concurrent
List, then, subject to the provisions of clause (2), the law made by Parliament,
whether passed before or after the law made by the Legislature of such State,
or, as the case may be, the existing law, shall prevail and the law made by the
Legislature of the State shall, to the extent of the repugnancy, be void.
       (2) Where a law made by the Legislature of a State 1*** with respect to
one of the matters enumerated in the Concurrent List contains any provision
repugnant to the provisions of an earlier law made by Parliament or an existing
law with respect to that matter, then, the law so made by the Legislature of such
State shall, if it has been reserved for the consideration of the President and has
received his assent, prevail in that State:
      Provided  that nothing  in  this clause  shall prevent Parliament from
enacting at any time any law with respect to the same matter including a law
adding to, amending, varying or repealing the law so made by the Legislature
of the State.
      255. Requirements as to recommendations and previous sanctions to
be regarded as matters of procedure only.—No Act of Parliament or of the
Legislature of a State 1***, and no provision in any such Act, shall be invalid
by reason only that some recommendation or previous sanction required by this
Constitution was not given, if assent to that Act was given—

______________________________________________
1. The words and letters ""specified in Part A or Part B of the First Schedule"" omitted by
   the Constitution (Seventh Amendment) Act, 1956, s. 29 and Sch. (w.e.f. 1-11-1956).",scenario,,,PENDING_HUMAN_REVIEW,,
eac28c76d0fb8483,What does Article 54 state about Election of President?,"The President  shall be elected by the
members of an electoral college consisting of—
             (a) the elected members of both Houses of Parliament; and
              (b) the elected members of the Legislative Assemblies of the States.",constitution_of_india.pdf,57,Article 54,"54. Election of President.—The President  shall be elected by the
members of an electoral college consisting of—
             (a) the elected members of both Houses of Parliament; and
              (b) the elected members of the Legislative Assemblies of the States.
      1[Explanation.—In this article and in article 55, “State” includes the
National Capital Territory of Delhi and the Union territory of *Puducherry.]",direct_factual,,,PENDING_HUMAN_REVIEW,,
41f7c649dc9e1fcd,"According to the passage, what happens if he ceases to be a member of the Council?","if he ceases to be a member of the Council;
          (b) may at any time, by writing under his hand addressed to the
      Chairman, resign his office;",constitution_of_india.pdf,72,Article 89,"89. The Chairman and Deputy Chairman of the Council of States.—(1)
The Vice- President of India shall be ex officio Chairman of the Council of States.
       (2) The Council of States shall, as soon as may be, choose a member of
the Council to be Deputy Chairman thereof and, so often as the office of
Deputy Chairman becomes vacant, the Council shall choose another member to
be Deputy Chairman thereof.
      90. Vacation and resignation of, and removal from, the office of
Deputy Chairman.—A member holding office as Deputy Chairman of the
Council of States—
          (a) shall vacate his office if he ceases to be a member of the Council;
          (b) may at any time, by writing under his hand addressed to the
      Chairman, resign his office; and
           (c) may be removed from his office by a resolution of the Council
      passed by a majority of all the then members of the Council:
      Provided that no resolution for the purpose of clause (c) shall be moved
unless at least fourteen days’ notice has been given of the intention to move the
resolution.
      91. Power of the Deputy Chairman or other person to perform the
duties of the office of, or to act as, Chairman.—(1) While the office of
Chairman is vacant, or during any period when the Vice-President is acting as,
or discharging the functions of, President, the duties of the office shall be
performed by the Deputy Chairman, or, if the office of Deputy Chairman is
also vacant, by such member of the Council of States as the President may
appoint for the purpose.
       (2) During the absence of the Chairman from any sitting of the Council of
States the Deputy Chairman, or,  if he is also absent, such person as may be
determined by the rules of procedure of the Council, or, if no such person is present,
such other person as may be determined by the Council, shall act as Chairman.
      92. The Chairman or the Deputy Chairman not to preside while a
resolution for his removal from office is under consideration.—(1) At any
sitting of the Council of States, while any resolution for the removal of the
Vice-President from his office is under consideration, the Chairman, or while
any resolution for the removal of the Deputy Chairman from his office is under
consideration, the Deputy Chairman, shall not, though he is present, preside,
and the provisions of clause (2) of article 91 shall apply in relation to every
such sitting as they apply in relation to a sitting from which the Chairman, or,
as the case may be, the Deputy Chairman, is absent.",scenario,,,PENDING_HUMAN_REVIEW,,
7e7bbad1dbf53bbe,What does Article 53 state about Executive power of the Union?,"(1) The executive power of the Union
shall be vested in the President and shall be exercised by him either directly or
through officers subordinate to him in accordance with this Constitution.",constitution_of_india.pdf,57,Article 53,"53. Executive power of the Union.—(1) The executive power of the Union
shall be vested in the President and shall be exercised by him either directly or
through officers subordinate to him in accordance with this Constitution.
       (2) Without prejudice to the generality of the foregoing provision, the
supreme command of the Defence Forces of the Union shall be vested in the
President and the exercise thereof shall be regulated by law.
       (3) Nothing in this article shall—
              (a) be deemed to transfer to the President any functions conferred
     by any existing law on the Government of any State or other authority; or
             (b) prevent Parliament from conferring by law functions on
       authorities other than the President.",direct_factual,,,PENDING_HUMAN_REVIEW,,
b35478fa4d7cb0c5,"According to the passage, what happens if it became law?","if it became law, so derogate from the powers of the High
Court as to endanger the position which that Court is by this Constitution
designed to fill.",constitution_of_india.pdf,122,Article 200,"200. Assent to Bills.—When a Bill has been passed by the Legislative
Assembly of a State or, in the case of a State having a Legislative Council, has
been passed by both Houses of the Legislature of the State, it shall be presented
to the Governor and the Governor shall declare either that he assents to the Bill
or that he withholds assent therefrom or that he reserves the Bill for the
consideration of the President:
      Provided  that  the  Governor may,  as soon  as  possible  after  the
presentation to him of the Bill for assent, return the Bill if it is not a Money Bill
together with a message requesting that the House or Houses will reconsider
the Bill or any specified provisions thereof and, in particular, will consider the
desirability of introducing any such amendments as he may recommend in his
message and, when a Bill is so returned, the House or Houses shall reconsider
the Bill accordingly, and if the Bill is passed again by the House or Houses
with or without amendment and presented to the Governor for assent, the
Governor shall not withhold assent therefrom:
      Provided further that the Governor shall not assent to, but shall reserve
for the consideration of the President, any Bill which in the opinion of the
Governor would, if it became law, so derogate from the powers of the High
Court as to endanger the position which that Court is by this Constitution
designed to fill.",scenario,,,PENDING_HUMAN_REVIEW,,
6ea8a7fe4e03e05b,What does Article 113 state about Procedure in Parliament with respect to estimates?,"(1) So
much of the estimates as relates to expenditure charged upon the Consolidated
Fund of India shall not be submitted to the vote of Parliament, but nothing in
this clause shall be construed as preventing the discussion in either House of
Parliament of any of those estimates.",constitution_of_india.pdf,83,Article 113,"113. Procedure in Parliament with respect to estimates.—(1) So
much of the estimates as relates to expenditure charged upon the Consolidated
Fund of India shall not be submitted to the vote of Parliament, but nothing in
this clause shall be construed as preventing the discussion in either House of
Parliament of any of those estimates.
______________________________________________
1. Subs. by the Constitution (Seventh Amendment) Act, 1956,  s. 29 and Sch., for
   ""a Province corresponding to a State specified in Part A of the  First Schedule""
   (w.e.f. 1-11-1956).",direct_factual,,,PENDING_HUMAN_REVIEW,,
b40ea66bd760629c,"According to the passage, what happens if the Chairman or such other member?","if the Chairman or such other member, as the case may be,—
          (a) is adjudged an insolvent;",constitution_of_india.pdf,210,,"179          THE CONSTITUTION OF INDIA

                   (Part XIV.—Services under the Union and the States)

      317. Removal and suspension of a member of a Public Service
Commission.—(1) Subject to the provisions of clause (3), the Chairman  or
any other member of a Public Service Commission shall only be removed from
his office by order of the President on the ground of misbehaviour after the
Supreme Court, on reference being made to it by the President, has, on inquiry
held  in accordance  with  the  procedure  prescribed  in  that  behalf under
article 145, reported that the Chairman or such other member, as the case may
be, ought on any such ground to be removed.
       (2) The President, in the case of the  Union Commission or a Joint
Commission, and the Governor 1*** in the case  of a State Commission, may
suspend from office the Chairman or any other member of the Commission in
respect of whom a reference  has been made to the Supreme Court under
clause (1) until the President has passed orders on receipt  of the report of the
Supreme Court on such reference.
       (3) Notwithstanding anything in clause (1), the President may by order
remove from office the Chairman or any other member of a Public Service
Commission if the Chairman or such other member, as the case may be,—
          (a) is adjudged an insolvent; or
          (b) engages during his term of office in any paid employment outside
      the duties of his office; or
           (c) is, in the opinion of the President, unfit to continue in office by
      reason of infirmity of mind or body.
       (4)  If  the Chairman  or any  other member  of   a  Public Service
Commission is or becomes in any way concerned or interested in any contract
or agreement made by or on behalf of the Government of India or the
Government of a State or participates in any way in the profit thereof or in any
benefit or emolument arising therefrom otherwise than as a member and in
common with the other members of an incorporated company, he shall, for the
purposes of clause (1), be deemed to be guilty of misbehaviour.
      318. Power to make regulations as  to conditions of  service of
members and  staff  of  the Commission.—In  the  case  of  the Union
Commission or a Joint Commission, the President and, in the case of a State
Commission, the Governor 1*** of the State may by regulations—

______________________________________________
1. The words ""or Rajpramukh"" omitted by the Constitution (Seventh Amendment)
  Act, 1956, s. 29 and Sch. (w.e.f. 1-11-1956).",scenario,,,PENDING_HUMAN_REVIEW,,
91cf612b6371ff66,What does Article 394 state about Commencement?,"This article and articles 5, 6, 7, 8, 9, 60, 324,
366, 367, 379, 380, 388, 391, 392 and 393 shall come into force at once, and
the remaining provisions of this Constitution shall come into force on the
twenty-sixth day of January, 1950, which day is referred to in this Constitution
as the commencement of this Constitution.",constitution_of_india.pdf,283,Article 394,"394. Commencement.—This article and articles 5, 6, 7, 8, 9, 60, 324,
366, 367, 379, 380, 388, 391, 392 and 393 shall come into force at once, and
the remaining provisions of this Constitution shall come into force on the
twenty-sixth day of January, 1950, which day is referred to in this Constitution
as the commencement of this Constitution.
      2[394A. Authoritative text in the Hindi language.—(1) The President
shall cause to be published under his authority,—
             (a) the translation of this Constitution in the Hindi language,
      signed by  the members  of  the  Constituent  Assembly,  with  such
      modifications as may be necessary to bring  it in conformity with the
      language, style and terminology adopted in the authoritative texts of
      Central Acts in the Hindi language, and incorporating therein all the
     amendments of this Constitution made before such publication; and
             (b) the translation in the Hindi language of every amendment of
       this Constitution made in the English language.
       (2) The translation of this Constitution and of every amendment thereof
published under clause (1) shall be construed to have the same meaning as the
original thereof and if any difficulty arises in so construing any part of such
translation, the President shall cause the same to be revised suitably.
       (3) The translation of this Constitution and of every amendment thereof
published under this  article shall  be deemed to be, for  all purposes, the
authoritative text thereof in the Hindi language.]",direct_factual,,,PENDING_HUMAN_REVIEW,,
73d8003b21eae42c,"According to the passage, what happens if the causes of action on which such suits or proceedings are based had arisen after such establishment?","if  the causes  of  action on which such  suits  or
      proceedings are based had arisen after such establishment;
             (f) repeal or amend any order made by the President under clause (3)
      of article 371D;",constitution_of_india.pdf,214,Article 323A,"323A. Administrative tribunals.—(1) Parliament may, by law, provide
for  the  adjudication  or  trial by  administrative  tribunals  of  disputes and
complaints with respect to recruitment and conditions of service of persons
appointed to public services and posts in connection with the affairs of the
Union or of any State or of any local or other authority within the territory of
India or under the control of the Government of India or of any corporation
owned or controlled by the Government.
       (2) A law made under clause (1) may—
          (a) provide for the establishment of an administrative tribunal for the
     Union and a separate administrative tribunal for each State or for two or
     more States;
          (b) specify the jurisdiction, powers (including the power to punish for
      contempt) and authority which may be exercised by each of the said
       tribunals;
           (c) provide for the procedure (including provisions as to limitation
     and rules of evidence) to be followed by the said tribunals;
          (d) exclude the jurisdiction of all courts, except the jurisdiction of the
     Supreme Court under  article 136,  with  respect  to the  disputes or
      complaints referred to in clause (1);
           (e) provide for the transfer to each such administrative tribunal of any
      cases pending before any court or other authority immediately before the
      establishment of such tribunal as would have been within the jurisdiction
      of such  tribunal  if  the causes  of  action on which such  suits  or
      proceedings are based had arisen after such establishment;
             (f) repeal or amend any order made by the President under clause (3)
      of article 371D;
          (g)  contain  such  supplemental,  incidental  and  consequential
      provisions (including provisions as to fees) as Parliament may deem
      necessary for the effective functioning of, and for the speedy disposal of
      cases by, and the enforcement of the orders of, such tribunals.

______________________________________________
1. Ins. by the Constitution (Forty-second Amendment) Act, 1976, s. 46 (w.e.f. 3-1-1977).
                              183",scenario,,,PENDING_HUMAN_REVIEW,,
456c0c9d1adc43f9,What does Article 281 state about Recommendations of the Finance Commission?,"The President
shall cause every recommendation made by the Finance Commission under the
provisions of this Constitution together with an explanatory memorandum as to
the action taken thereon to be laid before each House of Parliament.",constitution_of_india.pdf,194,Article 281,"281. Recommendations of the Finance Commission.—The President
shall cause every recommendation made by the Finance Commission under the
provisions of this Constitution together with an explanatory memorandum as to
the action taken thereon to be laid before each House of Parliament.
                    Miscellaneous Financial Provisions
      282. Expenditure defrayable by the Union or a State out of  its
revenues.—The Union or a State may make any grants for any public purpose,
notwithstanding that the purpose is not one with respect to which Parliament or
the Legislature of the State, as the case may be, may make laws.
      283. Custody, etc., of Consolidated Funds, Contingency Funds and
moneys  credited  to  the  public  accounts.—(1)  The  custody  of  the
Consolidated Fund of India and the Contingency Fund of India, the payment of
moneys into such Funds, the withdrawal of moneys therefrom, the custody of
public moneys other than those credited to such Funds received by or on behalf
of the Government of India, their payment into the public account of India and
the withdrawal of moneys from such account and all other matters connected
with or ancillary to matters aforesaid shall be regulated by law made by
Parliament, and, until provision in that behalf is so made, shall be regulated by
rules made by the President.
       (2) The  custody  of  the  Consolidated Fund  of  a  State and  the
Contingency Fund of a State, the payment of moneys into such Funds, the
withdrawal of moneys therefrom, the custody of public moneys other than
those credited to such Funds received by or on behalf of the Government of the
State, their payment into the public account of the State and the withdrawal of
moneys from such account and all other matters connected with or ancillary to
matters aforesaid shall be regulated by law made by the Legislature of the
State, and, until provision in that behalf is so made, shall be regulated by rules
made by the Governor 1*** of the State.
      284. Custody of suitors' deposits and other moneys received by
public servants and courts.—All moneys received by or deposited with—
             (a) any officer employed in connection with the affairs of the
       Union or of a State in his capacity as such, other than revenues or
        public moneys raised or received by the Government of India or the
       Government of the State, as the case may be; or
             (b) any court within the territory of India to the credit of any
        cause, matter, account or persons,

______________________________________________
1. The words ""or Rajpramukh"" omitted by the Constitution (Seventh Amendment)
  Act, 1956, s. 29 and Sch. (w.e.f. 1-11-1956).",direct_factual,,,PENDING_HUMAN_REVIEW,,
00eef07b774a437e,"According to the passage, what happens if before the expiration of that period resolutions disapproving it are passed by both Houses?","if before the expiration of that period resolutions disapproving it are
      passed by both Houses, upon the passing  of the second of those
       resolutions;",constitution_of_india.pdf,87,Article 122,"122. Courts not to inquire into proceedings of Parliament.—(1) The
validity of any proceedings in Parliament shall not be called in question on the
ground of any alleged irregularity of procedure.
       (2) No officer or member of Parliament in whom powers are vested by
or under this Constitution for regulating procedure or the conduct of business,
or for maintaining order, in Parliament shall be subject to the jurisdiction of any
court in respect of the exercise by him of those powers.
         CHAPTER III.—LEGISLATIVE POWERS OF THE PRESIDENT
      123. Power of President to promulgate Ordinances during recess of
Parliament.—(1) If at any time, except when both Houses of Parliament are in
session, the President  is satisfied that circumstances exist which render  it
necessary  for him  to  take immediate  action,  he may  promulgate such
Ordinances as the circumstances appear to him to require.
       (2) An Ordinance promulgated under this article shall have the same
force and effect as an Act of Parliament, but every such Ordinance—
          (a) shall be laid before both Houses of Parliament and shall cease to
      operate at the expiration of six weeks from the reassembly of Parliament,
       or, if before the expiration of that period resolutions disapproving it are
      passed by both Houses, upon the passing  of the second of those
       resolutions; and",scenario,,,PENDING_HUMAN_REVIEW,,
e987bc4b104513d9,What does Article 124 state about Establishment and constitution of the Supreme Court?,"(1)
There shall be a Supreme Court of India consisting of a Chief Justice of India
and, until Parliament by law prescribes a larger number, of not more than
 [seven]other Judges.",constitution_of_india.pdf,88,Article 124,"124. Establishment and constitution of the Supreme Court.—(1)
There shall be a Supreme Court of India consisting of a Chief Justice of India
and, until Parliament by law prescribes a larger number, of not more than
 [seven]other Judges.
       (2) Every Judge  of the Supreme Court  shall be appointed by  the
President by warrant under his hand and seal 2[on the recommendation of the
National Judicial Appointments Commission referred to in article 124A] and
shall hold office until he attains the age of sixty-five years:
       3[*          *            *            *            *]
      4[Provided that]—
             (a) a Judge may, by writing under his hand addressed to the
       President, resign his office;
             (b) a Judge may be removed from his office in the manner
      provided in clause (4).
______________________________________________
1. Ins. by the Constitution (Thirty-eighth Amendment) Act, 1975, s. 2 (with retrospective effect) and
   omitted by the Constitution (Forty-fourth Amendment) Act, 1978, s. 16 (w.e.f. 20-6-1979).
  Now “thirty-three” vide the Supreme Court (Number of Judges) Amendment Act, 2019 (37 of 2019),
    s. 2 (w.e.f. 9-8-2019).
2. Subs. by the Constitution (Ninety-ninth Amendment) Act, 2014, s. 2, for ""after consultation with
   such of the Judges of the Supreme Court and of the High Court in the States as the President may
  deem necessary for the purpose"" (w.e.f. 13-4-2015). This amendment has been struck down by the
   Supreme Court in the case of Supreme Court Advocates-on-Record Association and another Vs.
   Union of India in its judgment dated 16-10-2015, AIR 2016 SC 117.
3. The first proviso was omitted by s. 2, ibid. The proviso was as under:—
        ""Provided that in the case of appointment of a Judge other than the Chief Justice, the Chief
    Justice of India shall always be consulted:"" This amendment has been struck down by the Supreme
   Court in the case of Supreme Court Advocates-on-Record Association and another Vs. Union of
   India in its judgment dated 16-10-2015, AIR 2016 SC 117.
4. Subs. by s. 2, ibid. for ""provided further that"" This amendment has been struck down by the Supreme
   Court in the Supreme Court Advocates-on-Record Association and another Vs Union of India
   judgment dated 16-10-2015, AIR 2016 SC 117.",direct_factual,,,PENDING_HUMAN_REVIEW,,
a437eeb8b7e96b1d,What does Article 341 state about Scheduled Castes?,"(1) The President 4[may with respect to any
State 5[or Union territory], and where it is a State 2***, after consultation with
______________________________________________
1.",constitution_of_india.pdf,231,Article 341,"341. Scheduled Castes.—(1) The President 4[may with respect to any
State 5[or Union territory], and where it is a State 2***, after consultation with
______________________________________________
1. Ins. by the Constitution (One Hundred and  Fifth Amendment) Act, 2021,  s. 2
   (w.e.f. 15-9-2021).
2. The words and letters for ""specified in Part A or Part B of the First Schedule"" omitted by
   the Constitution (Seventh Amendment) Act, 1956, s. 29 and Sch. (w.e.f. 1-11-1956).
3. Subs. by s. 29 and Sch. ibid. for ""any such State"" (w.e.f. 1-11-1956).
4. Subs. by the Constitution  (First Amendment) Act, 1951,  s. 10, for ""may, after
   consultation with the Governor or Rajpramukh of a State"" (w.e.f. 18-6-1951).
5.  Ins. by  the  Constitution  (Seventh Amendment)  Act,  1956,  s.  29  and  Sch.
   (w.e.f. 1-11-1956).",direct_factual,,,PENDING_HUMAN_REVIEW,,
a36146c20321688a,What does Article 159 state about Oath or affirmation by the Governor?,"Every Governor and
every person discharging the functions of the Governor shall, before entering
upon his office, make and subscribe in the presence of the Chief Justice of the
High Court exercising jurisdiction in relation to the State, or, in his absence, the
senior most Judge of that Court available, an oath or affirmation in the
following form, that is to say—
            “I, A.",constitution_of_india.pdf,102,Article 159,"159. Oath or affirmation by the Governor.—Every Governor and
every person discharging the functions of the Governor shall, before entering
upon his office, make and subscribe in the presence of the Chief Justice of the
High Court exercising jurisdiction in relation to the State, or, in his absence, the
senior most Judge of that Court available, an oath or affirmation in the
following form, that is to say—
            “I, A. B., do swear in the name of God that I will faithfully execute the
                          solemnly affirm
       office of Governor  (or discharge the functions of the Governor) of
        .........(name of the State) and will to the best of my ability preserve, protect
      and defend the Constitution and the law and that I will devote myself to the
       service and well-being of the people of ..……(name of the State).”.
______________________________________________
1. Ins. by the Constitution (Seventh Amendment) Act, 1956, s. 7 (w.e.f. 1-11-1956).",direct_factual,,,PENDING_HUMAN_REVIEW,,
1831726a031f0c78,What does Article 108 state about Joint sitting of both Houses in certain cases?,"(1) If after a Bill
has been passed by one House and transmitted to the other House—
          (a) the Bill is rejected by the other House; or
          (b) the Houses have finally disagreed as to the amendments to be
     made in the Bill; or
           (c) more than six months elapse from the date of the reception of the
       Bill by the other House without the Bill being passed by it,",constitution_of_india.pdf,79,Article 108,"108. Joint sitting of both Houses in certain cases.—(1) If after a Bill
has been passed by one House and transmitted to the other House—
          (a) the Bill is rejected by the other House; or
          (b) the Houses have finally disagreed as to the amendments to be
     made in the Bill; or
           (c) more than six months elapse from the date of the reception of the
       Bill by the other House without the Bill being passed by it,",direct_factual,,,PENDING_HUMAN_REVIEW,,
b2913bdbddd27ad7,"What does Article 301 state about Freedom of trade, commerce and intercourse?","Subject to the
other provisions of this Part,  trade, commerce and intercourse throughout the
territory of India shall be free.",constitution_of_india.pdf,202,Article 301,"301. Freedom of trade, commerce and intercourse.—Subject to the
other provisions of this Part,  trade, commerce and intercourse throughout the
territory of India shall be free.
      302. Power of Parliament to impose restrictions on trade, commerce
and intercourse.—Parliament may  by law impose such restrictions on the
freedom of trade, commerce or intercourse between one State and another or
within any part of the territory of India  as may be required in the public
interest.
      303. Restrictions on the legislative powers of the Union and of the
States with regard to trade and commerce.—(1) Notwithstanding anything
in article 302, neither Parliament nor the Legislature of a State shall have power
to make any law giving, or authorising the giving of, any preference to one
State over another, or making, or authorising the making of, any discrimination
between one State and another, by virtue of any entry relating to trade  and
commerce in any of the Lists in the Seventh Schedule.
       (2) Nothing in clause (1) shall prevent Parliament from making any law
giving, or authorising  the giving of, any preference or making, or authorising
the making of, any discrimination  if  it  is declared by such law that  it  is
necessary to do so for the purpose of dealing with a situation arising from
scarcity of goods in any part of the territory of India.
      304. Restrictions on   trade, commerce and intercourse  among
States.—Notwithstanding  anything  in  article 301   or  article   303,  the
Legislature of a State may by law—
             (a) impose on goods imported from other States 1[or the Union
        territories] any tax to which similar goods manufactured or produced in
       that State are subject, so, however, as not to discriminate between goods
      so imported and goods so manufactured or produced; and
             (b) impose such reasonable restrictions on the freedom of trade,
     commerce or intercourse with or within that State as may be required in
      the public interest:
______________________________________________
1.  Ins. by  the  Constitution  (Seventh Amendment)  Act,  1956,  s.  29  and  Sch.
    (w.e.f. 1-11-1956).
                               171",direct_factual,,,PENDING_HUMAN_REVIEW,,
e6e3ae421e334760,What does Article 296 state about Property accruing by escheat or lapse or as bona vacantia?,"Subject as hereinafter provided, any property in the territory of India which, if
this Constitution had not come into operation, would have accrued to His Majesty
or, as the case may be, to the Ruler of an Indian State by escheat or lapse, or as
bona vacantia for want of a rightful owner, shall, if it is property situate in a
State, vest in such State, and shall, in any other case, vest in the Union:",constitution_of_india.pdf,199,Article 296,"296. Property accruing by escheat or lapse or as bona vacantia.—
Subject as hereinafter provided, any property in the territory of India which, if
this Constitution had not come into operation, would have accrued to His Majesty
or, as the case may be, to the Ruler of an Indian State by escheat or lapse, or as
bona vacantia for want of a rightful owner, shall, if it is property situate in a
State, vest in such State, and shall, in any other case, vest in the Union:",direct_factual,,,PENDING_HUMAN_REVIEW,,
4099ca874581abb7,What does Article 243D state about Reservation of seats?,"(1) Seats shall be reserved for—
          (a) the Scheduled Castes; and
          (b) the Scheduled Tribes,
in every Panchayat and the number of seats so reserved shall bear, as nearly as
may be, the same proportion to the total number of seats to be filled by direct
election in that Panchayat as the population of the Scheduled Castes in that
Panchayat area or of the Scheduled Tribes in that Panchayat area bears to the
total population of that area and such seats may be allotted by rotation to
different constituencies in a Panchayat.",constitution_of_india.pdf,152,Article 243D,"243D. Reservation of seats.—(1) Seats shall be reserved for—
          (a) the Scheduled Castes; and
          (b) the Scheduled Tribes,
in every Panchayat and the number of seats so reserved shall bear, as nearly as
may be, the same proportion to the total number of seats to be filled by direct
election in that Panchayat as the population of the Scheduled Castes in that
Panchayat area or of the Scheduled Tribes in that Panchayat area bears to the
total population of that area and such seats may be allotted by rotation to
different constituencies in a Panchayat.
       (2) Not less than one-third of the total number of seats reserved under
clause (1) shall be reserved for women belonging to the Scheduled Castes or, as
the case may be, the Scheduled Tribes.
       (3) Not less than one-third (including the number of seats reserved for
women belonging to the Scheduled Castes and the Scheduled Tribes) of the
total number of seats to be filled by direct election in every Panchayat shall be
reserved for women and such seats may be allotted by rotation to different
constituencies in a Panchayat.
       (4) The offices of the Chairpersons in the Panchayats at the village or
any other level shall be reserved for the Scheduled Castes, the Scheduled
Tribes and women in such manner as the Legislature of a State may, by law,
provide:
      Provided that the number of offices of Chairpersons reserved for the
Scheduled Castes and the Scheduled Tribes in the Panchayats at each level in
any State shall bear, as nearly as may be, the same proportion to the total
number of such offices in the Panchayats at each level as the population of the
Scheduled Castes in the State or of the Scheduled Tribes in the State bears to
the total population of the State:
      Provided further that not less than one-third of the total number of offices
of Chairpersons in the Panchayats at each level shall be reserved for women:
      Provided also that the number of offices reserved under this clause shall
be allotted by rotation to different Panchayats at each level.
       (5) The reservation of seats under clauses (1) and (2) and the reservation of
offices of Chairpersons (other than the reservation for women) under clause (4)
shall cease to have effect on the expiration of the period specified in article 334.
       (6) Nothing in this Part shall prevent the Legislature of a State from making
any provision for reservation of seats in any Panchayat or offices of Chairpersons in
the Panchayats at any level in favour of backward class of citizens.",direct_factual,,,PENDING_HUMAN_REVIEW,,
3dfa44b415778173,What does Article 376 state about Provisions as to Judges of High Courts?,"(1) Notwithstanding
anything in clause (2) of article 217, the Judges of a High Court in any
Province  holding  office  immediately  before  the commencement  of  this
Constitution  shall,  unless they have  elected  otherwise, become on such
commencement the Judges of the High Court in the corresponding State, and
shall thereupon be entitled to such salaries and allowances and to such rights in
respect of leave of absence and pension as are provided for under article 221 in
respect  of  the  Judges  of  such  High  Court.",constitution_of_india.pdf,280,Article 376,"376. Provisions as to Judges of High Courts.—(1) Notwithstanding
anything in clause (2) of article 217, the Judges of a High Court in any
Province  holding  office  immediately  before  the commencement  of  this
Constitution  shall,  unless they have  elected  otherwise, become on such
commencement the Judges of the High Court in the corresponding State, and
shall thereupon be entitled to such salaries and allowances and to such rights in
respect of leave of absence and pension as are provided for under article 221 in
respect  of  the  Judges  of  such  High  Court.  1[Any  such  Judge  shall,
notwithstanding that he is not a citizen of India, be eligible for appointment as
Chief Justice of such High Court, or as Chief Justice or other Judge of any
other High Court.]
       (2) The Judges of a High Court in any Indian State corresponding to any
State specified in Part B of the First Schedule holding office immediately
before the commencement of this Constitution shall, unless they have elected
otherwise, become on such commencement the Judges of the High Court in the
State so specified and shall, notwithstanding anything in clauses  (1) and (2) of
article 217 but subject to the proviso to clause (1) of that article, continue to hold
office until the expiration of such period as the President may by order determine.
       (3) In this article, the expression “Judge” does not include an acting Judge
or an additional Judge.",direct_factual,,,PENDING_HUMAN_REVIEW,,
