priority_group,batch_order,candidate_id,correction_status,stage21_status,original_review_status,original_question,original_answer,proposed_question,proposed_answer,original_reference,proposed_reference,reference_check_status,source_document,pdf_page_1_based,original_supporting_passage,source_page_text,evidence_notes,correction_notes,unresolved_issues,human_decision,reviewer,source_confirmation,approved,legal_verification,duplicate_flags,question_type
READY_FOR_HUMAN_REVIEW,1,0a9552ef52cfaff9,SUGGESTED_ONLY_NOT_APPROVED,SUPPORTED_SUGGESTION,PENDING_HUMAN_REVIEW,How does Article 1 define paragraph?,"""paragraph"" means a paragraph of this Schedule.","How does paragraph 1(d) of the Tenth Schedule define ""paragraph""?","""Paragraph"" means a paragraph of this Schedule.",Article 1,"Tenth Schedule, paragraph 1(d)",CONSISTENT,constitution_of_india.pdf,376,"1. Interpretation.—In this Schedule, unless the context otherwise requires,—
              (a) ""House"" means either House of Parliament or the Legislative
      Assembly or, as the case may be, either House of the Legislature of a State;
             (b)  ""legislature  party"",  in  relation to a member of a House
      belonging to any political party in accordance with the provisions of
      paragraph 2 or 2*** paragraph 4, means the group consisting of all the
     members of that House for the time being belonging to that political
      party in accordance with the said provisions;
              (c) ""original political party"", in relation to a member of a House,
     means the political party to which he belongs for the purposes of sub-
      paragraph (1) of paragraph 2;
             (d) ""paragraph"" means a paragraph of this Schedule.","                  1[TENTH SCHEDULE
                          [Articles 102(2) and 191(2)]
             Provisions as to disqualification on ground of defection
       1. Interpretation.—In this Schedule, unless the context otherwise requires,—
              (a) ""House"" means either House of Parliament or the Legislative
      Assembly or, as the case may be, either House of the Legislature of a State;
             (b)  ""legislature  party"",  in  relation to a member of a House
      belonging to any political party in accordance with the provisions of
      paragraph 2 or 2*** paragraph 4, means the group consisting of all the
     members of that House for the time being belonging to that political
      party in accordance with the said provisions;
              (c) ""original political party"", in relation to a member of a House,
     means the political party to which he belongs for the purposes of sub-
      paragraph (1) of paragraph 2;
             (d) ""paragraph"" means a paragraph of this Schedule.
       2.  Disqualification on ground  of  defection.—(1)  Subject  to  the
provisions of 3[paragraphs 4 and 5], a member of a House belonging to any
political party shall be disqualified for being a member of the House—
             (a) if he has voluntarily given up his membership of such political
       party; or
             (b) if he votes or abstains from voting in such House contrary to
     any direction issued by the political party to which he belongs or by any
      person or authority authorised by it in this behalf, without obtaining, in
       either  case, the  prior permission of such  political  party, person or
       authority and such voting or abstention has not been condoned by such
       political party, person or authority within fifteen days from the date of
      such voting or abstention.
      Explanation.—For the purposes of this sub-paragraph,—
             (a) an elected member of a House shall be deemed to belong to
      the political party, if any, by which he was set up as a candidate for
       election as such member;
             (b) a nominated member of a House shall,—

______________________________________________
1. Tenth Schedule added by the Constitution (Fifty-second Amendment) Act, 1985,  s. 6
   (w.e.f. 1-3-1985).
2. Certain words omitted by the Constitution (Ninety-first Amendment) Act, 2003, s. 5
   (w.e.f. 1-1-2004).
3. Subs. by s. 5, ibid., for ""paragraphs 3, 4 and 5"" (w.e.f. 1-1-2004).

                              345","The Tenth Schedule paragraph 1(d) definition says ""paragraph"" means a paragraph of that Schedule. Citation check: CONSISTENT. No material source ambiguity found in the scoped text.","Answer quote/apostrophe normalized with source typography. Question punctuation normalized from a question-mark artifact to quotation marks, consistent with the PDF definition.",No material source ambiguity found in the scoped text.,NOT_ENTERED,,NOT_ENTERED,NO,NOT_CLAIMED,,definition
READY_FOR_HUMAN_REVIEW,2,1c53f50edc89caed,SUGGESTED_ONLY_NOT_APPROVED,SUPPORTED_SUGGESTION,PENDING_HUMAN_REVIEW,"What procedure or remedy is described in the clause beginning “] (2) The Supreme Court may, if it…”?","]
       (2) The Supreme Court may, if it deems it expedient so to do for the ends
of justice, transfer any case, appeal or other proceedings pending before any
High Court to any other High Court.",What transfer power is stated in Article 139A(2)?,"The Supreme Court may, if it deems it expedient so to do for the ends of justice, transfer any case, appeal or other proceeding pending before any High Court to any other High Court.",Article 138,Article 139A(2),CONSISTENT,constitution_of_india.pdf,95,"138. Enlargement of the jurisdiction of the Supreme Court.—(1) The
Supreme Court shall have such further jurisdiction and powers with respect to
any of the matters in the Union List as Parliament may by law confer.
       (2) The Supreme Court shall have such further jurisdiction and powers
with respect to any matter as the Government of India and the Government of
any State may by special agreement confer, if Parliament by law provides for
the exercise of such jurisdiction and powers by the Supreme Court.
      139. Conferment on the Supreme Court of powers to issue certain
writs.—Parliament may by law confer on the Supreme Court power to issue
directions, orders or writs, including writs in the nature of habeas corpus,
mandamus, prohibition, quo warranto and certiorari, or any of them, for any
purposes other than those mentioned in clause (2) of article 32.
      1[139A. Transfer of certain cases.—2[(1) Where cases involving the
same or  substantially the same questions of law are pending before the
Supreme Court and one or more High Courts or before two or more High
Courts and the Supreme Court  is  satisfied on  its own motion or on an
application made by the Attorney-General of India or by a party to any such
case that such questions are substantial questions of general importance, the
Supreme Court may withdraw the case or cases pending before the High Court
or the High Courts and dispose of all the cases itself:
      Provided  that  the Supreme Court may  after determining  the  said
questions of law return any case so withdrawn together with a copy of its
judgment on such questions to the High Court from which the case has been
withdrawn, and the High Court shall on receipt thereof, proceed to dispose of
the case in conformity with such judgment.]
       (2) The Supreme Court may, if it deems it expedient so to do for the ends
of justice, transfer any case, appeal or other proceedings pending before any
High Court to any other High Court.]","64          THE CONSTITUTION OF INDIA

                         (Part V.—The Union)

      138. Enlargement of the jurisdiction of the Supreme Court.—(1) The
Supreme Court shall have such further jurisdiction and powers with respect to
any of the matters in the Union List as Parliament may by law confer.
       (2) The Supreme Court shall have such further jurisdiction and powers
with respect to any matter as the Government of India and the Government of
any State may by special agreement confer, if Parliament by law provides for
the exercise of such jurisdiction and powers by the Supreme Court.
      139. Conferment on the Supreme Court of powers to issue certain
writs.—Parliament may by law confer on the Supreme Court power to issue
directions, orders or writs, including writs in the nature of habeas corpus,
mandamus, prohibition, quo warranto and certiorari, or any of them, for any
purposes other than those mentioned in clause (2) of article 32.
      1[139A. Transfer of certain cases.—2[(1) Where cases involving the
same or  substantially the same questions of law are pending before the
Supreme Court and one or more High Courts or before two or more High
Courts and the Supreme Court  is  satisfied on  its own motion or on an
application made by the Attorney-General of India or by a party to any such
case that such questions are substantial questions of general importance, the
Supreme Court may withdraw the case or cases pending before the High Court
or the High Courts and dispose of all the cases itself:
      Provided  that  the Supreme Court may  after determining  the  said
questions of law return any case so withdrawn together with a copy of its
judgment on such questions to the High Court from which the case has been
withdrawn, and the High Court shall on receipt thereof, proceed to dispose of
the case in conformity with such judgment.]
       (2) The Supreme Court may, if it deems it expedient so to do for the ends
of justice, transfer any case, appeal or other proceedings pending before any
High Court to any other High Court.]
      140. Ancillary powers of the Supreme Court.—Parliament may by
law make provision for conferring upon the Supreme Court such supplemental
powers not inconsistent with any of the provisions of this Constitution as may
appear to be necessary or desirable for the purpose of enabling the Court more
effectively to exercise the jurisdiction conferred upon  it by or under this
Constitution.
______________________________________________
1. Ins. by the Constitution (Forty-second Amendment) Act, 1976, s. 24 (w.e.f. 1-2-1977).
2. Subs. by the  Constitution (Forty-fourth Amendment) Act, 1978, s. 21, for cl. (1)
   (w.e.f. 1-8-1979).","Article 139A(2) authorizes the Supreme Court, when it deems transfer expedient for the ends of justice, to transfer a case, appeal, or other proceeding pending before one High Court to another High Court. Citation check: CONSISTENT. The proposed wording is a paraphrase; human review should retain the express ends-of-justice condition.",No punctuation or clause-range normalization made; proposal remains separate and unapproved.,The proposed wording is a paraphrase; human review should retain the express ends-of-justice condition.,NOT_ENTERED,,NOT_ENTERED,NO,NOT_CLAIMED,,procedure_remedy
READY_FOR_HUMAN_REVIEW,3,014cfafe86aae67e,SUGGESTED_ONLY_NOT_APPROVED,SUPPORTED_SUGGESTION,PENDING_HUMAN_REVIEW,"What right, duty, or requirement is described in the clause beginning “—(1) The custody of the Consolidated Fund of…”?","—(1)  The  custody  of  the
Consolidated Fund of India and the Contingency Fund of India, the payment of
moneys into such Funds, the withdrawal of moneys therefrom, the custody of
public moneys other than those credited to such Funds received by or on behalf
of the Government of India, their payment into the public account of India and
the withdrawal of moneys from such account and all other matters connected
with or ancillary to matters aforesaid shall be regulated by law made by
Parliament, and, until provision in that behalf is so made, shall be regulated by
rules made by the President.","Under Article 283(1), how are the specified Union funds and public-account matters regulated until Parliament makes provision by law?",They are regulated by rules made by the President until provision is made by a law of Parliament.,Article 281,Article 283(1),CONSISTENT,constitution_of_india.pdf,194,"281. Recommendations of the Finance Commission.—The President
shall cause every recommendation made by the Finance Commission under the
provisions of this Constitution together with an explanatory memorandum as to
the action taken thereon to be laid before each House of Parliament.
                    Miscellaneous Financial Provisions
      282. Expenditure defrayable by the Union or a State out of  its
revenues.—The Union or a State may make any grants for any public purpose,
notwithstanding that the purpose is not one with respect to which Parliament or
the Legislature of the State, as the case may be, may make laws.
      283. Custody, etc., of Consolidated Funds, Contingency Funds and
moneys  credited  to  the  public  accounts.—(1)  The  custody  of  the
Consolidated Fund of India and the Contingency Fund of India, the payment of
moneys into such Funds, the withdrawal of moneys therefrom, the custody of
public moneys other than those credited to such Funds received by or on behalf
of the Government of India, their payment into the public account of India and
the withdrawal of moneys from such account and all other matters connected
with or ancillary to matters aforesaid shall be regulated by law made by
Parliament, and, until provision in that behalf is so made, shall be regulated by
rules made by the President.
       (2) The  custody  of  the  Consolidated Fund  of  a  State and  the
Contingency Fund of a State, the payment of moneys into such Funds, the
withdrawal of moneys therefrom, the custody of public moneys other than
those credited to such Funds received by or on behalf of the Government of the
State, their payment into the public account of the State and the withdrawal of
moneys from such account and all other matters connected with or ancillary to
matters aforesaid shall be regulated by law made by the Legislature of the
State, and, until provision in that behalf is so made, shall be regulated by rules
made by the Governor 1*** of the State.
      284. Custody of suitors' deposits and other moneys received by
public servants and courts.—All moneys received by or deposited with—
             (a) any officer employed in connection with the affairs of the
       Union or of a State in his capacity as such, other than revenues or
        public moneys raised or received by the Government of India or the
       Government of the State, as the case may be; or
             (b) any court within the territory of India to the credit of any
        cause, matter, account or persons,

______________________________________________
1. The words ""or Rajpramukh"" omitted by the Constitution (Seventh Amendment)
  Act, 1956, s. 29 and Sch. (w.e.f. 1-11-1956).","163          THE CONSTITUTION OF INDIA

                    (Part XII.—Finance, Property, Contracts and Suits)

      281. Recommendations of the Finance Commission.—The President
shall cause every recommendation made by the Finance Commission under the
provisions of this Constitution together with an explanatory memorandum as to
the action taken thereon to be laid before each House of Parliament.
                    Miscellaneous Financial Provisions
      282. Expenditure defrayable by the Union or a State out of  its
revenues.—The Union or a State may make any grants for any public purpose,
notwithstanding that the purpose is not one with respect to which Parliament or
the Legislature of the State, as the case may be, may make laws.
      283. Custody, etc., of Consolidated Funds, Contingency Funds and
moneys  credited  to  the  public  accounts.—(1)  The  custody  of  the
Consolidated Fund of India and the Contingency Fund of India, the payment of
moneys into such Funds, the withdrawal of moneys therefrom, the custody of
public moneys other than those credited to such Funds received by or on behalf
of the Government of India, their payment into the public account of India and
the withdrawal of moneys from such account and all other matters connected
with or ancillary to matters aforesaid shall be regulated by law made by
Parliament, and, until provision in that behalf is so made, shall be regulated by
rules made by the President.
       (2) The  custody  of  the  Consolidated Fund  of  a  State and  the
Contingency Fund of a State, the payment of moneys into such Funds, the
withdrawal of moneys therefrom, the custody of public moneys other than
those credited to such Funds received by or on behalf of the Government of the
State, their payment into the public account of the State and the withdrawal of
moneys from such account and all other matters connected with or ancillary to
matters aforesaid shall be regulated by law made by the Legislature of the
State, and, until provision in that behalf is so made, shall be regulated by rules
made by the Governor 1*** of the State.
      284. Custody of suitors' deposits and other moneys received by
public servants and courts.—All moneys received by or deposited with—
             (a) any officer employed in connection with the affairs of the
       Union or of a State in his capacity as such, other than revenues or
        public moneys raised or received by the Government of India or the
       Government of the State, as the case may be; or
             (b) any court within the territory of India to the credit of any
        cause, matter, account or persons,

______________________________________________
1. The words ""or Rajpramukh"" omitted by the Constitution (Seventh Amendment)
  Act, 1956, s. 29 and Sch. (w.e.f. 1-11-1956).","Article 283(1) provides for rules by the President, pending parliamentary provision by law, on the covered Union funds and public-account matters. Citation check: CONSISTENT. The answer relies on the question's ""specified funds and public-account matters"" for scope.",No punctuation or clause-range normalization made; proposal remains separate and unapproved.,"The answer relies on the question's ""specified funds and public-account matters"" for scope.",NOT_ENTERED,,NOT_ENTERED,NO,NOT_CLAIMED,,rights_duties
READY_FOR_HUMAN_REVIEW,4,06f032849da5dbd4,SUGGESTED_ONLY_NOT_APPROVED,SUPPORTED_SUGGESTION,PENDING_HUMAN_REVIEW,"According to the passage, what happens if the causes of action on which such suits or proceedings are based had arisen after such establishment?","if  the causes  of  action on which such  suits  or
      proceedings are based had arisen after such establishment;
             (f) repeal or amend any order made by the President under clause (3)
      of article 371D;",What may a law under Article 323A(2)(e) provide for in relation to certain cases pending when an administrative tribunal is established?,It may provide for transfer to the tribunal of cases pending before a court or other authority immediately before establishment that would have fallen within the tribunal's jurisdiction if their causes of action had arisen after establishment.,Article 323A,Article 323A(2)(e),CONSISTENT,constitution_of_india.pdf,214,"323A. Administrative tribunals.—(1) Parliament may, by law, provide
for  the  adjudication  or  trial by  administrative  tribunals  of  disputes and
complaints with respect to recruitment and conditions of service of persons
appointed to public services and posts in connection with the affairs of the
Union or of any State or of any local or other authority within the territory of
India or under the control of the Government of India or of any corporation
owned or controlled by the Government.
       (2) A law made under clause (1) may—
          (a) provide for the establishment of an administrative tribunal for the
     Union and a separate administrative tribunal for each State or for two or
     more States;
          (b) specify the jurisdiction, powers (including the power to punish for
      contempt) and authority which may be exercised by each of the said
       tribunals;
           (c) provide for the procedure (including provisions as to limitation
     and rules of evidence) to be followed by the said tribunals;
          (d) exclude the jurisdiction of all courts, except the jurisdiction of the
     Supreme Court under  article 136,  with  respect  to the  disputes or
      complaints referred to in clause (1);
           (e) provide for the transfer to each such administrative tribunal of any
      cases pending before any court or other authority immediately before the
      establishment of such tribunal as would have been within the jurisdiction
      of such  tribunal  if  the causes  of  action on which such  suits  or
      proceedings are based had arisen after such establishment;
             (f) repeal or amend any order made by the President under clause (3)
      of article 371D;
          (g)  contain  such  supplemental,  incidental  and  consequential
      provisions (including provisions as to fees) as Parliament may deem
      necessary for the effective functioning of, and for the speedy disposal of
      cases by, and the enforcement of the orders of, such tribunals.

______________________________________________
1. Ins. by the Constitution (Forty-second Amendment) Act, 1976, s. 46 (w.e.f. 3-1-1977).
                              183","                      1[PART XIVA
                     TRIBUNALS
     323A. Administrative tribunals.—(1) Parliament may, by law, provide
for  the  adjudication  or  trial by  administrative  tribunals  of  disputes and
complaints with respect to recruitment and conditions of service of persons
appointed to public services and posts in connection with the affairs of the
Union or of any State or of any local or other authority within the territory of
India or under the control of the Government of India or of any corporation
owned or controlled by the Government.
       (2) A law made under clause (1) may—
          (a) provide for the establishment of an administrative tribunal for the
     Union and a separate administrative tribunal for each State or for two or
     more States;
          (b) specify the jurisdiction, powers (including the power to punish for
      contempt) and authority which may be exercised by each of the said
       tribunals;
           (c) provide for the procedure (including provisions as to limitation
     and rules of evidence) to be followed by the said tribunals;
          (d) exclude the jurisdiction of all courts, except the jurisdiction of the
     Supreme Court under  article 136,  with  respect  to the  disputes or
      complaints referred to in clause (1);
           (e) provide for the transfer to each such administrative tribunal of any
      cases pending before any court or other authority immediately before the
      establishment of such tribunal as would have been within the jurisdiction
      of such  tribunal  if  the causes  of  action on which such  suits  or
      proceedings are based had arisen after such establishment;
             (f) repeal or amend any order made by the President under clause (3)
      of article 371D;
          (g)  contain  such  supplemental,  incidental  and  consequential
      provisions (including provisions as to fees) as Parliament may deem
      necessary for the effective functioning of, and for the speedy disposal of
      cases by, and the enforcement of the orders of, such tribunals.

______________________________________________
1. Ins. by the Constitution (Forty-second Amendment) Act, 1976, s. 46 (w.e.f. 3-1-1977).
                              183","Article 323A(2)(e) supports a law providing for transfer to an administrative tribunal of qualifying cases pending immediately before its establishment. Citation check: CONSISTENT. Human review should compare the exact ""would have been within jurisdiction"" qualification against the original page.",Answer quote/apostrophe normalized with source typography.,"Human review should compare the exact ""would have been within jurisdiction"" qualification against the original page.",NOT_ENTERED,,NOT_ENTERED,NO,NOT_CLAIMED,,scenario
READY_FOR_HUMAN_REVIEW,5,fe25da3c7158a625,SUGGESTED_ONLY_NOT_APPROVED,SUPPORTED_SUGGESTION,PENDING_HUMAN_REVIEW,What condition or exception is described in the clause beginning “if the interest of justice so requires.”?,"if the interest of justice so
                requires.",When may the State Commission transfer a complaint pending before a District Commission to another District Commission in the State?,"On the complainant's application or on its own motion, the State Commission may transfer such a complaint at any stage of the proceeding if the interest of justice so requires.",,Section 48,CONSISTENT,consumer_protection_act_2019.pdf,24,"24           THE GAZETTE OF INDIA EXTRAORDINARY         [PART II—


             be decided according to the opinion of the majority of the members who have heard the case,
              including those who first heard it:

                   Provided that the President or the other members, as the case may be, shall give
              opinion on the point or points so referred within a period of one month from the date of such
               reference.

                      (4) A complaint shall be instituted in a State Commission within the limits of whose
               jurisdiction,—

                            (a) the opposite party or each of the opposite parties, where there are more than
                    one, at the time of the institution of the complaint, ordinarily resides or carries on
                    business or has a branch office or personally works for gain; or

                            (b) any of the opposite parties, where there are more than one, at the time of the
                       institution of the complaint, actually and voluntarily resides, or carries on business or
                   has a branch office or personally works for gain, provided in such case, the permission
                    of the State Commission is given; or

                             (c) the cause of action, wholly or in part, arises; or

                            (d) the complainant resides or personally works for gain.

Transfer of           48. On the application of the complainant or of its own motion, the State Commission
cases.        may, at any stage of the proceeding, transfer any complaint pending before a District
            Commission to another District Commission within the State if the interest of justice so
                requires.

Procedure            49. (1) The provisions relating to complaints under sections 35, 36, 37, 38 and 39 shall,
applicable to    with such modifications as may be necessary, be applicable to the disposal of complaints by
State           the State Commission.Commission.
                      (2) Without prejudice to the provisions of sub-section (1), the State Commission may
               also declare any terms of contract, which is unfair to any consumer, to be null and void.

Review by            50. The State Commission shall have the power to review any of the order passed by
State               it if there is an error apparent on the face of the record, either of its own motion or on an
Commission in  application made by any of the parties within thirty days of such order.certain cases.

Appeal to            51. (1) Any person aggrieved by an order made by the State Commission in exercise of
National          its powers conferred by sub-clause (i) or (ii) of clause (a) of sub-section (1) of section 47
Commission.   may prefer an appeal against such order to the National Commission within a period of thirty
             days from the date of the order in such form and manner as may be prescribed:

                   Provided that the National Commission shall not entertain the appeal after the expiry
              of the said period of thirty days unless it is satisfied that there was sufficient cause for not
                 filing it within that period:

                   Provided further that no appeal by a person, who is required to pay any amount in
              terms of an order of the State Commission, shall be entertained by the National Commission
              unless the appellant has deposited fifty per cent. of that amount in the manner as may be
               prescribed.

                      (2) Save as otherwise expressly provided under this Act or by any other law for the
              time being in force, an appeal shall lie to the National Commission from any order passed in
              appeal by any State Commission, if the National Commission is satisfied that the case
              involves a substantial question of law.

                      (3) In an appeal involving a question of law, the memorandum of appeal shall precisely
                state the substantial question of law involved in the appeal.

                      (4) Where the National Commission is satisfied that a substantial question of law is
              involved in any case, it shall formulate that question and hear the appeal on that question:","            24           THE GAZETTE OF INDIA EXTRAORDINARY         [PART II—


             be decided according to the opinion of the majority of the members who have heard the case,
              including those who first heard it:

                   Provided that the President or the other members, as the case may be, shall give
              opinion on the point or points so referred within a period of one month from the date of such
               reference.

                      (4) A complaint shall be instituted in a State Commission within the limits of whose
               jurisdiction,—

                            (a) the opposite party or each of the opposite parties, where there are more than
                    one, at the time of the institution of the complaint, ordinarily resides or carries on
                    business or has a branch office or personally works for gain; or

                            (b) any of the opposite parties, where there are more than one, at the time of the
                       institution of the complaint, actually and voluntarily resides, or carries on business or
                   has a branch office or personally works for gain, provided in such case, the permission
                    of the State Commission is given; or

                             (c) the cause of action, wholly or in part, arises; or

                            (d) the complainant resides or personally works for gain.

Transfer of           48. On the application of the complainant or of its own motion, the State Commission
cases.        may, at any stage of the proceeding, transfer any complaint pending before a District
            Commission to another District Commission within the State if the interest of justice so
                requires.

Procedure            49. (1) The provisions relating to complaints under sections 35, 36, 37, 38 and 39 shall,
applicable to    with such modifications as may be necessary, be applicable to the disposal of complaints by
State           the State Commission.Commission.
                      (2) Without prejudice to the provisions of sub-section (1), the State Commission may
               also declare any terms of contract, which is unfair to any consumer, to be null and void.

Review by            50. The State Commission shall have the power to review any of the order passed by
State               it if there is an error apparent on the face of the record, either of its own motion or on an
Commission in  application made by any of the parties within thirty days of such order.certain cases.

Appeal to            51. (1) Any person aggrieved by an order made by the State Commission in exercise of
National          its powers conferred by sub-clause (i) or (ii) of clause (a) of sub-section (1) of section 47
Commission.   may prefer an appeal against such order to the National Commission within a period of thirty
             days from the date of the order in such form and manner as may be prescribed:

                   Provided that the National Commission shall not entertain the appeal after the expiry
              of the said period of thirty days unless it is satisfied that there was sufficient cause for not
                 filing it within that period:

                   Provided further that no appeal by a person, who is required to pay any amount in
              terms of an order of the State Commission, shall be entertained by the National Commission
              unless the appellant has deposited fifty per cent. of that amount in the manner as may be
               prescribed.

                      (2) Save as otherwise expressly provided under this Act or by any other law for the
              time being in force, an appeal shall lie to the National Commission from any order passed in
              appeal by any State Commission, if the National Commission is satisfied that the case
              involves a substantial question of law.

                      (3) In an appeal involving a question of law, the memorandum of appeal shall precisely
                state the substantial question of law involved in the appeal.

                      (4) Where the National Commission is satisfied that a substantial question of law is
              involved in any case, it shall formulate that question and hear the appeal on that question:","Section 48 states that, on the complainant's application or on its own motion, the State Commission may transfer a complaint at any stage if the interest of justice so requires. Citation check: CONSISTENT. No material source ambiguity found for the asked transfer conditions.",Answer quote/apostrophe normalized with source typography.,No material source ambiguity found for the asked transfer conditions.,NOT_ENTERED,,NOT_ENTERED,NO,NOT_CLAIMED,,condition_exception
READY_FOR_HUMAN_REVIEW,6,fbde0aa31a8f63b3,SUGGESTED_ONLY_NOT_APPROVED,SUPPORTED_SUGGESTION,PENDING_HUMAN_REVIEW,How does the Act define injury?,"(23) ""injury"" means any harm whatever illegally caused to any person, in body,
                mind or property;","How does Section 2(23) define ""injury""?","""Injury"" means any harm whatever illegally caused to any person, in body, mind or property.",,Section 2(23),CONSISTENT,consumer_protection_act_2019.pdf,5,"SEC. 1]         THE GAZETTE OF INDIA EXTRAORDINARY               5


                  commercial activity, trade or profession, or such other class or classes of persons
                    including public utility entities in the manner as may be prescribed;

                           (20) ""express warranty"" means any material statement, affirmation of fact, promise
                    or description relating to a product or service warranting that it conforms to such
                    material statement, affirmation, promise or description and includes any sample or
                 model of a product warranting that the whole of such product conforms to such
                  sample or model;

                          (21) ""goods"" means every kind of movable property and includes ""food"" as
                    defined in clause (j) of sub-section (1) of section 3 of the Food Safety and Standards
34 of 2006.          Act, 2006;

                          (22) ""harm"", in relation to a product liability, includes—

                                          (i) damage to any property, other than the product itself;

                                           (ii) personal injury, illness or death;

                                            (iii) mental agony or emotional distress attendant to personal injury or
                              illness or damage to property; or

                                      (iv) any loss of consortium or services or other loss resulting from a harm
                           referred to in sub-clause (i) or sub-clause (ii) or sub-clause (iii),

                    but shall not include any harm caused to a product itself or any damage to the property
                 on account of breach of warranty conditions or any commercial or economic loss,
                    including any direct, incidental or consequential loss relating thereto;

                          (23) ""injury"" means any harm whatever illegally caused to any person, in body,
                mind or property;

                          (24) ""manufacturer"" means a person who—

                                          (i) makes any goods or parts thereof; or

                                           (ii) assembles any goods or parts thereof made by others; or

                                            (iii) puts or causes to be put his own mark on any goods made by any
                          other person;

                          (25) ""mediation"" means the process by which a mediator mediates the consumer
                    disputes;

                          (26) ""mediator"" means a mediator referred to in section 75;

                          (27) ""member"" includes the President and a member of the National Commission
                    or a State Commission or a District Commission, as the case may be;

                          (28) ""misleading advertisement"" in relation to any product or service, means an
                    advertisement, which—

                                          (i) falsely describes such product or service; or

                                           (ii) gives a false guarantee to, or is likely to mislead the consumers as to
                          the nature, substance, quantity or quality of such product or service; or

                                            (iii) conveys an express or implied representation which, if made by the
                        manufacturer or seller or service provider thereof, would constitute an unfair
                           trade practice; or

                                      (iv) deliberately conceals important information;

                          (29) ""National Commission"" means the National Consumer Disputes Redressal
                 Commission established under sub-section (1) of section 53;","              SEC. 1]         THE GAZETTE OF INDIA EXTRAORDINARY               5


                  commercial activity, trade or profession, or such other class or classes of persons
                    including public utility entities in the manner as may be prescribed;

                           (20) ""express warranty"" means any material statement, affirmation of fact, promise
                    or description relating to a product or service warranting that it conforms to such
                    material statement, affirmation, promise or description and includes any sample or
                 model of a product warranting that the whole of such product conforms to such
                  sample or model;

                          (21) ""goods"" means every kind of movable property and includes ""food"" as
                    defined in clause (j) of sub-section (1) of section 3 of the Food Safety and Standards
34 of 2006.          Act, 2006;

                          (22) ""harm"", in relation to a product liability, includes—

                                          (i) damage to any property, other than the product itself;

                                           (ii) personal injury, illness or death;

                                            (iii) mental agony or emotional distress attendant to personal injury or
                              illness or damage to property; or

                                      (iv) any loss of consortium or services or other loss resulting from a harm
                           referred to in sub-clause (i) or sub-clause (ii) or sub-clause (iii),

                    but shall not include any harm caused to a product itself or any damage to the property
                 on account of breach of warranty conditions or any commercial or economic loss,
                    including any direct, incidental or consequential loss relating thereto;

                          (23) ""injury"" means any harm whatever illegally caused to any person, in body,
                mind or property;

                          (24) ""manufacturer"" means a person who—

                                          (i) makes any goods or parts thereof; or

                                           (ii) assembles any goods or parts thereof made by others; or

                                            (iii) puts or causes to be put his own mark on any goods made by any
                          other person;

                          (25) ""mediation"" means the process by which a mediator mediates the consumer
                    disputes;

                          (26) ""mediator"" means a mediator referred to in section 75;

                          (27) ""member"" includes the President and a member of the National Commission
                    or a State Commission or a District Commission, as the case may be;

                          (28) ""misleading advertisement"" in relation to any product or service, means an
                    advertisement, which—

                                          (i) falsely describes such product or service; or

                                           (ii) gives a false guarantee to, or is likely to mislead the consumers as to
                          the nature, substance, quantity or quality of such product or service; or

                                            (iii) conveys an express or implied representation which, if made by the
                        manufacturer or seller or service provider thereof, would constitute an unfair
                           trade practice; or

                                      (iv) deliberately conceals important information;

                          (29) ""National Commission"" means the National Consumer Disputes Redressal
                 Commission established under sub-section (1) of section 53;","Section 2(23) defines injury as harm illegally caused to a person in body, mind, or property; the suggested answer conveys that definition. Citation check: CONSISTENT. Normalize punctuation only after checking the PDF; the definition text is source-supported.","Answer quote/apostrophe normalized with source typography. Question punctuation normalized from a question-mark artifact to quotation marks, consistent with the PDF definition.",Normalize punctuation only after checking the PDF; the definition text is source-supported.,NOT_ENTERED,,NOT_ENTERED,NO,NOT_CLAIMED,,definition
READY_FOR_HUMAN_REVIEW,7,ffada58d009e6dde,SUGGESTED_ONLY_NOT_APPROVED,SUPPORTED_SUGGESTION,PENDING_HUMAN_REVIEW,What condition or exception is described in the clause beginning “Unless the Legislature of the State by law…”?,"Unless the Legislature of the State by law otherwise provides, this
article  shall,  after  the  expiration of a  period of  fifteen  years from  the
commencement of this Constitution, have effect as if the words “or in English”
were omitted therefrom:
      1[Provided that in relation to the 2[Legislatures of the States of Himachal
Pradesh, Manipur, Meghalaya and Tripura] this clause shall have effect as if for
the words “fifteen years” occurring therein, the words “twenty-five years” were
substituted:]
      3[Provided further that in relation to the 4[Legislatures of the States of
5[Arunachal Pradesh, Goa and Mizoram]], this clause shall have effect as if for
______________________________________________
1.","Under the first proviso to Article 210(2), what period replaces fifteen years for the Legislatures of Himachal Pradesh, Manipur, Meghalaya and Tripura?","For those Legislatures, ""twenty-five years"" is substituted for ""fifteen years"".",Article 210,"Article 210(2), first proviso",CONSISTENT,constitution_of_india.pdf,127,"210. Language to be used in the Legislature.—(1) Notwithstanding
anything in Part XVII, but subject to the provisions of article 348, business in
the Legislature of a State shall be transacted in the  official language or
languages of the State or in Hindi or in English:
      Provided that the Speaker of the Legislative Assembly or Chairman of
the Legislative Council, or person acting as such, as the case may be, may
permit any member who cannot adequately express himself in any of the
languages aforesaid to address the House in his mother-tongue.
       (2) Unless the Legislature of the State by law otherwise provides, this
article  shall,  after  the  expiration of a  period of  fifteen  years from  the
commencement of this Constitution, have effect as if the words “or in English”
were omitted therefrom:
      1[Provided that in relation to the 2[Legislatures of the States of Himachal
Pradesh, Manipur, Meghalaya and Tripura] this clause shall have effect as if for
the words “fifteen years” occurring therein, the words “twenty-five years” were
substituted:]
      3[Provided further that in relation to the 4[Legislatures of the States of
5[Arunachal Pradesh, Goa and Mizoram]], this clause shall have effect as if for
______________________________________________
1. Ins. by the State of Himachal Pradesh Act, 1970 (53 of 1970), s. 46 (w.e.f. 25-1-1971).
2. Subs. by the North-Eastern Areas (Reorganisation) Act, 1971 (81 of 1971) s. 71, for
   ""Legislature of the State of Himachal Pradesh"" (w.e.f. 21-1-1972).
3. Ins. by the State of Mizoram Act, 1986 (34 of 1986), s. 39 (w.e.f. 20-2-1987).
4. Subs. by the State of Arunachal Pradesh Act, 1986 (69 of 1986), s. 42, for ""Legislature
  of the State of Mizoram"" (w.e.f. 20-2-1987).
5. Subs. by the Goa, Daman and Diu Reorganisation Act, 1987 (18 of 1987), s. 63, for
  ""Arunachal Pradesh and Mizoram"" (w.e.f. 30-5-1987).","96          THE CONSTITUTION OF INDIA

                             (Part VI.—The States)

the Legislative Council, may make rules as to the procedure with respect to
communications between the two Houses.
      209. Regulation by law of procedure in the Legislature of the State in
relation to financial business.—The Legislature of a State may, for the purpose
of the timely completion of financial business, regulate by law the procedure of,
and the conduct of business in, the House or Houses of the Legislature of the
State in relation to any financial matter or to any Bill for the appropriation of
moneys out of the Consolidated Fund of the State, and, if and so far as any
provision of any law so made is inconsistent with any rule made by the House or
either House of the Legislature of the State under clause (1) of article 208 or with
any rule or standing order having effect in relation to the Legislature of the State
under clause (2) of that article, such provision shall prevail.
      210. Language to be used in the Legislature.—(1) Notwithstanding
anything in Part XVII, but subject to the provisions of article 348, business in
the Legislature of a State shall be transacted in the  official language or
languages of the State or in Hindi or in English:
      Provided that the Speaker of the Legislative Assembly or Chairman of
the Legislative Council, or person acting as such, as the case may be, may
permit any member who cannot adequately express himself in any of the
languages aforesaid to address the House in his mother-tongue.
       (2) Unless the Legislature of the State by law otherwise provides, this
article  shall,  after  the  expiration of a  period of  fifteen  years from  the
commencement of this Constitution, have effect as if the words “or in English”
were omitted therefrom:
      1[Provided that in relation to the 2[Legislatures of the States of Himachal
Pradesh, Manipur, Meghalaya and Tripura] this clause shall have effect as if for
the words “fifteen years” occurring therein, the words “twenty-five years” were
substituted:]
      3[Provided further that in relation to the 4[Legislatures of the States of
5[Arunachal Pradesh, Goa and Mizoram]], this clause shall have effect as if for
______________________________________________
1. Ins. by the State of Himachal Pradesh Act, 1970 (53 of 1970), s. 46 (w.e.f. 25-1-1971).
2. Subs. by the North-Eastern Areas (Reorganisation) Act, 1971 (81 of 1971) s. 71, for
   ""Legislature of the State of Himachal Pradesh"" (w.e.f. 21-1-1972).
3. Ins. by the State of Mizoram Act, 1986 (34 of 1986), s. 39 (w.e.f. 20-2-1987).
4. Subs. by the State of Arunachal Pradesh Act, 1986 (69 of 1986), s. 42, for ""Legislature
  of the State of Mizoram"" (w.e.f. 20-2-1987).
5. Subs. by the Goa, Daman and Diu Reorganisation Act, 1987 (18 of 1987), s. 63, for
  ""Arunachal Pradesh and Mizoram"" (w.e.f. 30-5-1987).","The first proviso to Article 210(2) substitutes twenty-five years for fifteen years for the listed State Legislatures. Citation check: CONSISTENT. Suggested answer contains question marks where quotation marks appear intended; this is a presentation defect, not a legal conclusion.",Answer quote/apostrophe normalized with source typography. Answer quote/apostrophe normalized with source typography.,"Suggested answer contains question marks where quotation marks appear intended; this is a presentation defect, not a legal conclusion.",NOT_ENTERED,,NOT_ENTERED,NO,NOT_CLAIMED,,condition_exception
READY_FOR_HUMAN_REVIEW,8,fe7d73898eca8201,SUGGESTED_ONLY_NOT_APPROVED,SUPPORTED_SUGGESTION,PENDING_HUMAN_REVIEW,"What right, duty, or requirement is described in the clause beginning “—In sub-clause (b) of clause (2), the reference…”?","—In sub-clause (b) of clause (2), the reference to Hindus
shall be construed as including a reference to persons professing the Sikh, Jaina
or Buddhist religion, and the reference to Hindu religious institutions shall be
construed accordingly.",What does Explanation II to Article 25(2)(b) say about the reference to Hindus and Hindu religious institutions?,"It says the reference to Hindus includes persons professing the Sikh, Jaina or Buddhist religion, and the reference to Hindu religious institutions is construed accordingly.",Article 24,"Article 25(2), Explanation II",CONSISTENT,constitution_of_india.pdf,45,"24. Prohibition of employment of children in factories, etc.—No child
below the age of fourteen years shall be employed to work in any factory or
mine or engaged in any other hazardous employment.
                       Right to Freedom of Religion
      25. Freedom  of  conscience and  free  profession,  practice and
propagation of religion.—(1) Subject to public order, morality and health and
to the other provisions of this Part, all persons are equally entitled to freedom
of conscience and the right freely to profess, practice and propagate religion.
       (2) Nothing in this article shall affect the operation of any existing law or
prevent the State from making any law—
             (a) regulating or restricting any economic, financial, political or
      other secular activity which may be associated with religious practice;
             (b) providing for social welfare and reform or the throwing open
      of Hindu religious institutions of a public character to all classes and
       sections of Hindus.
      Explanation I.—The wearing and carrying of kirpans shall be deemed to
be included in the profession of the Sikh religion.
      Explanation II.—In sub-clause (b) of clause (2), the reference to Hindus
shall be construed as including a reference to persons professing the Sikh, Jaina
or Buddhist religion, and the reference to Hindu religious institutions shall be
construed accordingly.","14          THE CONSTITUTION OF INDIA

                    (Part III.—Fundamental Rights)

                         Right against Exploitation
      23. Prohibition of traffic in human beings and forced labour.—(1)
Traffic in human beings and begar and other similar forms of forced labour are
prohibited and any  contravention  of  this  provision  shall be an  offence
punishable in accordance with law.
       (2) Nothing  in  this  article  shall  prevent  the  State from imposing
compulsory service for public purposes, and in imposing such service the State
shall not make any discrimination on grounds only of religion, race, caste or
class or any of them.
      24. Prohibition of employment of children in factories, etc.—No child
below the age of fourteen years shall be employed to work in any factory or
mine or engaged in any other hazardous employment.
                       Right to Freedom of Religion
      25. Freedom  of  conscience and  free  profession,  practice and
propagation of religion.—(1) Subject to public order, morality and health and
to the other provisions of this Part, all persons are equally entitled to freedom
of conscience and the right freely to profess, practice and propagate religion.
       (2) Nothing in this article shall affect the operation of any existing law or
prevent the State from making any law—
             (a) regulating or restricting any economic, financial, political or
      other secular activity which may be associated with religious practice;
             (b) providing for social welfare and reform or the throwing open
      of Hindu religious institutions of a public character to all classes and
       sections of Hindus.
      Explanation I.—The wearing and carrying of kirpans shall be deemed to
be included in the profession of the Sikh religion.
      Explanation II.—In sub-clause (b) of clause (2), the reference to Hindus
shall be construed as including a reference to persons professing the Sikh, Jaina
or Buddhist religion, and the reference to Hindu religious institutions shall be
construed accordingly.
      26. Freedom to manage religious affairs.—Subject to public order,
morality and health, every religious denomination or any section thereof shall
have the right—
          (a) to establish and maintain institutions for religious and charitable
      purposes;","Explanation II to Article 25(2) includes persons professing Sikh, Jaina, or Buddhist religion in the reference to Hindus and applies the construction correspondingly to Hindu religious institutions. Citation check: CONSISTENT. Human review should preserve the source's ""construed as including"" and ""construed accordingly"" language.",No punctuation or clause-range normalization made; proposal remains separate and unapproved.,"Human review should preserve the source's ""construed as including"" and ""construed accordingly"" language.",NOT_ENTERED,,NOT_ENTERED,NO,NOT_CLAIMED,,rights_duties
READY_FOR_HUMAN_REVIEW,9,b268a450d367bf03,SUGGESTED_ONLY_NOT_APPROVED,SUPPORTED_SUGGESTION,PENDING_HUMAN_REVIEW,"According to the passage, what happens if he is so disqualified by or under any law made by Parliament. 2[Explanation.—For the purposes of this clause]?","if he is so disqualified by or under any law made by Parliament.
      2[Explanation.—For the purposes of this clause], a person shall not be
deemed to hold an office of profit under the Government of India or the
Government of any State specified in the First Schedule by reason only that he
is a Minister either for the Union or for such State.",What does the Explanation to Article 191(1) say about a person being a Minister?,A person is not deemed to hold an office of profit under the Government of India or a State specified in the First Schedule only because that person is a Minister for the Union or that State.,Article 191,"Article 191(1), Explanation",CONSISTENT,constitution_of_india.pdf,117,"191.  Disqualifications  for membership.—(1) A  person  shall  be
disqualified for being chosen as, and for being, a member of the Legislative
Assembly or Legislative Council of a State—
           1[(a) if he holds any office of profit under the Government of India or
      the Government of any State specified in the First Schedule, other than
      an office declared by the Legislature of the State by law not to disqualify
        its holder;]
          (b) if he is of unsound mind and stands so declared by a competent
       court;
           (c) if he is an undischarged insolvent;
          (d) if he is not a citizen of India, or has voluntarily acquired the
       citizenship of a foreign State, or  is under any acknowledgment of
       allegiance or adherence to a foreign State;
           (e) if he is so disqualified by or under any law made by Parliament.
      2[Explanation.—For the purposes of this clause], a person shall not be
deemed to hold an office of profit under the Government of India or the
Government of any State specified in the First Schedule by reason only that he
is a Minister either for the Union or for such State.
       3[(2) A person  shall be  disqualified  for  being a member  of  the
Legislative Assembly or Legislative Council of a State if he is so disqualified
under the Tenth Schedule.]
       4[192. Decision on questions as to disqualifications of members.—(1)
If any question arises as to whether a member of a House of the Legislature of a
State has become subject to any of the disqualifications mentioned in clause (1)
of article 191, the question shall be referred for the decision of the Governor
and his decision shall be final.
______________________________________________
1. Subs. by the Constitution (Forty-second Amendment) Act, 1976, s. 32 to read as ""(a) if
  he holds any such office of profit under the Government of India or the Government of
  any State specified in the First Schedule as is declared by Parliament by law to
   disqualify  its holder"" (date not  notified). This amendment was omitted by  the
   Constitution (Forty-fourth Amendment) Act, 1978, s. 45 (w.e.f. 20-6-1979).
2. Subs. by the Constitution (Fifty-second Amendment) Act, 1985, s. 5, for ""(2) For the
  purposes of this article"" (w.e.f. 1-3-1985).
3. Ins. by s. 5, ibid. (w.e.f. 1-3-1985).
4. Subs. by the Constitution (Forty-second Amendment) Act, 1976, s. 33, for art. 192
   (w.e.f. 3-1-1977) and further subs. by the Constitution (Forty-fourth Amendment)
  Act, 1978, s. 25, for art. 192 (w.e.f. 20-6-1979).","86          THE CONSTITUTION OF INDIA

                             (Part VI.—The States)

      191.  Disqualifications  for membership.—(1) A  person  shall  be
disqualified for being chosen as, and for being, a member of the Legislative
Assembly or Legislative Council of a State—
           1[(a) if he holds any office of profit under the Government of India or
      the Government of any State specified in the First Schedule, other than
      an office declared by the Legislature of the State by law not to disqualify
        its holder;]
          (b) if he is of unsound mind and stands so declared by a competent
       court;
           (c) if he is an undischarged insolvent;
          (d) if he is not a citizen of India, or has voluntarily acquired the
       citizenship of a foreign State, or  is under any acknowledgment of
       allegiance or adherence to a foreign State;
           (e) if he is so disqualified by or under any law made by Parliament.
      2[Explanation.—For the purposes of this clause], a person shall not be
deemed to hold an office of profit under the Government of India or the
Government of any State specified in the First Schedule by reason only that he
is a Minister either for the Union or for such State.
       3[(2) A person  shall be  disqualified  for  being a member  of  the
Legislative Assembly or Legislative Council of a State if he is so disqualified
under the Tenth Schedule.]
       4[192. Decision on questions as to disqualifications of members.—(1)
If any question arises as to whether a member of a House of the Legislature of a
State has become subject to any of the disqualifications mentioned in clause (1)
of article 191, the question shall be referred for the decision of the Governor
and his decision shall be final.
______________________________________________
1. Subs. by the Constitution (Forty-second Amendment) Act, 1976, s. 32 to read as ""(a) if
  he holds any such office of profit under the Government of India or the Government of
  any State specified in the First Schedule as is declared by Parliament by law to
   disqualify  its holder"" (date not  notified). This amendment was omitted by  the
   Constitution (Forty-fourth Amendment) Act, 1978, s. 45 (w.e.f. 20-6-1979).
2. Subs. by the Constitution (Fifty-second Amendment) Act, 1985, s. 5, for ""(2) For the
  purposes of this article"" (w.e.f. 1-3-1985).
3. Ins. by s. 5, ibid. (w.e.f. 1-3-1985).
4. Subs. by the Constitution (Forty-second Amendment) Act, 1976, s. 33, for art. 192
   (w.e.f. 3-1-1977) and further subs. by the Constitution (Forty-fourth Amendment)
  Act, 1978, s. 25, for art. 192 (w.e.f. 20-6-1979).",The Explanation to Article 191(1) says a person is not deemed to hold the described office of profit only because that person is a Minister for the Union or the relevant State. Citation check: CONSISTENT. The complete scope of the Explanation must remain attached to the clause (a) office-of-profit issue.,No punctuation or clause-range normalization made; proposal remains separate and unapproved.,The complete scope of the Explanation must remain attached to the clause (a) office-of-profit issue.,NOT_ENTERED,,NOT_ENTERED,NO,NOT_CLAIMED,,scenario
READY_FOR_HUMAN_REVIEW,10,64257f501275a7c1,SUGGESTED_ONLY_NOT_APPROVED,SUPPORTED_SUGGESTION,PENDING_HUMAN_REVIEW,What procedure or remedy is described in the clause beginning “CHAPTER IV CONSUMER DISPUTES REDRESSAL COMMISSION Establishment 28.”?,"CHAPTER IV

                                 CONSUMER DISPUTES REDRESSAL COMMISSION

Establishment        28.",What does Section 28(1) require the State Government to establish?,"The State Government shall, by notification, establish a District Consumer Disputes Redressal Commission in each district of the State; it may establish more than one in a district.",,Section 28(1),CONSISTENT,consumer_protection_act_2019.pdf,16,"16           THE GAZETTE OF INDIA EXTRAORDINARY         [PART II—


Designation          23. The Central Government may, if it considers necessary, by notification, designate
of any        any statutory authority or body to exercise the powers and perform the functions of the
statutory       Central Authority referred to in section 10.authority or
body to
function as
Central
Authority.

Appeal.             24. A person aggrieved by any order passed by the Central Authority under
               sections 20 and 21 may file an appeal to the National Commission within a period of thirty
             days from the date of receipt of such order.

Grants by            25. The Central Government may, after due appropriation made by Parliament by law in
Central         this behalf, make to the Central Authority grants of such sums of money as that Government
Government.          may think fit for being utilised for the purposes of this Act.

Accounts and         26. (1) The Central Authority shall maintain proper accounts and other relevant records
audit.         and prepare an annual statement of accounts in such form and manner as may be prescribed
                in consultation with the Comptroller and Auditor-General of India.

                      (2) The accounts of the Central Authority shall be audited by the Comptroller and
              Auditor-General of India at such intervals as may be specified by him and any expenditure
              incurred in connection with such audit shall be payable by the Central Authority to the
              Comptroller and Auditor-General of India.

                      (3) The Comptroller and Auditor-General of India or any other person appointed by
            him in connection with the audit of the accounts of the Central Authority shall have the same
                rights, privileges and authority in connection with such audit as the Comptroller and
              Auditor-General of India generally has, in connection with the audit of the Government
              accounts and, in particular, shall have the right to demand the production of books, accounts,
             connected vouchers and other documents and papers and to inspect any of the offices of
               the Central Authority.

                     (4) The accounts of the Central Authority as certified by the Comptroller and
              Auditor-General of India or any other person appointed by him in this behalf together with
               the audit report thereon shall be forwarded annually to the Central Government which shall
              cause the same to be laid before each House of Parliament.

Furnishing of         27. (1) The Central Authority shall prepare once in every year, in such form, manner
annual        and at such time as may be prescribed, an annual report giving full account of its activities
reports, etc.
              during the previous year and such other reports and returns, as may be directed, and copies
              of such report and returns shall be forwarded to the Central Government.

                      (2) A copy of the annual report received under sub-section (1) shall be laid, as soon as
          may be after it is received, before each House of Parliament.

                                   CHAPTER IV

                                 CONSUMER DISPUTES REDRESSAL COMMISSION

Establishment        28. (1) The State Government shall, by notification, establish a District Consumer
of District      Disputes Redressal Commission, to be known as the District Commission, in each district of
Consumer
Disputes        the State:
Redressal                   Provided that the State Government may, if it deems fit, establish more than oneCommission.
                District Commission in a district.
                      (2) Each District Commission shall consist of—
                            (a) a President; and
                            (b) not less than two and not more than such number of members as may be
                     prescribed, in consultation with the Central Government.","            16           THE GAZETTE OF INDIA EXTRAORDINARY         [PART II—


Designation          23. The Central Government may, if it considers necessary, by notification, designate
of any        any statutory authority or body to exercise the powers and perform the functions of the
statutory       Central Authority referred to in section 10.authority or
body to
function as
Central
Authority.

Appeal.             24. A person aggrieved by any order passed by the Central Authority under
               sections 20 and 21 may file an appeal to the National Commission within a period of thirty
             days from the date of receipt of such order.

Grants by            25. The Central Government may, after due appropriation made by Parliament by law in
Central         this behalf, make to the Central Authority grants of such sums of money as that Government
Government.          may think fit for being utilised for the purposes of this Act.

Accounts and         26. (1) The Central Authority shall maintain proper accounts and other relevant records
audit.         and prepare an annual statement of accounts in such form and manner as may be prescribed
                in consultation with the Comptroller and Auditor-General of India.

                      (2) The accounts of the Central Authority shall be audited by the Comptroller and
              Auditor-General of India at such intervals as may be specified by him and any expenditure
              incurred in connection with such audit shall be payable by the Central Authority to the
              Comptroller and Auditor-General of India.

                      (3) The Comptroller and Auditor-General of India or any other person appointed by
            him in connection with the audit of the accounts of the Central Authority shall have the same
                rights, privileges and authority in connection with such audit as the Comptroller and
              Auditor-General of India generally has, in connection with the audit of the Government
              accounts and, in particular, shall have the right to demand the production of books, accounts,
             connected vouchers and other documents and papers and to inspect any of the offices of
               the Central Authority.

                     (4) The accounts of the Central Authority as certified by the Comptroller and
              Auditor-General of India or any other person appointed by him in this behalf together with
               the audit report thereon shall be forwarded annually to the Central Government which shall
              cause the same to be laid before each House of Parliament.

Furnishing of         27. (1) The Central Authority shall prepare once in every year, in such form, manner
annual        and at such time as may be prescribed, an annual report giving full account of its activities
reports, etc.
              during the previous year and such other reports and returns, as may be directed, and copies
              of such report and returns shall be forwarded to the Central Government.

                      (2) A copy of the annual report received under sub-section (1) shall be laid, as soon as
          may be after it is received, before each House of Parliament.

                                   CHAPTER IV

                                 CONSUMER DISPUTES REDRESSAL COMMISSION

Establishment        28. (1) The State Government shall, by notification, establish a District Consumer
of District      Disputes Redressal Commission, to be known as the District Commission, in each district of
Consumer
Disputes        the State:
Redressal                   Provided that the State Government may, if it deems fit, establish more than oneCommission.
                District Commission in a district.
                      (2) Each District Commission shall consist of—
                            (a) a President; and
                            (b) not less than two and not more than such number of members as may be
                     prescribed, in consultation with the Central Government.","Section 28(1) requires the State Government, by notification, to establish a District Commission in each district and permits more than one in a district. Citation check: CONSISTENT. No material source ambiguity found for the asked establishment requirement.",No punctuation or clause-range normalization made; proposal remains separate and unapproved.,No material source ambiguity found for the asked establishment requirement.,NOT_ENTERED,,NOT_ENTERED,NO,NOT_CLAIMED,,procedure_remedy
READY_FOR_HUMAN_REVIEW,11,fcfc86a574176015,SUGGESTED_ONLY_NOT_APPROVED,SUPPORTED_SUGGESTION,PENDING_HUMAN_REVIEW,"What right, duty, or requirement is described in the clause beginning “—(1) All doubts and disputes arising out of…”?","—(1) All doubts and disputes arising out of or in
connection with the election of a President or Vice-President shall be inquired
into and decided by the Supreme Court whose decision shall be final.",Who decides doubts and disputes arising out of or connected with the election of the President or Vice-President under Article 71(1)?,"The Supreme Court inquires into and decides those doubts and disputes, and its decision is final.",Article 70,Article 71(1),CONSISTENT,constitution_of_india.pdf,63,"70. Discharge of President's functions in other contingencies.—
Parliament may make such provision as it thinks fit for the discharge of the
functions of the President in any contingency not provided for in this Chapter.
       1[71. Matters relating  to, or connected with, the  election of a
President or Vice-President.—(1) All doubts and disputes arising out of or in
connection with the election of a President or Vice-President shall be inquired
into and decided by the Supreme Court whose decision shall be final.
       (2) If the election of a person as President or Vice-President is declared
void by the Supreme Court, acts done by him in the exercise and performance
of the powers and duties of the office of President or Vice-President, as the
case may be, on or before the date of the decision of the Supreme Court shall
not be invalidated by reason of that declaration.
       (3) Subject to the provisions of this Constitution, Parliament may by law
regulate any matter relating to or connected with the election of a President or
Vice-President.
       (4) The election of a person as President or Vice-President shall not be
called in question on the ground of the existence of any vacancy for whatever
reason among the members of the electoral college electing him.]
      72. Power of President to grant pardons, etc., and to suspend, remit
or commute sentences in certain cases.—(1) The President shall have the
power to grant pardons, reprieves, respites or remissions of punishment or to
suspend, remit or commute the sentence of any person convicted of any
offence—
          (a) in  all cases where the punishment or sentence is by a Court
       Martial;

______________________________________________
1. Subs. by the Constitution (Thirty-ninth Amendment) Act, 1975, s. 2 (w.e.f 10-8-1975) and
   further  subs.  by  the  Constitution  (Forty-fourth  Amendment)  Act,  1978,   s.  10.
   (w.e.f. 20-6-1979).","32          THE CONSTITUTION OF INDIA

                         (Part V.—The Union)

President,  or some person appointed in  that  behalf by him, an oath or
affirmation in the following form, that is to say—
          ""I, A.B., do swear in the name of God that  I will bear  true faith and
                    solemnly affirm
allegiance to the Constitution of India as by law established and that I will faithfully
discharge the duty upon which I am about to enter."".
      70. Discharge of President's functions in other contingencies.—
Parliament may make such provision as it thinks fit for the discharge of the
functions of the President in any contingency not provided for in this Chapter.
       1[71. Matters relating  to, or connected with, the  election of a
President or Vice-President.—(1) All doubts and disputes arising out of or in
connection with the election of a President or Vice-President shall be inquired
into and decided by the Supreme Court whose decision shall be final.
       (2) If the election of a person as President or Vice-President is declared
void by the Supreme Court, acts done by him in the exercise and performance
of the powers and duties of the office of President or Vice-President, as the
case may be, on or before the date of the decision of the Supreme Court shall
not be invalidated by reason of that declaration.
       (3) Subject to the provisions of this Constitution, Parliament may by law
regulate any matter relating to or connected with the election of a President or
Vice-President.
       (4) The election of a person as President or Vice-President shall not be
called in question on the ground of the existence of any vacancy for whatever
reason among the members of the electoral college electing him.]
      72. Power of President to grant pardons, etc., and to suspend, remit
or commute sentences in certain cases.—(1) The President shall have the
power to grant pardons, reprieves, respites or remissions of punishment or to
suspend, remit or commute the sentence of any person convicted of any
offence—
          (a) in  all cases where the punishment or sentence is by a Court
       Martial;

______________________________________________
1. Subs. by the Constitution (Thirty-ninth Amendment) Act, 1975, s. 2 (w.e.f 10-8-1975) and
   further  subs.  by  the  Constitution  (Forty-fourth  Amendment)  Act,  1978,   s.  10.
   (w.e.f. 20-6-1979).",Article 71(1) assigns election doubts and disputes to the Supreme Court and says its decision is final. Citation check: CONSISTENT. The answer should retain both the decision-maker and finality if edited.,No punctuation or clause-range normalization made; proposal remains separate and unapproved.,The answer should retain both the decision-maker and finality if edited.,NOT_ENTERED,,NOT_ENTERED,NO,NOT_CLAIMED,,rights_duties
READY_FOR_HUMAN_REVIEW,12,e7b9568884b0bbc8,SUGGESTED_ONLY_NOT_APPROVED,SUPPORTED_SUGGESTION,PENDING_HUMAN_REVIEW,What procedure or remedy is described in the clause beginning “—(1) An appeal shall lie to the Supreme…”?,"—(1) An appeal shall lie to the Supreme Court
from any judgment, decree or final order of a High Court in the territory of
India, whether in a civil, criminal or other proceeding, 3[if the High Court
certifies under article 134A] that the case involves a substantial question of law
as to the interpretation of this Constitution.","Under Article 132(1), when does an appeal lie to the Supreme Court from a High Court judgment, decree or final order?",An appeal lies if the High Court certifies under Article 134A that the case involves a substantial question of law as to the interpretation of the Constitution.,Article 131,Article 132(1),CONSISTENT,constitution_of_india.pdf,92,"131. Original jurisdiction of the Supreme Court.—Subject to the
provisions of this Constitution, the Supreme Court shall, to the exclusion of any
other court, have original jurisdiction in any dispute—
          (a) between the Government of India and one or more States; or
          (b) between the Government of India and any State or States on one
       side and one or more other States on the other; or
           (c) between two or more States,
if and in so far as the dispute involves any question (whether of law or fact) on which
the existence or extent of a legal right depends:
      1[Provided that the said jurisdiction shall not extend to a dispute arising
out of any treaty, agreement, covenant, engagement, sanad or other similar
instrument  which,  having  been  entered  into  or  executed  before  the
commencement  of  this  Constitution,  continues  in  operation  after  such
commencement, or which provides that the said jurisdiction shall not extend to
such a dispute.]
      2[131A. Exclusive  jurisdiction  of  the Supreme  Court  in regard  to
questions as to constitutional  validity of Central laws.].—Omitted by the
Constitution (Forty-third Amendment) Act, 1977, s. 4 (w.e.f. 13-4-1978).
      132. Appellate jurisdiction of the Supreme Court in appeals from
High Courts in certain cases.—(1) An appeal shall lie to the Supreme Court
from any judgment, decree or final order of a High Court in the territory of
India, whether in a civil, criminal or other proceeding, 3[if the High Court
certifies under article 134A] that the case involves a substantial question of law
as to the interpretation of this Constitution.

______________________________________________
1. Subs. by the Constitution (Seventh Amendment) Act, 1956, s. 5, for the proviso
   (w.e.f. 1-11-1956).
2. Ins. by the Constitution (Forty-second Amendment) Act, 1976, s. 23 (w.e.f. 1-2-1977).
3. Subs. by the Constitution (Forty-fourth Amendment) Act, 1978, s. 17, for ""if the High
  Court certifies"" (w.e.f. 1-8-1979).","61          THE CONSTITUTION OF INDIA

                         (Part V.—The Union)

      Provided that nothing in this article shall be deemed to require any such
person as aforesaid to sit and act as a Judge of that Court unless he consents so
to do.
      129. Supreme Court to be a court of record.—The Supreme Court
shall be a court of record and shall have all the powers of such a court including
the power to punish for contempt of itself.
      130. Seat of Supreme Court.—The Supreme Court shall sit in Delhi or
in such other place or places, as the Chief Justice of India may, with the
approval of the President, from time to time, appoint.
      131. Original jurisdiction of the Supreme Court.—Subject to the
provisions of this Constitution, the Supreme Court shall, to the exclusion of any
other court, have original jurisdiction in any dispute—
          (a) between the Government of India and one or more States; or
          (b) between the Government of India and any State or States on one
       side and one or more other States on the other; or
           (c) between two or more States,
if and in so far as the dispute involves any question (whether of law or fact) on which
the existence or extent of a legal right depends:
      1[Provided that the said jurisdiction shall not extend to a dispute arising
out of any treaty, agreement, covenant, engagement, sanad or other similar
instrument  which,  having  been  entered  into  or  executed  before  the
commencement  of  this  Constitution,  continues  in  operation  after  such
commencement, or which provides that the said jurisdiction shall not extend to
such a dispute.]
      2[131A. Exclusive  jurisdiction  of  the Supreme  Court  in regard  to
questions as to constitutional  validity of Central laws.].—Omitted by the
Constitution (Forty-third Amendment) Act, 1977, s. 4 (w.e.f. 13-4-1978).
      132. Appellate jurisdiction of the Supreme Court in appeals from
High Courts in certain cases.—(1) An appeal shall lie to the Supreme Court
from any judgment, decree or final order of a High Court in the territory of
India, whether in a civil, criminal or other proceeding, 3[if the High Court
certifies under article 134A] that the case involves a substantial question of law
as to the interpretation of this Constitution.

______________________________________________
1. Subs. by the Constitution (Seventh Amendment) Act, 1956, s. 5, for the proviso
   (w.e.f. 1-11-1956).
2. Ins. by the Constitution (Forty-second Amendment) Act, 1976, s. 23 (w.e.f. 1-2-1977).
3. Subs. by the Constitution (Forty-fourth Amendment) Act, 1978, s. 17, for ""if the High
  Court certifies"" (w.e.f. 1-8-1979).",Article 132(1) supports an appeal where the High Court certifies under Article 134A that the case involves a substantial question of law as to constitutional interpretation. Citation check: CONSISTENT. The certificate requirement and precise constitutional-interpretation subject must not be dropped.,No punctuation or clause-range normalization made; proposal remains separate and unapproved.,The certificate requirement and precise constitutional-interpretation subject must not be dropped.,NOT_ENTERED,,NOT_ENTERED,NO,NOT_CLAIMED,REPEATED_EXACT_ANSWER;REPEATED_ANSWER_TEMPLATE,procedure_remedy
READY_FOR_HUMAN_REVIEW,13,fb671b1434235def,SUGGESTED_ONLY_NOT_APPROVED,SUPPORTED_SUGGESTION,PENDING_HUMAN_REVIEW,"What right, duty, or requirement is described in the clause beginning “(2) The Governor shall cause every recommendation made…”?","(2) The Governor  shall cause every recommendation made by the
Commission under this article together with an explanatory memorandum as to
the action taken thereon to be laid before the Legislature of the State.",What must the Governor lay before the State Legislature under Article 243Y(2)?,"The Governor shall cause every recommendation made by the Commission under Article 243Y, together with an explanatory memorandum as to the action taken, to be laid before the State Legislature.",Article 243Y,Article 243Y(2),CONSISTENT,constitution_of_india.pdf,163,"243Y. Finance Commission.—(1) The Finance Commission constituted
under article 243I shall also review the financial position of the Municipalities
and make recommendations to the Governor as to—
          (a) the principles which should govern—
                   (i) the distribution between the State and the Municipalities of
          the net proceeds of the taxes, duties, tolls and fees leviable by the
           State, which may be divided between them under this Part and the
          allocation between the Municipalities at all levels of their respective
         shares of such proceeds;
                   (ii) the determination of the taxes, duties, tolls and fees which
       may be assigned to, or appropriated by, the Municipalities;
                    (iii)  the   grants-in-aid   to  the  Municipalities  from  the
         Consolidated Fund of the State;
          (b) the measures needed to improve the financial position of the
       Municipalities;
           (c) any other matter referred to the Finance Commission by the
      Governor in the interests of sound finance of the Municipalities.
       (2) The Governor  shall cause every recommendation made by the
Commission under this article together with an explanatory memorandum as to
the action taken thereon to be laid before the Legislature of the State.","132          THE CONSTITUTION OF INDIA

                              (Part IXA.—The Municipalities)

          (b) assign to a Municipality such taxes, duties, tolls and fees levied
     and collected by the State Government for such purposes and subject to
      such conditions and limits;
           (c) provide for making such grants-in-aid to the Municipalities from
      the Consolidated Fund of the State; and
          (d) provide for constitution of such Funds for crediting all moneys
       received, respectively, by or on behalf of the Municipalities and also for
      the withdrawal of such moneys therefrom,
as may be specified in the law.
     243Y. Finance Commission.—(1) The Finance Commission constituted
under article 243I shall also review the financial position of the Municipalities
and make recommendations to the Governor as to—
          (a) the principles which should govern—
                   (i) the distribution between the State and the Municipalities of
          the net proceeds of the taxes, duties, tolls and fees leviable by the
           State, which may be divided between them under this Part and the
          allocation between the Municipalities at all levels of their respective
         shares of such proceeds;
                   (ii) the determination of the taxes, duties, tolls and fees which
       may be assigned to, or appropriated by, the Municipalities;
                    (iii)  the   grants-in-aid   to  the  Municipalities  from  the
         Consolidated Fund of the State;
          (b) the measures needed to improve the financial position of the
       Municipalities;
           (c) any other matter referred to the Finance Commission by the
      Governor in the interests of sound finance of the Municipalities.
       (2) The Governor  shall cause every recommendation made by the
Commission under this article together with an explanatory memorandum as to
the action taken thereon to be laid before the Legislature of the State.
     243Z. Audit of accounts of Municipalities.—The Legislature of a State
may, by law, make provisions with respect to the maintenance of accounts by
the Municipalities and the auditing of such accounts.","Article 243Y(2) requires the Governor to lay the Commission's recommendations under that article, with an explanatory memorandum on action taken, before the State Legislature. Citation check: CONSISTENT. The source describes the Finance Commission as constituted under Article 243I; keep the surrounding Article 243Y(1) context clear.",No punctuation or clause-range normalization made; proposal remains separate and unapproved.,The source describes the Finance Commission as constituted under Article 243I; keep the surrounding Article 243Y(1) context clear.,NOT_ENTERED,,NOT_ENTERED,NO,NOT_CLAIMED,,rights_duties
READY_FOR_HUMAN_REVIEW,14,d7ba0f6ff8b6349a,SUGGESTED_ONLY_NOT_APPROVED,SUPPORTED_SUGGESTION,PENDING_HUMAN_REVIEW,"According to the passage, what happens if the National Commission is satisfied that the case involves a substantial question of law. (3) In an appeal involving a question of law?","if the National Commission is satisfied that the case
              involves a substantial question of law.

                      (3) In an appeal involving a question of law, the memorandum of appeal shall precisely
                state the substantial question of law involved in the appeal.","Under Section 51(2), when does an appeal lie to the National Commission from an appellate State Commission order?","Unless otherwise expressly provided by this Act or another law in force, an appeal lies to the National Commission from an order passed in appeal by a State Commission if the National Commission is satisfied that the case involves a substantial question of law.",,Section 51(2),CONSISTENT,consumer_protection_act_2019.pdf,24,"24           THE GAZETTE OF INDIA EXTRAORDINARY         [PART II—


             be decided according to the opinion of the majority of the members who have heard the case,
              including those who first heard it:

                   Provided that the President or the other members, as the case may be, shall give
              opinion on the point or points so referred within a period of one month from the date of such
               reference.

                      (4) A complaint shall be instituted in a State Commission within the limits of whose
               jurisdiction,—

                            (a) the opposite party or each of the opposite parties, where there are more than
                    one, at the time of the institution of the complaint, ordinarily resides or carries on
                    business or has a branch office or personally works for gain; or

                            (b) any of the opposite parties, where there are more than one, at the time of the
                       institution of the complaint, actually and voluntarily resides, or carries on business or
                   has a branch office or personally works for gain, provided in such case, the permission
                    of the State Commission is given; or

                             (c) the cause of action, wholly or in part, arises; or

                            (d) the complainant resides or personally works for gain.

Transfer of           48. On the application of the complainant or of its own motion, the State Commission
cases.        may, at any stage of the proceeding, transfer any complaint pending before a District
            Commission to another District Commission within the State if the interest of justice so
                requires.

Procedure            49. (1) The provisions relating to complaints under sections 35, 36, 37, 38 and 39 shall,
applicable to    with such modifications as may be necessary, be applicable to the disposal of complaints by
State           the State Commission.Commission.
                      (2) Without prejudice to the provisions of sub-section (1), the State Commission may
               also declare any terms of contract, which is unfair to any consumer, to be null and void.

Review by            50. The State Commission shall have the power to review any of the order passed by
State               it if there is an error apparent on the face of the record, either of its own motion or on an
Commission in  application made by any of the parties within thirty days of such order.certain cases.

Appeal to            51. (1) Any person aggrieved by an order made by the State Commission in exercise of
National          its powers conferred by sub-clause (i) or (ii) of clause (a) of sub-section (1) of section 47
Commission.   may prefer an appeal against such order to the National Commission within a period of thirty
             days from the date of the order in such form and manner as may be prescribed:

                   Provided that the National Commission shall not entertain the appeal after the expiry
              of the said period of thirty days unless it is satisfied that there was sufficient cause for not
                 filing it within that period:

                   Provided further that no appeal by a person, who is required to pay any amount in
              terms of an order of the State Commission, shall be entertained by the National Commission
              unless the appellant has deposited fifty per cent. of that amount in the manner as may be
               prescribed.

                      (2) Save as otherwise expressly provided under this Act or by any other law for the
              time being in force, an appeal shall lie to the National Commission from any order passed in
              appeal by any State Commission, if the National Commission is satisfied that the case
              involves a substantial question of law.

                      (3) In an appeal involving a question of law, the memorandum of appeal shall precisely
                state the substantial question of law involved in the appeal.

                      (4) Where the National Commission is satisfied that a substantial question of law is
              involved in any case, it shall formulate that question and hear the appeal on that question:","            24           THE GAZETTE OF INDIA EXTRAORDINARY         [PART II—


             be decided according to the opinion of the majority of the members who have heard the case,
              including those who first heard it:

                   Provided that the President or the other members, as the case may be, shall give
              opinion on the point or points so referred within a period of one month from the date of such
               reference.

                      (4) A complaint shall be instituted in a State Commission within the limits of whose
               jurisdiction,—

                            (a) the opposite party or each of the opposite parties, where there are more than
                    one, at the time of the institution of the complaint, ordinarily resides or carries on
                    business or has a branch office or personally works for gain; or

                            (b) any of the opposite parties, where there are more than one, at the time of the
                       institution of the complaint, actually and voluntarily resides, or carries on business or
                   has a branch office or personally works for gain, provided in such case, the permission
                    of the State Commission is given; or

                             (c) the cause of action, wholly or in part, arises; or

                            (d) the complainant resides or personally works for gain.

Transfer of           48. On the application of the complainant or of its own motion, the State Commission
cases.        may, at any stage of the proceeding, transfer any complaint pending before a District
            Commission to another District Commission within the State if the interest of justice so
                requires.

Procedure            49. (1) The provisions relating to complaints under sections 35, 36, 37, 38 and 39 shall,
applicable to    with such modifications as may be necessary, be applicable to the disposal of complaints by
State           the State Commission.Commission.
                      (2) Without prejudice to the provisions of sub-section (1), the State Commission may
               also declare any terms of contract, which is unfair to any consumer, to be null and void.

Review by            50. The State Commission shall have the power to review any of the order passed by
State               it if there is an error apparent on the face of the record, either of its own motion or on an
Commission in  application made by any of the parties within thirty days of such order.certain cases.

Appeal to            51. (1) Any person aggrieved by an order made by the State Commission in exercise of
National          its powers conferred by sub-clause (i) or (ii) of clause (a) of sub-section (1) of section 47
Commission.   may prefer an appeal against such order to the National Commission within a period of thirty
             days from the date of the order in such form and manner as may be prescribed:

                   Provided that the National Commission shall not entertain the appeal after the expiry
              of the said period of thirty days unless it is satisfied that there was sufficient cause for not
                 filing it within that period:

                   Provided further that no appeal by a person, who is required to pay any amount in
              terms of an order of the State Commission, shall be entertained by the National Commission
              unless the appellant has deposited fifty per cent. of that amount in the manner as may be
               prescribed.

                      (2) Save as otherwise expressly provided under this Act or by any other law for the
              time being in force, an appeal shall lie to the National Commission from any order passed in
              appeal by any State Commission, if the National Commission is satisfied that the case
              involves a substantial question of law.

                      (3) In an appeal involving a question of law, the memorandum of appeal shall precisely
                state the substantial question of law involved in the appeal.

                      (4) Where the National Commission is satisfied that a substantial question of law is
              involved in any case, it shall formulate that question and hear the appeal on that question:","Section 51(2) provides an appeal to the National Commission from an appellate State Commission order when the National Commission is satisfied that a substantial question of law is involved, subject to the statutory saving. Citation check: CONSISTENT. The saving clause ""Save as otherwise expressly provided"" is retained in the proposed answer; external procedural rules were not checked.",No punctuation or clause-range normalization made; proposal remains separate and unapproved.,"The saving clause ""Save as otherwise expressly provided"" is retained in the proposed answer; external procedural rules were not checked.",NOT_ENTERED,,NOT_ENTERED,NO,NOT_CLAIMED,,scenario
READY_FOR_HUMAN_REVIEW,15,e7dda45e24d43b89,SUGGESTED_ONLY_NOT_APPROVED,SUPPORTED_SUGGESTION,PENDING_HUMAN_REVIEW,What procedure or remedy is described in the clause beginning “(c) the procedure to be followed by the…”?,"(c) the procedure to be followed by the Regional or District
      Council or any court constituted by such Council in appeals and other
      proceedings under sub-paragraph (2) of this paragraph;","Under paragraph 14(4)(c) of the Sixth Schedule, what procedure may rules regulate?","Rules may regulate the procedure to be followed by the Regional or District Council, or a court constituted by such Council, in appeals and other proceedings under sub-paragraph (2) of paragraph 14.",,"Sixth Schedule, paragraph 14(4)(c)",CONSISTENT,constitution_of_india.pdf,320,"289         THE CONSTITUTION OF INDIA

                             (Sixth Schedule)

       (4) A Regional Council or District Council, as the case may be, may
with the previous approval of the Governor make rules regulating —
             (a) the constitution of village councils and courts and the
      powers to be exercised by them under this paragraph;
              (b) the procedure to be followed by village councils or courts in
       the trial of suits and cases under sub-paragraph (1) of this paragraph;
               (c) the procedure to be followed by the Regional or District
      Council or any court constituted by such Council in appeals and other
      proceedings under sub-paragraph (2) of this paragraph;
             (d) the enforcement of decisions and orders of such councils
     and courts;
               (e)  all  other  ancillary matters  for  the  carrying out of the
       provisions of sub-paragraphs (1) and (2) of this paragraph.
       1[(5) On and from such date as the President may, 2[after consulting the
Government of the State concerned], by notification appoint in this behalf, this
paragraph shall have effect in relation to such autonomous district or region as
may be specified in the notification, as if—
                 (i) in sub-paragraph (1), for the words “between the parties all of
    whom belong to Scheduled Tribes within such areas, other than suits
      and cases to which the provisions of sub-paragraph (1) of paragraph 5
       of this Schedule apply,”, the words “not being suits and cases of the
       nature  referred  to  in sub-paragraph  (1)  of paragraph  (5)  of  this
      Schedule, which the Governor may specify in this behalf,” had been
       substituted;
                  (ii) sub-paragraphs (2) and (3) had been omitted;
                  (iii) in sub-paragraph (4)—
                     (a)  for  the words “A Regional  Council  or  District
             Council, as the case may be, may with the previous approval of
             the Governor make rules regulating”, the words “the Governor
         may make rules regulating” had been substituted; and
                      (b)  for  clause  (a),  the  following  clause had been
              substituted, namely:—
______________________________________________
1. Ins. by the Assam Reorganisation (Meghalaya) Act, 1969 (55 of 1969), s. 74 and
   Fourth Sch. (w.e.f. 2-4-1970).
2. Subs. by the North-Eastern Areas (Reorganisation) Act, 1971 (81 of 1971), s. 71(i)
  and Eighth Sch., for certain words (w.e.f. 21-1-1972).","289         THE CONSTITUTION OF INDIA

                             (Sixth Schedule)

       (4) A Regional Council or District Council, as the case may be, may
with the previous approval of the Governor make rules regulating —
             (a) the constitution of village councils and courts and the
      powers to be exercised by them under this paragraph;
              (b) the procedure to be followed by village councils or courts in
       the trial of suits and cases under sub-paragraph (1) of this paragraph;
               (c) the procedure to be followed by the Regional or District
      Council or any court constituted by such Council in appeals and other
      proceedings under sub-paragraph (2) of this paragraph;
             (d) the enforcement of decisions and orders of such councils
     and courts;
               (e)  all  other  ancillary matters  for  the  carrying out of the
       provisions of sub-paragraphs (1) and (2) of this paragraph.
       1[(5) On and from such date as the President may, 2[after consulting the
Government of the State concerned], by notification appoint in this behalf, this
paragraph shall have effect in relation to such autonomous district or region as
may be specified in the notification, as if—
                 (i) in sub-paragraph (1), for the words “between the parties all of
    whom belong to Scheduled Tribes within such areas, other than suits
      and cases to which the provisions of sub-paragraph (1) of paragraph 5
       of this Schedule apply,”, the words “not being suits and cases of the
       nature  referred  to  in sub-paragraph  (1)  of paragraph  (5)  of  this
      Schedule, which the Governor may specify in this behalf,” had been
       substituted;
                  (ii) sub-paragraphs (2) and (3) had been omitted;
                  (iii) in sub-paragraph (4)—
                     (a)  for  the words “A Regional  Council  or  District
             Council, as the case may be, may with the previous approval of
             the Governor make rules regulating”, the words “the Governor
         may make rules regulating” had been substituted; and
                      (b)  for  clause  (a),  the  following  clause had been
              substituted, namely:—
______________________________________________
1. Ins. by the Assam Reorganisation (Meghalaya) Act, 1969 (55 of 1969), s. 74 and
   Fourth Sch. (w.e.f. 2-4-1970).
2. Subs. by the North-Eastern Areas (Reorganisation) Act, 1971 (81 of 1971), s. 71(i)
  and Eighth Sch., for certain words (w.e.f. 21-1-1972).","Sixth Schedule paragraph 14(4)(c) supports rules regulating procedure for the Regional/District Council or a court constituted by it in appeals and other proceedings under paragraph 14(2). Citation check: CONSISTENT. Check the full paragraph 14 structure in the PDF; this is a text-based reference, not a legal interpretation.",No punctuation or clause-range normalization made; proposal remains separate and unapproved.,"Check the full paragraph 14 structure in the PDF; this is a text-based reference, not a legal interpretation.",NOT_ENTERED,,NOT_ENTERED,NO,NOT_CLAIMED,,procedure_remedy
READY_FOR_HUMAN_REVIEW,16,dfe75d1781e7d3d1,SUGGESTED_ONLY_NOT_APPROVED,SUPPORTED_SUGGESTION,PENDING_HUMAN_REVIEW,How does Article 279 define net proceeds?,"“net proceeds” means in relation to any tax or duty
the proceeds thereof reduced by the cost of collection, and for the purposes of
those provisions the net proceeds of any tax or duty, or of any part of any tax or
duty, in or attributable to any area shall be ascertained and certified by the
Comptroller and Auditor-General of India, whose certificate shall be final.
       (2) Subject as aforesaid, and to any other express provision of this
Chapter, a law made by Parliament or an order of the President may, in any
case where under this Part the proceeds of any duty or tax are, or may be,
assigned to any State, provide for the manner in which the proceeds are to be
calculated, for the time from or  at which and the manner in which any
payments are to be made, for the making of adjustments between one financial
year and another, and for any other incidental or ancillary matters.

______________________________________________
1. Subs. by the Constitution (Sixtieth Amendment) Act, 1988, s. 2, for ""two hundred and
   fifty rupees"" (w.e.f. 20-12-1988).
2. Proviso omitted by s.2, ibid. (w.e.f. 20-12-1988).","How does Article 279(1) define ""net proceeds""?","""Net proceeds"" means, in relation to a tax or duty, its proceeds reduced by the cost of collection. The net proceeds attributable to an area are ascertained and certified by the Comptroller and Auditor-General of India, whose certificate is final.",Article 279,Article 279(1),CONSISTENT,constitution_of_india.pdf,190,"279.  Calculation  of  “net  proceeds”,  etc.—(1)  In  the  foregoing
provisions of this Chapter, “net proceeds” means in relation to any tax or duty
the proceeds thereof reduced by the cost of collection, and for the purposes of
those provisions the net proceeds of any tax or duty, or of any part of any tax or
duty, in or attributable to any area shall be ascertained and certified by the
Comptroller and Auditor-General of India, whose certificate shall be final.
       (2) Subject as aforesaid, and to any other express provision of this
Chapter, a law made by Parliament or an order of the President may, in any
case where under this Part the proceeds of any duty or tax are, or may be,
assigned to any State, provide for the manner in which the proceeds are to be
calculated, for the time from or  at which and the manner in which any
payments are to be made, for the making of adjustments between one financial
year and another, and for any other incidental or ancillary matters.

______________________________________________
1. Subs. by the Constitution (Sixtieth Amendment) Act, 1988, s. 2, for ""two hundred and
   fifty rupees"" (w.e.f. 20-12-1988).
2. Proviso omitted by s.2, ibid. (w.e.f. 20-12-1988).","159          THE CONSTITUTION OF INDIA

                    (Part XII.—Finance, Property, Contracts and Suits)

       (2) The total amount payable in respect of any one person to the State or
to any one municipality, district board, local board or other local authority in
the State by way of taxes on professions, trades, callings and employments
shall not exceed 1[two thousand and five hundred rupees] per annum.
       2*            *            *            *
       (3) The power of the Legislature of a State to make laws as aforesaid
with respect to taxes on professions, trades, callings and employments shall not
be construed as limiting in any way the power of Parliament to make laws with
respect to taxes on income accruing from or arising out of professions, trades,
callings and employments.
      277. Savings.—Any taxes, duties, cesses or fees which, immediately
before the commencement of this Constitution, were being lawfully levied by
the Government of any State or by any municipality or other local authority or
body for the purposes of the State, municipality, district or other local area
may, notwithstanding that those taxes, duties, cesses or fees are mentioned in
the Union List, continue to be levied and to be applied to the same purposes
until provision to the contrary is made by Parliament by law.
      278. [Agreement with States in Part B of the First Schedule with regard
to  certain  financial  matters.].—Omitted  by  the  Constitution  (Seventh
Amendment) Act, 1956, s. 29 and Sch.(w.e.f. 1-11-1956).
      279.  Calculation  of  “net  proceeds”,  etc.—(1)  In  the  foregoing
provisions of this Chapter, “net proceeds” means in relation to any tax or duty
the proceeds thereof reduced by the cost of collection, and for the purposes of
those provisions the net proceeds of any tax or duty, or of any part of any tax or
duty, in or attributable to any area shall be ascertained and certified by the
Comptroller and Auditor-General of India, whose certificate shall be final.
       (2) Subject as aforesaid, and to any other express provision of this
Chapter, a law made by Parliament or an order of the President may, in any
case where under this Part the proceeds of any duty or tax are, or may be,
assigned to any State, provide for the manner in which the proceeds are to be
calculated, for the time from or  at which and the manner in which any
payments are to be made, for the making of adjustments between one financial
year and another, and for any other incidental or ancillary matters.

______________________________________________
1. Subs. by the Constitution (Sixtieth Amendment) Act, 1988, s. 2, for ""two hundred and
   fifty rupees"" (w.e.f. 20-12-1988).
2. Proviso omitted by s.2, ibid. (w.e.f. 20-12-1988).",Article 279(1) defines net proceeds by deducting collection costs and makes the Comptroller and Auditor-General's certificate final for the stated ascertainment. Citation check: CONSISTENT. Punctuation needs cleanup; no external or current-law check was performed.,"Answer quote/apostrophe normalized with source typography. Question punctuation normalized from a question-mark artifact to quotation marks, consistent with the PDF definition.",Punctuation needs cleanup; no external or current-law check was performed.,NOT_ENTERED,,NOT_ENTERED,NO,NOT_CLAIMED,,definition
READY_FOR_HUMAN_REVIEW,17,fbd632de04371122,SUGGESTED_ONLY_NOT_APPROVED,SUPPORTED_SUGGESTION,PENDING_HUMAN_REVIEW,How does the Act define consumer dispute?,"(8) ""consumer dispute"" means a dispute where the person against whom a
     complaint has been made, denies or disputes the allegations contained in the complaint;","How does Section 2(8) define ""consumer dispute""?","A ""consumer dispute"" means a dispute where the person against whom a complaint has been made denies or disputes the allegations in the complaint.",,Section 2(8),CONSISTENT,consumer_protection_act_2019.pdf,3,"SEC. 1]         THE GAZETTE OF INDIA EXTRAORDINARY               3


                          (b) displayed on the goods or any package containing such goods; or

                          (c) displayed on the price list exhibited by him by or under any law
                   for the time being in force; or

                         (d) agreed between the parties;

                    (v) the goods, which are hazardous to life and safety when used, are being
            offered for sale to the public—

                         (a) in contravention of standards relating to safety of such goods
                 as required to be complied with, by or under any law for the time being in
                   force;

                         (b) where the trader knows that the goods so offered are unsafe to
                  the public;

                     (vi) the services which are hazardous or likely to be hazardous to life and
            safety of the public when used, are being offered by a person who provides any
            service and who knows it to be injurious to life and safety;

                    (vii) a claim for product liability action lies against the product
           manufacturer, product seller or product service provider, as the case may be;

             (7) ""consumer"" means any person who—

                       (i) buys any goods for a consideration which has been paid or promised
            or partly paid and partly promised, or under any system of deferred payment
          and includes any user of such goods other than the person who buys such
          goods for consideration paid or promised or partly paid or partly promised, or
           under any system of deferred payment, when such use is made with the approval
           of such person, but does not include a person who obtains such goods for
            resale or for any commercial purpose; or

                        (ii) hires or avails of any service for a consideration which has been paid
            or promised or partly paid and partly promised, or under any system of deferred
          payment and includes any beneficiary of such service other than the person
        who hires or avails of the services for consideration paid or promised, or partly
           paid and partly promised, or under any system of deferred payment, when such
            services are availed of with the approval of the first mentioned person, but does
           not include a person who avails of such service for any commercial purpose.

               Explanation.—For the purposes of this clause,—

                         (a) the expression ""commercial purpose"" does not include use by a
                person of goods bought and used by him exclusively for the purpose of
                 earning his livelihood, by means of self-employment;

                         (b) the expressions ""buys any goods"" and ""hires or avails any
                  services"" includes offline or online transactions through electronic means
                 or by teleshopping or direct selling or multi-level marketing;

            (8) ""consumer dispute"" means a dispute where the person against whom a
     complaint has been made, denies or disputes the allegations contained in the complaint;

             (9) ""consumer rights"" includes,—

                       (i) the right to be protected against the marketing of goods, products or
            services which are hazardous to life and property;

                        (ii) the right to be informed about the quality, quantity, potency, purity,
           standard and price of goods, products or services, as the case may be, so as to
            protect the consumer against unfair trade practices;","SEC. 1]         THE GAZETTE OF INDIA EXTRAORDINARY               3


                          (b) displayed on the goods or any package containing such goods; or

                          (c) displayed on the price list exhibited by him by or under any law
                   for the time being in force; or

                         (d) agreed between the parties;

                    (v) the goods, which are hazardous to life and safety when used, are being
            offered for sale to the public—

                         (a) in contravention of standards relating to safety of such goods
                 as required to be complied with, by or under any law for the time being in
                   force;

                         (b) where the trader knows that the goods so offered are unsafe to
                  the public;

                     (vi) the services which are hazardous or likely to be hazardous to life and
            safety of the public when used, are being offered by a person who provides any
            service and who knows it to be injurious to life and safety;

                    (vii) a claim for product liability action lies against the product
           manufacturer, product seller or product service provider, as the case may be;

             (7) ""consumer"" means any person who—

                       (i) buys any goods for a consideration which has been paid or promised
            or partly paid and partly promised, or under any system of deferred payment
          and includes any user of such goods other than the person who buys such
          goods for consideration paid or promised or partly paid or partly promised, or
           under any system of deferred payment, when such use is made with the approval
           of such person, but does not include a person who obtains such goods for
            resale or for any commercial purpose; or

                        (ii) hires or avails of any service for a consideration which has been paid
            or promised or partly paid and partly promised, or under any system of deferred
          payment and includes any beneficiary of such service other than the person
        who hires or avails of the services for consideration paid or promised, or partly
           paid and partly promised, or under any system of deferred payment, when such
            services are availed of with the approval of the first mentioned person, but does
           not include a person who avails of such service for any commercial purpose.

               Explanation.—For the purposes of this clause,—

                         (a) the expression ""commercial purpose"" does not include use by a
                person of goods bought and used by him exclusively for the purpose of
                 earning his livelihood, by means of self-employment;

                         (b) the expressions ""buys any goods"" and ""hires or avails any
                  services"" includes offline or online transactions through electronic means
                 or by teleshopping or direct selling or multi-level marketing;

            (8) ""consumer dispute"" means a dispute where the person against whom a
     complaint has been made, denies or disputes the allegations contained in the complaint;

             (9) ""consumer rights"" includes,—

                       (i) the right to be protected against the marketing of goods, products or
            services which are hazardous to life and property;

                        (ii) the right to be informed about the quality, quantity, potency, purity,
           standard and price of goods, products or services, as the case may be, so as to
            protect the consumer against unfair trade practices;",Section 2(8) defines consumer dispute as a dispute where the person complained against denies or disputes the allegations; the answer conveys that definition. Citation check: CONSISTENT. Punctuation should be cleaned against the source before use; the underlying definition is supported.,"No punctuation or clause-range normalization made; proposal remains separate and unapproved. Question punctuation normalized from a question-mark artifact to quotation marks, consistent with the PDF definition. Answer punctuation normalized from a question-mark artifact to quotation marks, consistent with the PDF definition.",Punctuation should be cleaned against the source before use; the underlying definition is supported.,NOT_ENTERED,,NOT_ENTERED,NO,NOT_CLAIMED,,definition
READY_FOR_HUMAN_REVIEW,18,42ece46ffcd8dd91,SUGGESTED_ONLY_NOT_APPROVED,SUPPORTED_SUGGESTION,PENDING_HUMAN_REVIEW,"According to the passage, what happens if this Constitution had not come into operation?","if
this Constitution had not come into operation, would have accrued to His Majesty
or, as the case may be, to the Ruler of an Indian State by escheat or lapse, or as
bona vacantia for want of a rightful owner, shall, if it is property situate in a
State, vest in such State, and shall, in any other case, vest","Under Article 296, where does covered property vest if it is situated in a State, and where otherwise?","If the property is situated in a State, it vests in that State; in any other case, it vests in the Union.",Article 296,Article 296,CONSISTENT,constitution_of_india.pdf,199,"296. Property accruing by escheat or lapse or as bona vacantia.—
Subject as hereinafter provided, any property in the territory of India which, if
this Constitution had not come into operation, would have accrued to His Majesty
or, as the case may be, to the Ruler of an Indian State by escheat or lapse, or as
bona vacantia for want of a rightful owner, shall, if it is property situate in a
State, vest in such State, and shall, in any other case, vest in the Union:","168          THE CONSTITUTION OF INDIA

                    (Part XII.—Finance, Property, Contracts and Suits)

             (b) all rights, liabilities and obligations of the Government of the
     Dominion of India and of the Government of each Governor's Province,
      whether arising out of any contract or otherwise, shall be the rights,
        liabilities and obligations respectively of the Government of India and
      the Government of each corresponding State,
subject to any adjustment made or to be made by reason of the creation before
the commencement of this Constitution of the Dominion of Pakistan or of the
Provinces of West Bengal, East Bengal, West Punjab and East Punjab.
      295. Succession to property, assets, rights, liabilities and obligations
in other cases.—(1) As from the commencement of this Constitution—
             (a)  all  property and  assets which immediately  before  such
     commencement were vested in any Indian State corresponding to a State
       specified in Part B of the First Schedule shall vest in the Union, if the
      purposes for which such property and assets were held immediately
      before such commencement will thereafter be purposes of the Union
       relating to any of the matters enumerated in the Union List, and
              (b) all rights, liabilities and obligations of the Government of any
       Indian State corresponding to a State specified in Part B of the First
      Schedule, whether arising out of any contract or otherwise, shall be the
        rights, liabilities and obligations of the Government of India, if the purposes
       for which such rights were acquired or liabilities or obligations were incurred
      before such commencement will thereafter be purposes of the Government
       of India relating to any of the matters enumerated in the Union List,
subject to any agreement entered into in that behalf by the Government of India
with the Government of that State.
       (2) Subject as aforesaid, the Government of each State specified in Part B
of the First Schedule shall, as from the commencement of this Constitution, be the
successor of the Government of the corresponding Indian State as regards all
property and assets and all rights, liabilities and obligations, whether arising out
of any contract or otherwise, other than those referred to in clause (1).
      296. Property accruing by escheat or lapse or as bona vacantia.—
Subject as hereinafter provided, any property in the territory of India which, if
this Constitution had not come into operation, would have accrued to His Majesty
or, as the case may be, to the Ruler of an Indian State by escheat or lapse, or as
bona vacantia for want of a rightful owner, shall, if it is property situate in a
State, vest in such State, and shall, in any other case, vest in the Union:","Article 296 states that the covered property vests in the State if situated in a State and otherwise in the Union. Citation check: CONSISTENT. ""Covered property"" relies on Article 296's opening predicate; keep that context available with the answer.",No punctuation or clause-range normalization made; proposal remains separate and unapproved.,"""Covered property"" relies on Article 296's opening predicate; keep that context available with the answer.",NOT_ENTERED,,NOT_ENTERED,NO,NOT_CLAIMED,,scenario
READY_FOR_HUMAN_REVIEW,19,da206ca0d0dcda4c,SUGGESTED_ONLY_NOT_APPROVED,SUPPORTED_SUGGESTION,PENDING_HUMAN_REVIEW,"What condition or exception is described in the clause beginning “Provided that the Central Authority may, for every…”?","Provided that the Central Authority may, for every subsequent contravention, prohibit
             such endorser from making endorsement in respect of any product or service for a period
             which may extend to three years.","Under the proviso to Section 21(3), what may the Central Authority do for each subsequent contravention by an endorser?",It may prohibit the endorser from making endorsements for any product or service for a period that may extend to three years.,,"Section 21(3), proviso",CONSISTENT,consumer_protection_act_2019.pdf,15,"SEC. 1]         THE GAZETTE OF INDIA EXTRAORDINARY              15


                   Provided that the Central Authority may, for every subsequent contravention, prohibit
             such endorser from making endorsement in respect of any product or service for a period
             which may extend to three years.

                      (4) Where the Central Authority is satisfied after investigation that any person is
             found to publish, or is a party to the publication of, a misleading advertisement, it may
             impose on such person a penalty which may extend to ten lakh rupees.

                      (5) No endorser shall be liable to a penalty under sub-sections (2) and (3) if he has
               exercised due diligence to verify the veracity of the claims made in the advertisement regarding
               the product or service being endorsed by him.

                      (6) No person shall be liable to such penalty if he proves that he had published or
              arranged for the publication of such advertisement in the ordinary course of his business:

                   Provided that no such defence shall be available to such person if he had previous
             knowledge of the order passed by the Central Authority for withdrawal or modification of
             such advertisement.

                      (7) While determining the penalty under this section, regard shall be had to the
               following, namely:—

                            (a) the population and the area impacted or affected by such offence;

                            (b) the frequency and duration of such offence;

                              (c) the vulnerability of the class of persons likely to be adversely affected by
                   such offence; and

                            (d) the gross revenue from the sales effected by virtue of such offence.

                      (8) The Central Authority shall give the person an opportunity of being heard before
             an order under this section is passed.

                    22. (1) For the purpose of conducting an investigation after preliminary inquiry under   Search and
               sub-section (1) of section 19, the Director-General or any other officer authorised by him in   seizure.
                 this behalf, or the District Collector, as the case may be, may, if he has any reason to believe
                that any person has violated any consumer rights or committed unfair trade practice or
              causes any false or misleading advertisement to be made, shall,—

                            (a) enter at any reasonable time into any such premises and search for any
                 document or record or article or any other form of evidence and seize such document,
                     record, article or such evidence;

                            (b) make a note or an inventory of such record or article; or

                              (c) require any person to produce any record, register or other document or
                          article.

2 of 1974.             (2) The provisions of the Code of Criminal Procedure, 1973, relating to search and
               seizure shall apply, as far as may be, for search and seizure under this Act.

                      (3) Every document, record or article seized under clause (a) of sub-section (1) or
             produced under clause (c) of that sub-section shall be returned to the person, from whom
              they were seized or who produced the same, within a period of twenty days of the date of
             such seizure or production, as the case may be, after copies thereof or extracts therefrom
                 certified by that person, in such manner as may be prescribed, have been taken.

                      (4) Where any article seized under sub-section (1) are subject to speedy or natural
               decay, the Director-General or such other officer may dispose of the article in such manner as
           may be prescribed.

                      (5) In the case of articles other than the articles referred to in sub-section (4), provisions
              contained in clause (c) of sub-section (2) of section 38 shall mutatis mutandis apply in
                relation to analysis or tests.","              SEC. 1]         THE GAZETTE OF INDIA EXTRAORDINARY              15


                   Provided that the Central Authority may, for every subsequent contravention, prohibit
             such endorser from making endorsement in respect of any product or service for a period
             which may extend to three years.

                      (4) Where the Central Authority is satisfied after investigation that any person is
             found to publish, or is a party to the publication of, a misleading advertisement, it may
             impose on such person a penalty which may extend to ten lakh rupees.

                      (5) No endorser shall be liable to a penalty under sub-sections (2) and (3) if he has
               exercised due diligence to verify the veracity of the claims made in the advertisement regarding
               the product or service being endorsed by him.

                      (6) No person shall be liable to such penalty if he proves that he had published or
              arranged for the publication of such advertisement in the ordinary course of his business:

                   Provided that no such defence shall be available to such person if he had previous
             knowledge of the order passed by the Central Authority for withdrawal or modification of
             such advertisement.

                      (7) While determining the penalty under this section, regard shall be had to the
               following, namely:—

                            (a) the population and the area impacted or affected by such offence;

                            (b) the frequency and duration of such offence;

                              (c) the vulnerability of the class of persons likely to be adversely affected by
                   such offence; and

                            (d) the gross revenue from the sales effected by virtue of such offence.

                      (8) The Central Authority shall give the person an opportunity of being heard before
             an order under this section is passed.

                    22. (1) For the purpose of conducting an investigation after preliminary inquiry under   Search and
               sub-section (1) of section 19, the Director-General or any other officer authorised by him in   seizure.
                 this behalf, or the District Collector, as the case may be, may, if he has any reason to believe
                that any person has violated any consumer rights or committed unfair trade practice or
              causes any false or misleading advertisement to be made, shall,—

                            (a) enter at any reasonable time into any such premises and search for any
                 document or record or article or any other form of evidence and seize such document,
                     record, article or such evidence;

                            (b) make a note or an inventory of such record or article; or

                              (c) require any person to produce any record, register or other document or
                          article.

2 of 1974.             (2) The provisions of the Code of Criminal Procedure, 1973, relating to search and
               seizure shall apply, as far as may be, for search and seizure under this Act.

                      (3) Every document, record or article seized under clause (a) of sub-section (1) or
             produced under clause (c) of that sub-section shall be returned to the person, from whom
              they were seized or who produced the same, within a period of twenty days of the date of
             such seizure or production, as the case may be, after copies thereof or extracts therefrom
                 certified by that person, in such manner as may be prescribed, have been taken.

                      (4) Where any article seized under sub-section (1) are subject to speedy or natural
               decay, the Director-General or such other officer may dispose of the article in such manner as
           may be prescribed.

                      (5) In the case of articles other than the articles referred to in sub-section (4), provisions
              contained in clause (c) of sub-section (2) of section 38 shall mutatis mutandis apply in
                relation to analysis or tests.","The proviso to Section 21(3) permits the Central Authority, for every subsequent contravention, to prohibit an endorser from endorsing any product/service for up to three years. Citation check: CONSISTENT. The source says ""may""; do not rewrite as an automatic prohibition.",No punctuation or clause-range normalization made; proposal remains separate and unapproved.,"The source says ""may""; do not rewrite as an automatic prohibition.",NOT_ENTERED,,NOT_ENTERED,NO,NOT_CLAIMED,,condition_exception
READY_FOR_HUMAN_REVIEW,20,40ae4bf48b2fdef8,SUGGESTED_ONLY_NOT_APPROVED,SUPPORTED_SUGGESTION,PENDING_HUMAN_REVIEW,"According to the passage, what happens if he ceases to be a member of the House of the People?","if he ceases to be a member of the House of
      the People;
          (b) may at any time, by writing under his hand addressed, if such
     member is the Speaker, to the Deputy Speaker, and if such member is
      the Deputy Speaker, to the Speaker, resign his office;","Under Article 94(a), what happens to a Speaker's or Deputy Speaker's office if the member ceases to be a member of the House of the People?",A member holding office as Speaker or Deputy Speaker shall vacate that office if the member ceases to be a member of the House of the People.,Article 93,Article 94(a),CONSISTENT,constitution_of_india.pdf,73,"93. The Speaker and Deputy Speaker of the House of the People.—
The House of the People shall, as soon as may be, choose two members of the
House to be respectively Speaker and Deputy Speaker thereof and, so often as
the office of Speaker or Deputy Speaker becomes vacant, the House shall
choose another member to be Speaker or Deputy Speaker, as the case may be.
      94. Vacation and resignation of, and removal from, the offices of
Speaker and Deputy Speaker.— A member holding office as Speaker or
Deputy Speaker of the House of the People—
          (a) shall vacate his office if he ceases to be a member of the House of
      the People;
          (b) may at any time, by writing under his hand addressed, if such
     member is the Speaker, to the Deputy Speaker, and if such member is
      the Deputy Speaker, to the Speaker, resign his office; and
           (c) may be removed from his office by a resolution of the House of
      the People passed by a majority of all the then members of the House:
      Provided that no resolution for the purpose of clause (c) shall be moved
unless at least fourteen days’ notice has been given of the intention to move the
resolution:
      Provided further that, whenever the House of the People is dissolved, the
Speaker shall not vacate his office until immediately before the first meeting of
the House of the People after the dissolution.
     95. Power of the Deputy Speaker or other person to perform the
duties of the office of, or to act as, Speaker.—(1) While the office of Speaker
is vacant, the duties of the office shall be performed by the Deputy Speaker or,
if the office of Deputy Speaker is also vacant, by such member of the House of
the People as the President may appoint for the purpose.
        (2) During the absence of the Speaker from any sitting of the House of the
People the Deputy Speaker or, if he is also absent, such person as may be determined
by the rules of procedure of the House, or, if no such person is present, such other
person as may be determined by the House, shall act as Speaker.","42          THE CONSTITUTION OF INDIA

                         (Part V.—The Union)

       (2) The Chairman shall have the right to speak in, and otherwise to take
part in the proceedings of, the Council of States while any resolution for the
removal of the Vice-President from his office is under consideration in the
Council, but, notwithstanding anything in article 100, shall not be entitled to
vote at all on such resolution or on any other matter during such proceedings.
      93. The Speaker and Deputy Speaker of the House of the People.—
The House of the People shall, as soon as may be, choose two members of the
House to be respectively Speaker and Deputy Speaker thereof and, so often as
the office of Speaker or Deputy Speaker becomes vacant, the House shall
choose another member to be Speaker or Deputy Speaker, as the case may be.
      94. Vacation and resignation of, and removal from, the offices of
Speaker and Deputy Speaker.— A member holding office as Speaker or
Deputy Speaker of the House of the People—
          (a) shall vacate his office if he ceases to be a member of the House of
      the People;
          (b) may at any time, by writing under his hand addressed, if such
     member is the Speaker, to the Deputy Speaker, and if such member is
      the Deputy Speaker, to the Speaker, resign his office; and
           (c) may be removed from his office by a resolution of the House of
      the People passed by a majority of all the then members of the House:
      Provided that no resolution for the purpose of clause (c) shall be moved
unless at least fourteen days’ notice has been given of the intention to move the
resolution:
      Provided further that, whenever the House of the People is dissolved, the
Speaker shall not vacate his office until immediately before the first meeting of
the House of the People after the dissolution.
     95. Power of the Deputy Speaker or other person to perform the
duties of the office of, or to act as, Speaker.—(1) While the office of Speaker
is vacant, the duties of the office shall be performed by the Deputy Speaker or,
if the office of Deputy Speaker is also vacant, by such member of the House of
the People as the President may appoint for the purpose.
        (2) During the absence of the Speaker from any sitting of the House of the
People the Deputy Speaker or, if he is also absent, such person as may be determined
by the rules of procedure of the House, or, if no such person is present, such other
person as may be determined by the House, shall act as Speaker.",Article 94(a) says a Speaker/Deputy Speaker holding office shall vacate it if no longer a member of the House of the People. Citation check: CONSISTENT. Punctuation is malformed in the suggestion; verify/clean without changing the legal proposition.,Question quote/apostrophe normalized with source typography.,Punctuation is malformed in the suggestion; verify/clean without changing the legal proposition.,NOT_ENTERED,,NOT_ENTERED,NO,NOT_CLAIMED,,scenario
READY_FOR_HUMAN_REVIEW,21,c7c26340924bbb43,SUGGESTED_ONLY_NOT_APPROVED,SUPPORTED_SUGGESTION,PENDING_HUMAN_REVIEW,What procedure or remedy is described in the clause beginning “] (d) rules as to the entertainment of…”?,"]
             (d) rules as to the entertainment of appeals under sub-clause (c) of
      clause (1) of article 134;",What may rules under Article 145(1)(d) provide for?,Rules may provide for the entertainment of appeals under Article 134(1)(c).,,Article 145(1)(d),CONSISTENT,constitution_of_india.pdf,97,"66          THE CONSTITUTION OF INDIA

                         (Part V.—The Union)

             (b) rules as to the procedure for hearing appeals and other matters
       pertaining to appeals including the time within which appeals to the
      Court are to be entered;
              (c) rules as to the proceedings in the Court for the enforcement of
     any of the rights conferred by Part III;
              1[(cc) rules as to the proceedings in the Court under 2[article
      139A];]
             (d) rules as to the entertainment of appeals under sub-clause (c) of
      clause (1) of article 134;
              (e) rules as to the conditions subject to which any judgment
      pronounced or order made by the Court may be reviewed and the
      procedure for such review including the time within which applications
       to the Court for such review are to be entered;
                 (f) rules as to the costs of and incidental to any proceedings in the
      Court and as to the fees to be charged in respect of proceedings therein;
             (g) rules as to the granting of bail;
             (h) rules as to stay of proceedings;
                 (i) rules providing for the summary determination of any appeal
     which appears to the Court to be frivolous or vexatious or brought for
      the purpose of delay;
                (j) rules as  to the procedure for inquiries referred to in
      clause (1) of article 317.
       (2) Subject to the 3[provisions of 4*** clause (3)], rules made under this
article may fix the minimum number of Judges who are to sit for any purpose,
and may provide for the powers of single Judges and Division Courts.
       (3) 5[4***The minimum number] of Judges who are to sit for the purpose
of deciding any case involving a  substantial  question of law as  to the
interpretation of this Constitution or for the purpose of hearing any reference
under article 143 shall be five:
______________________________________________
1. Ins. by the Constitution (Forty-second Amendment) Act, 1976, s. 26 (w.e.f. 1-2-1977).
2. Subs. by the Constitution (Forty-third Amendment) Act, 1977, s. 6, for ""articles 131A
  and 139A"" (w.e.f. 13-4-1978).
3. Subs. by the Constitution (Forty-second Amendment) Act, 1976, s. 26, for ""provisions
  of clause (3)"" (w.e.f. 1-2-1977).
4. Certain words omitted by the  Constitution (Forty-third Amendment) Act, 1977, s. 6
   (w.e.f. 13-4-1978).
5. Subs. by the  Constitution (Forty-second Amendment) Act, 1976, s. 26, for ""The
  minimum number"" (w.e.f. 1-2-1977).","66          THE CONSTITUTION OF INDIA

                         (Part V.—The Union)

             (b) rules as to the procedure for hearing appeals and other matters
       pertaining to appeals including the time within which appeals to the
      Court are to be entered;
              (c) rules as to the proceedings in the Court for the enforcement of
     any of the rights conferred by Part III;
              1[(cc) rules as to the proceedings in the Court under 2[article
      139A];]
             (d) rules as to the entertainment of appeals under sub-clause (c) of
      clause (1) of article 134;
              (e) rules as to the conditions subject to which any judgment
      pronounced or order made by the Court may be reviewed and the
      procedure for such review including the time within which applications
       to the Court for such review are to be entered;
                 (f) rules as to the costs of and incidental to any proceedings in the
      Court and as to the fees to be charged in respect of proceedings therein;
             (g) rules as to the granting of bail;
             (h) rules as to stay of proceedings;
                 (i) rules providing for the summary determination of any appeal
     which appears to the Court to be frivolous or vexatious or brought for
      the purpose of delay;
                (j) rules as  to the procedure for inquiries referred to in
      clause (1) of article 317.
       (2) Subject to the 3[provisions of 4*** clause (3)], rules made under this
article may fix the minimum number of Judges who are to sit for any purpose,
and may provide for the powers of single Judges and Division Courts.
       (3) 5[4***The minimum number] of Judges who are to sit for the purpose
of deciding any case involving a  substantial  question of law as  to the
interpretation of this Constitution or for the purpose of hearing any reference
under article 143 shall be five:
______________________________________________
1. Ins. by the Constitution (Forty-second Amendment) Act, 1976, s. 26 (w.e.f. 1-2-1977).
2. Subs. by the Constitution (Forty-third Amendment) Act, 1977, s. 6, for ""articles 131A
  and 139A"" (w.e.f. 13-4-1978).
3. Subs. by the Constitution (Forty-second Amendment) Act, 1976, s. 26, for ""provisions
  of clause (3)"" (w.e.f. 1-2-1977).
4. Certain words omitted by the  Constitution (Forty-third Amendment) Act, 1977, s. 6
   (w.e.f. 13-4-1978).
5. Subs. by the  Constitution (Forty-second Amendment) Act, 1976, s. 26, for ""The
  minimum number"" (w.e.f. 1-2-1977).",Article 145(1)(d) allows rules on entertainment of appeals under Article 134(1)(c). Citation check: CONSISTENT. The source expresses the appeal reference as sub-clause (c) of clause (1) of Article 134.,No punctuation or clause-range normalization made; proposal remains separate and unapproved.,The source expresses the appeal reference as sub-clause (c) of clause (1) of Article 134.,NOT_ENTERED,,NOT_ENTERED,NO,NOT_CLAIMED,,procedure_remedy
NEEDS_FURTHER_REVIEW,22,004dd69be0a72aeb,SUGGESTED_ONLY_NOT_APPROVED,PARTIALLY_SUPPORTED,PENDING_HUMAN_REVIEW,"What right, duty, or requirement is described in the clause beginning “and (b)(i) in the case where such person…”?","and
               (b)(i) in the case where such person has so migrated before the
      nineteenth day of July, 1948, he has been ordinarily resident in the
       territory of India since the date of his migration, or
                 (ii) in the case where such person has so migrated on or after the
      nineteenth day of July, 1948, he has been registered as a citizen of India
     by an  officer appointed  in  that behalf by the Government  of  the
     Dominion of India on an application made by him therefor to such
       officer before the commencement of this Constitution in the form and
     manner prescribed by that Government:
      Provided that no person shall be so registered unless he has been resident
in the territory of India for at least six months immediately preceding the date
of his application.","Under Article 6, what residence or registration condition applies based on whether a person migrated before or on/after 19 July 1948?",A person who migrated before 19 July 1948 had to have been ordinarily resident in India since migrating. A person who migrated on or after that date had to be registered before the Constitution commenced; registration required residence in India for at least six months immediately before applying.,Article 5,"Article 6(b)(i), (ii), and proviso",SOURCE_TEXT_RANGE_CONFIRMED_FORMAT_NORMALIZED,constitution_of_india.pdf,35,"5. Citizenship at the commencement of the Constitution.—At the
commencement of this Constitution, every person who has his domicile in the
territory of India and—
             (a) who was born in the territory of India; or
             (b) either of whose parents was born in the territory of India; or
              (c) who has been ordinarily resident in the territory of India for
      not less than five years immediately preceding such commencement,
shall be a citizen of India.
       6. Rights of citizenship of certain persons who have migrated to
India from Pakistan.—Notwithstanding anything in article 5, a person who
has migrated to the territory of India from the territory now included in
Pakistan shall be deemed to be a citizen of India at the commencement of this
Constitution if—
             (a) he or either of his parents or any of his grand-parents was born
       in India as defined in the Government of India Act, 1935 (as originally
       enacted); and
               (b)(i) in the case where such person has so migrated before the
      nineteenth day of July, 1948, he has been ordinarily resident in the
       territory of India since the date of his migration, or
                 (ii) in the case where such person has so migrated on or after the
      nineteenth day of July, 1948, he has been registered as a citizen of India
     by an  officer appointed  in  that behalf by the Government  of  the
     Dominion of India on an application made by him therefor to such
       officer before the commencement of this Constitution in the form and
     manner prescribed by that Government:
      Provided that no person shall be so registered unless he has been resident
in the territory of India for at least six months immediately preceding the date
of his application.","                   PART II
                        CITIZENSHIP
        5. Citizenship at the commencement of the Constitution.—At the
commencement of this Constitution, every person who has his domicile in the
territory of India and—
             (a) who was born in the territory of India; or
             (b) either of whose parents was born in the territory of India; or
              (c) who has been ordinarily resident in the territory of India for
      not less than five years immediately preceding such commencement,
shall be a citizen of India.
       6. Rights of citizenship of certain persons who have migrated to
India from Pakistan.—Notwithstanding anything in article 5, a person who
has migrated to the territory of India from the territory now included in
Pakistan shall be deemed to be a citizen of India at the commencement of this
Constitution if—
             (a) he or either of his parents or any of his grand-parents was born
       in India as defined in the Government of India Act, 1935 (as originally
       enacted); and
               (b)(i) in the case where such person has so migrated before the
      nineteenth day of July, 1948, he has been ordinarily resident in the
       territory of India since the date of his migration, or
                 (ii) in the case where such person has so migrated on or after the
      nineteenth day of July, 1948, he has been registered as a citizen of India
     by an  officer appointed  in  that behalf by the Government  of  the
     Dominion of India on an application made by him therefor to such
       officer before the commencement of this Constitution in the form and
     manner prescribed by that Government:
      Provided that no person shall be so registered unless he has been resident
in the territory of India for at least six months immediately preceding the date
of his application.
        7.  Rights  of  citizenship  of  certain  migrants  to  Pakistan.—
Notwithstanding anything in articles 5 and 6, a person who has after the first
day of March, 1947, migrated from the territory of India to the territory now
included in Pakistan shall not be deemed to be a citizen of India:

                               4","Article 6(b)(i), (ii), and the proviso on the cited PDF page support the two migration-date conditions and six-month residence condition. The suggested answer contains a malformed ""six months? residence"" phrase, and the reference range uses an unclear question-mark separator. Citation check: PARTIALLY_CONSISTENT_FORMATTING. The source is the supplied Constitution text; no current-law or historical applicability check was performed.",Normalized Article 6 clause-range punctuation and repaired malformed six-month phrase from the cited clauses/proviso; remains further review.,Partially supported: verify normalized reference and both migration conditions/proviso against the original.,NOT_ENTERED,,NOT_ENTERED,NO,NOT_CLAIMED,,rights_duties
NEEDS_FURTHER_REVIEW,23,edb58504d9963e5a,SUGGESTED_ONLY_NOT_APPROVED,PARTIALLY_SUPPORTED,PENDING_HUMAN_REVIEW,How does Section 2(5) define complainant?,"(5) ""complainant"" means—

                                          (i) a consumer;","How does Section 2(5) define ""complainant""?","""Complainant"" means: (i) a consumer; (ii) a registered voluntary consumer association; (iii) the Central or a State Government; (iv) the Central Authority; (v) one or more consumers with the same interest where there are numerous consumers; (vi) on a consumer's death, the legal heir or legal representative; or (vii) if a consumer is a minor, the parent or legal guardian.",Section 2(5),Section 2(5),CONSISTENT,consumer_protection_act_2019.pdf,2,"2. In this Act, unless the context otherwise requires,—

                           (1) ""advertisement"" means any audio or visual publicity, representation,
                  endorsement or pronouncement made by means of light, sound, smoke, gas, print,
                     electronic media, internet or website and includes any notice, circular, label, wrapper,
                    invoice or such other documents;

                            (2) ""appropriate laboratory"" means a laboratory or an organisation—

                                          (i) recognised by the Central Government; or

                                           (ii) recognised by a State Government, subject to such guidelines as may
                       be issued by the Central Government in this behalf; or

                                            (iii) established by or under any law for the time being in force, which is
                          maintained, financed or aided by the Central Government or a State Government
                            for carrying out analysis or test of any goods with a view to determining whether
                        such goods suffer from any defect;

                            (3) ""branch office"" means—

                                           (i) any office or place of work described as a branch by the establishment; or

                                           (ii) any establishment carrying on either the same or substantially the
                     same activity carried on by the head office of the establishment;

                           (4) ""Central Authority"" means the Central Consumer Protection Authority
                     established under section 10;

                            (5) ""complainant"" means—

                                          (i) a consumer; or

                                           (ii) any voluntary consumer association registered under any law for the
                        time being in force; or

                                            (iii) the Central Government or any State Government; or

                                      (iv) the Central Authority; or

                                    (v) one or more consumers, where there are numerous consumers having
                           the same interest; or

                                      (vi) in case of death of a consumer, his legal heir or legal representative; or

                                        (vii) in case of a consumer being a minor, his parent or legal guardian;

                            (6) ""complaint"" means any allegation in writing, made by a complainant for
                    obtaining any relief provided by or under this Act, that—

                                          (i) an unfair contract or unfair trade practice or a restrictive trade practice
                        has been adopted by any trader or service provider;

                                           (ii) the goods bought by him or agreed to be bought by him suffer from
                      one or more defects;

                                            (iii) the services hired or availed of or agreed to be hired or availed of by
                     him suffer from any deficiency;

                                      (iv) a trader or a service provider, as the case may be, has charged for the
                       goods or for the services mentioned in the complaint, a price in excess of the
                      price—

                                         (a) fixed by or under any law for the time being in force; or","            2            THE GAZETTE OF INDIA EXTRAORDINARY         [PART II—


Definitions.           2. In this Act, unless the context otherwise requires,—

                           (1) ""advertisement"" means any audio or visual publicity, representation,
                  endorsement or pronouncement made by means of light, sound, smoke, gas, print,
                     electronic media, internet or website and includes any notice, circular, label, wrapper,
                    invoice or such other documents;

                            (2) ""appropriate laboratory"" means a laboratory or an organisation—

                                          (i) recognised by the Central Government; or

                                           (ii) recognised by a State Government, subject to such guidelines as may
                       be issued by the Central Government in this behalf; or

                                            (iii) established by or under any law for the time being in force, which is
                          maintained, financed or aided by the Central Government or a State Government
                            for carrying out analysis or test of any goods with a view to determining whether
                        such goods suffer from any defect;

                            (3) ""branch office"" means—

                                           (i) any office or place of work described as a branch by the establishment; or

                                           (ii) any establishment carrying on either the same or substantially the
                     same activity carried on by the head office of the establishment;

                           (4) ""Central Authority"" means the Central Consumer Protection Authority
                     established under section 10;

                            (5) ""complainant"" means—

                                          (i) a consumer; or

                                           (ii) any voluntary consumer association registered under any law for the
                        time being in force; or

                                            (iii) the Central Government or any State Government; or

                                      (iv) the Central Authority; or

                                    (v) one or more consumers, where there are numerous consumers having
                           the same interest; or

                                      (vi) in case of death of a consumer, his legal heir or legal representative; or

                                        (vii) in case of a consumer being a minor, his parent or legal guardian;

                            (6) ""complaint"" means any allegation in writing, made by a complainant for
                    obtaining any relief provided by or under this Act, that—

                                          (i) an unfair contract or unfair trade practice or a restrictive trade practice
                        has been adopted by any trader or service provider;

                                           (ii) the goods bought by him or agreed to be bought by him suffer from
                      one or more defects;

                                            (iii) the services hired or availed of or agreed to be hired or availed of by
                     him suffer from any deficiency;

                                      (iv) a trader or a service provider, as the case may be, has charged for the
                       goods or for the services mentioned in the complaint, a price in excess of the
                      price—

                                         (a) fixed by or under any law for the time being in force; or","Section 2(5) supports the listed classes of complainant, but the suggestion shortens item (ii) and item (v): the source includes registration under law and representation on behalf of/for the benefit of all interested consumers. Citation check: CONSISTENT. Restore the omitted qualifiers from the PDF and inspect the original page layout before any review decision.","Question quote/apostrophe normalized with source typography. Answer quote/apostrophe normalized with source typography. Answer punctuation normalized from a question-mark artifact to quotation marks, consistent with the PDF definition.",Incomplete definition: omitted qualifiers must be checked against the complete definition.,NOT_ENTERED,,NOT_ENTERED,NO,NOT_CLAIMED,,definition
NEEDS_FURTHER_REVIEW,24,81ddc6564ee9b1bd,SUGGESTED_ONLY_NOT_APPROVED,SUPPORTED_SUGGESTION,PENDING_HUMAN_REVIEW,What comparison does the passage explicitly make?,"(2) Nothing in clause (1) shall bar the appointment of members of the
Anglo-Indian community to posts other than, or in addition to, those reserved
for the community under that clause if such members are found qualified for
appointment on merit as compared with the members of other communities.","Under Article 336(2), what qualification permits appointment to posts beyond those reserved for the Anglo-Indian community?",The clause says such appointment is not barred if the member is found qualified on merit as compared with members of other communities.,,Article 336(2),CONSISTENT,constitution_of_india.pdf,225,"194          THE CONSTITUTION OF INDIA

               (Part XVI.—Special Provisions Relating to Certain Classes)

      1[Provided that nothing in  this  article shall prevent in making of any
provision in favour of the members of the Scheduled Castes and the Scheduled
Tribes for relaxation in qualifying marks in any examination or lowering the
standards of evaluation, for reservation in matters or promotion to any class or
classes of services or posts in connection with the affairs of the Union or of a State.]
      336.  Special  provision  for  Anglo-Indian community  in  certain
services.—(1) During the  first two years  after the commencement of  this
Constitution, appointments of members of the Anglo-Indian community to posts
in the railway, customs, postal and telegraph services of the Union shall be made
on the same basis as immediately before the fifteenth day of August, 1947.
      During every succeeding period of two years, the number of posts
reserved for the members of the said community in the said services shall, as
nearly as possible, be less by ten per cent. than the numbers so reserved during
the immediately preceding period of two years:
      Provided that at the end of ten years from the commencement of this
Constitution all such reservations shall cease.
       (2) Nothing in clause (1) shall bar the appointment of members of the
Anglo-Indian community to posts other than, or in addition to, those reserved
for the community under that clause if such members are found qualified for
appointment on merit as compared with the members of other communities.
      337. Special provision with respect to educational grants for the
benefit of Anglo-Indian community.—During the first three financial years
after the commencement of this Constitution, the same grants, if any, shall be
made by the Union and by each State 2*** for the benefit of the Anglo-Indian
community in respect of education as were made in the financial year ending
on the thirty-first day of March, 1948.
      During every succeeding period of three years the grants may be less by
ten per cent. than those for the immediately preceding period of three years:
      Provided that at the end of ten years from the commencement of this
Constitution such grants, to the extent to which they are a special concession to
the Anglo-Indian community, shall cease:
      Provided  further  that no educational  institution  shall be  entitled  to
receive any grant under this article unless at least forty per cent. of the annual
admissions therein are made available to members of communities other than
the Anglo-Indian community.

______________________________________________
1. Ins. by the Constitution (Eighty-second Amendment) Act, 2000, s. 2 (w.e.f. 8-9-2000).
2. The words and letters ""specified in Part A or Part B of the First Schedule"" omitted by
  the Constitution (Seventh Amendment) Act, 1956, s. 29 and Sch. (w.e.f. 1-11-1956).","194          THE CONSTITUTION OF INDIA

               (Part XVI.—Special Provisions Relating to Certain Classes)

      1[Provided that nothing in  this  article shall prevent in making of any
provision in favour of the members of the Scheduled Castes and the Scheduled
Tribes for relaxation in qualifying marks in any examination or lowering the
standards of evaluation, for reservation in matters or promotion to any class or
classes of services or posts in connection with the affairs of the Union or of a State.]
      336.  Special  provision  for  Anglo-Indian community  in  certain
services.—(1) During the  first two years  after the commencement of  this
Constitution, appointments of members of the Anglo-Indian community to posts
in the railway, customs, postal and telegraph services of the Union shall be made
on the same basis as immediately before the fifteenth day of August, 1947.
      During every succeeding period of two years, the number of posts
reserved for the members of the said community in the said services shall, as
nearly as possible, be less by ten per cent. than the numbers so reserved during
the immediately preceding period of two years:
      Provided that at the end of ten years from the commencement of this
Constitution all such reservations shall cease.
       (2) Nothing in clause (1) shall bar the appointment of members of the
Anglo-Indian community to posts other than, or in addition to, those reserved
for the community under that clause if such members are found qualified for
appointment on merit as compared with the members of other communities.
      337. Special provision with respect to educational grants for the
benefit of Anglo-Indian community.—During the first three financial years
after the commencement of this Constitution, the same grants, if any, shall be
made by the Union and by each State 2*** for the benefit of the Anglo-Indian
community in respect of education as were made in the financial year ending
on the thirty-first day of March, 1948.
      During every succeeding period of three years the grants may be less by
ten per cent. than those for the immediately preceding period of three years:
      Provided that at the end of ten years from the commencement of this
Constitution such grants, to the extent to which they are a special concession to
the Anglo-Indian community, shall cease:
      Provided  further  that no educational  institution  shall be  entitled  to
receive any grant under this article unless at least forty per cent. of the annual
admissions therein are made available to members of communities other than
the Anglo-Indian community.

______________________________________________
1. Ins. by the Constitution (Eighty-second Amendment) Act, 2000, s. 2 (w.e.f. 8-9-2000).
2. The words and letters ""specified in Part A or Part B of the First Schedule"" omitted by
  the Constitution (Seventh Amendment) Act, 1956, s. 29 and Sch. (w.e.f. 1-11-1956).",Article 336(2) expressly says appointment to other or additional posts is not barred if the member is qualified on merit compared with members of other communities. Citation check: CONSISTENT. Textual support only; the provision?s present-day applicability and duplicate suitability were not established.,No punctuation or clause-range normalization made; proposal remains separate and unapproved.,Possible repeated-answer/duplicate group needs distinctness assessment.,NOT_ENTERED,,NOT_ENTERED,NO,NOT_CLAIMED,REPEATED_EXACT_ANSWER;REPEATED_ANSWER_TEMPLATE,comparison
NEEDS_FURTHER_REVIEW,25,0dd8417bbfe6d7bc,SUGGESTED_ONLY_NOT_APPROVED,SUPPORTED_SUGGESTION,PENDING_HUMAN_REVIEW,What condition or exception is described in the clause beginning “Provided that such readjustment shall not affect representation…”?,"Provided that such readjustment shall not affect representation in the
House of the People until the dissolution of the then existing House:
      5[Provided further that such readjustment shall take effect from such date
as the President may, by order, specify and until such readjustment takes effect,
any  election  to  the House may be held on  the  basis  of  the  territorial
constituencies existing before such readjustment:
      Provided also that until the relevant figures for the first census taken
after the year 6[2026] have been published,  it  shall not be necessary to
7[readjust,—

______________________________________________
1.","Under the first proviso to Article 82, until when does the readjustment leave representation in the House of the People unaffected?",The readjustment shall not affect representation in the House of the People until the dissolution of the then existing House.,Article 82,"Article 82, first proviso",CONSISTENT,constitution_of_india.pdf,69,"82. Readjustment after each census.—Upon the completion of each
census, the allocation of seats in the House of the People to the States and the
division of each State into territorial constituencies shall be readjusted by such
authority and in such manner as Parliament may by law determine:
      Provided that such readjustment shall not affect representation in the
House of the People until the dissolution of the then existing House:
      5[Provided further that such readjustment shall take effect from such date
as the President may, by order, specify and until such readjustment takes effect,
any  election  to  the House may be held on  the  basis  of  the  territorial
constituencies existing before such readjustment:
      Provided also that until the relevant figures for the first census taken
after the year 6[2026] have been published,  it  shall not be necessary to
7[readjust,—

______________________________________________
1. Added by the Constitution (Forty-second Amendment) Act, 1976, s. 15 (w.e.f. 3-1-1977).
2. Subs. by the Constitution (Eighty-fourth Amendment) Act, 2001, s. 3, for ""2000""
   (w.e.f. 21-2-2002).
3. Subs. by s.3, ibid, for certain words (w.e.f. 21-2-2002).
4. Subs. by the Constitution (Eighty-seventh Amendment) Act, 2003, s. 2, for ""1991""
   (w.e.f. 22-6-2003).
5. Ins. by the Constitution (Forty-second Amendment) Act, 1976, s. 16 (w.e.f. 3-1-1977).
6. Subs. by the Constitution (Eighty-fourth Amendment) Act, 2001, s. 4, for ""2000""
   (w.e.f. 21-2-2002).
7. Subs. by s.4, ibid., for certain words (w.e.f. 21-2-2002).","38          THE CONSTITUTION OF INDIA

                         (Part V.—The Union)

       (3) In this article, the expression “population” means the population as
ascertained at the last preceding census of which the relevant figures have been
published:
      1[Provided that the reference in this clause to the last preceding census of
which the relevant figures have been published shall, until the relevant figures for
the  first  census  taken  after  the  year  2[2026] have been  published,  3[be
construed,—
             (i) for the purposes of sub-clause (a) of clause (2) and the proviso to
       that clause, as a reference to the 1971 census; and
             (ii) for the purposes of sub-clause (b) of clause (2) as a reference to
      the 4[2001] census.]]
       82. Readjustment after each census.—Upon the completion of each
census, the allocation of seats in the House of the People to the States and the
division of each State into territorial constituencies shall be readjusted by such
authority and in such manner as Parliament may by law determine:
      Provided that such readjustment shall not affect representation in the
House of the People until the dissolution of the then existing House:
      5[Provided further that such readjustment shall take effect from such date
as the President may, by order, specify and until such readjustment takes effect,
any  election  to  the House may be held on  the  basis  of  the  territorial
constituencies existing before such readjustment:
      Provided also that until the relevant figures for the first census taken
after the year 6[2026] have been published,  it  shall not be necessary to
7[readjust,—

______________________________________________
1. Added by the Constitution (Forty-second Amendment) Act, 1976, s. 15 (w.e.f. 3-1-1977).
2. Subs. by the Constitution (Eighty-fourth Amendment) Act, 2001, s. 3, for ""2000""
   (w.e.f. 21-2-2002).
3. Subs. by s.3, ibid, for certain words (w.e.f. 21-2-2002).
4. Subs. by the Constitution (Eighty-seventh Amendment) Act, 2003, s. 2, for ""1991""
   (w.e.f. 22-6-2003).
5. Ins. by the Constitution (Forty-second Amendment) Act, 1976, s. 16 (w.e.f. 3-1-1977).
6. Subs. by the Constitution (Eighty-fourth Amendment) Act, 2001, s. 4, for ""2000""
   (w.e.f. 21-2-2002).
7. Subs. by s.4, ibid., for certain words (w.e.f. 21-2-2002).",The first proviso to Article 82 states that readjustment shall not affect House of the People representation until dissolution of the then existing House. Citation check: CONSISTENT. The source text alone does not establish current legal status.,No punctuation or clause-range normalization made; proposal remains separate and unapproved.,Following proviso was truncated in original evidence; inspect complete paragraph and context.,NOT_ENTERED,,NOT_ENTERED,NO,NOT_CLAIMED,,condition_exception
NEEDS_FURTHER_REVIEW,26,f8d48d6abe1c9354,SUGGESTED_ONLY_NOT_APPROVED,PARTIALLY_SUPPORTED,PENDING_HUMAN_REVIEW,What does Article 204 state about Appropriation Bills?,"(1) As soon as may be after the grants under
article 203 have been made by the Assembly, there shall be introduced a Bill to
provide for the appropriation out of the Consolidated Fund of the State of all
moneys required to meet—
          (a) the grants so made by the Assembly; and
          (b) the expenditure charged on the Consolidated Fund of the State but
      not exceeding in any case the amount shown in the statement previously
       laid before the House or Houses.",What does Article 204(1) require an Appropriation Bill to provide for?,"After grants under Article 203 are made by the Assembly, a Bill shall be introduced to appropriate from the State Consolidated Fund the money required to meet those grants and charged expenditure, not exceeding the amount shown in the statement previously laid before the House or Houses.",Article 204,Article 204(1),CONSISTENT,constitution_of_india.pdf,124,"204. Appropriation Bills.—(1) As soon as may be after the grants under
article 203 have been made by the Assembly, there shall be introduced a Bill to
provide for the appropriation out of the Consolidated Fund of the State of all
moneys required to meet—
          (a) the grants so made by the Assembly; and
          (b) the expenditure charged on the Consolidated Fund of the State but
      not exceeding in any case the amount shown in the statement previously
       laid before the House or Houses.
       (2) No amendment shall be proposed to any such Bill in the House or
either House of the Legislature of the State which will have the effect of
varying the amount or altering the destination of any grant so made or of
varying the amount of any expenditure charged on the Consolidated Fund of
the State, and the decision of the person presiding as to whether an amendment
is inadmissible under this clause shall be final.
       (3) Subject to the provisions of articles 205 and 206, no money shall be
withdrawn from the Consolidated Fund of the State except under appropriation
made by law passed in accordance with the provisions of this article.","93          THE CONSTITUTION OF INDIA

                             (Part VI.—The States)

but nothing in this clause shall be construed as preventing the discussion in the
Legislature of any of those estimates.
       (2) So much of the said estimates as relates to other expenditure shall be
submitted in the form of demands for grants to the Legislative Assembly, and
the Legislative Assembly shall have power to assent, or to refuse to  assent, to
any demand, or to assent to any demand subject to a reduction of the amount
specified therein.
       (3) No demand for a grant shall be made except on the recommendation
of the Governor.
      204. Appropriation Bills.—(1) As soon as may be after the grants under
article 203 have been made by the Assembly, there shall be introduced a Bill to
provide for the appropriation out of the Consolidated Fund of the State of all
moneys required to meet—
          (a) the grants so made by the Assembly; and
          (b) the expenditure charged on the Consolidated Fund of the State but
      not exceeding in any case the amount shown in the statement previously
       laid before the House or Houses.
       (2) No amendment shall be proposed to any such Bill in the House or
either House of the Legislature of the State which will have the effect of
varying the amount or altering the destination of any grant so made or of
varying the amount of any expenditure charged on the Consolidated Fund of
the State, and the decision of the person presiding as to whether an amendment
is inadmissible under this clause shall be final.
       (3) Subject to the provisions of articles 205 and 206, no money shall be
withdrawn from the Consolidated Fund of the State except under appropriation
made by law passed in accordance with the provisions of this article.
      205. Supplementary, additional or excess grants.—(1) The Governor
shall—
          (a) if the amount authorised by any law made in accordance with the
      provisions of article 204 to be expended for a particular service for the
       current financial year is found to be insufficient for the purposes of that
      year or when a need has arisen during the current financial year for
      supplementary or additional expenditure upon some new service not
      contemplated in the annual financial statement for that year; or","Article 204(1) supports the appropriation bill and the listed grants/charged expenditure. The suggested answer's ""not exceeding"" phrasing can read as applying to the entire appropriation, while the source attaches that limit specifically to clause (b), the charged expenditure. Citation check: CONSISTENT. Human review should preserve the (a)/(b) separation and the limited scope of the cap.",No punctuation or clause-range normalization made; proposal remains separate and unapproved.,Possible overbroad appropriation cap; preserve separate scope of clauses (a) and (b).,NOT_ENTERED,,NOT_ENTERED,NO,NOT_CLAIMED,,direct_factual
NEEDS_FURTHER_REVIEW,27,f60b551073179690,SUGGESTED_ONLY_NOT_APPROVED,SUPPORTED_SUGGESTION,PENDING_HUMAN_REVIEW,What condition or exception is described in the clause beginning “if he has voluntarily given up his membership…”?,"if he has voluntarily given up his membership of such political
       party;","Under paragraph 2(1)(a) of the Tenth Schedule, what conduct is listed as a ground for disqualification?",A member of a House belonging to a political party shall be disqualified for being a member of the House if the member has voluntarily given up membership of that political party.,Article 2,"Tenth Schedule, paragraph 2(1)(a)",CONSISTENT,constitution_of_india.pdf,376,"2.  Disqualification on ground  of  defection.—(1)  Subject  to  the
provisions of 3[paragraphs 4 and 5], a member of a House belonging to any
political party shall be disqualified for being a member of the House—
             (a) if he has voluntarily given up his membership of such political
       party; or
             (b) if he votes or abstains from voting in such House contrary to
     any direction issued by the political party to which he belongs or by any
      person or authority authorised by it in this behalf, without obtaining, in
       either  case, the  prior permission of such  political  party, person or
       authority and such voting or abstention has not been condoned by such
       political party, person or authority within fifteen days from the date of
      such voting or abstention.
      Explanation.—For the purposes of this sub-paragraph,—
             (a) an elected member of a House shall be deemed to belong to
      the political party, if any, by which he was set up as a candidate for
       election as such member;
             (b) a nominated member of a House shall,—

______________________________________________
1. Tenth Schedule added by the Constitution (Fifty-second Amendment) Act, 1985,  s. 6
   (w.e.f. 1-3-1985).
2. Certain words omitted by the Constitution (Ninety-first Amendment) Act, 2003, s. 5
   (w.e.f. 1-1-2004).
3. Subs. by s. 5, ibid., for ""paragraphs 3, 4 and 5"" (w.e.f. 1-1-2004).

                              345","                  1[TENTH SCHEDULE
                          [Articles 102(2) and 191(2)]
             Provisions as to disqualification on ground of defection
       1. Interpretation.—In this Schedule, unless the context otherwise requires,—
              (a) ""House"" means either House of Parliament or the Legislative
      Assembly or, as the case may be, either House of the Legislature of a State;
             (b)  ""legislature  party"",  in  relation to a member of a House
      belonging to any political party in accordance with the provisions of
      paragraph 2 or 2*** paragraph 4, means the group consisting of all the
     members of that House for the time being belonging to that political
      party in accordance with the said provisions;
              (c) ""original political party"", in relation to a member of a House,
     means the political party to which he belongs for the purposes of sub-
      paragraph (1) of paragraph 2;
             (d) ""paragraph"" means a paragraph of this Schedule.
       2.  Disqualification on ground  of  defection.—(1)  Subject  to  the
provisions of 3[paragraphs 4 and 5], a member of a House belonging to any
political party shall be disqualified for being a member of the House—
             (a) if he has voluntarily given up his membership of such political
       party; or
             (b) if he votes or abstains from voting in such House contrary to
     any direction issued by the political party to which he belongs or by any
      person or authority authorised by it in this behalf, without obtaining, in
       either  case, the  prior permission of such  political  party, person or
       authority and such voting or abstention has not been condoned by such
       political party, person or authority within fifteen days from the date of
      such voting or abstention.
      Explanation.—For the purposes of this sub-paragraph,—
             (a) an elected member of a House shall be deemed to belong to
      the political party, if any, by which he was set up as a candidate for
       election as such member;
             (b) a nominated member of a House shall,—

______________________________________________
1. Tenth Schedule added by the Constitution (Fifty-second Amendment) Act, 1985,  s. 6
   (w.e.f. 1-3-1985).
2. Certain words omitted by the Constitution (Ninety-first Amendment) Act, 2003, s. 5
   (w.e.f. 1-1-2004).
3. Subs. by s. 5, ibid., for ""paragraphs 3, 4 and 5"" (w.e.f. 1-1-2004).

                              345","Tenth Schedule paragraph 2(1)(a) lists voluntarily giving up membership of the political party as a disqualification ground. Citation check: CONSISTENT. The Schedule's surrounding qualifications, including its opening words, should be checked in any final answer.",No punctuation or clause-range normalization made; proposal remains separate and unapproved.,Answer omits opening subject-to qualification; inspect surrounding Schedule qualifications.,NOT_ENTERED,,NOT_ENTERED,NO,NOT_CLAIMED,,condition_exception
NEEDS_FURTHER_REVIEW,28,d9dfd76da2fe00b5,SUGGESTED_ONLY_NOT_APPROVED,PARTIALLY_SUPPORTED,PENDING_HUMAN_REVIEW,"According to the passage, what happens if there is a majority?","if there is a majority, but if the members are
equally divided, they shall state the point or points on which they differ, and make a reference
to the President who shall either hear the point or points himself or refer the case for hearing
on such point or points by one or more of t","Under Section 47(3), how are differences of opinion among State Commission Bench members resolved?","The points are decided by the majority if there is one. If members are equally divided, they state the points of difference and refer them to the President, who hears them or refers them to one or more other members; the point is then decided by the majority of members who heard the case, including those who first heard it.",,Section 47(3),CONSISTENT,consumer_protection_act_2019.pdf,23,"SEC. 1]         THE GAZETTE OF INDIA EXTRAORDINARY              23


      43. The Central Government may, by notification, make rules to provide for the   Qualifications,
qualification for appointment, method of recruitment, procedure of appointment, term of   etc., of
                                                                                                          President and
office, resignation and removal of the President and members of the State Commission.      members of
                                                                                                           State
                                                                                          Commission.
      44. The State Government may, by notification, make rules to provide for salaries and   Salaries,
allowances and other terms and conditions of service of the President and members of the  allowances and
State Commission.                                                                                   other terms
                                                                                             and conditions
                                                                                                            of service of
                                                                                                          President and
                                                                                     members of
                                                                                                          State
                                                                                          Commission.

      45. Any person appointed as President or, as the case may be, a member of the State   Transitional
Commission immediately before the commencement of this Act shall hold office as such, as   provision.
President or member, as the case may be, till the completion of his term.

      46. (1) The State Government shall determine the nature and categories of the officers   Officers and
and other employees required to assist the State Commission in the discharge of its functions  employees of
and provide the Commission with such officers and other employees as it may think fit.       State                                                                                          Commission.
      (2) The officers and other employees of the State Commission shall discharge their
functions under the general superintendence of the President.

      (3) The salaries and allowances payable to and the other terms and conditions of
service of, the officers and other employees of the State Commission shall be such as may be
prescribed.

      47. (1) Subject to the other provisions of this Act, the State Commission shall have   Jurisdiction of
jurisdiction—                                                                                           State
                                                                                           Commission.
             (a) to entertain—

                     (i) complaints where the value of the goods or services paid as
            consideration, exceeds rupees one crore, but does not exceed rupees ten crore:

                Provided that where the Central Government deems it necessary so to do,
                 it may prescribe such other value, as it deems fit;

                       (ii) complaints against unfair contracts, where the value of goods or
            services paid as consideration does not exceed ten crore rupees;

                        (iii) appeals against the orders of any District Commission within the
             State; and

             (b) to call for the records and pass appropriate orders in any consumer dispute
     which is pending before or has been decided by any District Commission within the
      State, where it appears to the State Commission that such District Commission has
      exercised a jurisdiction not vested in it by law, or has failed to exercise a jurisdiction so
      vested or has acted in exercise of its jurisdiction illegally or with material irregularity.

      (2) The jurisdiction, powers and authority of the State Commission may be exercised
by Benches thereof, and a Bench may be constituted by the President with one or more
members as the President may deem fit:

     Provided that the senior-most member shall preside over the Bench.

      (3) Where the members of a Bench differ in opinion on any point, the points shall be
decided according to the opinion of the majority, if there is a majority, but if the members are
equally divided, they shall state the point or points on which they differ, and make a reference
to the President who shall either hear the point or points himself or refer the case for hearing
on such point or points by one or more of the other members and such point or points shall","SEC. 1]         THE GAZETTE OF INDIA EXTRAORDINARY              23


      43. The Central Government may, by notification, make rules to provide for the   Qualifications,
qualification for appointment, method of recruitment, procedure of appointment, term of   etc., of
                                                                                                          President and
office, resignation and removal of the President and members of the State Commission.      members of
                                                                                                           State
                                                                                          Commission.
      44. The State Government may, by notification, make rules to provide for salaries and   Salaries,
allowances and other terms and conditions of service of the President and members of the  allowances and
State Commission.                                                                                   other terms
                                                                                             and conditions
                                                                                                            of service of
                                                                                                          President and
                                                                                     members of
                                                                                                          State
                                                                                          Commission.

      45. Any person appointed as President or, as the case may be, a member of the State   Transitional
Commission immediately before the commencement of this Act shall hold office as such, as   provision.
President or member, as the case may be, till the completion of his term.

      46. (1) The State Government shall determine the nature and categories of the officers   Officers and
and other employees required to assist the State Commission in the discharge of its functions  employees of
and provide the Commission with such officers and other employees as it may think fit.       State                                                                                          Commission.
      (2) The officers and other employees of the State Commission shall discharge their
functions under the general superintendence of the President.

      (3) The salaries and allowances payable to and the other terms and conditions of
service of, the officers and other employees of the State Commission shall be such as may be
prescribed.

      47. (1) Subject to the other provisions of this Act, the State Commission shall have   Jurisdiction of
jurisdiction—                                                                                           State
                                                                                           Commission.
             (a) to entertain—

                     (i) complaints where the value of the goods or services paid as
            consideration, exceeds rupees one crore, but does not exceed rupees ten crore:

                Provided that where the Central Government deems it necessary so to do,
                 it may prescribe such other value, as it deems fit;

                       (ii) complaints against unfair contracts, where the value of goods or
            services paid as consideration does not exceed ten crore rupees;

                        (iii) appeals against the orders of any District Commission within the
             State; and

             (b) to call for the records and pass appropriate orders in any consumer dispute
     which is pending before or has been decided by any District Commission within the
      State, where it appears to the State Commission that such District Commission has
      exercised a jurisdiction not vested in it by law, or has failed to exercise a jurisdiction so
      vested or has acted in exercise of its jurisdiction illegally or with material irregularity.

      (2) The jurisdiction, powers and authority of the State Commission may be exercised
by Benches thereof, and a Bench may be constituted by the President with one or more
members as the President may deem fit:

     Provided that the senior-most member shall preside over the Bench.

      (3) Where the members of a Bench differ in opinion on any point, the points shall be
decided according to the opinion of the majority, if there is a majority, but if the members are
equally divided, they shall state the point or points on which they differ, and make a reference
to the President who shall either hear the point or points himself or refer the case for hearing
on such point or points by one or more of the other members and such point or points shall","Section 47(3) supports majority decision and, on equal division, statement of points and reference to the President, who hears the point(s) or refers the case to other members; the answer's final majority clause is supported on the adjacent PDF page. Citation check: CONSISTENT. The proposed answer omits the source's one-month period for the President/other members to give an opinion; retain that time limit if a complete procedure answer is intended.",No punctuation or clause-range normalization made; proposal remains separate and unapproved.,Proposed answer omits one-month period in adjacent page; check whether a complete answer must include it.,NOT_ENTERED,,NOT_ENTERED,NO,NOT_CLAIMED,,scenario
NEEDS_FURTHER_REVIEW,29,fbac661dc9c90700,SUGGESTED_ONLY_NOT_APPROVED,PARTIALLY_SUPPORTED,PENDING_HUMAN_REVIEW,What condition or exception is described in the clause beginning “if he has any reason to believe that…”?,"if he has any reason to believe
                that any person has violated any consumer rights or committed unfair trade practice or
              causes any false or misleading advertisement to be made, shall,—

                            (a) enter at any reasonable time into any such premises and search for any
                 document or record or article or any other form of evidence and seize such document,
                     record, article or such evidence;","Under Section 22(1), what may the specified officers do after the stated reason-to-believe threshold is met?","For an investigation after the preliminary inquiry under Section 19(1), the Director-General, an officer authorised by the Director-General, or the District Collector may: (a) enter premises at a reasonable time, search for and seize specified evidence; (b) make a note or inventory of a record or article; or (c) require production of a record, register, document or article.",,Section 22(1)(a)-(c),SOURCE_TEXT_RANGE_CONFIRMED_FORMAT_NORMALIZED,consumer_protection_act_2019.pdf,15,"SEC. 1]         THE GAZETTE OF INDIA EXTRAORDINARY              15


                   Provided that the Central Authority may, for every subsequent contravention, prohibit
             such endorser from making endorsement in respect of any product or service for a period
             which may extend to three years.

                      (4) Where the Central Authority is satisfied after investigation that any person is
             found to publish, or is a party to the publication of, a misleading advertisement, it may
             impose on such person a penalty which may extend to ten lakh rupees.

                      (5) No endorser shall be liable to a penalty under sub-sections (2) and (3) if he has
               exercised due diligence to verify the veracity of the claims made in the advertisement regarding
               the product or service being endorsed by him.

                      (6) No person shall be liable to such penalty if he proves that he had published or
              arranged for the publication of such advertisement in the ordinary course of his business:

                   Provided that no such defence shall be available to such person if he had previous
             knowledge of the order passed by the Central Authority for withdrawal or modification of
             such advertisement.

                      (7) While determining the penalty under this section, regard shall be had to the
               following, namely:—

                            (a) the population and the area impacted or affected by such offence;

                            (b) the frequency and duration of such offence;

                              (c) the vulnerability of the class of persons likely to be adversely affected by
                   such offence; and

                            (d) the gross revenue from the sales effected by virtue of such offence.

                      (8) The Central Authority shall give the person an opportunity of being heard before
             an order under this section is passed.

                    22. (1) For the purpose of conducting an investigation after preliminary inquiry under   Search and
               sub-section (1) of section 19, the Director-General or any other officer authorised by him in   seizure.
                 this behalf, or the District Collector, as the case may be, may, if he has any reason to believe
                that any person has violated any consumer rights or committed unfair trade practice or
              causes any false or misleading advertisement to be made, shall,—

                            (a) enter at any reasonable time into any such premises and search for any
                 document or record or article or any other form of evidence and seize such document,
                     record, article or such evidence;

                            (b) make a note or an inventory of such record or article; or

                              (c) require any person to produce any record, register or other document or
                          article.

2 of 1974.             (2) The provisions of the Code of Criminal Procedure, 1973, relating to search and
               seizure shall apply, as far as may be, for search and seizure under this Act.

                      (3) Every document, record or article seized under clause (a) of sub-section (1) or
             produced under clause (c) of that sub-section shall be returned to the person, from whom
              they were seized or who produced the same, within a period of twenty days of the date of
             such seizure or production, as the case may be, after copies thereof or extracts therefrom
                 certified by that person, in such manner as may be prescribed, have been taken.

                      (4) Where any article seized under sub-section (1) are subject to speedy or natural
               decay, the Director-General or such other officer may dispose of the article in such manner as
           may be prescribed.

                      (5) In the case of articles other than the articles referred to in sub-section (4), provisions
              contained in clause (c) of sub-section (2) of section 38 shall mutatis mutandis apply in
                relation to analysis or tests.","              SEC. 1]         THE GAZETTE OF INDIA EXTRAORDINARY              15


                   Provided that the Central Authority may, for every subsequent contravention, prohibit
             such endorser from making endorsement in respect of any product or service for a period
             which may extend to three years.

                      (4) Where the Central Authority is satisfied after investigation that any person is
             found to publish, or is a party to the publication of, a misleading advertisement, it may
             impose on such person a penalty which may extend to ten lakh rupees.

                      (5) No endorser shall be liable to a penalty under sub-sections (2) and (3) if he has
               exercised due diligence to verify the veracity of the claims made in the advertisement regarding
               the product or service being endorsed by him.

                      (6) No person shall be liable to such penalty if he proves that he had published or
              arranged for the publication of such advertisement in the ordinary course of his business:

                   Provided that no such defence shall be available to such person if he had previous
             knowledge of the order passed by the Central Authority for withdrawal or modification of
             such advertisement.

                      (7) While determining the penalty under this section, regard shall be had to the
               following, namely:—

                            (a) the population and the area impacted or affected by such offence;

                            (b) the frequency and duration of such offence;

                              (c) the vulnerability of the class of persons likely to be adversely affected by
                   such offence; and

                            (d) the gross revenue from the sales effected by virtue of such offence.

                      (8) The Central Authority shall give the person an opportunity of being heard before
             an order under this section is passed.

                    22. (1) For the purpose of conducting an investigation after preliminary inquiry under   Search and
               sub-section (1) of section 19, the Director-General or any other officer authorised by him in   seizure.
                 this behalf, or the District Collector, as the case may be, may, if he has any reason to believe
                that any person has violated any consumer rights or committed unfair trade practice or
              causes any false or misleading advertisement to be made, shall,—

                            (a) enter at any reasonable time into any such premises and search for any
                 document or record or article or any other form of evidence and seize such document,
                     record, article or such evidence;

                            (b) make a note or an inventory of such record or article; or

                              (c) require any person to produce any record, register or other document or
                          article.

2 of 1974.             (2) The provisions of the Code of Criminal Procedure, 1973, relating to search and
               seizure shall apply, as far as may be, for search and seizure under this Act.

                      (3) Every document, record or article seized under clause (a) of sub-section (1) or
             produced under clause (c) of that sub-section shall be returned to the person, from whom
              they were seized or who produced the same, within a period of twenty days of the date of
             such seizure or production, as the case may be, after copies thereof or extracts therefrom
                 certified by that person, in such manner as may be prescribed, have been taken.

                      (4) Where any article seized under sub-section (1) are subject to speedy or natural
               decay, the Director-General or such other officer may dispose of the article in such manner as
           may be prescribed.

                      (5) In the case of articles other than the articles referred to in sub-section (4), provisions
              contained in clause (c) of sub-section (2) of section 38 shall mutatis mutandis apply in
                relation to analysis or tests.","Section 22(1)(a)-(c) supports the listed entry/search/seizure, inventory, and production powers and the actors. The suggested reference uses a question mark instead of a clear clause-range separator; the question states the reason-to-believe threshold but the answer does not repeat its full condition. Citation check: PARTIALLY_CONSISTENT_FORMATTING. Preserve the exact reason-to-believe trigger and avoid replacing ""any document/record/article/evidence"" with an ambiguous ""specified evidence.""","Normalized clause range to (a)-(c), explicitly listed in Section 22(1); remains further review.","Range normalized, but trigger condition and compressed powers need checking against full Section 22(1).",NOT_ENTERED,,NOT_ENTERED,NO,NOT_CLAIMED,,condition_exception
NEEDS_FURTHER_REVIEW,30,f6adb89377a3f28e,SUGGESTED_ONLY_NOT_APPROVED,PARTIALLY_SUPPORTED,PENDING_HUMAN_REVIEW,"What right, duty, or requirement is described in the clause beginning “(2) A resolution passed under clause (1) shall…”?","(2) A resolution passed under clause (1) shall remain in force for such
period not exceeding one year as may be specified therein:
      Provided that, if and so often as a resolution approving the continuance
in force of any such resolution is passed in the manner provided in clause (1),
such resolution shall continue in force for a further period of one year from the
date on which under this clause it would otherwise have ceased to be in force.","How long does a resolution under Article 249(1) remain in force, and how may it be continued?","It remains in force for the specified period, not exceeding one year. A continuation resolution passed in the manner provided in clause (1) continues it for a further year from the date it otherwise would have ceased.",Article 248,Article 249(2),CONSISTENT,constitution_of_india.pdf,177,"248. Residuary powers of legislation.—(1) 1[Subject to article 246A,
Parliament] has exclusive power to make any law with respect to any matter
not enumerated in the Concurrent List or State List.
       (2) Such power shall include the power of making any law imposing a
tax not mentioned in either of those Lists.
      249. Power of Parliament to legislate with respect to a matter in the
State List in the national interest.—(1) Notwithstanding anything  in the
foregoing provisions of this Chapter, if the Council of States has declared by
resolution supported by not less than two-thirds of the members present and
voting that it is necessary or expedient in the national interest that Parliament
should make laws with respect to 2[goods and services tax provided under article
246A or] any matter enumerated in the State List specified in the resolution, it
shall be lawful for Parliament to make laws for the whole or any part of the
territory of India with respect to that matter while the resolution remains in force.
       (2) A resolution passed under clause (1) shall remain in force for such
period not exceeding one year as may be specified therein:
      Provided that, if and so often as a resolution approving the continuance
in force of any such resolution is passed in the manner provided in clause (1),
such resolution shall continue in force for a further period of one year from the
date on which under this clause it would otherwise have ceased to be in force.
       (3) A law made by Parliament which Parliament would not but for the
passing of a resolution under clause (1) have been competent to make shall, to the
extent of the incompetency, cease to have effect on the expiration of a period of
six months after the resolution has ceased to be in force, except as respects things
done or omitted to be done before the expiration of the said period.

______________________________________________
1. Subs. by the Constitution (One Hundred and First Amendment) Act, 2016, s. 3, for
  ""Parliament"" (w.e.f. 16-9-2016).
2. Ins. by s. 4, ibid. (w.e.f. 16-9-2016).","146          THE CONSTITUTION OF INDIA

                     (Part XI.—Relations between the Union and the States)

       (2) Parliament has exclusive power to make laws with respect to goods
and services tax where the supply of goods, or of services, or both takes place
in the course of inter-State trade or commerce.
      Explanation.—The provisions of this article, shall, in respect of goods
and services tax referred to in clause (5) of article 279A, take effect from the
date recommended by the Goods and Services Tax Council.]
      247. Power of Parliament to provide for the establishment of certain
additional courts.—Notwithstanding anything in this Chapter, Parliament may
by law provide for the establishment of any additional courts for the better
administration of laws made by Parliament or of any existing laws with respect
to a matter enumerated in the Union List.
      248. Residuary powers of legislation.—(1) 1[Subject to article 246A,
Parliament] has exclusive power to make any law with respect to any matter
not enumerated in the Concurrent List or State List.
       (2) Such power shall include the power of making any law imposing a
tax not mentioned in either of those Lists.
      249. Power of Parliament to legislate with respect to a matter in the
State List in the national interest.—(1) Notwithstanding anything  in the
foregoing provisions of this Chapter, if the Council of States has declared by
resolution supported by not less than two-thirds of the members present and
voting that it is necessary or expedient in the national interest that Parliament
should make laws with respect to 2[goods and services tax provided under article
246A or] any matter enumerated in the State List specified in the resolution, it
shall be lawful for Parliament to make laws for the whole or any part of the
territory of India with respect to that matter while the resolution remains in force.
       (2) A resolution passed under clause (1) shall remain in force for such
period not exceeding one year as may be specified therein:
      Provided that, if and so often as a resolution approving the continuance
in force of any such resolution is passed in the manner provided in clause (1),
such resolution shall continue in force for a further period of one year from the
date on which under this clause it would otherwise have ceased to be in force.
       (3) A law made by Parliament which Parliament would not but for the
passing of a resolution under clause (1) have been competent to make shall, to the
extent of the incompetency, cease to have effect on the expiration of a period of
six months after the resolution has ceased to be in force, except as respects things
done or omitted to be done before the expiration of the said period.

______________________________________________
1. Subs. by the Constitution (One Hundred and First Amendment) Act, 2016, s. 3, for
  ""Parliament"" (w.e.f. 16-9-2016).
2. Ins. by s. 4, ibid. (w.e.f. 16-9-2016).","Article 249(2) supports a specified period not exceeding one year and a continuation for a further period not exceeding one year. The suggestion says ""for a further year,"" which overstates the maximum as a fixed duration. Citation check: CONSISTENT. The continuation is not necessarily a full year; keep ""not exceeding one year"" for both periods.",No punctuation or clause-range normalization made; proposal remains separate and unapproved.,Proposed answer says a further year instead of a further period not exceeding one year.,NOT_ENTERED,,NOT_ENTERED,NO,NOT_CLAIMED,,rights_duties
NEEDS_FURTHER_REVIEW,31,eab655c4291e3806,SUGGESTED_ONLY_NOT_APPROVED,PARTIALLY_SUPPORTED,PENDING_HUMAN_REVIEW,What does Article 39 state about Certain principles of policy to be followed by the State?,"The
State shall, in particular, direct its policy towards securing—
             (a) that the citizens, men and women equally, have the right to an
      adequate means of livelihood;
             (b) that the ownership and control of the material resources of the
     community are so distributed as best to subserve the common good;
              (c) that the operation of the economic system does not result in the
      concentration  of wealth and means of production  to the common
      detriment;
              (d) that there is equal pay for equal work for both men and women;
              (e) that the health and strength of workers, men and women, and
      the tender age of children are not abused and that citizens are not forced
     by economic necessity to enter avocations unsuited to their age or
       strength;

______________________________________________
1.",What do clauses (a) through (e) of Article 39 say the State shall direct its policy towards securing?,"The listed aims are adequate means of livelihood for citizens, men and women equally; distribution of community material resources to serve the common good; prevention of concentration of wealth and means of production to common detriment; equal pay for equal work for men and women; and protection of workers' health and strength and children's tender age, including against economically compelled work unsuited to age or strength.",Article 39,Article 39(a)-(e),SOURCE_TEXT_RANGE_CONFIRMED_FORMAT_NORMALIZED,constitution_of_india.pdf,52,"39. Certain principles of policy to be followed by the State.—The
State shall, in particular, direct its policy towards securing—
             (a) that the citizens, men and women equally, have the right to an
      adequate means of livelihood;
             (b) that the ownership and control of the material resources of the
     community are so distributed as best to subserve the common good;
              (c) that the operation of the economic system does not result in the
      concentration  of wealth and means of production  to the common
      detriment;
              (d) that there is equal pay for equal work for both men and women;
              (e) that the health and strength of workers, men and women, and
      the tender age of children are not abused and that citizens are not forced
     by economic necessity to enter avocations unsuited to their age or
       strength;

______________________________________________
1. Art. 38 renumbered as cl. (1) by the Constitution (Forty-fourth Amendment) Act,
  1978,  s. 9 (w.e.f. 20-6-1979).
2. Ins. by s. 9, ibid. (w.e.f. 20-6-1979).

                               21","                    PART IV
          DIRECTIVE PRINCIPLES OF STATE POLICY
      36. Definition.—In this Part, unless the context otherwise requires, “the
State” has the same meaning as in Part III.
      37.  Application  of  the  principles contained  in  this Part.—The
provisions contained in this Part shall not be enforceable by any court, but the
principles therein laid down are nevertheless fundamental in the governance of
the country and it shall be the duty of the State to apply these principles in
making laws.
      38. State to secure a social order for the promotion of welfare of the
people.—1[(1)] The State shall strive to promote the welfare of the people by
securing and protecting as effectively as it may a social order in which justice,
social, economic and political, shall inform all the institutions of the national life.
       2[(2) The State shall, in particular, strive to minimise the inequalities in
income, and endeavour  to  eliminate  inequalities  in  status,  facilities and
opportunities, not only amongst individuals but also amongst groups of people
residing in different areas or engaged in different vocations.]
      39. Certain principles of policy to be followed by the State.—The
State shall, in particular, direct its policy towards securing—
             (a) that the citizens, men and women equally, have the right to an
      adequate means of livelihood;
             (b) that the ownership and control of the material resources of the
     community are so distributed as best to subserve the common good;
              (c) that the operation of the economic system does not result in the
      concentration  of wealth and means of production  to the common
      detriment;
              (d) that there is equal pay for equal work for both men and women;
              (e) that the health and strength of workers, men and women, and
      the tender age of children are not abused and that citizens are not forced
     by economic necessity to enter avocations unsuited to their age or
       strength;

______________________________________________
1. Art. 38 renumbered as cl. (1) by the Constitution (Forty-fourth Amendment) Act,
  1978,  s. 9 (w.e.f. 20-6-1979).
2. Ins. by s. 9, ibid. (w.e.f. 20-6-1979).

                               21","The source's Article 39 clauses (a)-(e) support the listed policy themes, but the suggested legal reference uses a question mark as its range separator and the summary is compressed. Citation check: PARTIALLY_CONSISTENT_FORMATTING. Retain the exact distinctions and qualifying wording of clauses (a)-(e); the PDF passage, not this summary, controls.","Answer quote/apostrophe normalized with source typography. Answer quote/apostrophe normalized with source typography. Normalized clause range to (a)-(e), explicitly listed in Article 39; remains further review.","Range normalized, but compressed multi-clause answer needs checking against each clause.",NOT_ENTERED,,NOT_ENTERED,NO,NOT_CLAIMED,,direct_factual
